"","chrom","start","end","ratio","totalC","methC","strand","next","Plus","totalC_plus","methC_plus","Minus","totalC_minus","methC_minus","localSeq","cell_line","condition","replicate","sample_number","region","amplicon"
"1","FJ14-FJ15.FJ10-FJ11::chrX:103481327-103482781",379,381,0,1,0,"+","G","+",1,0,"-",0,0,"CCCGC","DKO","D4","RepR2","S6","RE57","other"
"2","FJ14-FJ15.FJ10-FJ11::chrX:103481327-103482781",433,435,0.728,1639245,1193028,"B","G","+",1639152,1192935,"-",93,93,"TCCGC","DKO","D4","RepR2","S6","RE57","RE57_YY1"
"3","FJ14-FJ15.FJ10-FJ11::chrX:103481327-103482781",520,522,0.741,1602637,1187719,"B","G","+",1602542,1187624,"-",95,95,"TGCGT","DKO","D4","RepR2","S6","RE57","RE57_YY1"
"4","FJ14-FJ15.FJ10-FJ11::chrX:103481327-103482781",528,530,0.755,1596274,1205499,"B","G","+",1596178,1205403,"-",96,96,"ACCGC","DKO","D4","RepR2","S6","RE57","RE57_YY1"
"5","FJ14-FJ15.FJ10-FJ11::chrX:103481327-103482781",546,548,0.754,1601295,1206972,"B","G","+",1601194,1206872,"-",101,100,"GCCGC","DKO","D4","RepR2","S6","RE57","RE57_YY1"
"6","FJ14-FJ15.FJ10-FJ11::chrX:103481327-103482781",563,565,0.773,1590275,1228544,"B","G","+",1590178,1228447,"-",97,97,"TACGA","DKO","D4","RepR2","S6","RE57","RE57_YY1"
"7","FJ14-FJ15.FJ10-FJ11::chrX:103481327-103482781",617,619,0.778,1589757,1236133,"B","G","+",1589660,1236036,"-",97,97,"GTCGA","DKO","D4","RepR2","S6","RE57","RE57_YY1"
"8","FJ14-FJ15.FJ10-FJ11::chrX:103481327-103482781",624,626,0.762,1593368,1214648,"B","G","+",1593269,1214549,"-",99,99,"CTCGG","DKO","D4","RepR2","S6","RE57","RE57_YY1"
"9","FJ14-FJ15.FJ10-FJ11::chrX:103481327-103482781",637,639,0.778,1585554,1233486,"B","G","+",1585457,1233389,"-",97,97,"CCCGA","DKO","D4","RepR2","S6","RE57","RE57_YY1"
"10","FJ14-FJ15.FJ10-FJ11::chrX:103481327-103482781",642,644,0.708,1565629,1108783,"B","G","+",1565532,1108686,"-",97,97,"GCCGC","DKO","D4","RepR2","S6","RE57","RE57_YY1"
"11","FJ14-FJ15.FJ10-FJ11::chrX:103481327-103482781",679,681,0.15,20,3,"+","G","+",20,3,"-",0,0,"CACGG","DKO","D4","RepR2","S6","RE57","other"
"12","FJ14-FJ15.FJ10-FJ11::chrX:103481327-103482781",687,689,0.25,4,1,"+","G","+",4,1,"-",0,0,"ACCGC","DKO","D4","RepR2","S6","RE57","other"
"13","FJ14-FJ15.FJ10-FJ11::chrX:103481327-103482781",689,691,0.5,8,4,"+","G","+",8,4,"-",0,0,"CGCGC","DKO","D4","RepR2","S6","RE57","other"
"14","FJ14-FJ15.FJ10-FJ11::chrX:103481327-103482781",736,738,0.704,296307,208647,"+","G","+",296307,208647,"-",0,0,"CACGC","DKO","D4","RepR2","S6","RE57","RE57_CGI"
"15","FJ14-FJ15.FJ10-FJ11::chrX:103481327-103482781",763,765,0.827,296057,244748,"+","G","+",296057,244748,"-",0,0,"TGCGG","DKO","D4","RepR2","S6","RE57","RE57_CGI"
"16","FJ14-FJ15.FJ10-FJ11::chrX:103481327-103482781",770,772,0.831,296302,246097,"+","G","+",296302,246097,"-",0,0,"TCCGC","DKO","D4","RepR2","S6","RE57","RE57_CGI"
"17","FJ14-FJ15.FJ10-FJ11::chrX:103481327-103482781",772,774,0.829,295715,245020,"+","G","+",295715,245020,"-",0,0,"CGCGC","DKO","D4","RepR2","S6","RE57","RE57_CGI"
"18","FJ14-FJ15.FJ10-FJ11::chrX:103481327-103482781",780,782,0.833,292460,243610,"+","G","+",292460,243610,"-",0,0,"ACCGC","DKO","D4","RepR2","S6","RE57","RE57_CGI"
"19","FJ14-FJ15.FJ10-FJ11::chrX:103481327-103482781",792,794,0.841,295530,248536,"+","G","+",295530,248536,"-",0,0,"TACGA","DKO","D4","RepR2","S6","RE57","RE57_CGI"
"20","FJ14-FJ15.FJ10-FJ11::chrX:103481327-103482781",817,819,0.833,293253,244156,"+","G","+",293253,244156,"-",0,0,"TCCGG","DKO","D4","RepR2","S6","RE57","RE57_CGI"
"21","FJ14-FJ15.FJ10-FJ11::chrX:103481327-103482781",832,834,0.819,291640,238886,"+","G","+",291640,238886,"-",0,0,"CCCGC","DKO","D4","RepR2","S6","RE57","RE57_CGI"
"22","FJ14-FJ15.FJ10-FJ11::chrX:103481327-103482781",856,858,0.65,4324,2811,"+","G","+",4324,2811,"-",0,0,"GGCGA","DKO","D4","RepR2","S6","RE57","intermediate_RE57"
"23","FJ14-FJ15.FJ10-FJ11::chrX:103481327-103482781",863,865,0.674,3949,2663,"+","G","+",3949,2663,"-",0,0,"CCCGC","DKO","D4","RepR2","S6","RE57","intermediate_RE57"
"24","FJ14-FJ15.FJ10-FJ11::chrX:103481327-103482781",871,873,0.64,4056,2594,"+","G","+",4056,2594,"-",0,0,"CCCGC","DKO","D4","RepR2","S6","RE57","intermediate_RE57"
"25","FJ14-FJ15.FJ10-FJ11::chrX:103481327-103482781",899,901,0.755,10542,7954,"+","G","+",10542,7954,"-",0,0,"AGCGC","DKO","D4","RepR2","S6","RE57","intermediate_RE57"
"26","FJ14-FJ15.FJ10-FJ11::chrX:103481327-103482781",904,906,0.77,15070,11607,"+","G","+",15070,11607,"-",0,0,"AGCGC","DKO","D4","RepR2","S6","RE57","intermediate_RE57"
"27","FJ14-FJ15.FJ10-FJ11::chrX:103481327-103482781",929,931,0.826,282993,233701,"+","G","+",282993,233701,"-",0,0,"TCCGC","DKO","D4","RepR2","S6","RE57","RE57_CGI"
"28","FJ14-FJ15.FJ10-FJ11::chrX:103481327-103482781",941,943,0.833,287661,239710,"+","G","+",287661,239710,"-",0,0,"CTCGG","DKO","D4","RepR2","S6","RE57","RE57_CGI"
"29","FJ14-FJ15.FJ10-FJ11::chrX:103481327-103482781",959,961,0.854,288770,246530,"+","G","+",288770,246530,"-",0,0,"GGCGT","DKO","D4","RepR2","S6","RE57","RE57_CGI"
"30","FJ14-FJ15.FJ10-FJ11::chrX:103481327-103482781",970,972,0.843,293684,247529,"+","G","+",293684,247529,"-",0,0,"CTCGA","DKO","D4","RepR2","S6","RE57","RE57_CGI"
"31","FJ14-FJ15.FJ10-FJ11::chrX:103481327-103482781",980,982,0.853,293213,250051,"+","G","+",293213,250051,"-",0,0,"GCCGT","DKO","D4","RepR2","S6","RE57","RE57_CGI"
"32","FJ14-FJ15.FJ10-FJ11::chrX:103481327-103482781",987,989,0.837,293662,245871,"+","G","+",293662,245871,"-",0,0,"CACGC","DKO","D4","RepR2","S6","RE57","RE57_CGI"
"33","FJ14-FJ15.FJ10-FJ11::chrX:103481327-103482781",1004,1006,0.816,291236,237693,"+","G","+",291236,237693,"-",0,0,"GGCGG","DKO","D4","RepR2","S6","RE57","RE57_CGI"
"34","FJ14-FJ15.FJ10-FJ11::chrX:103481327-103482781",1008,1010,0.822,293919,241724,"+","G","+",293919,241724,"-",0,0,"GACGC","DKO","D4","RepR2","S6","RE57","RE57_CGI"
"35","FJ14-FJ15.FJ10-FJ11::chrX:103481327-103482781",1010,1012,0.762,288824,220208,"+","G","+",288824,220208,"-",0,0,"CGCGG","DKO","D4","RepR2","S6","RE57","RE57_CGI"
"36","FJ14-FJ15.FJ10-FJ11::chrX:103481327-103482781",1021,1023,0.85,283408,240866,"+","G","+",283408,240866,"-",0,0,"CACGC","DKO","D4","RepR2","S6","RE57","RE57_CGI"
"37","FJ14-FJ15.FJ10-FJ11::chrX:103481327-103482781",1055,1057,0,1,0,"+","G","+",1,0,"-",0,0,"GTCGT","DKO","D4","RepR2","S6","RE57","other"
"38","FJ24-FJ25.FJ24-FJ25.FJ24-FJ25.FJ24-FJ25.FJ24-FJ25.FJ24-FJ25.FJ24-FJ25.FJ24-FJ25::chrX:75658294-75672942",71,73,0.0809,371,30,"B","G","+",349,13,"-",22,17,"ACCGA","DKO","D4","RepR2","S6","MSR","other"
"39","FJ24-FJ25.FJ24-FJ25.FJ24-FJ25.FJ24-FJ25.FJ24-FJ25.FJ24-FJ25.FJ24-FJ25.FJ24-FJ25::chrX:75658294-75672942",212,214,0.311,679,211,"B","G","+",499,108,"-",180,103,"CCCGG","DKO","D4","RepR2","S6","MSR","other"
"40","FJ24-FJ25.FJ24-FJ25.FJ24-FJ25::chrX:75646518-75653780",17,19,0.0833,60,5,"B","G","+",3,3,"-",57,2,"GTCGG","DKO","D4","RepR2","S6","MSR","other"
"41","FJ24-FJ25.FJ24-FJ25.FJ24-FJ25::chrX:75646518-75653780",131,133,0.761,1684,1281,"B","G","+",738,573,"-",946,708,"CCCGG","DKO","D4","RepR2","S6","MSR","other"
"42","FJ24-FJ25.FJ24-FJ25.FJ24-FJ25::chrX:75646518-75653780",177,179,0.782,1711,1338,"B","G","+",912,703,"-",799,635,"GGCGG","DKO","D4","RepR2","S6","MSR","other"
"43","FJ24-FJ25.FJ24-FJ25.FJ24-FJ25::chrX:75646518-75653780",210,212,0.604,255,154,"B","G","+",25,2,"-",230,152,"CACGC","DKO","D4","RepR2","S6","MSR","other"
"44","FJ24-FJ25.FJ24-FJ25.FJ24-FJ25::chrX:75646518-75653780",3446,3448,1,1,1,"-","G","+",0,0,"-",1,1,"TCGCC","DKO","D4","RepR2","S6","MSR","other"
"45","FJ24-FJ25.FJ24-FJ25.FJ24-FJ25::chrX:75646518-75653780",7048,7050,0.292,616,180,"B","G","+",159,98,"-",457,82,"TCCGG","DKO","D4","RepR2","S6","MSR","other"
"46","FJ24-FJ25.FJ24-FJ25.FJ24-FJ25::chrX:75646518-75653780",7189,7191,0.119,270,32,"B","G","+",23,22,"-",247,10,"GTCGG","DKO","D4","RepR2","S6","MSR","other"
"47","FJ24-FJ25.FJ24-FJ25.FJ24-FJ25::chrX:75653690-75658384",17,19,0.037,54,2,"-","G","+",0,0,"-",54,2,"TCGGT","DKO","D4","RepR2","S6","MSR","other"
"48","FJ24-FJ25.FJ24-FJ25.FJ24-FJ25::chrX:75653690-75658384",131,133,0.764,1673,1278,"B","G","+",728,589,"-",945,689,"CCCGG","DKO","D4","RepR2","S6","MSR","other"
"49","FJ24-FJ25.FJ24-FJ25.FJ24-FJ25::chrX:75653690-75658384",177,179,0.784,1654,1297,"B","G","+",853,705,"-",801,592,"GGCGG","DKO","D4","RepR2","S6","MSR","other"
"50","FJ24-FJ25.FJ24-FJ25.FJ24-FJ25::chrX:75653690-75658384",210,212,0.619,257,159,"B","G","+",26,13,"-",231,146,"CACGC","DKO","D4","RepR2","S6","MSR","other"
"51","FJ24-FJ25.FJ24-FJ25.FJ24-FJ25::chrX:75653690-75658384",1091,1093,1,2,2,"-","G","+",0,0,"-",2,2,"GCGTT","DKO","D4","RepR2","S6","MSR","other"
"52","FJ24-FJ25.FJ24-FJ25.FJ24-FJ25::chrX:75653690-75658384",4482,4484,0.628,293,184,"B","G","+",276,180,"-",17,4,"TGCGT","DKO","D4","RepR2","S6","MSR","other"
"53","FJ24-FJ25.FJ24-FJ25.FJ24-FJ25::chrX:75653690-75658384",4515,4517,0.778,1692,1317,"B","G","+",840,643,"-",852,674,"GCCGC","DKO","D4","RepR2","S6","MSR","other"
"54","FJ24-FJ25.FJ24-FJ25.FJ24-FJ25::chrX:75653690-75658384",4561,4563,0.748,1650,1234,"B","G","+",959,700,"-",691,534,"TCCGG","DKO","D4","RepR2","S6","MSR","other"
"55","FJ24-FJ25.FJ24-FJ25.FJ24-FJ25::chrX:75653690-75658384",4675,4677,0.0118,85,1,"B","G","+",83,0,"-",2,1,"ACCGA","DKO","D4","RepR2","S6","MSR","other"
"56","FJ24-FJ25.FJ24-FJ25::chr11:3099610-3105149",897,899,0.667,3,2,"+","G","+",3,2,"-",0,0,"CACGT","DKO","D4","RepR2","S6","MSR","other"
"57","FJ24-FJ25.FJ24-FJ25::chr11:3099610-3105149",914,916,0.2,5,1,"+","G","+",5,1,"-",0,0,"CTCGC","DKO","D4","RepR2","S6","MSR","other"
"58","FJ24-FJ25.FJ24-FJ25::chr11:3099610-3105149",956,958,0.5,2,1,"+","G","+",2,1,"-",0,0,"CACGT","DKO","D4","RepR2","S6","MSR","other"
"59","FJ24-FJ25.FJ24-FJ25::chr11:3099610-3105149",1617,1619,0.5,2,1,"+","G","+",2,1,"-",0,0,"CTCGC","DKO","D4","RepR2","S6","MSR","other"
"60","FJ24-FJ25.FJ24-FJ25::chr11:3099610-3105149",1675,1677,1,5,5,"B","G","+",1,1,"-",4,4,"CTCGC","DKO","D4","RepR2","S6","MSR","other"
"61","FJ24-FJ25.FJ24-FJ25::chr11:3099610-3105149",1717,1719,0,1,0,"+","G","+",1,0,"-",0,0,"CACGT","DKO","D4","RepR2","S6","MSR","other"
"62","FJ24-FJ25.FJ24-FJ25::chr11:3099610-3105149",1970,1972,0,1,0,"-","G","+",0,0,"-",1,0,"CCGTA","DKO","D4","RepR2","S6","MSR","other"
"63","FJ24-FJ25.FJ24-FJ25::chr11:3099610-3105149",2123,2125,0,1,0,"+","G","+",1,0,"-",0,0,"CACGA","DKO","D4","RepR2","S6","MSR","other"
"64","FJ24-FJ25.FJ24-FJ25::chr11:3099610-3105149",2181,2183,1,1,1,"+","G","+",1,1,"-",0,0,"CACGT","DKO","D4","RepR2","S6","MSR","other"
"65","FJ24-FJ25.FJ24-FJ25::chr11:3099610-3105149",2198,2200,1,1,1,"+","G","+",1,1,"-",0,0,"CTCGA","DKO","D4","RepR2","S6","MSR","other"
"66","FJ24-FJ25.FJ24-FJ25::chr11:3099610-3105149",2222,2224,0,1,0,"+","G","+",1,0,"-",0,0,"TGCGT","DKO","D4","RepR2","S6","MSR","other"
"67","FJ24-FJ25.FJ24-FJ25::chr11:3099610-3105149",3909,3911,0,1,0,"-","G","+",0,0,"-",1,0,"CCGTA","DKO","D4","RepR2","S6","MSR","other"
"68","FJ24-FJ25.FJ24-FJ25::chr11:3099610-3105149",4124,4126,1,1,1,"+","G","+",1,1,"-",0,0,"CACGT","DKO","D4","RepR2","S6","MSR","other"
"69","FJ24-FJ25.FJ24-FJ25::chr11:3099610-3105149",4199,4201,0,1,0,"+","G","+",1,0,"-",0,0,"CTCGC","DKO","D4","RepR2","S6","MSR","other"
"70","FJ24-FJ25.FJ24-FJ25::chr11:3099610-3105149",4302,4304,1,1,1,"+","G","+",1,1,"-",0,0,"TCCGT","DKO","D4","RepR2","S6","MSR","other"
"71","FJ24-FJ25.FJ24-FJ25::chr11:3099610-3105149",5123,5125,0.5,4,2,"B","G","+",3,1,"-",1,1,"CTCGT","DKO","D4","RepR2","S6","MSR","other"
"72","FJ24-FJ25.FJ24-FJ25::chr11:3099610-3105149",5159,5161,0.667,9,6,"B","G","+",2,1,"-",7,5,"GCCGC","DKO","D4","RepR2","S6","MSR","other"
"73","FJ24-FJ25.FJ24-FJ25::chr11:3099610-3105149",5187,5189,0.733,15,11,"B","G","+",4,3,"-",11,8,"GGCGC","DKO","D4","RepR2","S6","MSR","other"
"74","FJ24-FJ25.FJ24-FJ25::chr11:3099610-3105149",5197,5199,0.824,17,14,"B","G","+",7,6,"-",10,8,"TCCGG","DKO","D4","RepR2","S6","MSR","other"
"75","FJ24-FJ25.FJ24-FJ25::chr11:3099610-3105149",5227,5229,0.667,15,10,"B","G","+",4,3,"-",11,7,"TGCGC","DKO","D4","RepR2","S6","MSR","other"
"76","FJ24-FJ25.FJ24-FJ25::chr11:3099610-3105149",5272,5274,0.909,11,10,"B","G","+",5,5,"-",6,5,"CCCGT","DKO","D4","RepR2","S6","MSR","other"
"77","FJ24-FJ25.FJ24-FJ25::chr11:3099610-3105149",5277,5279,0.833,6,5,"B","G","+",2,2,"-",4,3,"GGCGT","DKO","D4","RepR2","S6","MSR","other"
"78","FJ24-FJ25.FJ24-FJ25::chr11:3099610-3105149",5312,5314,0,1,0,"+","G","+",1,0,"-",0,0,"GGCGA","DKO","D4","RepR2","S6","MSR","other"
"79","FJ24-FJ25.FJ24-FJ25::chr11:3099610-3105149",5319,5321,0.667,3,2,"B","G","+",2,1,"-",1,1,"CACGT","DKO","D4","RepR2","S6","MSR","other"
"80","FJ24-FJ25.FJ24-FJ25::chr11:3099610-3105149",5329,5331,0.5,2,1,"B","G","+",1,1,"-",1,0,"ACCGC","DKO","D4","RepR2","S6","MSR","other"
"81","FJ24-FJ25.FJ24-FJ25::chr11:3099610-3105149",5409,5411,0,2,0,"-","G","+",0,0,"-",2,0,"TCGAG","DKO","D4","RepR2","S6","MSR","other"
"82","FJ24-FJ25.FJ24-FJ25::chr2:98661834-98663393",429,431,0.806,15543,12526,"B","G","+",243,195,"-",15300,12331,"CACGT","DKO","D4","RepR2","S6","MSR","other"
"83","FJ24-FJ25.FJ24-FJ25::chr2:98661834-98663393",445,447,0.902,16909,15245,"B","G","+",300,271,"-",16609,14974,"TTCGT","DKO","D4","RepR2","S6","MSR","other"
"84","FJ24-FJ25.FJ24-FJ25::chr2:98661834-98663393",460,462,0.904,17396,15734,"B","G","+",311,288,"-",17085,15446,"GTCGT","DKO","D4","RepR2","S6","MSR","other"
"85","FJ24-FJ25.FJ24-FJ25::chr2:98661834-98663393",515,517,0.93,19527,18165,"B","G","+",306,284,"-",19221,17881,"CACGT","DKO","D4","RepR2","S6","MSR","other"
"86","FJ24-FJ25.FJ24-FJ25::chr2:98661834-98663393",575,577,0.887,2675,2372,"B","G","+",741,636,"-",1934,1736,"CACGT","DKO","D4","RepR2","S6","MSR","other"
"87","FJ24-FJ25.FJ24-FJ25::chr2:98661834-98663393",603,605,0.898,1435,1288,"B","G","+",822,743,"-",613,545,"TCCGT","DKO","D4","RepR2","S6","MSR","other"
"88","FJ24-FJ25.FJ24-FJ25::chr2:98661834-98663393",621,623,0.899,1229,1105,"B","G","+",787,712,"-",442,393,"CTCGC","DKO","D4","RepR2","S6","MSR","other"
"89","FJ24-FJ25.FJ24-FJ25::chr2:98661834-98663393",663,665,0.653,49,32,"B","G","+",21,13,"-",28,19,"CACGT","DKO","D4","RepR2","S6","MSR","other"
"90","FJ24-FJ25.FJ24-FJ25::chr2:98661834-98663393",721,723,0.907,1220,1107,"B","G","+",1092,992,"-",128,115,"CCCGT","DKO","D4","RepR2","S6","MSR","other"
"91","FJ24-FJ25.FJ24-FJ25::chr2:98661834-98663393",730,732,0.804,1629,1310,"B","G","+",1474,1189,"-",155,121,"AACGA","DKO","D4","RepR2","S6","MSR","other"
"92","FJ24-FJ25.FJ24-FJ25::chr2:98661834-98663393",766,768,0.0484,2086,101,"B","G","+",2078,97,"-",8,4,"TACGT","DKO","D4","RepR2","S6","MSR","other"
"93","FJ24-FJ25.FJ24-FJ25::chr2:98661834-98663393",794,796,0.171,293,50,"B","G","+",285,47,"-",8,3,"TTCGA","DKO","D4","RepR2","S6","MSR","other"
"94","FJ24-FJ25.FJ24-FJ25::chr2:98661834-98663393",841,843,0.925,1597,1478,"B","G","+",1309,1203,"-",288,275,"CCCGT","DKO","D4","RepR2","S6","MSR","other"
"95","FJ24-FJ25.FJ24-FJ25::chr2:98661834-98663393",850,852,0.807,1926,1554,"B","G","+",1592,1291,"-",334,263,"AACGA","DKO","D4","RepR2","S6","MSR","other"
"96","FJ24-FJ25.FJ24-FJ25::chr2:98661834-98663393",959,961,0.956,91,87,"B","G","+",65,61,"-",26,26,"GCCGG","DKO","D4","RepR2","S6","MSR","other"
"97","FJ24-FJ25.FJ24-FJ25::chr2:98661834-98663393",969,971,0.904,73,66,"B","G","+",50,44,"-",23,22,"AACGT","DKO","D4","RepR2","S6","MSR","other"
"98","FJ24-FJ25.FJ24-FJ25::chr2:98661834-98663393",992,994,0.0217,46,1,"B","G","+",34,1,"-",12,0,"CTCGG","DKO","D4","RepR2","S6","MSR","other"
"99","FJ24-FJ25.FJ24-FJ25::chr2:98661834-98663393",1021,1023,0.933,10982,10246,"B","G","+",10895,10161,"-",87,85,"GACGT","DKO","D4","RepR2","S6","MSR","other"
"100","FJ24-FJ25.FJ24-FJ25::chr2:98661834-98663393",1068,1070,0.757,375,284,"B","G","+",303,269,"-",72,15,"ATCGA","DKO","D4","RepR2","S6","MSR","other"
"101","FJ24-FJ25.FJ24-FJ25::chr2:98661834-98663393",1076,1078,0.898,8385,7526,"B","G","+",8093,7253,"-",292,273,"GACGA","DKO","D4","RepR2","S6","MSR","other"
"102","FJ24-FJ25.FJ24-FJ25::chr2:98661834-98663393",1091,1093,0.913,8014,7317,"B","G","+",7711,7028,"-",303,289,"GACGA","DKO","D4","RepR2","S6","MSR","other"
"103","FJ24-FJ25.FJ24-FJ25::chr2:98661834-98663393",1107,1109,0.88,7781,6847,"B","G","+",7490,6595,"-",291,252,"TACGT","DKO","D4","RepR2","S6","MSR","other"
"104","FJ24-FJ25::chr12:3109471-3110521",67,69,0,1,0,"-","G","+",0,0,"-",1,0,"GCGTT","DKO","D4","RepR2","S6","MSR","other"
"105","FJ24-FJ25::chr12:3109471-3110521",97,99,1,1,1,"-","G","+",0,0,"-",1,1,"GCGTT","DKO","D4","RepR2","S6","MSR","other"
"106","FJ24-FJ25::chr12:3109471-3110521",132,134,1,1,1,"-","G","+",0,0,"-",1,1,"CCGTG","DKO","D4","RepR2","S6","MSR","other"
"107","FJ24-FJ25::chr12:3109471-3110521",211,213,1,2,2,"+","G","+",2,2,"-",0,0,"CACGA","DKO","D4","RepR2","S6","MSR","other"
"108","FJ24-FJ25::chr12:3109471-3110521",411,413,0.859,440,378,"B","G","+",127,113,"-",313,265,"CACGG","DKO","D4","RepR2","S6","MSR","other"
"109","FJ24-FJ25::chr12:3109471-3110521",439,441,0.894,2269,2029,"B","G","+",1488,1323,"-",781,706,"GACGT","DKO","D4","RepR2","S6","MSR","other"
"110","FJ24-FJ25::chr12:3109471-3110521",451,453,0.911,2647,2412,"B","G","+",1824,1670,"-",823,742,"GGCGA","DKO","D4","RepR2","S6","MSR","other"
"111","FJ24-FJ25::chr12:3109471-3110521",554,556,0.87,2480,2157,"B","G","+",1539,1336,"-",941,821,"GACGA","DKO","D4","RepR2","S6","MSR","other"
"112","FJ24-FJ25::chr12:3109471-3110521",627,629,0.895,485,434,"B","G","+",415,376,"-",70,58,"GGCGA","DKO","D4","RepR2","S6","MSR","other"
"113","FJ24-FJ25::chr12:3109471-3110521",645,647,0.889,144,128,"B","G","+",114,103,"-",30,25,"CACGG","DKO","D4","RepR2","S6","MSR","other"
"114","FJ24-FJ25::chr12:47833534-47834522",644,646,1,2,2,"B","G","+",1,1,"-",1,1,"CACGT","DKO","D4","RepR2","S6","MSR","other"
"115","FJ24-FJ25::chr12:67058771-67060356",531,533,0.5,4,2,"B","G","+",2,2,"-",2,0,"GGCGA","DKO","D4","RepR2","S6","MSR","other"
"116","FJ24-FJ25::chr12:67058771-67060356",547,549,0.75,8,6,"B","G","+",4,4,"-",4,2,"AACGT","DKO","D4","RepR2","S6","MSR","other"
"117","FJ24-FJ25::chr12:67058771-67060356",589,591,0.4,5,2,"B","G","+",1,1,"-",4,1,"GGCGA","DKO","D4","RepR2","S6","MSR","other"
"118","FJ24-FJ25::chr12:67058771-67060356",606,608,0.5,8,4,"B","G","+",4,2,"-",4,2,"AACGT","DKO","D4","RepR2","S6","MSR","other"
"119","FJ24-FJ25::chr12:67058771-67060356",648,650,0.75,28,21,"B","G","+",21,18,"-",7,3,"GGCGA","DKO","D4","RepR2","S6","MSR","other"
"120","FJ24-FJ25::chr12:67058771-67060356",706,708,0.818,11,9,"B","G","+",5,4,"-",6,5,"GGCGA","DKO","D4","RepR2","S6","MSR","other"
"121","FJ24-FJ25::chr12:67058771-67060356",722,724,0.333,6,2,"B","G","+",2,1,"-",4,1,"AACGT","DKO","D4","RepR2","S6","MSR","other"
"122","FJ24-FJ25::chr12:67058771-67060356",837,839,0.667,3,2,"B","G","+",1,1,"-",2,1,"AACGT","DKO","D4","RepR2","S6","MSR","other"
"123","FJ24-FJ25::chr12:67058771-67060356",879,881,0.75,4,3,"B","G","+",2,1,"-",2,2,"GGCGA","DKO","D4","RepR2","S6","MSR","other"
"124","FJ24-FJ25::chr12:67058771-67060356",1117,1119,1,1,1,"+","G","+",1,1,"-",0,0,"GGCGA","DKO","D4","RepR2","S6","MSR","other"
"125","FJ24-FJ25::chr12:74803437-74804905",437,439,1,1,1,"+","G","+",1,1,"-",0,0,"TGCGC","DKO","D4","RepR2","S6","MSR","other"
"126","FJ24-FJ25::chr12:74803437-74804905",479,481,0.25,4,1,"+","G","+",4,1,"-",0,0,"CACGT","DKO","D4","RepR2","S6","MSR","other"
"127","FJ24-FJ25::chr12:74803437-74804905",495,497,0.25,4,1,"+","G","+",4,1,"-",0,0,"CTCGC","DKO","D4","RepR2","S6","MSR","other"
"128","FJ24-FJ25::chr12:74803437-74804905",654,656,1,1,1,"+","G","+",1,1,"-",0,0,"CACGT","DKO","D4","RepR2","S6","MSR","other"
"129","FJ24-FJ25::chr12:74803437-74804905",728,730,1,2,2,"+","G","+",2,2,"-",0,0,"CTCGC","DKO","D4","RepR2","S6","MSR","other"
"130","FJ24-FJ25::chr12:74803437-74804905",825,827,0,2,0,"B","G","+",1,0,"-",1,0,"CACGT","DKO","D4","RepR2","S6","MSR","other"
"131","FJ24-FJ25::chr12:74803437-74804905",883,885,0.4,5,2,"+","G","+",5,2,"-",0,0,"CACGT","DKO","D4","RepR2","S6","MSR","other"
"132","FJ24-FJ25::chr12:74803437-74804905",941,943,0.667,15,10,"B","G","+",12,7,"-",3,3,"CACGT","DKO","D4","RepR2","S6","MSR","other"
"133","FJ24-FJ25::chr12:74803437-74804905",999,1001,0.833,12,10,"B","G","+",10,9,"-",2,1,"CACGT","DKO","D4","RepR2","S6","MSR","other"
"134","FJ24-FJ25::chr12:74803437-74804905",1016,1018,0.643,14,9,"B","G","+",13,9,"-",1,0,"CTCGC","DKO","D4","RepR2","S6","MSR","other"
"135","FJ24-FJ25::chr12:74803437-74804905",1058,1060,0.667,3,2,"+","G","+",3,2,"-",0,0,"CACGT","DKO","D4","RepR2","S6","MSR","other"
"136","FJ24-FJ25::chr13:6404233-6405143",414,416,0,1,0,"-","G","+",0,0,"-",1,0,"GCGAT","DKO","D4","RepR2","S6","MSR","other"
"137","FJ24-FJ25::chr13:6404233-6405143",472,474,1,1,1,"-","G","+",0,0,"-",1,1,"GCGAG","DKO","D4","RepR2","S6","MSR","other"
"138","FJ24-FJ25::chr13:6404233-6405143",488,490,1,1,1,"-","G","+",0,0,"-",1,1,"ACGAG","DKO","D4","RepR2","S6","MSR","other"
"139","FJ24-FJ25::chr13:77438509-77439457",415,417,0.951,284,270,"B","G","+",93,82,"-",191,188,"TTCGT","DKO","D4","RepR2","S6","MSR","other"
"140","FJ24-FJ25::chr13:77438509-77439457",430,432,0.887,300,266,"B","G","+",110,94,"-",190,172,"GTCGT","DKO","D4","RepR2","S6","MSR","other"
"141","FJ24-FJ25::chr13:77438509-77439457",533,535,0.881,42,37,"+","G","+",42,37,"-",0,0,"TTCGC","DKO","D4","RepR2","S6","MSR","other"
"142","FJ24-FJ25::chr13:77438509-77439457",545,547,1,3,3,"+","G","+",3,3,"-",0,0,"CACGT","DKO","D4","RepR2","S6","MSR","other"
"143","FJ24-FJ25::chr14:19415282-19420102",357,359,0.759,162,123,"B","G","+",36,25,"-",126,98,"CCCGA","DKO","D4","RepR2","S6","MSR","other"
"144","FJ24-FJ25::chr14:19415282-19420102",457,459,0.87,200,174,"B","G","+",141,120,"-",59,54,"GGCGA","DKO","D4","RepR2","S6","MSR","other"
"145","FJ24-FJ25::chr14:19415282-19420102",475,477,0.867,256,222,"B","G","+",177,154,"-",79,68,"CACGG","DKO","D4","RepR2","S6","MSR","other"
"146","FJ24-FJ25::chr14:19415282-19420102",503,505,0.885,113,100,"B","G","+",47,40,"-",66,60,"GACGT","DKO","D4","RepR2","S6","MSR","other"
"147","FJ24-FJ25::chr14:19415282-19420102",515,517,0.735,98,72,"B","G","+",50,36,"-",48,36,"GTCGA","DKO","D4","RepR2","S6","MSR","other"
"148","FJ24-FJ25::chr14:19415282-19420102",618,620,0.876,2149,1883,"B","G","+",1839,1594,"-",310,289,"GACGA","DKO","D4","RepR2","S6","MSR","other"
"149","FJ24-FJ25::chr14:19415282-19420102",633,635,0.893,1814,1619,"B","G","+",1521,1356,"-",293,263,"GACGA","DKO","D4","RepR2","S6","MSR","other"
"150","FJ24-FJ25::chr14:19415282-19420102",691,693,0.836,1129,944,"B","G","+",1093,912,"-",36,32,"GGCGA","DKO","D4","RepR2","S6","MSR","other"
"151","FJ24-FJ25::chr14:19415282-19420102",709,711,0.886,1292,1145,"B","G","+",1257,1116,"-",35,29,"CACGG","DKO","D4","RepR2","S6","MSR","other"
"152","FJ24-FJ25::chr14:19415282-19420102",749,751,0.909,11,10,"B","G","+",2,2,"-",9,8,"GGCGA","DKO","D4","RepR2","S6","MSR","other"
"153","FJ24-FJ25::chr14:19415282-19420102",809,811,0.1,10,1,"B","G","+",1,1,"-",9,0,"GTCGA","DKO","D4","RepR2","S6","MSR","other"
"154","FJ24-FJ25::chr14:19415282-19420102",852,854,0.896,77,69,"B","G","+",66,60,"-",11,9,"GACGA","DKO","D4","RepR2","S6","MSR","other"
"155","FJ24-FJ25::chr14:19415282-19420102",883,885,0.835,91,76,"B","G","+",71,61,"-",20,15,"AACGT","DKO","D4","RepR2","S6","MSR","other"
"156","FJ24-FJ25::chr14:19415282-19420102",963,965,0.862,269,232,"B","G","+",226,197,"-",43,35,"CTCGT","DKO","D4","RepR2","S6","MSR","other"
"157","FJ24-FJ25::chr14:19415282-19420102",1060,1062,0.773,88,68,"B","G","+",77,57,"-",11,11,"CACGA","DKO","D4","RepR2","S6","MSR","other"
"158","FJ24-FJ25::chr14:19415282-19420102",1088,1090,1,2,2,"-","G","+",0,0,"-",2,2,"GCGTG","DKO","D4","RepR2","S6","MSR","other"
"159","FJ24-FJ25::chr14:19415282-19420102",1219,1221,0.946,202,191,"B","G","+",120,115,"-",82,76,"GACGA","DKO","D4","RepR2","S6","MSR","other"
"160","FJ24-FJ25::chr14:19415282-19420102",1276,1278,0.893,299,267,"B","G","+",242,218,"-",57,49,"GGCGA","DKO","D4","RepR2","S6","MSR","other"
"161","FJ24-FJ25::chr14:19415282-19420102",1294,1296,0.876,402,352,"B","G","+",313,272,"-",89,80,"CACGG","DKO","D4","RepR2","S6","MSR","other"
"162","FJ24-FJ25::chr14:19415282-19420102",1322,1324,0.903,145,131,"B","G","+",71,63,"-",74,68,"GACGT","DKO","D4","RepR2","S6","MSR","other"
"163","FJ24-FJ25::chr14:19415282-19420102",1334,1336,0.889,81,72,"B","G","+",23,21,"-",58,51,"GACGA","DKO","D4","RepR2","S6","MSR","other"
"164","FJ24-FJ25::chr14:19415282-19420102",1436,1438,0.846,363,307,"B","G","+",323,271,"-",40,36,"GACGA","DKO","D4","RepR2","S6","MSR","other"
"165","FJ24-FJ25::chr14:19415282-19420102",1451,1453,0.903,300,271,"B","G","+",256,228,"-",44,43,"GACGA","DKO","D4","RepR2","S6","MSR","other"
"166","FJ24-FJ25::chr14:19415282-19420102",1509,1511,0.851,410,349,"B","G","+",375,315,"-",35,34,"GGCGA","DKO","D4","RepR2","S6","MSR","other"
"167","FJ24-FJ25::chr14:19415282-19420102",1527,1529,0.882,415,366,"B","G","+",386,344,"-",29,22,"CTCGG","DKO","D4","RepR2","S6","MSR","other"
"168","FJ24-FJ25::chr14:19415282-19420102",1628,1630,0.125,224,28,"B","G","+",41,19,"-",183,9,"AGCGA","DKO","D4","RepR2","S6","MSR","other"
"169","FJ24-FJ25::chr14:19415282-19420102",1671,1673,0.899,1758,1581,"B","G","+",1041,906,"-",717,675,"GACGA","DKO","D4","RepR2","S6","MSR","other"
"170","FJ24-FJ25::chr14:19415282-19420102",1686,1688,0.9,1534,1381,"B","G","+",796,727,"-",738,654,"GACGA","DKO","D4","RepR2","S6","MSR","other"
"171","FJ24-FJ25::chr14:19415282-19420102",1702,1704,0.808,1527,1234,"B","G","+",888,722,"-",639,512,"AACGT","DKO","D4","RepR2","S6","MSR","other"
"172","FJ24-FJ25::chr14:19415282-19420102",1744,1746,0.884,935,827,"B","G","+",706,631,"-",229,196,"GGCGA","DKO","D4","RepR2","S6","MSR","other"
"173","FJ24-FJ25::chr14:19415282-19420102",1762,1764,0.875,781,683,"B","G","+",632,555,"-",149,128,"CACGG","DKO","D4","RepR2","S6","MSR","other"
"174","FJ24-FJ25::chr14:19415282-19420102",1819,1821,0.612,85,52,"B","G","+",57,40,"-",28,12,"ATCGT","DKO","D4","RepR2","S6","MSR","other"
"175","FJ24-FJ25::chr14:19415282-19420102",1861,1863,0.927,179,166,"B","G","+",138,130,"-",41,36,"GGCGA","DKO","D4","RepR2","S6","MSR","other"
"176","FJ24-FJ25::chr14:19415282-19420102",1879,1881,0.925,186,172,"B","G","+",144,136,"-",42,36,"CACGG","DKO","D4","RepR2","S6","MSR","other"
"177","FJ24-FJ25::chr14:19415282-19420102",1939,1941,0.284,81,23,"B","G","+",18,10,"-",63,13,"GTCGA","DKO","D4","RepR2","S6","MSR","other"
"178","FJ24-FJ25::chr14:19415282-19420102",2022,2024,0.901,14506,13070,"B","G","+",11037,9843,"-",3469,3227,"GACGA","DKO","D4","RepR2","S6","MSR","other"
"179","FJ24-FJ25::chr14:19415282-19420102",2037,2039,0.922,13994,12899,"B","G","+",10457,9720,"-",3537,3179,"GACGA","DKO","D4","RepR2","S6","MSR","other"
"180","FJ24-FJ25::chr14:19415282-19420102",2053,2055,0.811,13615,11047,"B","G","+",10487,8529,"-",3128,2518,"AACGT","DKO","D4","RepR2","S6","MSR","other"
"181","FJ24-FJ25::chr14:19415282-19420102",2095,2097,0.882,3716,3279,"B","G","+",2890,2535,"-",826,744,"GGCGA","DKO","D4","RepR2","S6","MSR","other"
"182","FJ24-FJ25::chr14:19415282-19420102",2153,2155,0.875,72,63,"B","G","+",59,52,"-",13,11,"GACGA","DKO","D4","RepR2","S6","MSR","other"
"183","FJ24-FJ25::chr14:19415282-19420102",2170,2172,0.846,52,44,"B","G","+",15,12,"-",37,32,"ATCGT","DKO","D4","RepR2","S6","MSR","other"
"184","FJ24-FJ25::chr14:19415282-19420102",2230,2232,0.841,725,610,"B","G","+",596,501,"-",129,109,"CACGG","DKO","D4","RepR2","S6","MSR","other"
"185","FJ24-FJ25::chr14:19415282-19420102",2370,2372,0.0111,1080,12,"+","G","+",1080,12,"-",0,0,"CTCGA","DKO","D4","RepR2","S6","MSR","other"
"186","FJ24-FJ25::chr14:19415282-19420102",2404,2406,0.812,985,800,"B","G","+",960,778,"-",25,22,"AACGT","DKO","D4","RepR2","S6","MSR","other"
"187","FJ24-FJ25::chr14:19415282-19420102",2437,2439,0.331,148,49,"+","G","+",148,49,"-",0,0,"CTCGA","DKO","D4","RepR2","S6","MSR","other"
"188","FJ24-FJ25::chr14:19415282-19420102",2446,2448,0.896,906,812,"B","G","+",877,791,"-",29,21,"GGCGA","DKO","D4","RepR2","S6","MSR","other"
"189","FJ24-FJ25::chr14:19415282-19420102",2464,2466,0.897,973,873,"B","G","+",936,841,"-",37,32,"CACGG","DKO","D4","RepR2","S6","MSR","other"
"190","FJ24-FJ25::chr14:19415282-19420102",2491,2493,0.874,127,111,"B","G","+",99,89,"-",28,22,"GACGG","DKO","D4","RepR2","S6","MSR","other"
"191","FJ24-FJ25::chr14:19415282-19420102",2503,2505,0.872,188,164,"B","G","+",155,137,"-",33,27,"GGCGA","DKO","D4","RepR2","S6","MSR","other"
"192","FJ24-FJ25::chr14:19415282-19420102",2606,2608,0.89,4238,3773,"B","G","+",3980,3537,"-",258,236,"GACGA","DKO","D4","RepR2","S6","MSR","other"
"193","FJ24-FJ25::chr14:19415282-19420102",2621,2623,0.924,3837,3545,"B","G","+",3530,3263,"-",307,282,"GACGA","DKO","D4","RepR2","S6","MSR","other"
"194","FJ24-FJ25::chr14:19415282-19420102",2637,2639,0.824,3248,2676,"B","G","+",3107,2572,"-",141,104,"AACGT","DKO","D4","RepR2","S6","MSR","other"
"195","FJ24-FJ25::chr14:19415282-19420102",2678,2680,0.805,1360,1095,"B","G","+",1265,1008,"-",95,87,"GGCGA","DKO","D4","RepR2","S6","MSR","other"
"196","FJ24-FJ25::chr14:19415282-19420102",2736,2738,0.897,68,61,"B","G","+",2,2,"-",66,59,"AGCGA","DKO","D4","RepR2","S6","MSR","other"
"197","FJ24-FJ25::chr14:19415282-19420102",2853,2855,0.928,2229,2068,"B","G","+",2143,1989,"-",86,79,"GACGA","DKO","D4","RepR2","S6","MSR","other"
"198","FJ24-FJ25::chr14:19415282-19420102",2929,2931,0.698,3661,2554,"B","G","+",3585,2492,"-",76,62,"CACGG","DKO","D4","RepR2","S6","MSR","other"
"199","FJ24-FJ25::chr14:19415282-19420102",2957,2959,0.891,128,114,"B","G","+",91,81,"-",37,33,"GACGT","DKO","D4","RepR2","S6","MSR","other"
"200","FJ24-FJ25::chr14:19415282-19420102",2969,2971,0.909,121,110,"B","G","+",90,82,"-",31,28,"GGCGA","DKO","D4","RepR2","S6","MSR","other"
"201","FJ24-FJ25::chr14:19415282-19420102",3072,3074,0.903,175,158,"B","G","+",156,142,"-",19,16,"GACGA","DKO","D4","RepR2","S6","MSR","other"
"202","FJ24-FJ25::chr14:19415282-19420102",3087,3089,0.912,159,145,"B","G","+",134,123,"-",25,22,"GACGG","DKO","D4","RepR2","S6","MSR","other"
"203","FJ24-FJ25::chr14:19415282-19420102",3103,3105,0.843,172,145,"B","G","+",147,125,"-",25,20,"AACGT","DKO","D4","RepR2","S6","MSR","other"
"204","FJ24-FJ25::chr14:19415282-19420102",3163,3165,0.743,202,150,"B","G","+",149,111,"-",53,39,"CACGA","DKO","D4","RepR2","S6","MSR","other"
"205","FJ24-FJ25::chr14:19415282-19420102",3190,3192,0.772,57,44,"B","G","+",13,12,"-",44,32,"GACGT","DKO","D4","RepR2","S6","MSR","other"
"206","FJ24-FJ25::chr14:19415282-19420102",3305,3307,0.893,1190,1063,"B","G","+",930,818,"-",260,245,"GACGA","DKO","D4","RepR2","S6","MSR","other"
"207","FJ24-FJ25::chr14:19415282-19420102",3320,3322,0.917,1106,1014,"B","G","+",833,774,"-",273,240,"GACGA","DKO","D4","RepR2","S6","MSR","other"
"208","FJ24-FJ25::chr14:19415282-19420102",3336,3338,0.829,1113,923,"B","G","+",855,709,"-",258,214,"AACGT","DKO","D4","RepR2","S6","MSR","other"
"209","FJ24-FJ25::chr14:19415282-19420102",3386,3388,0.887,124,110,"B","G","+",86,78,"-",38,32,"AACGG","DKO","D4","RepR2","S6","MSR","other"
"210","FJ24-FJ25::chr14:19415282-19420102",3396,3398,0.869,877,762,"B","G","+",795,693,"-",82,69,"CACGG","DKO","D4","RepR2","S6","MSR","other"
"211","FJ24-FJ25::chr14:19415282-19420102",3416,3418,0.899,198,178,"B","G","+",178,161,"-",20,17,"CACGT","DKO","D4","RepR2","S6","MSR","other"
"212","FJ24-FJ25::chr14:19415282-19420102",3495,3497,0.844,992,837,"B","G","+",270,236,"-",722,601,"GGCGA","DKO","D4","RepR2","S6","MSR","other"
"213","FJ24-FJ25::chr14:19415282-19420102",3513,3515,0.846,1012,856,"B","G","+",288,247,"-",724,609,"CACGG","DKO","D4","RepR2","S6","MSR","other"
"214","FJ24-FJ25::chr14:19415282-19420102",3541,3543,0.882,726,640,"B","G","+",70,60,"-",656,580,"GACGT","DKO","D4","RepR2","S6","MSR","other"
"215","FJ24-FJ25::chr14:19415282-19420102",3553,3555,0.889,733,652,"B","G","+",78,67,"-",655,585,"GGCGA","DKO","D4","RepR2","S6","MSR","other"
"216","FJ24-FJ25::chr14:19415282-19420102",3656,3658,0.903,289,261,"B","G","+",112,103,"-",177,158,"GACGA","DKO","D4","RepR2","S6","MSR","other"
"217","FJ24-FJ25::chr14:19415282-19420102",3671,3673,0.932,308,287,"B","G","+",128,121,"-",180,166,"GACGA","DKO","D4","RepR2","S6","MSR","other"
"218","FJ24-FJ25::chr14:19415282-19420102",3687,3689,0.835,261,218,"B","G","+",122,102,"-",139,116,"AACGT","DKO","D4","RepR2","S6","MSR","other"
"219","FJ24-FJ25::chr14:19415282-19420102",3729,3731,0.835,79,66,"B","G","+",63,53,"-",16,13,"GGCGA","DKO","D4","RepR2","S6","MSR","other"
"220","FJ24-FJ25::chr14:19415282-19420102",3905,3907,0.868,537,466,"B","G","+",508,437,"-",29,29,"GACGA","DKO","D4","RepR2","S6","MSR","other"
"221","FJ24-FJ25::chr14:19415282-19420102",3921,3923,0.829,562,466,"B","G","+",524,433,"-",38,33,"AACGT","DKO","D4","RepR2","S6","MSR","other"
"222","FJ24-FJ25::chr14:19415282-19420102",3963,3965,0.903,546,493,"B","G","+",482,440,"-",64,53,"GGCGA","DKO","D4","RepR2","S6","MSR","other"
"223","FJ24-FJ25::chr14:19415282-19420102",3981,3983,0.919,627,576,"B","G","+",504,462,"-",123,114,"CACGG","DKO","D4","RepR2","S6","MSR","other"
"224","FJ24-FJ25::chr14:19415282-19420102",4009,4011,0.889,162,144,"B","G","+",4,4,"-",158,140,"AACGT","DKO","D4","RepR2","S6","MSR","other"
"225","FJ24-FJ25::chr14:19415282-19420102",4021,4023,0.861,180,155,"B","G","+",5,4,"-",175,151,"GGCGA","DKO","D4","RepR2","S6","MSR","other"
"226","FJ24-FJ25::chr14:19415282-19420102",4124,4126,0.854,158,135,"B","G","+",106,90,"-",52,45,"GACGA","DKO","D4","RepR2","S6","MSR","other"
"227","FJ24-FJ25::chr14:19415282-19420102",4155,4157,0.553,94,52,"B","G","+",83,44,"-",11,8,"AACGT","DKO","D4","RepR2","S6","MSR","other"
"228","FJ24-FJ25::chr14:19415282-19420102",4166,4168,0.2,15,3,"B","G","+",14,2,"-",1,1,"TGCGA","DKO","D4","RepR2","S6","MSR","other"
"229","FJ24-FJ25::chr14:19415282-19420102",4235,4237,1,23,23,"B","G","+",15,15,"-",8,8,"CTCGT","DKO","D4","RepR2","S6","MSR","other"
"230","FJ24-FJ25::chr14:19415282-19420102",4272,4274,0.75,16,12,"B","G","+",9,9,"-",7,3,"AACGT","DKO","D4","RepR2","S6","MSR","other"
"231","FJ24-FJ25::chr14:19415282-19420102",4332,4334,0.853,75,64,"B","G","+",56,47,"-",19,17,"CACGA","DKO","D4","RepR2","S6","MSR","other"
"232","FJ24-FJ25::chr16:10974667-10975683",423,425,0.571,7,4,"+","G","+",7,4,"-",0,0,"CTCGC","DKO","D4","RepR2","S6","MSR","other"
"233","FJ24-FJ25::chr16:10974667-10975683",465,467,0.444,9,4,"B","G","+",7,4,"-",2,0,"CACGT","DKO","D4","RepR2","S6","MSR","other"
"234","FJ24-FJ25::chr16:10974667-10975683",541,543,0.5,4,2,"+","G","+",4,2,"-",0,0,"TTCGT","DKO","D4","RepR2","S6","MSR","other"
"235","FJ24-FJ25::chr18:3007116-3008067",545,547,1,1,1,"-","G","+",0,0,"-",1,1,"ACGTG","DKO","D4","RepR2","S6","MSR","other"
"236","FJ24-FJ25::chr18:3007116-3008067",592,594,0,1,0,"-","G","+",0,0,"-",1,0,"GCGAT","DKO","D4","RepR2","S6","MSR","other"
"237","FJ24-FJ25::chr18:3007116-3008067",685,687,0.667,6,4,"B","G","+",5,3,"-",1,1,"CACGT","DKO","D4","RepR2","S6","MSR","other"
"238","FJ24-FJ25::chr18:55939070-55940046",480,482,1,2,2,"-","G","+",0,0,"-",2,2,"TCGCC","DKO","D4","RepR2","S6","MSR","other"
"239","FJ24-FJ25::chr18:55939070-55940046",492,494,1,1,1,"-","G","+",0,0,"-",1,1,"ACGTG","DKO","D4","RepR2","S6","MSR","other"
"240","FJ24-FJ25::chr2:98663241-98664491",434,436,0.889,9,8,"+","G","+",9,8,"-",0,0,"CTCGG","DKO","D4","RepR2","S6","MSR","other"
"241","FJ24-FJ25::chr2:98663241-98664491",474,476,0.925,610,564,"B","G","+",34,29,"-",576,535,"TCCGT","DKO","D4","RepR2","S6","MSR","other"
"242","FJ24-FJ25::chr2:98663241-98664491",533,535,0.826,869,718,"B","G","+",29,23,"-",840,695,"CACGT","DKO","D4","RepR2","S6","MSR","other"
"243","FJ24-FJ25::chr2:98663241-98664491",665,667,0.868,425,369,"B","G","+",343,292,"-",82,77,"CTCGT","DKO","D4","RepR2","S6","MSR","other"
"244","FJ24-FJ25::chr2:98663241-98664491",705,707,0.785,581,456,"B","G","+",364,295,"-",217,161,"TCCGT","DKO","D4","RepR2","S6","MSR","other"
"245","FJ24-FJ25::chr2:98663241-98664491",723,725,0.92,473,435,"B","G","+",295,270,"-",178,165,"CTCGC","DKO","D4","RepR2","S6","MSR","other"
"246","FJ24-FJ25::chr2:98663241-98664491",796,798,0.806,160,129,"B","G","+",19,5,"-",141,124,"GTCGT","DKO","D4","RepR2","S6","MSR","other"
"247","FJ24-FJ25::chr2:98666144-98667732",117,119,0.893,335,299,"B","G","+",273,254,"-",62,45,"GCCGG","DKO","D4","RepR2","S6","MSR","other"
"248","FJ24-FJ25::chr2:98666144-98667732",127,129,0.825,405,334,"B","G","+",327,279,"-",78,55,"AACGA","DKO","D4","RepR2","S6","MSR","other"
"249","FJ24-FJ25::chr2:98666144-98667732",239,241,0.817,415,339,"B","G","+",318,256,"-",97,83,"CCCGT","DKO","D4","RepR2","S6","MSR","other"
"250","FJ24-FJ25::chr2:98666144-98667732",248,250,0.796,579,461,"B","G","+",462,385,"-",117,76,"AACGA","DKO","D4","RepR2","S6","MSR","other"
"251","FJ24-FJ25::chr2:98666144-98667732",358,360,0.915,319,292,"B","G","+",289,266,"-",30,26,"GCCGG","DKO","D4","RepR2","S6","MSR","other"
"252","FJ24-FJ25::chr2:98666144-98667732",368,370,0.762,223,170,"B","G","+",203,156,"-",20,14,"AACGT","DKO","D4","RepR2","S6","MSR","other"
"253","FJ24-FJ25::chr2:98666144-98667732",446,448,0.913,20951,19121,"B","G","+",14201,12996,"-",6750,6125,"GACGA","DKO","D4","RepR2","S6","MSR","other"
"254","FJ24-FJ25::chr2:98666144-98667732",461,463,0.921,20841,19201,"B","G","+",14210,13150,"-",6631,6051,"GACGA","DKO","D4","RepR2","S6","MSR","other"
"255","FJ24-FJ25::chr2:98666144-98667732",477,479,0.883,21587,19071,"B","G","+",15116,13496,"-",6471,5575,"TACGT","DKO","D4","RepR2","S6","MSR","other"
"256","FJ24-FJ25::chr2:98666144-98667732",537,539,0.906,18984,17196,"B","G","+",15139,13732,"-",3845,3464,"CACGG","DKO","D4","RepR2","S6","MSR","other"
"257","FJ24-FJ25::chr2:98666144-98667732",565,567,0.916,8092,7409,"B","G","+",5705,5224,"-",2387,2185,"GACGT","DKO","D4","RepR2","S6","MSR","other"
"258","FJ24-FJ25::chr2:98666144-98667732",577,579,0.896,9129,8180,"B","G","+",7006,6272,"-",2123,1908,"GGCGA","DKO","D4","RepR2","S6","MSR","other"
"259","FJ24-FJ25::chr2:98666144-98667732",625,627,0.925,1319001,1220300,"B","G","+",1317374,1218777,"-",1627,1523,"GACGT","DKO","D4","RepR2","S6","MSR","other"
"260","FJ24-FJ25::chr2:98666144-98667732",680,682,0.904,1345034,1216363,"B","G","+",1342310,1213883,"-",2724,2480,"GACGA","DKO","D4","RepR2","S6","MSR","other"
"261","FJ24-FJ25::chr2:98666144-98667732",695,697,0.914,1323816,1210223,"B","G","+",1321055,1207688,"-",2761,2535,"GACGA","DKO","D4","RepR2","S6","MSR","other"
"262","FJ24-FJ25::chr2:98666144-98667732",711,713,0.819,1268132,1038313,"B","G","+",1265494,1036144,"-",2638,2169,"AACGT","DKO","D4","RepR2","S6","MSR","other"
"263","FJ24-FJ25::chr2:98666144-98667732",753,755,0.918,195668,179559,"B","G","+",192488,176835,"-",3180,2724,"GGCGA","DKO","D4","RepR2","S6","MSR","other"
"264","FJ24-FJ25::chr2:98666144-98667732",771,773,0.915,189465,173274,"B","G","+",177719,162706,"-",11746,10568,"CACGG","DKO","D4","RepR2","S6","MSR","other"
"265","FJ24-FJ25::chr2:98666144-98667732",799,801,0.905,16385,14829,"B","G","+",3757,3353,"-",12628,11476,"GACGT","DKO","D4","RepR2","S6","MSR","other"
"266","FJ24-FJ25::chr2:98666144-98667732",811,813,0.909,16324,14832,"B","G","+",3680,3243,"-",12644,11589,"GGCGA","DKO","D4","RepR2","S6","MSR","other"
"267","FJ24-FJ25::chr2:98666144-98667732",859,861,0.89,10568,9404,"B","G","+",1838,1674,"-",8730,7730,"GACGT","DKO","D4","RepR2","S6","MSR","other"
"268","FJ24-FJ25::chr2:98666144-98667732",946,948,0.913,1206565,1102180,"B","G","+",1193362,1090209,"-",13203,11971,"GACGA","DKO","D4","RepR2","S6","MSR","other"
"269","FJ24-FJ25::chr2:98666144-98667732",962,964,0.814,1158628,942635,"B","G","+",1142306,929563,"-",16322,13072,"AACGT","DKO","D4","RepR2","S6","MSR","other"
"270","FJ24-FJ25::chr2:98666144-98667732",1004,1006,0.906,1193488,1080762,"B","G","+",1172997,1062032,"-",20491,18730,"GGCGA","DKO","D4","RepR2","S6","MSR","other"
"271","FJ24-FJ25::chr2:98666144-98667732",1022,1024,0.92,1196670,1101169,"B","G","+",1177613,1083879,"-",19057,17290,"CACGG","DKO","D4","RepR2","S6","MSR","other"
"272","FJ24-FJ25::chr2:98666144-98667732",1050,1052,0.908,29057,26398,"B","G","+",12147,10993,"-",16910,15405,"GACGT","DKO","D4","RepR2","S6","MSR","other"
"273","FJ24-FJ25::chr2:98666144-98667732",1062,1064,0.905,28941,26188,"B","G","+",12731,11350,"-",16210,14838,"GGCGA","DKO","D4","RepR2","S6","MSR","other"
"274","FJ24-FJ25::chr2:98666144-98667732",1110,1112,0.922,20795,19178,"B","G","+",11991,11023,"-",8804,8155,"GACGT","DKO","D4","RepR2","S6","MSR","other"
"275","FJ24-FJ25::chr2:98666144-98667732",1165,1167,0.903,4803,4337,"B","G","+",2324,2090,"-",2479,2247,"GACGA","DKO","D4","RepR2","S6","MSR","other"
"276","FJ24-FJ25::chr2:98666144-98667732",1180,1182,0.905,1569,1420,"B","G","+",526,483,"-",1043,937,"GACGA","DKO","D4","RepR2","S6","MSR","other"
"277","FJ24-FJ25::chr3:56575034-56576151",177,179,1,2,2,"-","G","+",0,0,"-",2,2,"TCGAG","DKO","D4","RepR2","S6","MSR","other"
"278","FJ24-FJ25::chr3:56575034-56576151",189,191,1,1,1,"-","G","+",0,0,"-",1,1,"TCGAG","DKO","D4","RepR2","S6","MSR","other"
"279","FJ24-FJ25::chr3:56575034-56576151",415,417,0,1,0,"+","G","+",1,0,"-",0,0,"CACGT","DKO","D4","RepR2","S6","MSR","other"
"280","FJ24-FJ25::chr3:56575034-56576151",474,476,0.333,3,1,"+","G","+",3,1,"-",0,0,"CACGT","DKO","D4","RepR2","S6","MSR","other"
"281","FJ24-FJ25::chr3:56575034-56576151",649,651,0.5,4,2,"B","G","+",3,1,"-",1,1,"CACGT","DKO","D4","RepR2","S6","MSR","other"
"282","FJ24-FJ25::chr3:56575034-56576151",666,668,0.2,5,1,"B","G","+",4,1,"-",1,0,"CTCGC","DKO","D4","RepR2","S6","MSR","other"
"283","FJ24-FJ25::chr4:3089104-3091584",663,665,1,2,2,"B","G","+",1,1,"-",1,1,"AACGT","DKO","D4","RepR2","S6","MSR","other"
"284","FJ24-FJ25::chr4:3089104-3091584",722,724,0,1,0,"-","G","+",0,0,"-",1,0,"ACGTG","DKO","D4","RepR2","S6","MSR","other"
"285","FJ24-FJ25::chr4:3089104-3091584",938,940,1,1,1,"-","G","+",0,0,"-",1,1,"TCGAG","DKO","D4","RepR2","S6","MSR","other"
"286","FJ24-FJ25::chr4:3089104-3091584",955,957,1,1,1,"-","G","+",0,0,"-",1,1,"ACGTG","DKO","D4","RepR2","S6","MSR","other"
"287","FJ24-FJ25::chr4:3089104-3091584",997,999,0.5,2,1,"B","G","+",1,1,"-",1,0,"GGCGA","DKO","D4","RepR2","S6","MSR","other"
"288","FJ24-FJ25::chr4:3089104-3091584",1104,1106,0.75,4,3,"+","G","+",4,3,"-",0,0,"GACGT","DKO","D4","RepR2","S6","MSR","other"
"289","FJ24-FJ25::chr4:3089104-3091584",1116,1118,1,1,1,"+","G","+",1,1,"-",0,0,"GGCGA","DKO","D4","RepR2","S6","MSR","other"
"290","FJ24-FJ25::chr4:3089104-3091584",1132,1134,0.333,3,1,"+","G","+",3,1,"-",0,0,"AACGT","DKO","D4","RepR2","S6","MSR","other"
"291","FJ24-FJ25::chr4:3089104-3091584",1254,1256,0,1,0,"-","G","+",0,0,"-",1,0,"ACGTT","DKO","D4","RepR2","S6","MSR","other"
"292","FJ24-FJ25::chr4:3089104-3091584",1296,1298,0.5,2,1,"-","G","+",0,0,"-",2,1,"GCGAA","DKO","D4","RepR2","S6","MSR","other"
"293","FJ24-FJ25::chr4:3089104-3091584",1313,1315,0.5,2,1,"B","G","+",1,1,"-",1,0,"AACGT","DKO","D4","RepR2","S6","MSR","other"
"294","FJ24-FJ25::chr4:3089104-3091584",1331,1333,0.5,2,1,"B","G","+",1,1,"-",1,0,"TGCGC","DKO","D4","RepR2","S6","MSR","other"
"295","FJ24-FJ25::chr4:3089104-3091584",1371,1373,1,1,1,"-","G","+",0,0,"-",1,1,"ACGTG","DKO","D4","RepR2","S6","MSR","other"
"296","FJ24-FJ25::chr4:3089104-3091584",1564,1566,0.667,3,2,"-","G","+",0,0,"-",3,2,"ACGCA","DKO","D4","RepR2","S6","MSR","other"
"297","FJ24-FJ25::chr4:3089104-3091584",1590,1592,1,3,3,"-","G","+",0,0,"-",3,3,"TCGAG","DKO","D4","RepR2","S6","MSR","other"
"298","FJ24-FJ25::chr4:3089104-3091584",1709,1711,1,2,2,"+","G","+",2,2,"-",0,0,"GGCGA","DKO","D4","RepR2","S6","MSR","other"
"299","FJ24-FJ25::chr4:3089104-3091584",1898,1900,0,3,0,"-","G","+",0,0,"-",3,0,"CCGGA","DKO","D4","RepR2","S6","MSR","other"
"300","FJ24-FJ25::chr4:3089104-3091584",1905,1907,1,5,5,"B","G","+",1,1,"-",4,4,"AACGT","DKO","D4","RepR2","S6","MSR","other"
"301","FJ24-FJ25::chr4:3089104-3091584",1947,1949,1,4,4,"-","G","+",0,0,"-",4,4,"GCGAG","DKO","D4","RepR2","S6","MSR","other"
"302","FJ24-FJ25::chr4:3089104-3091584",2006,2008,0.714,7,5,"B","G","+",1,0,"-",6,5,"GGCGA","DKO","D4","RepR2","S6","MSR","other"
"303","FJ24-FJ25::chr4:3089104-3091584",2023,2025,0.5,8,4,"B","G","+",1,0,"-",7,4,"AACGT","DKO","D4","RepR2","S6","MSR","other"
"304","FJ24-FJ25::chr4:3089104-3091584",2065,2067,0,3,0,"-","G","+",0,0,"-",3,0,"TCGAG","DKO","D4","RepR2","S6","MSR","other"
"305","FJ24-FJ25::chr4:3089104-3091584",2081,2083,0,2,0,"-","G","+",0,0,"-",2,0,"ACGTC","DKO","D4","RepR2","S6","MSR","other"
"306","FJ24-FJ25::chr4:3089104-3091584",2221,2223,0.667,3,2,"B","G","+",2,1,"-",1,1,"CACGT","DKO","D4","RepR2","S6","MSR","other"
"307","FJ24-FJ25::chr4:3089104-3091584",2375,2377,0.626,91,57,"B","G","+",10,5,"-",81,52,"TTCGA","DKO","D4","RepR2","S6","MSR","other"
"308","FJ24-FJ25::chr4:3089104-3091584",2440,2442,0.517,60,31,"B","G","+",8,6,"-",52,25,"CTCGA","DKO","D4","RepR2","S6","MSR","other"
"309","FJ24-FJ25::chr4:70377716-70378654",405,407,1,1,1,"+","G","+",1,1,"-",0,0,"GTCGA","DKO","D4","RepR2","S6","MSR","other"
"310","FJ24-FJ25::chr4:70377716-70378654",421,423,0.455,11,5,"B","G","+",4,4,"-",7,1,"AACGT","DKO","D4","RepR2","S6","MSR","other"
"311","FJ24-FJ25::chr4:70377716-70378654",463,465,0.833,18,15,"B","G","+",6,3,"-",12,12,"GGCGA","DKO","D4","RepR2","S6","MSR","other"
"312","FJ24-FJ25::chr4:70377716-70378654",481,483,0.75,12,9,"B","G","+",3,2,"-",9,7,"CACGG","DKO","D4","RepR2","S6","MSR","other"
"313","FJ24-FJ25::chr4:70377716-70378654",521,523,0.8,5,4,"B","G","+",2,1,"-",3,3,"GACGA","DKO","D4","RepR2","S6","MSR","other"
"314","FJ24-FJ25::chr5:104156087-104156938",131,133,0.222,18,4,"+","G","+",18,4,"-",0,0,"TCCGC","DKO","D4","RepR2","S6","MSR","other"
"315","FJ24-FJ25::chr5:104156087-104156938",715,717,1,1,1,"+","G","+",1,1,"-",0,0,"TCCGT","DKO","D4","RepR2","S6","MSR","other"
"316","FJ24-FJ25::chr5:104156087-104156938",740,742,1,1,1,"+","G","+",1,1,"-",0,0,"TGCGC","DKO","D4","RepR2","S6","MSR","other"
"317","FJ24-FJ25::chr5:114922054-114923002",434,436,0.833,6,5,"B","G","+",2,1,"-",4,4,"CACGT","DKO","D4","RepR2","S6","MSR","other"
"318","FJ24-FJ25::chr5:114922054-114923002",451,453,0.833,6,5,"B","G","+",2,1,"-",4,4,"CTCGC","DKO","D4","RepR2","S6","MSR","other"
"319","FJ24-FJ25::chr5:114922054-114923002",491,493,0,3,0,"+","G","+",3,0,"-",0,0,"CACGT","DKO","D4","RepR2","S6","MSR","other"
"320","FJ24-FJ25::chr5:114922054-114923002",508,510,1,1,1,"+","G","+",1,1,"-",0,0,"CTCGC","DKO","D4","RepR2","S6","MSR","other"
"321","FJ24-FJ25::chr6:43343361-43344204",640,642,0,1,0,"+","G","+",1,0,"-",0,0,"GTCGT","DKO","D4","RepR2","S6","MSR","other"
"322","FJ24-FJ25::chr8:23095075-23096205",417,419,1,1,1,"-","G","+",0,0,"-",1,1,"GCGAG","DKO","D4","RepR2","S6","MSR","other"
"323","FJ24-FJ25::chr8:23095075-23096205",425,427,1,1,1,"-","G","+",0,0,"-",1,1,"ACGGA","DKO","D4","RepR2","S6","MSR","other"
"324","FJ24-FJ25::chr8:23095075-23096205",475,477,0.5,2,1,"-","G","+",0,0,"-",2,1,"GCGAG","DKO","D4","RepR2","S6","MSR","other"
"325","FJ24-FJ25::chr8:23095075-23096205",534,536,0.25,8,2,"-","G","+",0,0,"-",8,2,"GCGAG","DKO","D4","RepR2","S6","MSR","other"
"326","FJ24-FJ25::chr8:23095075-23096205",551,553,0.833,6,5,"-","G","+",0,0,"-",6,5,"ACGTG","DKO","D4","RepR2","S6","MSR","other"
"327","FJ24-FJ25::chr8:23095075-23096205",593,595,0.714,14,10,"-","G","+",0,0,"-",14,10,"GCGAT","DKO","D4","RepR2","S6","MSR","other"
"328","FJ24-FJ25::chr8:23095075-23096205",710,712,0,5,0,"-","G","+",0,0,"-",5,0,"GCGAG","DKO","D4","RepR2","S6","MSR","other"
"329","FJ24-FJ25::chr9:21878296-21879293",900,902,1,5,5,"B","G","+",3,3,"-",2,2,"GCCGC","DKO","D4","RepR2","S6","MSR","other"
"330","FJ24-FJ25::chr9:21878296-21879293",902,904,0.5,4,2,"B","G","+",2,0,"-",2,2,"CGCGC","DKO","D4","RepR2","S6","MSR","other"
"331","FJ24-FJ25::chr9:21878296-21879293",912,914,1,6,6,"B","G","+",4,4,"-",2,2,"TTCGC","DKO","D4","RepR2","S6","MSR","other"
"332","FJ24-FJ25::chr9:21878296-21879293",915,917,1,9,9,"B","G","+",6,6,"-",3,3,"GCCGT","DKO","D4","RepR2","S6","MSR","other"
"333","FJ24-FJ25::chr9:21878296-21879293",928,930,0.909,11,10,"B","G","+",8,8,"-",3,2,"GGCGC","DKO","D4","RepR2","S6","MSR","other"
"334","FJ24-FJ25::chr9:21878296-21879293",967,969,0.778,9,7,"B","G","+",6,4,"-",3,3,"TGCGC","DKO","D4","RepR2","S6","MSR","other"
"335","FJ24-FJ25::chr9:21878296-21879293",976,978,1,3,3,"-","G","+",0,0,"-",3,3,"CCGAG","DKO","D4","RepR2","S6","MSR","other"
"336","FJ24-FJ25::chr9:2999602-3038819",428,430,0.77,135,104,"B","G","+",58,43,"-",77,61,"CACGT","DKO","D4","RepR2","S6","MSR","other"
"337","FJ24-FJ25::chr9:2999602-3038819",444,446,0.919,124,114,"B","G","+",61,57,"-",63,57,"TTCGT","DKO","D4","RepR2","S6","MSR","other"
"338","FJ24-FJ25::chr9:2999602-3038819",604,606,0.793,276,219,"B","G","+",83,52,"-",193,167,"CACGT","DKO","D4","RepR2","S6","MSR","other"
"339","FJ24-FJ25::chr9:2999602-3038819",620,622,0.846,273,231,"B","G","+",81,63,"-",192,168,"TTCGT","DKO","D4","RepR2","S6","MSR","other"
"340","FJ24-FJ25::chr9:2999602-3038819",738,740,0.9,1587,1428,"B","G","+",513,472,"-",1074,956,"CTCGC","DKO","D4","RepR2","S6","MSR","other"
"341","FJ24-FJ25::chr9:2999602-3038819",750,752,0.9,1621,1459,"B","G","+",536,469,"-",1085,990,"CACGT","DKO","D4","RepR2","S6","MSR","other"
"342","FJ24-FJ25::chr9:2999602-3038819",778,780,0.908,17596,15985,"B","G","+",618,546,"-",16978,15439,"TCCGT","DKO","D4","RepR2","S6","MSR","other"
"343","FJ24-FJ25::chr9:2999602-3038819",796,798,0.884,17203,15208,"B","G","+",406,364,"-",16797,14844,"CTCGA","DKO","D4","RepR2","S6","MSR","other"
"344","FJ24-FJ25::chr9:2999602-3038819",838,840,0.804,18631,14986,"B","G","+",2043,1673,"-",16588,13313,"CACGT","DKO","D4","RepR2","S6","MSR","other"
"345","FJ24-FJ25::chr9:2999602-3038819",854,856,0.918,18821,17273,"B","G","+",2732,2511,"-",16089,14762,"TTCGT","DKO","D4","RepR2","S6","MSR","other"
"346","FJ24-FJ25::chr9:2999602-3038819",866,868,0.795,5107,4061,"B","G","+",461,120,"-",4646,3941,"CACGT","DKO","D4","RepR2","S6","MSR","other"
"347","FJ24-FJ25::chr9:2999602-3038819",869,871,0.825,18284,15083,"B","G","+",2726,2473,"-",15558,12610,"GTCGT","DKO","D4","RepR2","S6","MSR","other"
"348","FJ24-FJ25::chr9:2999602-3038819",972,974,0.913,7440,6792,"B","G","+",2793,2541,"-",4647,4251,"CTCGC","DKO","D4","RepR2","S6","MSR","other"
"349","FJ24-FJ25::chr9:2999602-3038819",984,986,0.907,6873,6232,"B","G","+",2615,2339,"-",4258,3893,"CACGT","DKO","D4","RepR2","S6","MSR","other"
"350","FJ24-FJ25::chr9:2999602-3038819",1012,1014,0.876,2702,2366,"B","G","+",1855,1608,"-",847,758,"TCCGT","DKO","D4","RepR2","S6","MSR","other"
"351","FJ24-FJ25::chr9:2999602-3038819",1030,1032,0.829,709,588,"B","G","+",331,242,"-",378,346,"CTCGA","DKO","D4","RepR2","S6","MSR","other"
"352","FJ24-FJ25::chr9:2999602-3038819",1072,1074,0.791,468,370,"B","G","+",24,19,"-",444,351,"CACGT","DKO","D4","RepR2","S6","MSR","other"
"353","FJ24-FJ25::chr9:2999602-3038819",1103,1105,0.889,452,402,"B","G","+",16,7,"-",436,395,"GTCGT","DKO","D4","RepR2","S6","MSR","other"
"354","FJ24-FJ25::chr9:2999602-3038819",1158,1160,0.893,366,327,"B","G","+",45,36,"-",321,291,"CACGT","DKO","D4","RepR2","S6","MSR","other"
"355","FJ24-FJ25::chr9:2999602-3038819",1248,1250,0.815,1452,1184,"B","G","+",117,99,"-",1335,1085,"CACGT","DKO","D4","RepR2","S6","MSR","other"
"356","FJ24-FJ25::chr9:2999602-3038819",1264,1266,0.909,1416,1287,"B","G","+",136,118,"-",1280,1169,"TTCGT","DKO","D4","RepR2","S6","MSR","other"
"357","FJ24-FJ25::chr9:2999602-3038819",1382,1384,0.904,4475,4046,"B","G","+",1970,1801,"-",2505,2245,"CTCGC","DKO","D4","RepR2","S6","MSR","other"
"358","FJ24-FJ25::chr9:2999602-3038819",1394,1396,0.898,4372,3928,"B","G","+",1914,1733,"-",2458,2195,"CACGT","DKO","D4","RepR2","S6","MSR","other"
"359","FJ24-FJ25::chr9:2999602-3038819",1422,1424,0.779,2562,1995,"B","G","+",1502,1218,"-",1060,777,"TCCGT","DKO","D4","RepR2","S6","MSR","other"
"360","FJ24-FJ25::chr9:2999602-3038819",1440,1442,0.761,439,334,"B","G","+",94,16,"-",345,318,"ATCGC","DKO","D4","RepR2","S6","MSR","other"
"361","FJ24-FJ25::chr9:2999602-3038819",1459,1461,0.00278,720,2,"B","G","+",2,2,"-",718,0,"TACGG","DKO","D4","RepR2","S6","MSR","other"
"362","FJ24-FJ25::chr9:2999602-3038819",1482,1484,0.808,78,63,"B","G","+",7,7,"-",71,56,"CACGT","DKO","D4","RepR2","S6","MSR","other"
"363","FJ24-FJ25::chr9:2999602-3038819",1616,1618,0.916,513,470,"B","G","+",94,86,"-",419,384,"CTCGC","DKO","D4","RepR2","S6","MSR","other"
"364","FJ24-FJ25::chr9:2999602-3038819",1674,1676,0.802,6347,5093,"B","G","+",170,141,"-",6177,4952,"CTCGC","DKO","D4","RepR2","S6","MSR","other"
"365","FJ24-FJ25::chr9:2999602-3038819",1716,1718,0.806,9425,7594,"B","G","+",345,253,"-",9080,7341,"CACGT","DKO","D4","RepR2","S6","MSR","other"
"366","FJ24-FJ25::chr9:2999602-3038819",1732,1734,0.904,10302,9311,"B","G","+",409,336,"-",9893,8975,"TTCGT","DKO","D4","RepR2","S6","MSR","other"
"367","FJ24-FJ25::chr9:2999602-3038819",1850,1852,0.907,3110,2820,"B","G","+",512,460,"-",2598,2360,"CTCGC","DKO","D4","RepR2","S6","MSR","other"
"368","FJ24-FJ25::chr9:2999602-3038819",1862,1864,0.896,2997,2686,"B","G","+",506,451,"-",2491,2235,"CACGT","DKO","D4","RepR2","S6","MSR","other"
"369","FJ24-FJ25::chr9:2999602-3038819",1890,1892,0.877,1594,1398,"B","G","+",476,424,"-",1118,974,"TCCGT","DKO","D4","RepR2","S6","MSR","other"
"370","FJ24-FJ25::chr9:2999602-3038819",1908,1910,0.88,1072,943,"B","G","+",345,303,"-",727,640,"CTCGC","DKO","D4","RepR2","S6","MSR","other"
"371","FJ24-FJ25::chr9:2999602-3038819",1949,1951,0.884,69,61,"B","G","+",5,5,"-",64,56,"CACGT","DKO","D4","RepR2","S6","MSR","other"
"372","FJ24-FJ25::chr9:2999602-3038819",2083,2085,0.93,286,266,"B","G","+",27,26,"-",259,240,"CTCGC","DKO","D4","RepR2","S6","MSR","other"
"373","FJ24-FJ25::chr9:2999602-3038819",2095,2097,0.888,313,278,"B","G","+",27,24,"-",286,254,"CACGT","DKO","D4","RepR2","S6","MSR","other"
"374","FJ24-FJ25::chr9:2999602-3038819",2123,2125,0.882,1268,1119,"B","G","+",55,45,"-",1213,1074,"TCCGT","DKO","D4","RepR2","S6","MSR","other"
"375","FJ24-FJ25::chr9:2999602-3038819",2141,2143,0.904,1257,1136,"B","G","+",79,74,"-",1178,1062,"CTCGC","DKO","D4","RepR2","S6","MSR","other"
"376","FJ24-FJ25::chr9:2999602-3038819",2183,2185,0.79,1263,998,"B","G","+",162,112,"-",1101,886,"CACGT","DKO","D4","RepR2","S6","MSR","other"
"377","FJ24-FJ25::chr9:2999602-3038819",2199,2201,0.894,1216,1087,"B","G","+",150,123,"-",1066,964,"TTCGT","DKO","D4","RepR2","S6","MSR","other"
"378","FJ24-FJ25::chr9:2999602-3038819",2297,2299,1,6,6,"+","G","+",6,6,"-",0,0,"TTCGA","DKO","D4","RepR2","S6","MSR","other"
"379","FJ24-FJ25::chr9:2999602-3038819",2317,2319,0.857,28,24,"B","G","+",27,23,"-",1,1,"CTCGC","DKO","D4","RepR2","S6","MSR","other"
"380","FJ24-FJ25::chr9:2999602-3038819",2357,2359,0.907,507,460,"B","G","+",137,113,"-",370,347,"TCCGT","DKO","D4","RepR2","S6","MSR","other"
"381","FJ24-FJ25::chr9:2999602-3038819",2375,2377,0.905,559,506,"B","G","+",176,163,"-",383,343,"CTCGC","DKO","D4","RepR2","S6","MSR","other"
"382","FJ24-FJ25::chr9:2999602-3038819",2433,2435,0.874,1535,1341,"B","G","+",285,248,"-",1250,1093,"TTCGT","DKO","D4","RepR2","S6","MSR","other"
"383","FJ24-FJ25::chr9:2999602-3038819",2448,2450,0.888,2055,1824,"B","G","+",312,276,"-",1743,1548,"GTCGT","DKO","D4","RepR2","S6","MSR","other"
"384","FJ24-FJ25::chr9:2999602-3038819",2551,2553,0.894,1159,1036,"B","G","+",285,251,"-",874,785,"CTCGC","DKO","D4","RepR2","S6","MSR","other"
"385","FJ24-FJ25::chr9:2999602-3038819",2609,2611,0.903,1513,1366,"B","G","+",220,201,"-",1293,1165,"CTCGC","DKO","D4","RepR2","S6","MSR","other"
"386","FJ24-FJ25::chr9:2999602-3038819",2651,2653,0.793,1567,1242,"B","G","+",327,231,"-",1240,1011,"CACGT","DKO","D4","RepR2","S6","MSR","other"
"387","FJ24-FJ25::chr9:2999602-3038819",2667,2669,0.877,1534,1346,"B","G","+",336,267,"-",1198,1079,"TTCGT","DKO","D4","RepR2","S6","MSR","other"
"388","FJ24-FJ25::chr9:2999602-3038819",2825,2827,0.762,185,141,"B","G","+",31,19,"-",154,122,"TCCGT","DKO","D4","RepR2","S6","MSR","other"
"389","FJ24-FJ25::chr9:2999602-3038819",2885,2887,0.736,91,67,"B","G","+",36,26,"-",55,41,"CACGT","DKO","D4","RepR2","S6","MSR","other"
"390","FJ24-FJ25::chr9:2999602-3038819",3001,3003,0.753,174,131,"B","G","+",65,47,"-",109,84,"CACGT","DKO","D4","RepR2","S6","MSR","other"
"391","FJ24-FJ25::chr9:2999602-3038819",3135,3137,0.899,227,204,"B","G","+",187,169,"-",40,35,"CTCGC","DKO","D4","RepR2","S6","MSR","other"
"392","FJ24-FJ25::chr9:2999602-3038819",3147,3149,0.9,241,217,"B","G","+",200,177,"-",41,40,"CACGT","DKO","D4","RepR2","S6","MSR","other"
"393","FJ24-FJ25::chr9:2999602-3038819",3175,3177,0.851,356,303,"B","G","+",194,155,"-",162,148,"TCCGT","DKO","D4","RepR2","S6","MSR","other"
"394","FJ24-FJ25::chr9:2999602-3038819",3193,3195,0.899,286,257,"B","G","+",137,125,"-",149,132,"CTCGC","DKO","D4","RepR2","S6","MSR","other"
"395","FJ24-FJ25::chr9:2999602-3038819",3234,3236,0.857,63,54,"B","G","+",4,3,"-",59,51,"CACGT","DKO","D4","RepR2","S6","MSR","other"
"396","FJ24-FJ25::chr9:2999602-3038819",3368,3370,0.9,30,27,"B","G","+",13,11,"-",17,16,"CTCGC","DKO","D4","RepR2","S6","MSR","other"
"397","FJ24-FJ25::chr9:2999602-3038819",3380,3382,0.889,27,24,"B","G","+",12,9,"-",15,15,"CACGT","DKO","D4","RepR2","S6","MSR","other"
"398","FJ24-FJ25::chr9:2999602-3038819",3408,3410,0.861,368,317,"B","G","+",43,36,"-",325,281,"TCCGT","DKO","D4","RepR2","S6","MSR","other"
"399","FJ24-FJ25::chr9:2999602-3038819",3426,3428,0.878,441,387,"B","G","+",68,52,"-",373,335,"CTCGC","DKO","D4","RepR2","S6","MSR","other"
"400","FJ24-FJ25::chr9:2999602-3038819",3468,3470,0.781,598,467,"B","G","+",120,88,"-",478,379,"CACGT","DKO","D4","RepR2","S6","MSR","other"
"401","FJ24-FJ25::chr9:2999602-3038819",3484,3486,0.886,563,499,"B","G","+",118,91,"-",445,408,"TTCGT","DKO","D4","RepR2","S6","MSR","other"
"402","FJ24-FJ25::chr9:2999602-3038819",3582,3584,1,1,1,"+","G","+",1,1,"-",0,0,"TTCGA","DKO","D4","RepR2","S6","MSR","other"
"403","FJ24-FJ25::chr9:2999602-3038819",3602,3604,0.958,24,23,"B","G","+",23,22,"-",1,1,"CTCGC","DKO","D4","RepR2","S6","MSR","other"
"404","FJ24-FJ25::chr9:2999602-3038819",3642,3644,0.897,514,461,"B","G","+",137,122,"-",377,339,"TCCGT","DKO","D4","RepR2","S6","MSR","other"
"405","FJ24-FJ25::chr9:2999602-3038819",3660,3662,0.882,557,491,"B","G","+",170,151,"-",387,340,"CTCGC","DKO","D4","RepR2","S6","MSR","other"
"406","FJ24-FJ25::chr9:2999602-3038819",3718,3720,0.904,795,719,"B","G","+",192,180,"-",603,539,"TTCGT","DKO","D4","RepR2","S6","MSR","other"
"407","FJ24-FJ25::chr9:2999602-3038819",3733,3735,0.902,1138,1026,"B","G","+",285,271,"-",853,755,"GTCGT","DKO","D4","RepR2","S6","MSR","other"
"408","FJ24-FJ25::chr9:2999602-3038819",3836,3838,0.892,902,805,"B","G","+",293,265,"-",609,540,"CTCGC","DKO","D4","RepR2","S6","MSR","other"
"409","FJ24-FJ25::chr9:2999602-3038819",3894,3896,0.906,8348,7560,"B","G","+",205,174,"-",8143,7386,"CTCGC","DKO","D4","RepR2","S6","MSR","other"
"410","FJ24-FJ25::chr9:2999602-3038819",3936,3938,0.745,7954,5928,"B","G","+",121,85,"-",7833,5843,"CACGT","DKO","D4","RepR2","S6","MSR","other"
"411","FJ24-FJ25::chr9:2999602-3038819",4128,4130,0.89,319,284,"B","G","+",40,31,"-",279,253,"CTCGC","DKO","D4","RepR2","S6","MSR","other"
"412","FJ24-FJ25::chr9:2999602-3038819",4187,4189,0.94,133,125,"B","G","+",3,2,"-",130,123,"TTCGT","DKO","D4","RepR2","S6","MSR","other"
"413","FJ24-FJ25::chr9:2999602-3038819",4303,4305,0.914,384,351,"B","G","+",16,14,"-",368,337,"CTCGC","DKO","D4","RepR2","S6","MSR","other"
"414","FJ24-FJ25::chr9:2999602-3038819",4346,4348,0.69,200,138,"B","G","+",9,6,"-",191,132,"CACGT","DKO","D4","RepR2","S6","MSR","other"
"415","FJ24-FJ25::chr9:2999602-3038819",4362,4364,0.897,195,175,"B","G","+",10,8,"-",185,167,"TTCGT","DKO","D4","RepR2","S6","MSR","other"
"416","FJ24-FJ25::chr9:2999602-3038819",4480,4482,0.776,392,304,"B","G","+",60,52,"-",332,252,"CTCGC","DKO","D4","RepR2","S6","MSR","other"
"417","FJ24-FJ25::chr9:2999602-3038819",4520,4522,0.871,53935,46954,"B","G","+",322,253,"-",53613,46701,"TCCGT","DKO","D4","RepR2","S6","MSR","other"
"418","FJ24-FJ25::chr9:2999602-3038819",4580,4582,0.802,51692,41480,"B","G","+",1863,1488,"-",49829,39992,"CACGT","DKO","D4","RepR2","S6","MSR","other"
"419","FJ24-FJ25::chr9:2999602-3038819",4596,4598,0.917,48707,44648,"B","G","+",1993,1753,"-",46714,42895,"TTCGT","DKO","D4","RepR2","S6","MSR","other"
"420","FJ24-FJ25::chr9:2999602-3038819",4611,4613,0.889,55350,49193,"B","G","+",1981,1853,"-",53369,47340,"GTCGT","DKO","D4","RepR2","S6","MSR","other"
"421","FJ24-FJ25::chr9:2999602-3038819",4654,4656,0.343,1687,579,"B","G","+",841,49,"-",846,530,"CTCGC","DKO","D4","RepR2","S6","MSR","other"
"422","FJ24-FJ25::chr9:2999602-3038819",4714,4716,0.155,71,11,"B","G","+",69,10,"-",2,1,"CTCGC","DKO","D4","RepR2","S6","MSR","other"
"423","FJ24-FJ25::chr9:2999602-3038819",4716,4718,0.5,6,3,"B","G","+",3,2,"-",3,1,"CGCGA","DKO","D4","RepR2","S6","MSR","other"
"424","FJ24-FJ25::chr9:2999602-3038819",4754,4756,0.906,1496,1355,"B","G","+",7,7,"-",1489,1348,"TCCGT","DKO","D4","RepR2","S6","MSR","other"
"425","FJ24-FJ25::chr9:2999602-3038819",4814,4816,0.799,1376,1099,"B","G","+",3,2,"-",1373,1097,"CACGT","DKO","D4","RepR2","S6","MSR","other"
"426","FJ24-FJ25::chr9:2999602-3038819",4844,4846,0.84,1431,1202,"B","G","+",4,3,"-",1427,1199,"GTCGT","DKO","D4","RepR2","S6","MSR","other"
"427","FJ24-FJ25::chr9:2999602-3038819",4899,4901,0.88,367,323,"B","G","+",248,208,"-",119,115,"CACGT","DKO","D4","RepR2","S6","MSR","other"
"428","FJ24-FJ25::chr9:2999602-3038819",4947,4949,0.917,759,696,"B","G","+",727,666,"-",32,30,"TTCGC","DKO","D4","RepR2","S6","MSR","other"
"429","FJ24-FJ25::chr9:2999602-3038819",4959,4961,0.91,802,730,"B","G","+",771,701,"-",31,29,"CACGT","DKO","D4","RepR2","S6","MSR","other"
"430","FJ24-FJ25::chr9:2999602-3038819",4987,4989,0.91,4529,4121,"B","G","+",866,724,"-",3663,3397,"TCCGT","DKO","D4","RepR2","S6","MSR","other"
"431","FJ24-FJ25::chr9:2999602-3038819",5005,5007,0.821,5158,4235,"B","G","+",930,828,"-",4228,3407,"CTCGC","DKO","D4","RepR2","S6","MSR","other"
"432","FJ24-FJ25::chr9:2999602-3038819",5047,5049,0.803,49511,39755,"B","G","+",756,591,"-",48755,39164,"CACGT","DKO","D4","RepR2","S6","MSR","other"
"433","FJ24-FJ25::chr9:2999602-3038819",5063,5065,0.918,46304,42516,"B","G","+",674,569,"-",45630,41947,"TTCGT","DKO","D4","RepR2","S6","MSR","other"
"434","FJ24-FJ25::chr9:2999602-3038819",5078,5080,0.886,52383,46414,"B","G","+",626,579,"-",51757,45835,"GTCGT","DKO","D4","RepR2","S6","MSR","other"
"435","FJ24-FJ25::chr9:2999602-3038819",5181,5183,0.91,865,787,"B","G","+",497,445,"-",368,342,"CTCGC","DKO","D4","RepR2","S6","MSR","other"
"436","FJ24-FJ25::chr9:2999602-3038819",5193,5195,0.906,827,749,"B","G","+",478,423,"-",349,326,"CACGT","DKO","D4","RepR2","S6","MSR","other"
"437","FJ24-FJ25::chr9:2999602-3038819",5221,5223,0.402,396,159,"B","G","+",224,19,"-",172,140,"ACCGT","DKO","D4","RepR2","S6","MSR","other"
"438","FJ24-FJ25::chr9:2999602-3038819",5281,5283,0.778,36,28,"B","G","+",10,6,"-",26,22,"CACGT","DKO","D4","RepR2","S6","MSR","other"
"439","FJ24-FJ25::chr9:2999602-3038819",5415,5417,1,12,12,"B","G","+",9,9,"-",3,3,"CTCGC","DKO","D4","RepR2","S6","MSR","other"
"440","FJ24-FJ25::chr9:2999602-3038819",5427,5429,0.917,12,11,"B","G","+",9,8,"-",3,3,"CACGT","DKO","D4","RepR2","S6","MSR","other"
"441","FJ24-FJ25::chr9:2999602-3038819",5455,5457,0.833,42,35,"B","G","+",7,4,"-",35,31,"TTCGT","DKO","D4","RepR2","S6","MSR","other"
"442","FJ24-FJ25::chr9:2999602-3038819",5473,5475,0.905,42,38,"B","G","+",15,14,"-",27,24,"CTCGC","DKO","D4","RepR2","S6","MSR","other"
"443","FJ24-FJ25::chr9:2999602-3038819",5515,5517,0.783,69,54,"B","G","+",19,15,"-",50,39,"CACGT","DKO","D4","RepR2","S6","MSR","other"
"444","FJ24-FJ25::chr9:2999602-3038819",5707,5709,0.872,86,75,"B","G","+",8,8,"-",78,67,"CTCGC","DKO","D4","RepR2","S6","MSR","other"
"445","FJ24-FJ25::chr9:2999602-3038819",5766,5768,0,1,0,"-","G","+",0,0,"-",1,0,"TCGTC","DKO","D4","RepR2","S6","MSR","other"
"446","FJ24-FJ25::chr9:2999602-3038819",5924,5926,0.9,30,27,"B","G","+",4,3,"-",26,24,"CACGT","DKO","D4","RepR2","S6","MSR","other"
"447","FJ24-FJ25::chr9:2999602-3038819",5940,5942,0.969,32,31,"B","G","+",8,8,"-",24,23,"TTCGT","DKO","D4","RepR2","S6","MSR","other"
"448","FJ24-FJ25::chr9:2999602-3038819",5952,5954,1,2,2,"+","G","+",2,2,"-",0,0,"CACGT","DKO","D4","RepR2","S6","MSR","other"
"449","FJ24-FJ25::chr9:2999602-3038819",6058,6060,1,7,7,"+","G","+",7,7,"-",0,0,"CTCGC","DKO","D4","RepR2","S6","MSR","other"
"450","FJ24-FJ25::chr9:2999602-3038819",6098,6100,0.898,274,246,"B","G","+",8,6,"-",266,240,"TCCGT","DKO","D4","RepR2","S6","MSR","other"
"451","FJ24-FJ25::chr9:2999602-3038819",6116,6118,0.902,297,268,"B","G","+",7,6,"-",290,262,"CTCGC","DKO","D4","RepR2","S6","MSR","other"
"452","FJ24-FJ25::chr9:2999602-3038819",6158,6160,0.843,324,273,"B","G","+",27,22,"-",297,251,"CACGT","DKO","D4","RepR2","S6","MSR","other"
"453","FJ24-FJ25::chr9:2999602-3038819",6174,6176,0.891,284,253,"B","G","+",44,39,"-",240,214,"TTCGT","DKO","D4","RepR2","S6","MSR","other"
"454","FJ24-FJ25::chr9:2999602-3038819",6186,6188,0.857,14,12,"B","G","+",2,0,"-",12,12,"CACGT","DKO","D4","RepR2","S6","MSR","other"
"455","FJ24-FJ25::chr9:2999602-3038819",6189,6191,0.918,391,359,"B","G","+",48,47,"-",343,312,"GTCGT","DKO","D4","RepR2","S6","MSR","other"
"456","FJ24-FJ25::chr9:2999602-3038819",6244,6246,0.88,117,103,"B","G","+",56,51,"-",61,52,"CACGT","DKO","D4","RepR2","S6","MSR","other"
"457","FJ24-FJ25::chr9:2999602-3038819",6334,6336,0.895,38,34,"B","G","+",5,3,"-",33,31,"CACGT","DKO","D4","RepR2","S6","MSR","other"
"458","FJ24-FJ25::chr9:2999602-3038819",6350,6352,0.903,31,28,"B","G","+",2,2,"-",29,26,"TTCGT","DKO","D4","RepR2","S6","MSR","other"
"459","FJ24-FJ25::chr9:2999602-3038819",6390,6392,0.573,82,47,"B","G","+",2,2,"-",80,45,"TCCGT","DKO","D4","RepR2","S6","MSR","other"
"460","FJ24-FJ25::chr9:2999602-3038819",6434,6436,0,63,0,"-","G","+",0,0,"-",63,0,"ACGTT","DKO","D4","RepR2","S6","MSR","other"
"461","FJ24-FJ25::chr9:2999602-3038819",6468,6470,1,10,10,"B","G","+",2,2,"-",8,8,"CTCGC","DKO","D4","RepR2","S6","MSR","other"
"462","FJ24-FJ25::chr9:2999602-3038819",6508,6510,0.929,28,26,"B","G","+",6,4,"-",22,22,"TCCGT","DKO","D4","RepR2","S6","MSR","other"
"463","FJ24-FJ25::chr9:2999602-3038819",6526,6528,0.9,20,18,"B","G","+",6,4,"-",14,14,"CTCGC","DKO","D4","RepR2","S6","MSR","other"
"464","FJ24-FJ25::chr9:2999602-3038819",6702,6704,0.881,42,37,"B","G","+",20,15,"-",22,22,"CTCGC","DKO","D4","RepR2","S6","MSR","other"
"465","FJ24-FJ25::chr9:2999602-3038819",6760,6762,0.791,2153,1703,"B","G","+",57,48,"-",2096,1655,"CTCGC","DKO","D4","RepR2","S6","MSR","other"
"466","FJ24-FJ25::chr9:2999602-3038819",6802,6804,0.793,2187,1734,"B","G","+",181,139,"-",2006,1595,"CACGT","DKO","D4","RepR2","S6","MSR","other"
"467","FJ24-FJ25::chr9:2999602-3038819",6818,6820,0.901,2127,1916,"B","G","+",246,200,"-",1881,1716,"TTCGT","DKO","D4","RepR2","S6","MSR","other"
"468","FJ24-FJ25::chr9:2999602-3038819",6948,6950,0.8,10,8,"B","G","+",5,5,"-",5,3,"CACGT","DKO","D4","RepR2","S6","MSR","other"
"469","FJ24-FJ25::chr9:2999602-3038819",6994,6996,0.854,41,35,"B","G","+",20,16,"-",21,19,"CTCGA","DKO","D4","RepR2","S6","MSR","other"
"470","FJ24-FJ25::chr9:2999602-3038819",7051,7053,0.876,760,666,"B","G","+",75,62,"-",685,604,"TTCGT","DKO","D4","RepR2","S6","MSR","other"
"471","FJ24-FJ25::chr9:2999602-3038819",7169,7171,0.888,2407,2137,"B","G","+",962,861,"-",1445,1276,"CTCGC","DKO","D4","RepR2","S6","MSR","other"
"472","FJ24-FJ25::chr9:2999602-3038819",7181,7183,0.905,2569,2324,"B","G","+",1041,927,"-",1528,1397,"CACGT","DKO","D4","RepR2","S6","MSR","other"
"473","FJ24-FJ25::chr9:2999602-3038819",7209,7211,0.879,13522,11888,"B","G","+",1145,973,"-",12377,10915,"TCCGT","DKO","D4","RepR2","S6","MSR","other"
"474","FJ24-FJ25::chr9:2999602-3038819",7227,7229,0.884,12917,11413,"B","G","+",1141,1023,"-",11776,10390,"CTCGC","DKO","D4","RepR2","S6","MSR","other"
"475","FJ24-FJ25::chr9:2999602-3038819",7269,7271,0.778,2343,1823,"B","G","+",648,470,"-",1695,1353,"CACGT","DKO","D4","RepR2","S6","MSR","other"
"476","FJ24-FJ25::chr9:2999602-3038819",7285,7287,0.902,1742,1572,"B","G","+",422,359,"-",1320,1213,"TTCGT","DKO","D4","RepR2","S6","MSR","other"
"477","FJ24-FJ25::chr9:2999602-3038819",7417,7419,1,5,5,"+","G","+",5,5,"-",0,0,"CACGT","DKO","D4","RepR2","S6","MSR","other"
"478","FJ24-FJ25::chr9:2999602-3038819",7444,7446,0.778,18,14,"B","G","+",3,2,"-",15,12,"TTCGG","DKO","D4","RepR2","S6","MSR","other"
"479","FJ24-FJ25::chr9:2999602-3038819",7463,7465,0.896,77,69,"B","G","+",14,11,"-",63,58,"CTCGC","DKO","D4","RepR2","S6","MSR","other"
"480","FJ24-FJ25::chr9:2999602-3038819",7506,7508,0.75,356,267,"B","G","+",155,109,"-",201,158,"CACGT","DKO","D4","RepR2","S6","MSR","other"
"481","FJ24-FJ25::chr9:2999602-3038819",7522,7524,0.896,508,455,"B","G","+",285,255,"-",223,200,"TTCGT","DKO","D4","RepR2","S6","MSR","other"
"482","FJ24-FJ25::chr9:2999602-3038819",7537,7539,0.918,538,494,"B","G","+",299,281,"-",239,213,"GTCGT","DKO","D4","RepR2","S6","MSR","other"
"483","FJ24-FJ25::chr9:2999602-3038819",7698,7700,0.868,1598,1387,"B","G","+",30,6,"-",1568,1381,"CTCGC","DKO","D4","RepR2","S6","MSR","other"
"484","FJ24-FJ25::chr9:2999602-3038819",7759,7761,0.915,47,43,"B","G","+",8,6,"-",39,37,"CTCGC","DKO","D4","RepR2","S6","MSR","other"
"485","FJ24-FJ25::chr9:2999602-3038819",7799,7801,0.925,1087,1005,"B","G","+",14,12,"-",1073,993,"TCCGT","DKO","D4","RepR2","S6","MSR","other"
"486","FJ24-FJ25::chr9:2999602-3038819",7817,7819,0.878,988,867,"B","G","+",13,12,"-",975,855,"CTCGC","DKO","D4","RepR2","S6","MSR","other"
"487","FJ24-FJ25::chr9:2999602-3038819",7859,7861,0.784,756,593,"B","G","+",9,5,"-",747,588,"CACGT","DKO","D4","RepR2","S6","MSR","other"
"488","FJ24-FJ25::chr9:2999602-3038819",7992,7994,0.922,167,154,"B","G","+",134,122,"-",33,32,"CTCGC","DKO","D4","RepR2","S6","MSR","other"
"489","FJ24-FJ25::chr9:2999602-3038819",8004,8006,0.871,170,148,"B","G","+",141,120,"-",29,28,"CACGT","DKO","D4","RepR2","S6","MSR","other"
"490","FJ24-FJ25::chr9:2999602-3038819",8032,8034,0.879,371,326,"B","G","+",135,121,"-",236,205,"TCCGT","DKO","D4","RepR2","S6","MSR","other"
"491","FJ24-FJ25::chr9:2999602-3038819",8050,8052,0.826,288,238,"B","G","+",110,91,"-",178,147,"CTCGC","DKO","D4","RepR2","S6","MSR","other"
"492","FJ24-FJ25::chr9:2999602-3038819",8091,8093,0.845,71,60,"B","G","+",7,7,"-",64,53,"CACGT","DKO","D4","RepR2","S6","MSR","other"
"493","FJ24-FJ25::chr9:2999602-3038819",8225,8227,1,1,1,"+","G","+",1,1,"-",0,0,"CTCGC","DKO","D4","RepR2","S6","MSR","other"
"494","FJ24-FJ25::chr9:2999602-3038819",8237,8239,1,2,2,"+","G","+",2,2,"-",0,0,"CACGT","DKO","D4","RepR2","S6","MSR","other"
"495","FJ24-FJ25::chr9:2999602-3038819",8265,8267,0.896,135,121,"B","G","+",3,2,"-",132,119,"TTCGT","DKO","D4","RepR2","S6","MSR","other"
"496","FJ24-FJ25::chr9:2999602-3038819",8283,8285,0.912,137,125,"B","G","+",1,1,"-",136,124,"CTCGC","DKO","D4","RepR2","S6","MSR","other"
"497","FJ24-FJ25::chr9:2999602-3038819",8325,8327,0.777,705,548,"B","G","+",8,4,"-",697,544,"CACGT","DKO","D4","RepR2","S6","MSR","other"
"498","FJ24-FJ25::chr9:2999602-3038819",8517,8519,0.867,542,470,"B","G","+",39,26,"-",503,444,"CTCGC","DKO","D4","RepR2","S6","MSR","other"
"499","FJ24-FJ25::chr9:2999602-3038819",8576,8578,0.874,87,76,"B","G","+",1,1,"-",86,75,"TTCGT","DKO","D4","RepR2","S6","MSR","other"
"500","FJ24-FJ25::chr9:2999602-3038819",8588,8590,0.667,3,2,"-","G","+",0,0,"-",3,2,"ACGTT","DKO","D4","RepR2","S6","MSR","other"
"501","FJ24-FJ25::chr9:2999602-3038819",8692,8694,0.911,45,41,"B","G","+",4,4,"-",41,37,"CTCGC","DKO","D4","RepR2","S6","MSR","other"
"502","FJ24-FJ25::chr9:2999602-3038819",8735,8737,0.846,13,11,"B","G","+",2,1,"-",11,10,"CACGT","DKO","D4","RepR2","S6","MSR","other"
"503","FJ24-FJ25::chr9:2999602-3038819",8751,8753,0.839,31,26,"B","G","+",3,2,"-",28,24,"TTCGT","DKO","D4","RepR2","S6","MSR","other"
"504","FJ24-FJ25::chr9:2999602-3038819",8763,8765,1,4,4,"-","G","+",0,0,"-",4,4,"ACGTT","DKO","D4","RepR2","S6","MSR","other"
"505","FJ24-FJ25::chr9:2999602-3038819",8869,8871,0.739,46,34,"B","G","+",18,16,"-",28,18,"CTCGC","DKO","D4","RepR2","S6","MSR","other"
"506","FJ24-FJ25::chr9:2999602-3038819",8909,8911,0.877,5357,4699,"B","G","+",59,47,"-",5298,4652,"TCCGT","DKO","D4","RepR2","S6","MSR","other"
"507","FJ24-FJ25::chr9:2999602-3038819",8969,8971,0.785,827,649,"B","G","+",117,85,"-",710,564,"CACGT","DKO","D4","RepR2","S6","MSR","other"
"508","FJ24-FJ25::chr9:2999602-3038819",8985,8987,0.898,879,789,"B","G","+",125,107,"-",754,682,"TTCGT","DKO","D4","RepR2","S6","MSR","other"
"509","FJ24-FJ25::chr9:2999602-3038819",9161,9163,0.856,556,476,"B","G","+",10,9,"-",546,467,"CTCGC","DKO","D4","RepR2","S6","MSR","other"
"510","FJ24-FJ25::chr9:2999602-3038819",9220,9222,0.934,470,439,"B","G","+",1,1,"-",469,438,"TTCGT","DKO","D4","RepR2","S6","MSR","other"
"511","FJ24-FJ25::chr9:2999602-3038819",9232,9234,1,5,5,"B","G","+",1,1,"-",4,4,"CACGT","DKO","D4","RepR2","S6","MSR","other"
"512","FJ24-FJ25::chr9:2999602-3038819",9378,9380,0.333,3,1,"+","G","+",3,1,"-",0,0,"CACGT","DKO","D4","RepR2","S6","MSR","other"
"513","FJ24-FJ25::chr9:2999602-3038819",9394,9396,1,3,3,"+","G","+",3,3,"-",0,0,"TTCGT","DKO","D4","RepR2","S6","MSR","other"
"514","FJ24-FJ25::chr9:2999602-3038819",9413,9415,1,1,1,"+","G","+",1,1,"-",0,0,"CTCGA","DKO","D4","RepR2","S6","MSR","other"
"515","FJ24-FJ25::chr9:2999602-3038819",9470,9472,0.74,50,37,"B","G","+",15,11,"-",35,26,"TTCGT","DKO","D4","RepR2","S6","MSR","other"
"516","FJ24-FJ25::chr9:2999602-3038819",9602,9604,0.857,14,12,"B","G","+",13,11,"-",1,1,"CACGT","DKO","D4","RepR2","S6","MSR","other"
"517","FJ24-FJ25::chr9:2999602-3038819",9629,9631,0.841,63,53,"B","G","+",3,3,"-",60,50,"TTCGG","DKO","D4","RepR2","S6","MSR","other"
"518","FJ24-FJ25::chr9:2999602-3038819",9648,9650,0.918,634,582,"B","G","+",51,41,"-",583,541,"CTCGC","DKO","D4","RepR2","S6","MSR","other"
"519","FJ24-FJ25::chr9:2999602-3038819",9691,9693,0.785,1002,787,"B","G","+",172,138,"-",830,649,"CACGT","DKO","D4","RepR2","S6","MSR","other"
"520","FJ24-FJ25::chr9:2999602-3038819",9707,9709,0.886,1769,1567,"B","G","+",299,272,"-",1470,1295,"TTCGT","DKO","D4","RepR2","S6","MSR","other"
"521","FJ24-FJ25::chr9:2999602-3038819",9722,9724,0.903,1799,1625,"B","G","+",291,264,"-",1508,1361,"GTCGT","DKO","D4","RepR2","S6","MSR","other"
"522","FJ24-FJ25::chr9:2999602-3038819",9883,9885,0.89,1220,1086,"B","G","+",29,10,"-",1191,1076,"CTCGC","DKO","D4","RepR2","S6","MSR","other"
"523","FJ24-FJ25::chr9:2999602-3038819",9944,9946,0.867,45,39,"B","G","+",26,20,"-",19,19,"CTCGC","DKO","D4","RepR2","S6","MSR","other"
"524","FJ24-FJ25::chr9:2999602-3038819",9984,9986,0.908,769,698,"B","G","+",66,58,"-",703,640,"TCCGT","DKO","D4","RepR2","S6","MSR","other"
"525","FJ24-FJ25::chr9:2999602-3038819",10002,10004,0.849,795,675,"B","G","+",65,57,"-",730,618,"CTCGC","DKO","D4","RepR2","S6","MSR","other"
"526","FJ24-FJ25::chr9:2999602-3038819",10044,10046,0.779,673,524,"B","G","+",61,50,"-",612,474,"CACGT","DKO","D4","RepR2","S6","MSR","other"
"527","FJ24-FJ25::chr9:2999602-3038819",10177,10179,0.922,77,71,"B","G","+",32,31,"-",45,40,"CTCGC","DKO","D4","RepR2","S6","MSR","other"
"528","FJ24-FJ25::chr9:2999602-3038819",10189,10191,0.948,77,73,"B","G","+",37,36,"-",40,37,"CACGT","DKO","D4","RepR2","S6","MSR","other"
"529","FJ24-FJ25::chr9:2999602-3038819",10217,10219,0.858,4121,3537,"B","G","+",39,36,"-",4082,3501,"TCCGT","DKO","D4","RepR2","S6","MSR","other"
"530","FJ24-FJ25::chr9:2999602-3038819",10277,10279,0.777,157,122,"B","G","+",25,18,"-",132,104,"CACGT","DKO","D4","RepR2","S6","MSR","other"
"531","FJ24-FJ25::chr9:2999602-3038819",10411,10413,0.925,159,147,"B","G","+",135,126,"-",24,21,"CTCGC","DKO","D4","RepR2","S6","MSR","other"
"532","FJ24-FJ25::chr9:2999602-3038819",10423,10425,0.916,166,152,"B","G","+",139,128,"-",27,24,"CACGT","DKO","D4","RepR2","S6","MSR","other"
"533","FJ24-FJ25::chr9:2999602-3038819",10451,10453,0.879,273,240,"B","G","+",138,125,"-",135,115,"TCCGT","DKO","D4","RepR2","S6","MSR","other"
"534","FJ24-FJ25::chr9:2999602-3038819",10469,10471,0.879,206,181,"B","G","+",95,84,"-",111,97,"CTCGC","DKO","D4","RepR2","S6","MSR","other"
"535","FJ24-FJ25::chr9:2999602-3038819",10510,10512,0.7,20,14,"B","G","+",1,1,"-",19,13,"CACGT","DKO","D4","RepR2","S6","MSR","other"
"536","FJ24-FJ25::chr9:2999602-3038819",10644,10646,0.95,20,19,"B","G","+",11,10,"-",9,9,"CTCGC","DKO","D4","RepR2","S6","MSR","other"
"537","FJ24-FJ25::chr9:2999602-3038819",10656,10658,0.909,22,20,"B","G","+",11,9,"-",11,11,"CACGT","DKO","D4","RepR2","S6","MSR","other"
"538","FJ24-FJ25::chr9:2999602-3038819",10684,10686,0.918,331,304,"B","G","+",19,19,"-",312,285,"TCCGT","DKO","D4","RepR2","S6","MSR","other"
"539","FJ24-FJ25::chr9:2999602-3038819",10702,10704,0.89,346,308,"B","G","+",15,13,"-",331,295,"CTCGC","DKO","D4","RepR2","S6","MSR","other"
"540","FJ24-FJ25::chr9:2999602-3038819",10744,10746,0.797,562,448,"B","G","+",52,36,"-",510,412,"CACGT","DKO","D4","RepR2","S6","MSR","other"
"541","FJ24-FJ25::chr9:2999602-3038819",10760,10762,0.923,636,587,"B","G","+",62,47,"-",574,540,"TTCGT","DKO","D4","RepR2","S6","MSR","other"
"542","FJ24-FJ25::chr9:2999602-3038819",10858,10860,1,6,6,"+","G","+",6,6,"-",0,0,"TTCGA","DKO","D4","RepR2","S6","MSR","other"
"543","FJ24-FJ25::chr9:2999602-3038819",10878,10880,1,4,4,"+","G","+",4,4,"-",0,0,"CTCGC","DKO","D4","RepR2","S6","MSR","other"
"544","FJ24-FJ25::chr9:2999602-3038819",10918,10920,0.857,35,30,"B","G","+",17,12,"-",18,18,"TCCGT","DKO","D4","RepR2","S6","MSR","other"
"545","FJ24-FJ25::chr9:2999602-3038819",10994,10996,0.974,154,150,"B","G","+",38,37,"-",116,113,"TTCGT","DKO","D4","RepR2","S6","MSR","other"
"546","FJ24-FJ25::chr9:2999602-3038819",11009,11011,0.92,188,173,"B","G","+",42,41,"-",146,132,"GTCGT","DKO","D4","RepR2","S6","MSR","other"
"547","FJ24-FJ25::chr9:2999602-3038819",11110,11112,0.8,70,56,"B","G","+",16,6,"-",54,50,"CTCGC","DKO","D4","RepR2","S6","MSR","other"
"548","FJ24-FJ25::chr9:2999602-3038819",11153,11155,0.591,22,13,"B","G","+",4,1,"-",18,12,"CACGT","DKO","D4","RepR2","S6","MSR","other"
"549","FJ24-FJ25::chr9:2999602-3038819",11169,11171,0.895,19,17,"B","G","+",3,2,"-",16,15,"TTCGT","DKO","D4","RepR2","S6","MSR","other"
"550","FJ24-FJ25::chr9:2999602-3038819",11181,11183,0.5,4,2,"B","G","+",2,0,"-",2,2,"CACGT","DKO","D4","RepR2","S6","MSR","other"
"551","FJ24-FJ25::chr9:2999602-3038819",11287,11289,0.867,45,39,"B","G","+",17,13,"-",28,26,"CTCGC","DKO","D4","RepR2","S6","MSR","other"
"552","FJ24-FJ25::chr9:2999602-3038819",11327,11329,0.845,5889,4975,"B","G","+",56,43,"-",5833,4932,"TCCGT","DKO","D4","RepR2","S6","MSR","other"
"553","FJ24-FJ25::chr9:2999602-3038819",11387,11389,0.806,1886,1521,"B","G","+",126,89,"-",1760,1432,"CACGT","DKO","D4","RepR2","S6","MSR","other"
"554","FJ24-FJ25::chr9:2999602-3038819",11403,11405,0.909,1979,1798,"B","G","+",146,128,"-",1833,1670,"TTCGT","DKO","D4","RepR2","S6","MSR","other"
"555","FJ24-FJ25::chr9:2999602-3038819",11579,11581,0.862,65,56,"B","G","+",5,5,"-",60,51,"CTCGC","DKO","D4","RepR2","S6","MSR","other"
"556","FJ24-FJ25::chr9:2999602-3038819",11638,11640,1,10,10,"B","G","+",2,2,"-",8,8,"TTCGT","DKO","D4","RepR2","S6","MSR","other"
"557","FJ24-FJ25::chr9:2999602-3038819",11796,11798,0.901,101,91,"B","G","+",10,9,"-",91,82,"CACGT","DKO","D4","RepR2","S6","MSR","other"
"558","FJ24-FJ25::chr9:2999602-3038819",11812,11814,0.928,111,103,"B","G","+",13,10,"-",98,93,"TTCGT","DKO","D4","RepR2","S6","MSR","other"
"559","FJ24-FJ25::chr9:2999602-3038819",11824,11826,0,1,0,"+","G","+",1,0,"-",0,0,"CACGT","DKO","D4","RepR2","S6","MSR","other"
"560","FJ24-FJ25::chr9:2999602-3038819",11930,11932,0.765,17,13,"B","G","+",13,10,"-",4,3,"CTCGC","DKO","D4","RepR2","S6","MSR","other"
"561","FJ24-FJ25::chr9:2999602-3038819",11970,11972,0.841,328,276,"B","G","+",15,10,"-",313,266,"TCCGT","DKO","D4","RepR2","S6","MSR","other"
"562","FJ24-FJ25::chr9:2999602-3038819",11988,11990,0.863,350,302,"B","G","+",8,6,"-",342,296,"CTCGC","DKO","D4","RepR2","S6","MSR","other"
"563","FJ24-FJ25::chr9:2999602-3038819",12030,12032,0.816,692,565,"B","G","+",30,26,"-",662,539,"CACGT","DKO","D4","RepR2","S6","MSR","other"
"564","FJ24-FJ25::chr9:2999602-3038819",12046,12048,0.909,604,549,"B","G","+",50,48,"-",554,501,"TTCGT","DKO","D4","RepR2","S6","MSR","other"
"565","FJ24-FJ25::chr9:2999602-3038819",12058,12060,0.895,19,17,"B","G","+",2,1,"-",17,16,"CACGT","DKO","D4","RepR2","S6","MSR","other"
"566","FJ24-FJ25::chr9:2999602-3038819",12061,12063,0.889,714,635,"B","G","+",51,48,"-",663,587,"GTCGT","DKO","D4","RepR2","S6","MSR","other"
"567","FJ24-FJ25::chr9:2999602-3038819",12116,12118,0.916,511,468,"B","G","+",83,72,"-",428,396,"CACGT","DKO","D4","RepR2","S6","MSR","other"
"568","FJ24-FJ25::chr9:2999602-3038819",12206,12208,0.837,1205,1008,"B","G","+",29,25,"-",1176,983,"CACGT","DKO","D4","RepR2","S6","MSR","other"
"569","FJ24-FJ25::chr9:2999602-3038819",12222,12224,0.9,1078,970,"B","G","+",36,27,"-",1042,943,"TTCGT","DKO","D4","RepR2","S6","MSR","other"
"570","FJ24-FJ25::chr9:2999602-3038819",12262,12264,0.0426,1244,53,"B","G","+",9,6,"-",1235,47,"TCCGT","DKO","D4","RepR2","S6","MSR","other"
"571","FJ24-FJ25::chr9:2999602-3038819",12306,12308,0,562,0,"-","G","+",0,0,"-",562,0,"ACGTT","DKO","D4","RepR2","S6","MSR","other"
"572","FJ24-FJ25::chr9:2999602-3038819",12340,12342,0.5,2,1,"B","G","+",1,1,"-",1,0,"CTCGC","DKO","D4","RepR2","S6","MSR","other"
"573","FJ24-FJ25::chr9:2999602-3038819",12380,12382,0.769,13,10,"B","G","+",2,1,"-",11,9,"TCCGT","DKO","D4","RepR2","S6","MSR","other"
"574","FJ24-FJ25::chr9:2999602-3038819",12398,12400,1,9,9,"B","G","+",2,2,"-",7,7,"CTCGC","DKO","D4","RepR2","S6","MSR","other"
"575","FJ24-FJ25::chr9:2999602-3038819",12574,12576,0.865,37,32,"B","G","+",27,22,"-",10,10,"CTCGC","DKO","D4","RepR2","S6","MSR","other"
"576","FJ24-FJ25::chr9:2999602-3038819",12632,12634,0.717,1496,1072,"B","G","+",42,32,"-",1454,1040,"CTCGC","DKO","D4","RepR2","S6","MSR","other"
"577","FJ24-FJ25::chr9:2999602-3038819",12674,12676,0.778,1655,1288,"B","G","+",116,88,"-",1539,1200,"CACGT","DKO","D4","RepR2","S6","MSR","other"
"578","FJ24-FJ25::chr9:2999602-3038819",12690,12692,0.903,1532,1384,"B","G","+",163,133,"-",1369,1251,"TTCGT","DKO","D4","RepR2","S6","MSR","other"
"579","FJ24-FJ25::chr9:2999602-3038819",12820,12822,0.769,13,10,"B","G","+",7,5,"-",6,5,"CACGT","DKO","D4","RepR2","S6","MSR","other"
"580","FJ24-FJ25::chr9:2999602-3038819",12866,12868,0.852,27,23,"B","G","+",6,3,"-",21,20,"CTCGA","DKO","D4","RepR2","S6","MSR","other"
"581","FJ24-FJ25::chr9:2999602-3038819",12923,12925,0.86,43,37,"B","G","+",19,17,"-",24,20,"TTCGT","DKO","D4","RepR2","S6","MSR","other"
"582","FJ24-FJ25::chr9:2999602-3038819",13055,13057,0.929,14,13,"B","G","+",13,12,"-",1,1,"CACGT","DKO","D4","RepR2","S6","MSR","other"
"583","FJ24-FJ25::chr9:2999602-3038819",13082,13084,0.851,47,40,"B","G","+",2,1,"-",45,39,"TTCGG","DKO","D4","RepR2","S6","MSR","other"
"584","FJ24-FJ25::chr9:2999602-3038819",13101,13103,0.919,642,590,"B","G","+",46,39,"-",596,551,"CTCGC","DKO","D4","RepR2","S6","MSR","other"
"585","FJ24-FJ25::chr9:2999602-3038819",13144,13146,0.764,827,632,"B","G","+",175,140,"-",652,492,"CACGT","DKO","D4","RepR2","S6","MSR","other"
"586","FJ24-FJ25::chr9:2999602-3038819",13160,13162,0.862,1106,953,"B","G","+",281,258,"-",825,695,"TTCGT","DKO","D4","RepR2","S6","MSR","other"
"587","FJ24-FJ25::chr9:2999602-3038819",13175,13177,0.892,1122,1001,"B","G","+",287,263,"-",835,738,"GTCGT","DKO","D4","RepR2","S6","MSR","other"
"588","FJ24-FJ25::chr9:2999602-3038819",13336,13338,0.883,1123,992,"B","G","+",30,13,"-",1093,979,"CTCGC","DKO","D4","RepR2","S6","MSR","other"
"589","FJ24-FJ25::chr9:2999602-3038819",13397,13399,0.944,54,51,"B","G","+",31,30,"-",23,21,"CTCGC","DKO","D4","RepR2","S6","MSR","other"
"590","FJ24-FJ25::chr9:2999602-3038819",13437,13439,0.911,941,857,"B","G","+",70,63,"-",871,794,"TCCGT","DKO","D4","RepR2","S6","MSR","other"
"591","FJ24-FJ25::chr9:2999602-3038819",13455,13457,0.85,944,802,"B","G","+",73,65,"-",871,737,"CTCGC","DKO","D4","RepR2","S6","MSR","other"
"592","FJ24-FJ25::chr9:2999602-3038819",13497,13499,0.793,839,665,"B","G","+",60,52,"-",779,613,"CACGT","DKO","D4","RepR2","S6","MSR","other"
"593","FJ24-FJ25::chr9:2999602-3038819",13630,13632,0.891,110,98,"B","G","+",57,48,"-",53,50,"CTCGC","DKO","D4","RepR2","S6","MSR","other"
"594","FJ24-FJ25::chr9:2999602-3038819",13642,13644,0.852,115,98,"B","G","+",64,57,"-",51,41,"CACGT","DKO","D4","RepR2","S6","MSR","other"
"595","FJ24-FJ25::chr9:2999602-3038819",13670,13672,0.851,4443,3782,"B","G","+",57,53,"-",4386,3729,"TCCGT","DKO","D4","RepR2","S6","MSR","other"
"596","FJ24-FJ25::chr9:2999602-3038819",13730,13732,0.84,419,352,"B","G","+",19,10,"-",400,342,"CACGT","DKO","D4","RepR2","S6","MSR","other"
"597","FJ24-FJ25::chr9:2999602-3038819",13864,13866,0.892,194,173,"B","G","+",150,133,"-",44,40,"CTCGC","DKO","D4","RepR2","S6","MSR","other"
"598","FJ24-FJ25::chr9:2999602-3038819",13876,13878,0.902,193,174,"B","G","+",152,139,"-",41,35,"CACGT","DKO","D4","RepR2","S6","MSR","other"
"599","FJ24-FJ25::chr9:2999602-3038819",13904,13906,0.871,379,330,"B","G","+",148,131,"-",231,199,"TCCGT","DKO","D4","RepR2","S6","MSR","other"
"600","FJ24-FJ25::chr9:2999602-3038819",13922,13924,0.863,315,272,"B","G","+",117,103,"-",198,169,"CTCGC","DKO","D4","RepR2","S6","MSR","other"
"601","FJ24-FJ25::chr9:2999602-3038819",13963,13965,0.769,91,70,"B","G","+",2,1,"-",89,69,"CACGT","DKO","D4","RepR2","S6","MSR","other"
"602","FJ24-FJ25::chr9:2999602-3038819",14097,14099,1,12,12,"B","G","+",7,7,"-",5,5,"CTCGC","DKO","D4","RepR2","S6","MSR","other"
"603","FJ24-FJ25::chr9:2999602-3038819",14109,14111,0.846,13,11,"B","G","+",7,6,"-",6,5,"CACGT","DKO","D4","RepR2","S6","MSR","other"
"604","FJ24-FJ25::chr9:2999602-3038819",14137,14139,0.879,1028,904,"B","G","+",22,19,"-",1006,885,"TCCGT","DKO","D4","RepR2","S6","MSR","other"
"605","FJ24-FJ25::chr9:2999602-3038819",14155,14157,0.91,1259,1146,"B","G","+",25,20,"-",1234,1126,"CTCGC","DKO","D4","RepR2","S6","MSR","other"
"606","FJ24-FJ25::chr9:2999602-3038819",14197,14199,0.836,1223,1023,"B","G","+",91,67,"-",1132,956,"CACGT","DKO","D4","RepR2","S6","MSR","other"
"607","FJ24-FJ25::chr9:2999602-3038819",14213,14215,0.911,1605,1462,"B","G","+",96,75,"-",1509,1387,"TTCGT","DKO","D4","RepR2","S6","MSR","other"
"608","FJ24-FJ25::chr9:2999602-3038819",14311,14313,0.5,2,1,"+","G","+",2,1,"-",0,0,"TTCGA","DKO","D4","RepR2","S6","MSR","other"
"609","FJ24-FJ25::chr9:2999602-3038819",14331,14333,0.889,9,8,"+","G","+",9,8,"-",0,0,"CTCGC","DKO","D4","RepR2","S6","MSR","other"
"610","FJ24-FJ25::chr9:2999602-3038819",14371,14373,0.914,475,434,"B","G","+",83,74,"-",392,360,"TCCGT","DKO","D4","RepR2","S6","MSR","other"
"611","FJ24-FJ25::chr9:2999602-3038819",14389,14391,0.905,517,468,"B","G","+",106,96,"-",411,372,"CTCGC","DKO","D4","RepR2","S6","MSR","other"
"612","FJ24-FJ25::chr9:2999602-3038819",14447,14449,0.932,1131,1054,"B","G","+",189,181,"-",942,873,"TTCGT","DKO","D4","RepR2","S6","MSR","other"
"613","FJ24-FJ25::chr9:2999602-3038819",14462,14464,0.899,1486,1336,"B","G","+",268,248,"-",1218,1088,"GTCGT","DKO","D4","RepR2","S6","MSR","other"
"614","FJ24-FJ25::chr9:2999602-3038819",14565,14567,0.888,632,561,"B","G","+",156,135,"-",476,426,"CTCGC","DKO","D4","RepR2","S6","MSR","other"
"615","FJ24-FJ25::chr9:2999602-3038819",14623,14625,0.913,3023,2759,"B","G","+",190,176,"-",2833,2583,"CTCGC","DKO","D4","RepR2","S6","MSR","other"
"616","FJ24-FJ25::chr9:2999602-3038819",14665,14667,0.798,3512,2801,"B","G","+",309,222,"-",3203,2579,"CACGT","DKO","D4","RepR2","S6","MSR","other"
"617","FJ24-FJ25::chr9:2999602-3038819",14681,14683,0.904,3567,3223,"B","G","+",343,280,"-",3224,2943,"TTCGT","DKO","D4","RepR2","S6","MSR","other"
"618","FJ24-FJ25::chr9:2999602-3038819",14839,14841,0.774,261,202,"B","G","+",11,6,"-",250,196,"TCCGT","DKO","D4","RepR2","S6","MSR","other"
"619","FJ24-FJ25::chr9:2999602-3038819",14899,14901,0.723,94,68,"B","G","+",2,1,"-",92,67,"CACGT","DKO","D4","RepR2","S6","MSR","other"
"620","FJ24-FJ25::chr9:2999602-3038819",15033,15035,0.786,14,11,"B","G","+",13,11,"-",1,0,"CTCGC","DKO","D4","RepR2","S6","MSR","other"
"621","FJ24-FJ25::chr9:2999602-3038819",15045,15047,0.867,15,13,"B","G","+",14,12,"-",1,1,"CACGT","DKO","D4","RepR2","S6","MSR","other"
"622","FJ24-FJ25::chr9:2999602-3038819",15073,15075,0.889,171,152,"B","G","+",18,16,"-",153,136,"TTCGT","DKO","D4","RepR2","S6","MSR","other"
"623","FJ24-FJ25::chr9:2999602-3038819",15091,15093,0.896,173,155,"B","G","+",15,15,"-",158,140,"CTCGC","DKO","D4","RepR2","S6","MSR","other"
"624","FJ24-FJ25::chr9:2999602-3038819",15133,15135,0.781,661,516,"B","G","+",27,18,"-",634,498,"CACGT","DKO","D4","RepR2","S6","MSR","other"
"625","FJ24-FJ25::chr9:2999602-3038819",15325,15327,0.898,363,326,"B","G","+",63,50,"-",300,276,"CTCGC","DKO","D4","RepR2","S6","MSR","other"
"626","FJ24-FJ25::chr9:2999602-3038819",15384,15386,0.966,149,144,"B","G","+",2,2,"-",147,142,"TTCGT","DKO","D4","RepR2","S6","MSR","other"
"627","FJ24-FJ25::chr9:2999602-3038819",15396,15398,1,1,1,"-","G","+",0,0,"-",1,1,"ACGTT","DKO","D4","RepR2","S6","MSR","other"
"628","FJ24-FJ25::chr9:2999602-3038819",15500,15502,0.887,71,63,"B","G","+",6,6,"-",65,57,"CTCGC","DKO","D4","RepR2","S6","MSR","other"
"629","FJ24-FJ25::chr9:2999602-3038819",15543,15545,0.81,21,17,"B","G","+",1,1,"-",20,16,"CACGT","DKO","D4","RepR2","S6","MSR","other"
"630","FJ24-FJ25::chr9:2999602-3038819",15559,15561,0.971,35,34,"B","G","+",2,2,"-",33,32,"TTCGT","DKO","D4","RepR2","S6","MSR","other"
"631","FJ24-FJ25::chr9:2999602-3038819",15571,15573,1,1,1,"+","G","+",1,1,"-",0,0,"CACGT","DKO","D4","RepR2","S6","MSR","other"
"632","FJ24-FJ25::chr9:2999602-3038819",15677,15679,0.756,45,34,"B","G","+",28,21,"-",17,13,"CTCGC","DKO","D4","RepR2","S6","MSR","other"
"633","FJ24-FJ25::chr9:2999602-3038819",15777,15779,0.817,4508,3683,"B","G","+",1219,971,"-",3289,2712,"CACGT","DKO","D4","RepR2","S6","MSR","other"
"634","FJ24-FJ25::chr9:2999602-3038819",15793,15795,0.927,4654,4316,"B","G","+",1341,1211,"-",3313,3105,"TTCGT","DKO","D4","RepR2","S6","MSR","other"
"635","FJ24-FJ25::chr9:2999602-3038819",15808,15810,0.878,5082,4464,"B","G","+",1318,1226,"-",3764,3238,"GTCGT","DKO","D4","RepR2","S6","MSR","other"
"636","FJ24-FJ25::chr9:2999602-3038819",15851,15853,0.148,533,79,"B","G","+",433,22,"-",100,57,"CTCGC","DKO","D4","RepR2","S6","MSR","other"
"637","FJ24-FJ25::chr9:2999602-3038819",15911,15913,0.6,5,3,"B","G","+",4,3,"-",1,0,"CTCGC","DKO","D4","RepR2","S6","MSR","other"
"638","FJ24-FJ25::chr9:2999602-3038819",15913,15915,0.333,3,1,"+","G","+",3,1,"-",0,0,"CGCGA","DKO","D4","RepR2","S6","MSR","other"
"639","FJ24-FJ25::chr9:2999602-3038819",15951,15953,0.905,210,190,"B","G","+",6,5,"-",204,185,"TCCGT","DKO","D4","RepR2","S6","MSR","other"
"640","FJ24-FJ25::chr9:2999602-3038819",16011,16013,0.781,224,175,"B","G","+",2,1,"-",222,174,"CACGT","DKO","D4","RepR2","S6","MSR","other"
"641","FJ24-FJ25::chr9:2999602-3038819",16041,16043,0.871,209,182,"B","G","+",2,1,"-",207,181,"GTCGT","DKO","D4","RepR2","S6","MSR","other"
"642","FJ24-FJ25::chr9:2999602-3038819",16202,16204,0.925,255,236,"B","G","+",37,34,"-",218,202,"CTCGC","DKO","D4","RepR2","S6","MSR","other"
"643","FJ24-FJ25::chr9:2999602-3038819",16261,16263,0.871,70,61,"B","G","+",3,3,"-",67,58,"TTCGT","DKO","D4","RepR2","S6","MSR","other"
"644","FJ24-FJ25::chr9:2999602-3038819",16273,16275,0,1,0,"-","G","+",0,0,"-",1,0,"ACGTT","DKO","D4","RepR2","S6","MSR","other"
"645","FJ24-FJ25::chr9:2999602-3038819",16377,16379,0.897,1591,1427,"B","G","+",148,117,"-",1443,1310,"CTCGC","DKO","D4","RepR2","S6","MSR","other"
"646","FJ24-FJ25::chr9:2999602-3038819",16419,16421,0.797,2147,1711,"B","G","+",250,187,"-",1897,1524,"CACGT","DKO","D4","RepR2","S6","MSR","other"
"647","FJ24-FJ25::chr9:2999602-3038819",16435,16437,0.908,2171,1972,"B","G","+",260,203,"-",1911,1769,"TTCGT","DKO","D4","RepR2","S6","MSR","other"
"648","FJ24-FJ25::chr9:2999602-3038819",16553,16555,0.862,65,56,"B","G","+",27,23,"-",38,33,"CTCGC","DKO","D4","RepR2","S6","MSR","other"
"649","FJ24-FJ25::chr9:2999602-3038819",16593,16595,0.809,272,220,"B","G","+",22,14,"-",250,206,"TCCGT","DKO","D4","RepR2","S6","MSR","other"
"650","FJ24-FJ25::chr9:2999602-3038819",16653,16655,0.703,74,52,"B","G","+",2,1,"-",72,51,"CACGT","DKO","D4","RepR2","S6","MSR","other"
"651","FJ24-FJ25::chr9:2999602-3038819",16787,16789,1,9,9,"B","G","+",6,6,"-",3,3,"CTCGC","DKO","D4","RepR2","S6","MSR","other"
"652","FJ24-FJ25::chr9:2999602-3038819",16799,16801,0.875,8,7,"B","G","+",6,5,"-",2,2,"CACGT","DKO","D4","RepR2","S6","MSR","other"
"653","FJ24-FJ25::chr9:2999602-3038819",16827,16829,0.915,164,150,"B","G","+",6,5,"-",158,145,"TTCGT","DKO","D4","RepR2","S6","MSR","other"
"654","FJ24-FJ25::chr9:2999602-3038819",16845,16847,0.924,172,159,"B","G","+",6,3,"-",166,156,"CTCGC","DKO","D4","RepR2","S6","MSR","other"
"655","FJ24-FJ25::chr9:2999602-3038819",16887,16889,0.805,502,404,"B","G","+",12,7,"-",490,397,"CACGT","DKO","D4","RepR2","S6","MSR","other"
"656","FJ24-FJ25::chr9:2999602-3038819",17079,17081,0.895,351,314,"B","G","+",46,39,"-",305,275,"CTCGC","DKO","D4","RepR2","S6","MSR","other"
"657","FJ24-FJ25::chr9:2999602-3038819",17138,17140,0.91,155,141,"B","G","+",3,3,"-",152,138,"TTCGT","DKO","D4","RepR2","S6","MSR","other"
"658","FJ24-FJ25::chr9:2999602-3038819",17150,17152,0,1,0,"-","G","+",0,0,"-",1,0,"ACGTT","DKO","D4","RepR2","S6","MSR","other"
"659","FJ24-FJ25::chr9:2999602-3038819",17254,17256,0.912,215,196,"B","G","+",4,3,"-",211,193,"CTCGC","DKO","D4","RepR2","S6","MSR","other"
"660","FJ24-FJ25::chr9:2999602-3038819",17297,17299,0.826,138,114,"B","G","+",3,3,"-",135,111,"CACGT","DKO","D4","RepR2","S6","MSR","other"
"661","FJ24-FJ25::chr9:2999602-3038819",17313,17315,0.863,139,120,"B","G","+",1,1,"-",138,119,"TTCGT","DKO","D4","RepR2","S6","MSR","other"
"662","FJ24-FJ25::chr9:2999602-3038819",17325,17327,0.667,3,2,"B","G","+",1,1,"-",2,1,"CACGT","DKO","D4","RepR2","S6","MSR","other"
"663","FJ24-FJ25::chr9:2999602-3038819",17431,17433,0.794,253,201,"B","G","+",39,38,"-",214,163,"CTCGC","DKO","D4","RepR2","S6","MSR","other"
"664","FJ24-FJ25::chr9:2999602-3038819",17471,17473,0.867,12853,11149,"B","G","+",242,211,"-",12611,10938,"TCCGT","DKO","D4","RepR2","S6","MSR","other"
"665","FJ24-FJ25::chr9:2999602-3038819",17531,17533,0.793,7748,6146,"B","G","+",1704,1357,"-",6044,4789,"CACGT","DKO","D4","RepR2","S6","MSR","other"
"666","FJ24-FJ25::chr9:2999602-3038819",17547,17549,0.904,7954,7191,"B","G","+",1872,1657,"-",6082,5534,"TTCGT","DKO","D4","RepR2","S6","MSR","other"
"667","FJ24-FJ25::chr9:2999602-3038819",17562,17564,0.861,8925,7684,"B","G","+",1890,1775,"-",7035,5909,"GTCGT","DKO","D4","RepR2","S6","MSR","other"
"668","FJ24-FJ25::chr9:2999602-3038819",17605,17607,0.362,1236,447,"B","G","+",583,34,"-",653,413,"CTCGC","DKO","D4","RepR2","S6","MSR","other"
"669","FJ24-FJ25::chr9:2999602-3038819",17665,17667,0.7,10,7,"B","G","+",5,5,"-",5,2,"CTCGC","DKO","D4","RepR2","S6","MSR","other"
"670","FJ24-FJ25::chr9:2999602-3038819",17667,17669,0.5,2,1,"B","G","+",1,1,"-",1,0,"CGCGA","DKO","D4","RepR2","S6","MSR","other"
"671","FJ24-FJ25::chr9:2999602-3038819",17705,17707,0.89,535,476,"B","G","+",9,6,"-",526,470,"TCCGT","DKO","D4","RepR2","S6","MSR","other"
"672","FJ24-FJ25::chr9:2999602-3038819",17765,17767,0.805,565,455,"B","G","+",5,4,"-",560,451,"CACGT","DKO","D4","RepR2","S6","MSR","other"
"673","FJ24-FJ25::chr9:2999602-3038819",17795,17797,0.898,547,491,"B","G","+",2,2,"-",545,489,"GTCGT","DKO","D4","RepR2","S6","MSR","other"
"674","FJ24-FJ25::chr9:2999602-3038819",17956,17958,0.892,295,263,"B","G","+",5,5,"-",290,258,"CTCGC","DKO","D4","RepR2","S6","MSR","other"
"675","FJ24-FJ25::chr9:2999602-3038819",18015,18017,0.941,17,16,"B","G","+",2,2,"-",15,14,"TTCGT","DKO","D4","RepR2","S6","MSR","other"
"676","FJ24-FJ25::chr9:2999602-3038819",18131,18133,0.915,483,442,"B","G","+",7,4,"-",476,438,"CTCGC","DKO","D4","RepR2","S6","MSR","other"
"677","FJ24-FJ25::chr9:2999602-3038819",18174,18176,0.728,368,268,"B","G","+",22,18,"-",346,250,"CACGT","DKO","D4","RepR2","S6","MSR","other"
"678","FJ24-FJ25::chr9:2999602-3038819",18190,18192,0.918,441,405,"B","G","+",43,37,"-",398,368,"TTCGT","DKO","D4","RepR2","S6","MSR","other"
"679","FJ24-FJ25::chr9:2999602-3038819",18202,18204,0.556,9,5,"B","G","+",2,1,"-",7,4,"CACGT","DKO","D4","RepR2","S6","MSR","other"
"680","FJ24-FJ25::chr9:2999602-3038819",18308,18310,0.69,577,398,"B","G","+",98,84,"-",479,314,"CTCGC","DKO","D4","RepR2","S6","MSR","other"
"681","FJ24-FJ25::chr9:2999602-3038819",18348,18350,0.89,59979,53410,"B","G","+",367,306,"-",59612,53104,"TCCGT","DKO","D4","RepR2","S6","MSR","other"
"682","FJ24-FJ25::chr9:2999602-3038819",18408,18410,0.8,56758,45430,"B","G","+",2176,1748,"-",54582,43682,"CACGT","DKO","D4","RepR2","S6","MSR","other"
"683","FJ24-FJ25::chr9:2999602-3038819",18424,18426,0.915,53300,48794,"B","G","+",2301,2045,"-",50999,46749,"TTCGT","DKO","D4","RepR2","S6","MSR","other"
"684","FJ24-FJ25::chr9:2999602-3038819",18439,18441,0.892,60396,53859,"B","G","+",2284,2131,"-",58112,51728,"GTCGT","DKO","D4","RepR2","S6","MSR","other"
"685","FJ24-FJ25::chr9:2999602-3038819",18482,18484,0.299,1580,473,"B","G","+",867,34,"-",713,439,"CTCGC","DKO","D4","RepR2","S6","MSR","other"
"686","FJ24-FJ25::chr9:2999602-3038819",18542,18544,0.75,8,6,"B","G","+",3,2,"-",5,4,"CTCGC","DKO","D4","RepR2","S6","MSR","other"
"687","FJ24-FJ25::chr9:2999602-3038819",18544,18546,0,3,0,"-","G","+",0,0,"-",3,0,"GCGAT","DKO","D4","RepR2","S6","MSR","other"
"688","FJ24-FJ25::chr9:2999602-3038819",18582,18584,0.892,1486,1325,"B","G","+",7,5,"-",1479,1320,"TCCGT","DKO","D4","RepR2","S6","MSR","other"
"689","FJ24-FJ25::chr9:2999602-3038819",18642,18644,0.787,1383,1089,"B","G","+",25,21,"-",1358,1068,"CACGT","DKO","D4","RepR2","S6","MSR","other"
"690","FJ24-FJ25::chr9:2999602-3038819",18672,18674,0.86,1445,1242,"B","G","+",48,44,"-",1397,1198,"GTCGT","DKO","D4","RepR2","S6","MSR","other"
"691","FJ24-FJ25::chr9:2999602-3038819",18727,18729,0.888,1415,1256,"B","G","+",1205,1073,"-",210,183,"CACGT","DKO","D4","RepR2","S6","MSR","other"
"692","FJ24-FJ25::chr9:2999602-3038819",18775,18777,0.905,1640,1484,"B","G","+",1601,1454,"-",39,30,"TTCGC","DKO","D4","RepR2","S6","MSR","other"
"693","FJ24-FJ25::chr9:2999602-3038819",18787,18789,0.896,1623,1454,"B","G","+",1586,1419,"-",37,35,"CACGT","DKO","D4","RepR2","S6","MSR","other"
"694","FJ24-FJ25::chr9:2999602-3038819",18815,18817,0.85,4580,3893,"B","G","+",1257,1090,"-",3323,2803,"TCCGT","DKO","D4","RepR2","S6","MSR","other"
"695","FJ24-FJ25::chr9:2999602-3038819",18833,18835,0.871,4136,3604,"B","G","+",772,640,"-",3364,2964,"CTCGC","DKO","D4","RepR2","S6","MSR","other"
"696","FJ24-FJ25::chr9:2999602-3038819",18875,18877,0.803,49302,39587,"B","G","+",484,375,"-",48818,39212,"CACGT","DKO","D4","RepR2","S6","MSR","other"
"697","FJ24-FJ25::chr9:2999602-3038819",18891,18893,0.918,45759,41995,"B","G","+",450,404,"-",45309,41591,"TTCGT","DKO","D4","RepR2","S6","MSR","other"
"698","FJ24-FJ25::chr9:2999602-3038819",18906,18908,0.886,52084,46168,"B","G","+",456,405,"-",51628,45763,"GTCGT","DKO","D4","RepR2","S6","MSR","other"
"699","FJ24-FJ25::chr9:2999602-3038819",19009,19011,0.901,6450,5813,"B","G","+",801,690,"-",5649,5123,"CTCGC","DKO","D4","RepR2","S6","MSR","other"
"700","FJ24-FJ25::chr9:2999602-3038819",19021,19023,0.954,6911,6591,"B","G","+",847,717,"-",6064,5874,"CACGT","DKO","D4","RepR2","S6","MSR","other"
"701","FJ24-FJ25::chr9:2999602-3038819",19049,19051,0.686,14458,9915,"B","G","+",952,791,"-",13506,9124,"TCCGT","DKO","D4","RepR2","S6","MSR","other"
"702","FJ24-FJ25::chr9:2999602-3038819",19109,19111,0.769,914,703,"B","G","+",853,655,"-",61,48,"CACGT","DKO","D4","RepR2","S6","MSR","other"
"703","FJ24-FJ25::chr9:2999602-3038819",19243,19245,1,6,6,"B","G","+",2,2,"-",4,4,"CTCGC","DKO","D4","RepR2","S6","MSR","other"
"704","FJ24-FJ25::chr9:2999602-3038819",19255,19257,0.857,7,6,"B","G","+",3,3,"-",4,3,"CACGT","DKO","D4","RepR2","S6","MSR","other"
"705","FJ24-FJ25::chr9:2999602-3038819",19283,19285,0.929,184,171,"B","G","+",4,3,"-",180,168,"TTCGT","DKO","D4","RepR2","S6","MSR","other"
"706","FJ24-FJ25::chr9:2999602-3038819",19301,19303,0.937,254,238,"B","G","+",6,4,"-",248,234,"CTCGC","DKO","D4","RepR2","S6","MSR","other"
"707","FJ24-FJ25::chr9:2999602-3038819",19343,19345,0.833,317,264,"B","G","+",15,10,"-",302,254,"CACGT","DKO","D4","RepR2","S6","MSR","other"
"708","FJ24-FJ25::chr9:2999602-3038819",19535,19537,0.917,312,286,"B","G","+",19,19,"-",293,267,"CTCGC","DKO","D4","RepR2","S6","MSR","other"
"709","FJ24-FJ25::chr9:2999602-3038819",19575,19577,0.74,338,250,"B","G","+",15,10,"-",323,240,"TCCGT","DKO","D4","RepR2","S6","MSR","other"
"710","FJ24-FJ25::chr9:2999602-3038819",19593,19595,0.875,265,232,"B","G","+",10,7,"-",255,225,"CTCGC","DKO","D4","RepR2","S6","MSR","other"
"711","FJ24-FJ25::chr9:2999602-3038819",19635,19637,0.812,749,608,"B","G","+",27,19,"-",722,589,"CACGT","DKO","D4","RepR2","S6","MSR","other"
"712","FJ24-FJ25::chr9:2999602-3038819",19651,19653,0.934,693,647,"B","G","+",48,44,"-",645,603,"TTCGT","DKO","D4","RepR2","S6","MSR","other"
"713","FJ24-FJ25::chr9:2999602-3038819",19663,19665,0.905,42,38,"-","G","+",0,0,"-",42,38,"ACGTC","DKO","D4","RepR2","S6","MSR","other"
"714","FJ24-FJ25::chr9:2999602-3038819",19666,19668,0.854,1510,1289,"B","G","+",60,57,"-",1450,1232,"GTCGT","DKO","D4","RepR2","S6","MSR","other"
"715","FJ24-FJ25::chr9:2999602-3038819",19721,19723,0.923,1800,1662,"B","G","+",102,89,"-",1698,1573,"CACGT","DKO","D4","RepR2","S6","MSR","other"
"716","FJ24-FJ25::chr9:2999602-3038819",19810,19812,0.766,154,118,"B","G","+",25,14,"-",129,104,"CACGT","DKO","D4","RepR2","S6","MSR","other"
"717","FJ24-FJ25::chr9:2999602-3038819",19826,19828,0.781,73,57,"B","G","+",12,7,"-",61,50,"TTCGT","DKO","D4","RepR2","S6","MSR","other"
"718","FJ24-FJ25::chr9:2999602-3038819",19866,19868,0.00952,105,1,"-","G","+",0,0,"-",105,1,"CCGTG","DKO","D4","RepR2","S6","MSR","other"
"719","FJ24-FJ25::chr9:2999602-3038819",19910,19912,0,51,0,"-","G","+",0,0,"-",51,0,"ACGTT","DKO","D4","RepR2","S6","MSR","other"
"720","FJ24-FJ25::chr9:2999602-3038819",19944,19946,1,2,2,"B","G","+",1,1,"-",1,1,"CTCGC","DKO","D4","RepR2","S6","MSR","other"
"721","FJ24-FJ25::chr9:2999602-3038819",19984,19986,0.875,16,14,"B","G","+",3,2,"-",13,12,"TCCGT","DKO","D4","RepR2","S6","MSR","other"
"722","FJ24-FJ25::chr9:2999602-3038819",20002,20004,0.7,10,7,"B","G","+",3,2,"-",7,5,"CTCGC","DKO","D4","RepR2","S6","MSR","other"
"723","FJ24-FJ25::chr9:2999602-3038819",20178,20180,0.773,22,17,"B","G","+",14,9,"-",8,8,"CTCGC","DKO","D4","RepR2","S6","MSR","other"
"724","FJ24-FJ25::chr9:2999602-3038819",20236,20238,0.892,279,249,"B","G","+",14,12,"-",265,237,"CTCGC","DKO","D4","RepR2","S6","MSR","other"
"725","FJ24-FJ25::chr9:2999602-3038819",20278,20280,0.827,653,540,"B","G","+",138,104,"-",515,436,"CACGT","DKO","D4","RepR2","S6","MSR","other"
"726","FJ24-FJ25::chr9:2999602-3038819",20294,20296,0.882,659,581,"B","G","+",200,163,"-",459,418,"TTCGT","DKO","D4","RepR2","S6","MSR","other"
"727","FJ24-FJ25::chr9:2999602-3038819",20424,20426,0.929,14,13,"B","G","+",5,5,"-",9,8,"CACGT","DKO","D4","RepR2","S6","MSR","other"
"728","FJ24-FJ25::chr9:2999602-3038819",20470,20472,0.939,311,292,"B","G","+",16,15,"-",295,277,"CTCGA","DKO","D4","RepR2","S6","MSR","other"
"729","FJ24-FJ25::chr9:2999602-3038819",20527,20529,0.884,647,572,"B","G","+",58,49,"-",589,523,"TTCGT","DKO","D4","RepR2","S6","MSR","other"
"730","FJ24-FJ25::chr9:2999602-3038819",20645,20647,0.89,648,577,"B","G","+",274,246,"-",374,331,"CTCGC","DKO","D4","RepR2","S6","MSR","other"
"731","FJ24-FJ25::chr9:2999602-3038819",20657,20659,0.884,654,578,"B","G","+",273,243,"-",381,335,"CACGT","DKO","D4","RepR2","S6","MSR","other"
"732","FJ24-FJ25::chr9:2999602-3038819",20685,20687,0.869,567,493,"B","G","+",253,221,"-",314,272,"TCCGT","DKO","D4","RepR2","S6","MSR","other"
"733","FJ24-FJ25::chr9:2999602-3038819",20703,20705,0.875,408,357,"B","G","+",153,132,"-",255,225,"CTCGC","DKO","D4","RepR2","S6","MSR","other"
"734","FJ24-FJ25::chr9:2999602-3038819",20744,20746,0.905,137,124,"B","G","+",4,2,"-",133,122,"CACGT","DKO","D4","RepR2","S6","MSR","other"
"735","FJ24-FJ25::chr9:2999602-3038819",20878,20880,0.888,493,438,"B","G","+",136,117,"-",357,321,"CTCGC","DKO","D4","RepR2","S6","MSR","other"
"736","FJ24-FJ25::chr9:2999602-3038819",20890,20892,0.881,586,516,"B","G","+",168,159,"-",418,357,"CACGT","DKO","D4","RepR2","S6","MSR","other"
"737","FJ24-FJ25::chr9:2999602-3038819",20918,20920,0.891,37667,33554,"B","G","+",215,182,"-",37452,33372,"TCCGT","DKO","D4","RepR2","S6","MSR","other"
"738","FJ24-FJ25::chr9:2999602-3038819",20936,20938,0.893,39054,34888,"B","G","+",239,206,"-",38815,34682,"CTCGC","DKO","D4","RepR2","S6","MSR","other"
"739","FJ24-FJ25::chr9:2999602-3038819",20978,20980,0.804,20108,16176,"B","G","+",233,182,"-",19875,15994,"CACGT","DKO","D4","RepR2","S6","MSR","other"
"740","FJ24-FJ25::chr9:2999602-3038819",20994,20996,0.907,29530,26776,"B","G","+",206,171,"-",29324,26605,"TTCGT","DKO","D4","RepR2","S6","MSR","other"
"741","FJ24-FJ25::chr9:2999602-3038819",21092,21094,0.714,7,5,"B","G","+",4,4,"-",3,1,"TTCGA","DKO","D4","RepR2","S6","MSR","other"
"742","FJ24-FJ25::chr9:2999602-3038819",21112,21114,0.895,19,17,"B","G","+",14,12,"-",5,5,"CTCGC","DKO","D4","RepR2","S6","MSR","other"
"743","FJ24-FJ25::chr9:2999602-3038819",21152,21154,0.87,463,403,"B","G","+",118,97,"-",345,306,"TCCGT","DKO","D4","RepR2","S6","MSR","other"
"744","FJ24-FJ25::chr9:2999602-3038819",21170,21172,0.881,523,461,"B","G","+",156,139,"-",367,322,"CTCGC","DKO","D4","RepR2","S6","MSR","other"
"745","FJ24-FJ25::chr9:2999602-3038819",21228,21230,0.908,11429,10381,"B","G","+",170,153,"-",11259,10228,"TTCGT","DKO","D4","RepR2","S6","MSR","other"
"746","FJ24-FJ25::chr9:2999602-3038819",21243,21245,0.89,11685,10394,"B","G","+",268,239,"-",11417,10155,"GTCGT","DKO","D4","RepR2","S6","MSR","other"
"747","FJ24-FJ25::chr9:2999602-3038819",21346,21348,0.883,2032,1795,"B","G","+",149,130,"-",1883,1665,"CTCGC","DKO","D4","RepR2","S6","MSR","other"
"748","FJ24-FJ25::chr9:2999602-3038819",21404,21406,0.898,5110,4588,"B","G","+",226,206,"-",4884,4382,"CTCGC","DKO","D4","RepR2","S6","MSR","other"
"749","FJ24-FJ25::chr9:2999602-3038819",21446,21448,0.806,14335,11551,"B","G","+",328,252,"-",14007,11299,"CACGT","DKO","D4","RepR2","S6","MSR","other"
"750","FJ24-FJ25::chr9:2999602-3038819",21462,21464,0.908,15189,13788,"B","G","+",358,305,"-",14831,13483,"TTCGT","DKO","D4","RepR2","S6","MSR","other"
"751","FJ24-FJ25::chr9:2999602-3038819",21620,21622,0.713,223,159,"B","G","+",2,0,"-",221,159,"TCCGT","DKO","D4","RepR2","S6","MSR","other"
"752","FJ24-FJ25::chr9:2999602-3038819",21680,21682,0.849,93,79,"B","G","+",2,0,"-",91,79,"CACGT","DKO","D4","RepR2","S6","MSR","other"
"753","FJ24-FJ25::chr9:2999602-3038819",21814,21816,0.75,4,3,"+","G","+",4,3,"-",0,0,"CTCGC","DKO","D4","RepR2","S6","MSR","other"
"754","FJ24-FJ25::chr9:2999602-3038819",21826,21828,0.75,4,3,"+","G","+",4,3,"-",0,0,"CACGT","DKO","D4","RepR2","S6","MSR","other"
"755","FJ24-FJ25::chr9:2999602-3038819",21854,21856,0.932,148,138,"B","G","+",7,7,"-",141,131,"TTCGT","DKO","D4","RepR2","S6","MSR","other"
"756","FJ24-FJ25::chr9:2999602-3038819",21872,21874,0.946,166,157,"B","G","+",8,7,"-",158,150,"CTCGC","DKO","D4","RepR2","S6","MSR","other"
"757","FJ24-FJ25::chr9:2999602-3038819",21914,21916,0.793,473,375,"B","G","+",12,9,"-",461,366,"CACGT","DKO","D4","RepR2","S6","MSR","other"
"758","FJ24-FJ25::chr9:2999602-3038819",22106,22108,0.852,270,230,"B","G","+",46,38,"-",224,192,"CTCGC","DKO","D4","RepR2","S6","MSR","other"
"759","FJ24-FJ25::chr9:2999602-3038819",22165,22167,0.932,74,69,"B","G","+",3,3,"-",71,66,"TTCGT","DKO","D4","RepR2","S6","MSR","other"
"760","FJ24-FJ25::chr9:2999602-3038819",22177,22179,0.5,2,1,"B","G","+",1,1,"-",1,0,"CACGT","DKO","D4","RepR2","S6","MSR","other"
"761","FJ24-FJ25::chr9:2999602-3038819",22281,22283,0.902,296,267,"B","G","+",7,6,"-",289,261,"CTCGC","DKO","D4","RepR2","S6","MSR","other"
"762","FJ24-FJ25::chr9:2999602-3038819",22324,22326,0.701,197,138,"B","G","+",9,6,"-",188,132,"CACGT","DKO","D4","RepR2","S6","MSR","other"
"763","FJ24-FJ25::chr9:2999602-3038819",22340,22342,0.882,221,195,"B","G","+",7,6,"-",214,189,"TTCGT","DKO","D4","RepR2","S6","MSR","other"
"764","FJ24-FJ25::chr9:2999602-3038819",22352,22354,0.667,6,4,"-","G","+",0,0,"-",6,4,"ACGTT","DKO","D4","RepR2","S6","MSR","other"
"765","FJ24-FJ25::chr9:2999602-3038819",22458,22460,0.775,120,93,"B","G","+",33,30,"-",87,63,"CTCGC","DKO","D4","RepR2","S6","MSR","other"
"766","FJ24-FJ25::chr9:2999602-3038819",22498,22500,0.885,13872,12278,"B","G","+",90,81,"-",13782,12197,"TCCGT","DKO","D4","RepR2","S6","MSR","other"
"767","FJ24-FJ25::chr9:2999602-3038819",22558,22560,0.804,4105,3300,"B","G","+",213,178,"-",3892,3122,"CACGT","DKO","D4","RepR2","S6","MSR","other"
"768","FJ24-FJ25::chr9:2999602-3038819",22574,22576,0.893,4196,3748,"B","G","+",204,180,"-",3992,3568,"TTCGT","DKO","D4","RepR2","S6","MSR","other"
"769","FJ24-FJ25::chr9:2999602-3038819",22589,22591,0.874,4559,3986,"B","G","+",224,190,"-",4335,3796,"GTCGT","DKO","D4","RepR2","S6","MSR","other"
"770","FJ24-FJ25::chr9:2999602-3038819",22632,22634,0.371,178,66,"B","G","+",59,5,"-",119,61,"CTCGC","DKO","D4","RepR2","S6","MSR","other"
"771","FJ24-FJ25::chr9:2999602-3038819",22692,22694,1,3,3,"B","G","+",2,2,"-",1,1,"CTCGC","DKO","D4","RepR2","S6","MSR","other"
"772","FJ24-FJ25::chr9:2999602-3038819",22732,22734,0.88,241,212,"B","G","+",11,10,"-",230,202,"TCCGT","DKO","D4","RepR2","S6","MSR","other"
"773","FJ24-FJ25::chr9:2999602-3038819",22792,22794,0.68,231,157,"B","G","+",7,5,"-",224,152,"CACGT","DKO","D4","RepR2","S6","MSR","other"
"774","FJ24-FJ25::chr9:2999602-3038819",22822,22824,0.874,239,209,"-","G","+",0,0,"-",239,209,"TCGTC","DKO","D4","RepR2","S6","MSR","other"
"775","FJ24-FJ25::chr9:2999602-3038819",22877,22879,0.902,366,330,"B","G","+",55,52,"-",311,278,"CACGT","DKO","D4","RepR2","S6","MSR","other"
"776","FJ24-FJ25::chr9:2999602-3038819",22925,22927,0.856,534,457,"B","G","+",329,279,"-",205,178,"CTCGC","DKO","D4","RepR2","S6","MSR","other"
"777","FJ24-FJ25::chr9:2999602-3038819",22937,22939,0.882,595,525,"B","G","+",391,334,"-",204,191,"CACGT","DKO","D4","RepR2","S6","MSR","other"
"778","FJ24-FJ25::chr9:2999602-3038819",22965,22967,0.83,4715,3912,"B","G","+",452,371,"-",4263,3541,"TCCGT","DKO","D4","RepR2","S6","MSR","other"
"779","FJ24-FJ25::chr9:2999602-3038819",23025,23027,0.795,463,368,"B","G","+",428,339,"-",35,29,"CACGT","DKO","D4","RepR2","S6","MSR","other"
"780","FJ24-FJ25::chr9:2999602-3038819",23159,23161,0.929,14,13,"B","G","+",8,7,"-",6,6,"CTCGC","DKO","D4","RepR2","S6","MSR","other"
"781","FJ24-FJ25::chr9:2999602-3038819",23162,23164,0.417,12,5,"B","G","+",6,5,"-",6,0,"GCCGT","DKO","D4","RepR2","S6","MSR","other"
"782","FJ24-FJ25::chr9:2999602-3038819",23199,23201,0.902,163,147,"B","G","+",9,8,"-",154,139,"TTCGT","DKO","D4","RepR2","S6","MSR","other"
"783","FJ24-FJ25::chr9:2999602-3038819",23217,23219,0.831,166,138,"B","G","+",11,8,"-",155,130,"CTCGC","DKO","D4","RepR2","S6","MSR","other"
"784","FJ24-FJ25::chr9:2999602-3038819",23259,23261,0.684,297,203,"B","G","+",16,12,"-",281,191,"CACGT","DKO","D4","RepR2","S6","MSR","other"
"785","FJ24-FJ25::chr9:2999602-3038819",23451,23453,0.876,121,106,"B","G","+",4,3,"-",117,103,"CTCGC","DKO","D4","RepR2","S6","MSR","other"
"786","FJ24-FJ25::chr9:2999602-3038819",23510,23512,0.846,39,33,"B","G","+",3,3,"-",36,30,"TTCGT","DKO","D4","RepR2","S6","MSR","other"
"787","FJ24-FJ25::chr9:2999602-3038819",23522,23524,0,1,0,"+","G","+",1,0,"-",0,0,"CACGT","DKO","D4","RepR2","S6","MSR","other"
"788","FJ24-FJ25::chr9:2999602-3038819",23626,23628,0.821,56,46,"B","G","+",4,3,"-",52,43,"CTCGC","DKO","D4","RepR2","S6","MSR","other"
"789","FJ24-FJ25::chr9:2999602-3038819",23669,23671,0.744,39,29,"B","G","+",5,3,"-",34,26,"CACGT","DKO","D4","RepR2","S6","MSR","other"
"790","FJ24-FJ25::chr9:2999602-3038819",23685,23687,0.775,40,31,"B","G","+",5,3,"-",35,28,"TTCGT","DKO","D4","RepR2","S6","MSR","other"
"791","FJ24-FJ25::chr9:2999602-3038819",23697,23699,0.5,2,1,"B","G","+",1,0,"-",1,1,"CACGT","DKO","D4","RepR2","S6","MSR","other"
"792","FJ24-FJ25::chr9:2999602-3038819",23803,23805,0.857,28,24,"B","G","+",25,22,"-",3,2,"CTCGC","DKO","D4","RepR2","S6","MSR","other"
"793","FJ24-FJ25::chr9:2999602-3038819",23843,23845,0.849,13225,11224,"B","G","+",182,157,"-",13043,11067,"TCCGT","DKO","D4","RepR2","S6","MSR","other"
"794","FJ24-FJ25::chr9:2999602-3038819",23903,23905,0.746,14867,11088,"B","G","+",869,683,"-",13998,10405,"CACGT","DKO","D4","RepR2","S6","MSR","other"
"795","FJ24-FJ25::chr9:2999602-3038819",23934,23936,0.833,15831,13188,"B","G","+",1014,854,"-",14817,12334,"GTCGT","DKO","D4","RepR2","S6","MSR","other"
"796","FJ24-FJ25::chr9:2999602-3038819",24037,24039,0.89,1477,1314,"B","G","+",514,458,"-",963,856,"CTCGC","DKO","D4","RepR2","S6","MSR","other"
"797","FJ24-FJ25::chr9:2999602-3038819",24049,24051,0.905,1501,1358,"B","G","+",597,539,"-",904,819,"CACGT","DKO","D4","RepR2","S6","MSR","other"
"798","FJ24-FJ25::chr9:2999602-3038819",24077,24079,0.711,9652,6863,"B","G","+",768,621,"-",8884,6242,"TCCGT","DKO","D4","RepR2","S6","MSR","other"
"799","FJ24-FJ25::chr9:2999602-3038819",24137,24139,0.803,681,547,"B","G","+",468,373,"-",213,174,"CACGT","DKO","D4","RepR2","S6","MSR","other"
"800","FJ24-FJ25::chr9:2999602-3038819",24271,24273,0.886,236,209,"B","G","+",70,61,"-",166,148,"CTCGC","DKO","D4","RepR2","S6","MSR","other"
"801","FJ24-FJ25::chr9:2999602-3038819",24283,24285,0.894,227,203,"B","G","+",69,58,"-",158,145,"CACGT","DKO","D4","RepR2","S6","MSR","other"
"802","FJ24-FJ25::chr9:2999602-3038819",24311,24313,0.902,793,715,"B","G","+",75,63,"-",718,652,"TCCGT","DKO","D4","RepR2","S6","MSR","other"
"803","FJ24-FJ25::chr9:2999602-3038819",24329,24331,0.883,737,651,"B","G","+",58,51,"-",679,600,"CTCGC","DKO","D4","RepR2","S6","MSR","other"
"804","FJ24-FJ25::chr9:2999602-3038819",24370,24372,0.838,569,477,"B","G","+",9,7,"-",560,470,"CACGT","DKO","D4","RepR2","S6","MSR","other"
"805","FJ24-FJ25::chr9:2999602-3038819",24504,24506,0.89,3702,3295,"B","G","+",2215,1990,"-",1487,1305,"CTCGC","DKO","D4","RepR2","S6","MSR","other"
"806","FJ24-FJ25::chr9:2999602-3038819",24516,24518,0.89,3902,3474,"B","G","+",2320,2070,"-",1582,1404,"CACGT","DKO","D4","RepR2","S6","MSR","other"
"807","FJ24-FJ25::chr9:2999602-3038819",24544,24546,0.902,54862,49467,"B","G","+",2599,2268,"-",52263,47199,"TCCGT","DKO","D4","RepR2","S6","MSR","other"
"808","FJ24-FJ25::chr9:2999602-3038819",24562,24564,0.879,55678,48952,"B","G","+",2729,2424,"-",52949,46528,"CTCGC","DKO","D4","RepR2","S6","MSR","other"
"809","FJ24-FJ25::chr9:2999602-3038819",24604,24606,0.797,42927,34204,"B","G","+",1472,1141,"-",41455,33063,"CACGT","DKO","D4","RepR2","S6","MSR","other"
"810","FJ24-FJ25::chr9:2999602-3038819",24620,24622,0.923,39017,36022,"B","G","+",400,260,"-",38617,35762,"TTCGA","DKO","D4","RepR2","S6","MSR","other"
"811","FJ24-FJ25::chr9:2999602-3038819",24718,24720,0.714,7,5,"B","G","+",5,4,"-",2,1,"TTCGA","DKO","D4","RepR2","S6","MSR","other"
"812","FJ24-FJ25::chr9:2999602-3038819",24738,24740,0.858,274,235,"B","G","+",273,234,"-",1,1,"CTCGC","DKO","D4","RepR2","S6","MSR","other"
"813","FJ24-FJ25::chr9:2999602-3038819",24778,24780,0.906,46444,42087,"B","G","+",4699,4067,"-",41745,38020,"TCCGT","DKO","D4","RepR2","S6","MSR","other"
"814","FJ24-FJ25::chr9:2999602-3038819",24796,24798,0.88,51485,45290,"B","G","+",8313,7738,"-",43172,37552,"CTCGC","DKO","D4","RepR2","S6","MSR","other"
"815","FJ24-FJ25::chr9:2999602-3038819",24838,24840,0.808,99666,80506,"B","G","+",10856,8822,"-",88810,71684,"CACGT","DKO","D4","RepR2","S6","MSR","other"
"816","FJ24-FJ25::chr9:2999602-3038819",24854,24856,0.927,93397,86554,"B","G","+",11601,10513,"-",81796,76041,"TTCGT","DKO","D4","RepR2","S6","MSR","other"
"817","FJ24-FJ25::chr9:2999602-3038819",24869,24871,0.902,98391,88733,"B","G","+",11434,10727,"-",86957,78006,"GTCGT","DKO","D4","RepR2","S6","MSR","other"
"818","FJ24-FJ25::chr9:2999602-3038819",24972,24974,0.897,2639,2366,"B","G","+",911,825,"-",1728,1541,"CTCGC","DKO","D4","RepR2","S6","MSR","other"
"819","FJ24-FJ25::chr9:2999602-3038819",24984,24986,0.915,2467,2258,"B","G","+",862,776,"-",1605,1482,"CACGT","DKO","D4","RepR2","S6","MSR","other"
"820","FJ24-FJ25::chr9:2999602-3038819",25012,25014,0.694,10413,7222,"B","G","+",795,670,"-",9618,6552,"TCCGT","DKO","D4","RepR2","S6","MSR","other"
"821","FJ24-FJ25::chr9:2999602-3038819",25072,25074,0.68,147,100,"B","G","+",139,94,"-",8,6,"CACGT","DKO","D4","RepR2","S6","MSR","other"
"822","FJ24-FJ25::chr9:2999602-3038819",25206,25208,0.925,53,49,"B","G","+",23,21,"-",30,28,"CTCGC","DKO","D4","RepR2","S6","MSR","other"
"823","FJ24-FJ25::chr9:2999602-3038819",25218,25220,0.925,53,49,"B","G","+",24,22,"-",29,27,"CACGT","DKO","D4","RepR2","S6","MSR","other"
"824","FJ24-FJ25::chr9:2999602-3038819",25246,25248,0.912,272,248,"B","G","+",30,26,"-",242,222,"TCCGT","DKO","D4","RepR2","S6","MSR","other"
"825","FJ24-FJ25::chr9:2999602-3038819",25264,25266,0.868,227,197,"B","G","+",17,16,"-",210,181,"CTCGC","DKO","D4","RepR2","S6","MSR","other"
"826","FJ24-FJ25::chr9:2999602-3038819",25305,25307,0.846,65,55,"B","G","+",1,1,"-",64,54,"CACGT","DKO","D4","RepR2","S6","MSR","other"
"827","FJ24-FJ25::chr9:2999602-3038819",25439,25441,0.926,271,251,"B","G","+",110,102,"-",161,149,"CTCGC","DKO","D4","RepR2","S6","MSR","other"
"828","FJ24-FJ25::chr9:2999602-3038819",25451,25453,0.912,307,280,"B","G","+",132,121,"-",175,159,"CACGT","DKO","D4","RepR2","S6","MSR","other"
"829","FJ24-FJ25::chr9:2999602-3038819",25479,25481,0.872,852,743,"B","G","+",249,218,"-",603,525,"TCCGT","DKO","D4","RepR2","S6","MSR","other"
"830","FJ24-FJ25::chr9:2999602-3038819",25497,25499,0.897,911,817,"B","G","+",298,273,"-",613,544,"CTCGC","DKO","D4","RepR2","S6","MSR","other"
"831","FJ24-FJ25::chr9:2999602-3038819",25539,25541,0.839,795,667,"B","G","+",345,283,"-",450,384,"CACGT","DKO","D4","RepR2","S6","MSR","other"
"832","FJ24-FJ25::chr9:2999602-3038819",25555,25557,0.899,725,652,"B","G","+",290,250,"-",435,402,"TTCGA","DKO","D4","RepR2","S6","MSR","other"
"833","FJ24-FJ25::chr9:2999602-3038819",25653,25655,0.667,3,2,"+","G","+",3,2,"-",0,0,"TTCGA","DKO","D4","RepR2","S6","MSR","other"
"834","FJ24-FJ25::chr9:2999602-3038819",25673,25675,0.9,10,9,"+","G","+",10,9,"-",0,0,"CTCGC","DKO","D4","RepR2","S6","MSR","other"
"835","FJ24-FJ25::chr9:2999602-3038819",25713,25715,0.929,42,39,"B","G","+",20,19,"-",22,20,"TCCGT","DKO","D4","RepR2","S6","MSR","other"
"836","FJ24-FJ25::chr9:2999602-3038819",25731,25733,0.857,49,42,"B","G","+",22,22,"-",27,20,"CTCGC","DKO","D4","RepR2","S6","MSR","other"
"837","FJ24-FJ25::chr9:2999602-3038819",25773,25775,0.783,69,54,"B","G","+",16,15,"-",53,39,"CACGT","DKO","D4","RepR2","S6","MSR","other"
"838","FJ24-FJ25::chr9:2999602-3038819",25789,25791,0.844,64,54,"B","G","+",17,15,"-",47,39,"TTCGT","DKO","D4","RepR2","S6","MSR","other"
"839","FJ24-FJ25::chr9:2999602-3038819",25906,25908,0.836,523,437,"B","G","+",256,218,"-",267,219,"CTCGC","DKO","D4","RepR2","S6","MSR","other"
"840","FJ24-FJ25::chr9:2999602-3038819",25918,25920,0.846,534,452,"B","G","+",282,227,"-",252,225,"CACGT","DKO","D4","RepR2","S6","MSR","other"
"841","FJ24-FJ25::chr9:2999602-3038819",25946,25948,0.916,11945,10946,"B","G","+",345,286,"-",11600,10660,"TCCGT","DKO","D4","RepR2","S6","MSR","other"
"842","FJ24-FJ25::chr9:2999602-3038819",25964,25966,0.878,12073,10596,"B","G","+",342,301,"-",11731,10295,"CTCGC","DKO","D4","RepR2","S6","MSR","other"
"843","FJ24-FJ25::chr9:2999602-3038819",26006,26008,0.751,2692,2022,"B","G","+",218,159,"-",2474,1863,"CACGT","DKO","D4","RepR2","S6","MSR","other"
"844","FJ24-FJ25::chr9:2999602-3038819",26140,26142,0.868,273,237,"B","G","+",56,49,"-",217,188,"CTCGC","DKO","D4","RepR2","S6","MSR","other"
"845","FJ24-FJ25::chr9:2999602-3038819",26198,26200,0.908,4249,3858,"B","G","+",168,158,"-",4081,3700,"CTCGC","DKO","D4","RepR2","S6","MSR","other"
"846","FJ24-FJ25::chr9:2999602-3038819",26240,26242,0.805,5303,4268,"B","G","+",184,147,"-",5119,4121,"CACGT","DKO","D4","RepR2","S6","MSR","other"
"847","FJ24-FJ25::chr9:2999602-3038819",26256,26258,0.896,4611,4130,"B","G","+",188,163,"-",4423,3967,"TTCGT","DKO","D4","RepR2","S6","MSR","other"
"848","FJ24-FJ25::chr9:2999602-3038819",26374,26376,0.918,134,123,"B","G","+",24,23,"-",110,100,"CTCGC","DKO","D4","RepR2","S6","MSR","other"
"849","FJ24-FJ25::chr9:2999602-3038819",26414,26416,0.788,293,231,"B","G","+",22,18,"-",271,213,"TCCGT","DKO","D4","RepR2","S6","MSR","other"
"850","FJ24-FJ25::chr9:2999602-3038819",26474,26476,0.844,141,119,"B","G","+",2,2,"-",139,117,"CACGT","DKO","D4","RepR2","S6","MSR","other"
"851","FJ24-FJ25::chr9:2999602-3038819",26620,26622,1,1,1,"-","G","+",0,0,"-",1,1,"ACGTG","DKO","D4","RepR2","S6","MSR","other"
"852","FJ24-FJ25::chr9:2999602-3038819",26648,26650,0.953,149,142,"B","G","+",4,3,"-",145,139,"TTCGT","DKO","D4","RepR2","S6","MSR","other"
"853","FJ24-FJ25::chr9:2999602-3038819",26666,26668,0.925,187,173,"B","G","+",12,10,"-",175,163,"CTCGC","DKO","D4","RepR2","S6","MSR","other"
"854","FJ24-FJ25::chr9:2999602-3038819",26708,26710,0.787,1098,864,"B","G","+",28,19,"-",1070,845,"CACGT","DKO","D4","RepR2","S6","MSR","other"
"855","FJ24-FJ25::chr9:2999602-3038819",26943,26945,0.786,28,22,"B","G","+",1,1,"-",27,21,"CACGT","DKO","D4","RepR2","S6","MSR","other"
"856","FJ24-FJ25::chr9:2999602-3038819",26959,26961,0.929,28,26,"B","G","+",4,4,"-",24,22,"TTCGT","DKO","D4","RepR2","S6","MSR","other"
"857","FJ24-FJ25::chr9:2999602-3038819",26971,26973,1,2,2,"B","G","+",1,1,"-",1,1,"CACGT","DKO","D4","RepR2","S6","MSR","other"
"858","FJ24-FJ25::chr9:2999602-3038819",27077,27079,0.882,34,30,"B","G","+",29,25,"-",5,5,"CTCGC","DKO","D4","RepR2","S6","MSR","other"
"859","FJ24-FJ25::chr9:2999602-3038819",27117,27119,0.885,322,285,"B","G","+",18,13,"-",304,272,"TTCGT","DKO","D4","RepR2","S6","MSR","other"
"860","FJ24-FJ25::chr9:2999602-3038819",27177,27179,0.844,225,190,"B","G","+",10,7,"-",215,183,"CACGT","DKO","D4","RepR2","S6","MSR","other"
"861","FJ24-FJ25::chr9:2999602-3038819",27193,27195,0.97,200,194,"B","G","+",7,7,"-",193,187,"TTCGT","DKO","D4","RepR2","S6","MSR","other"
"862","FJ24-FJ25::chr9:2999602-3038819",27208,27210,0.848,237,201,"B","G","+",5,5,"-",232,196,"GTCGT","DKO","D4","RepR2","S6","MSR","other"
"863","FJ24-FJ25::chr9:2999602-3038819",27251,27253,0.667,6,4,"B","G","+",1,0,"-",5,4,"CTCGC","DKO","D4","RepR2","S6","MSR","other"
"864","FJ24-FJ25::chr9:2999602-3038819",27311,27313,1,1,1,"+","G","+",1,1,"-",0,0,"CTCGC","DKO","D4","RepR2","S6","MSR","other"
"865","FJ24-FJ25::chr9:2999602-3038819",27323,27325,1,1,1,"+","G","+",1,1,"-",0,0,"CACGT","DKO","D4","RepR2","S6","MSR","other"
"866","FJ24-FJ25::chr9:2999602-3038819",27411,27413,0.875,8,7,"B","G","+",1,1,"-",7,6,"CACGT","DKO","D4","RepR2","S6","MSR","other"
"867","FJ24-FJ25::chr9:2999602-3038819",27442,27444,1,13,13,"B","G","+",5,5,"-",8,8,"GTCGT","DKO","D4","RepR2","S6","MSR","other"
"868","FJ24-FJ25::chr9:2999602-3038819",27497,27499,0.88,50,44,"B","G","+",45,39,"-",5,5,"CACGT","DKO","D4","RepR2","S6","MSR","other"
"869","FJ24-FJ25::chr9:2999602-3038819",27545,27547,0.895,114,102,"B","G","+",102,92,"-",12,10,"TTCGC","DKO","D4","RepR2","S6","MSR","other"
"870","FJ24-FJ25::chr9:2999602-3038819",27557,27559,0.85,113,96,"B","G","+",102,86,"-",11,10,"CACGT","DKO","D4","RepR2","S6","MSR","other"
"871","FJ24-FJ25::chr9:2999602-3038819",27645,27647,0.825,292,241,"B","G","+",38,30,"-",254,211,"CACGT","DKO","D4","RepR2","S6","MSR","other"
"872","FJ24-FJ25::chr9:2999602-3038819",27661,27663,0.89,283,252,"B","G","+",35,34,"-",248,218,"TTCGT","DKO","D4","RepR2","S6","MSR","other"
"873","FJ24-FJ25::chr9:2999602-3038819",27779,27781,1,3,3,"+","G","+",3,3,"-",0,0,"CTCGT","DKO","D4","RepR2","S6","MSR","other"
"874","FJ24-FJ25::chr9:2999602-3038819",27791,27793,1,3,3,"+","G","+",3,3,"-",0,0,"CACGT","DKO","D4","RepR2","S6","MSR","other"
"875","FJ24-FJ25::chr9:2999602-3038819",27837,27839,0.921,38,35,"B","G","+",12,12,"-",26,23,"CTCGC","DKO","D4","RepR2","S6","MSR","other"
"876","FJ24-FJ25::chr9:2999602-3038819",27879,27881,0.882,220,194,"B","G","+",19,14,"-",201,180,"CACGT","DKO","D4","RepR2","S6","MSR","other"
"877","FJ24-FJ25::chr9:2999602-3038819",27895,27897,0.971,208,202,"B","G","+",16,16,"-",192,186,"TTCGT","DKO","D4","RepR2","S6","MSR","other"
"878","FJ24-FJ25::chr9:2999602-3038819",27910,27912,0.868,227,197,"B","G","+",23,22,"-",204,175,"GACGT","DKO","D4","RepR2","S6","MSR","other"
"879","FJ24-FJ25::chr9:2999602-3038819",28013,28015,0.917,48,44,"B","G","+",23,22,"-",25,22,"CTCGC","DKO","D4","RepR2","S6","MSR","other"
"880","FJ24-FJ25::chr9:2999602-3038819",28025,28027,0.824,51,42,"B","G","+",25,20,"-",26,22,"CACGT","DKO","D4","RepR2","S6","MSR","other"
"881","FJ24-FJ25::chr9:2999602-3038819",28053,28055,0.695,489,340,"B","G","+",20,13,"-",469,327,"TCCGT","DKO","D4","RepR2","S6","MSR","other"
"882","FJ24-FJ25::chr9:2999602-3038819",28113,28115,0.875,24,21,"B","G","+",3,2,"-",21,19,"CACGT","DKO","D4","RepR2","S6","MSR","other"
"883","FJ24-FJ25::chr9:2999602-3038819",28247,28249,0.882,17,15,"B","G","+",8,8,"-",9,7,"CTCGC","DKO","D4","RepR2","S6","MSR","other"
"884","FJ24-FJ25::chr9:2999602-3038819",28287,28289,0.705,190,134,"B","G","+",8,6,"-",182,128,"TCCGT","DKO","D4","RepR2","S6","MSR","other"
"885","FJ24-FJ25::chr9:2999602-3038819",28347,28349,0.823,96,79,"-","G","+",0,0,"-",96,79,"ACGTT","DKO","D4","RepR2","S6","MSR","other"
"886","FJ24-FJ25::chr9:2999602-3038819",28481,28483,0.921,38,35,"B","G","+",17,16,"-",21,19,"CTCGC","DKO","D4","RepR2","S6","MSR","other"
"887","FJ24-FJ25::chr9:2999602-3038819",28521,28523,0.828,7307,6052,"B","G","+",54,43,"-",7253,6009,"TCCGT","DKO","D4","RepR2","S6","MSR","other"
"888","FJ24-FJ25::chr9:2999602-3038819",28581,28583,0.82,1090,894,"B","G","+",57,43,"-",1033,851,"CACGT","DKO","D4","RepR2","S6","MSR","other"
"889","FJ24-FJ25::chr9:2999602-3038819",28597,28599,0.918,1009,926,"B","G","+",64,57,"-",945,869,"TTCGT","DKO","D4","RepR2","S6","MSR","other"
"890","FJ24-FJ25::chr9:2999602-3038819",28655,28657,0.5,12,6,"B","G","+",2,0,"-",10,6,"CTCGC","DKO","D4","RepR2","S6","MSR","other"
"891","FJ24-FJ25::chr9:2999602-3038819",28715,28717,1,3,3,"B","G","+",1,1,"-",2,2,"CTCGC","DKO","D4","RepR2","S6","MSR","other"
"892","FJ24-FJ25::chr9:2999602-3038819",28727,28729,0.5,2,1,"B","G","+",1,1,"-",1,0,"CACGT","DKO","D4","RepR2","S6","MSR","other"
"893","FJ24-FJ25::chr9:2999602-3038819",28755,28757,0.85,60,51,"B","G","+",3,3,"-",57,48,"TTCGT","DKO","D4","RepR2","S6","MSR","other"
"894","FJ24-FJ25::chr9:2999602-3038819",28815,28817,0.907,54,49,"-","G","+",0,0,"-",54,49,"ACGTT","DKO","D4","RepR2","S6","MSR","other"
"895","FJ24-FJ25::chr9:2999602-3038819",28846,28848,0.849,53,45,"-","G","+",0,0,"-",53,45,"TCGTC","DKO","D4","RepR2","S6","MSR","other"
"896","FJ24-FJ25::chr9:2999602-3038819",28901,28903,0.884,95,84,"B","G","+",32,29,"-",63,55,"CACGT","DKO","D4","RepR2","S6","MSR","other"
"897","FJ24-FJ25::chr9:2999602-3038819",28949,28951,0.906,159,144,"B","G","+",123,115,"-",36,29,"CTCGC","DKO","D4","RepR2","S6","MSR","other"
"898","FJ24-FJ25::chr9:2999602-3038819",28961,28963,0.847,163,138,"B","G","+",127,110,"-",36,28,"CACGT","DKO","D4","RepR2","S6","MSR","other"
"899","FJ24-FJ25::chr9:2999602-3038819",29049,29051,0.843,657,554,"B","G","+",50,36,"-",607,518,"CACGT","DKO","D4","RepR2","S6","MSR","other"
"900","FJ24-FJ25::chr9:2999602-3038819",29065,29067,0.925,628,581,"B","G","+",39,34,"-",589,547,"TTCGT","DKO","D4","RepR2","S6","MSR","other"
"901","FJ24-FJ25::chr9:2999602-3038819",29163,29165,0.429,14,6,"B","G","+",5,4,"-",9,2,"TTCGA","DKO","D4","RepR2","S6","MSR","other"
"902","FJ24-FJ25::chr9:2999602-3038819",29183,29185,0.787,47,37,"B","G","+",22,15,"-",25,22,"CTCGC","DKO","D4","RepR2","S6","MSR","other"
"903","FJ24-FJ25::chr9:2999602-3038819",29195,29197,0.925,53,49,"B","G","+",23,19,"-",30,30,"CACGT","DKO","D4","RepR2","S6","MSR","other"
"904","FJ24-FJ25::chr9:2999602-3038819",29223,29225,0.857,5839,5006,"B","G","+",30,25,"-",5809,4981,"TCCGT","DKO","D4","RepR2","S6","MSR","other"
"905","FJ24-FJ25::chr9:2999602-3038819",29283,29285,0.747,79,59,"B","G","+",23,14,"-",56,45,"CACGT","DKO","D4","RepR2","S6","MSR","other"
"906","FJ24-FJ25::chr9:2999602-3038819",29417,29419,0.907,86,78,"B","G","+",64,59,"-",22,19,"CTCGC","DKO","D4","RepR2","S6","MSR","other"
"907","FJ24-FJ25::chr9:2999602-3038819",29429,29431,0.917,84,77,"B","G","+",57,52,"-",27,25,"CACGT","DKO","D4","RepR2","S6","MSR","other"
"908","FJ24-FJ25::chr9:2999602-3038819",29457,29459,0.841,126,106,"B","G","+",50,42,"-",76,64,"TCCGT","DKO","D4","RepR2","S6","MSR","other"
"909","FJ24-FJ25::chr9:2999602-3038819",29517,29519,0.848,46,39,"B","G","+",1,1,"-",45,38,"CACGT","DKO","D4","RepR2","S6","MSR","other"
"910","FJ24-FJ25::chr9:2999602-3038819",29652,29654,1,1,1,"+","G","+",1,1,"-",0,0,"CTCGC","DKO","D4","RepR2","S6","MSR","other"
"911","FJ24-FJ25::chr9:2999602-3038819",29692,29694,0.904,156,141,"B","G","+",3,0,"-",153,141,"TTCGT","DKO","D4","RepR2","S6","MSR","other"
"912","FJ24-FJ25::chr9:2999602-3038819",29710,29712,0.821,168,138,"B","G","+",13,5,"-",155,133,"CTCGC","DKO","D4","RepR2","S6","MSR","other"
"913","FJ24-FJ25::chr9:2999602-3038819",29752,29754,0.826,340,281,"B","G","+",50,34,"-",290,247,"CACGT","DKO","D4","RepR2","S6","MSR","other"
"914","FJ24-FJ25::chr9:2999602-3038819",29944,29946,0.893,56,50,"B","G","+",9,9,"-",47,41,"CTCGC","DKO","D4","RepR2","S6","MSR","other"
"915","FJ24-FJ25::chr9:2999602-3038819",29987,29989,0.633,30,19,"B","G","+",20,12,"-",10,7,"CACGT","DKO","D4","RepR2","S6","MSR","other"
"916","FJ24-FJ25::chr9:2999602-3038819",30003,30005,0.938,65,61,"B","G","+",56,52,"-",9,9,"TTCGT","DKO","D4","RepR2","S6","MSR","other"
"917","FJ24-FJ25::chr9:2999602-3038819",30015,30017,0,8,0,"+","G","+",8,0,"-",0,0,"CACGT","DKO","D4","RepR2","S6","MSR","other"
"918","FJ24-FJ25::chr9:2999602-3038819",30121,30123,0.846,273,231,"B","G","+",223,195,"-",50,36,"CTCGC","DKO","D4","RepR2","S6","MSR","other"
"919","FJ24-FJ25::chr9:2999602-3038819",30133,30135,0.864,295,255,"B","G","+",230,201,"-",65,54,"CACGT","DKO","D4","RepR2","S6","MSR","other"
"920","FJ24-FJ25::chr9:2999602-3038819",30221,30223,0.784,2770,2173,"B","G","+",66,51,"-",2704,2122,"CACGT","DKO","D4","RepR2","S6","MSR","other"
"921","FJ24-FJ25::chr9:2999602-3038819",30237,30239,0.894,2684,2400,"B","G","+",45,38,"-",2639,2362,"TTCGT","DKO","D4","RepR2","S6","MSR","other"
"922","FJ24-FJ25::chr9:2999602-3038819",30252,30254,0.871,2873,2501,"B","G","+",41,39,"-",2832,2462,"GTCGT","DKO","D4","RepR2","S6","MSR","other"
"923","FJ24-FJ25::chr9:2999602-3038819",30295,30297,0.676,37,25,"B","G","+",4,0,"-",33,25,"CTCGC","DKO","D4","RepR2","S6","MSR","other"
"924","FJ24-FJ25::chr9:2999602-3038819",30355,30357,0.8,5,4,"B","G","+",2,1,"-",3,3,"CTCGC","DKO","D4","RepR2","S6","MSR","other"
"925","FJ24-FJ25::chr9:2999602-3038819",30367,30369,0.333,3,1,"B","G","+",1,0,"-",2,1,"CACGT","DKO","D4","RepR2","S6","MSR","other"
"926","FJ24-FJ25::chr9:2999602-3038819",30395,30397,0.792,53,42,"B","G","+",3,2,"-",50,40,"TTCGT","DKO","D4","RepR2","S6","MSR","other"
"927","FJ24-FJ25::chr9:2999602-3038819",30455,30457,0.836,55,46,"B","G","+",8,7,"-",47,39,"CACGT","DKO","D4","RepR2","S6","MSR","other"
"928","FJ24-FJ25::chr9:2999602-3038819",30486,30488,0.826,69,57,"B","G","+",15,14,"-",54,43,"GTCGT","DKO","D4","RepR2","S6","MSR","other"
"929","FJ24-FJ25::chr9:2999602-3038819",30541,30543,0.869,84,73,"B","G","+",50,40,"-",34,33,"CACGT","DKO","D4","RepR2","S6","MSR","other"
"930","FJ24-FJ25::chr9:2999602-3038819",30590,30592,0.882,110,97,"B","G","+",77,67,"-",33,30,"CTCGC","DKO","D4","RepR2","S6","MSR","other"
"931","FJ24-FJ25::chr9:2999602-3038819",30602,30604,0.754,122,92,"B","G","+",75,59,"-",47,33,"CACGT","DKO","D4","RepR2","S6","MSR","other"
"932","FJ24-FJ25::chr9:2999602-3038819",30690,30692,0.833,460,383,"B","G","+",19,13,"-",441,370,"CACGT","DKO","D4","RepR2","S6","MSR","other"
"933","FJ24-FJ25::chr9:2999602-3038819",30706,30708,0.892,464,414,"B","G","+",17,14,"-",447,400,"TTCGT","DKO","D4","RepR2","S6","MSR","other"
"934","FJ24-FJ25::chr9:2999602-3038819",30824,30826,1,3,3,"B","G","+",2,2,"-",1,1,"CTCGC","DKO","D4","RepR2","S6","MSR","other"
"935","FJ24-FJ25::chr9:2999602-3038819",30836,30838,0.75,8,6,"B","G","+",7,5,"-",1,1,"CACGT","DKO","D4","RepR2","S6","MSR","other"
"936","FJ24-FJ25::chr9:2999602-3038819",30882,30884,0.96,125,120,"B","G","+",24,23,"-",101,97,"CTCGC","DKO","D4","RepR2","S6","MSR","other"
"937","FJ24-FJ25::chr9:2999602-3038819",30924,30926,0.794,1922,1526,"B","G","+",44,32,"-",1878,1494,"CACGT","DKO","D4","RepR2","S6","MSR","other"
"938","FJ24-FJ25::chr9:2999602-3038819",30940,30942,0.916,1897,1737,"B","G","+",44,36,"-",1853,1701,"TTCGT","DKO","D4","RepR2","S6","MSR","other"
"939","FJ24-FJ25::chr9:2999602-3038819",30955,30957,0.874,2023,1768,"B","G","+",35,34,"-",1988,1734,"GACGT","DKO","D4","RepR2","S6","MSR","other"
"940","FJ24-FJ25::chr9:2999602-3038819",31058,31060,0.906,117,106,"B","G","+",28,25,"-",89,81,"CTCGC","DKO","D4","RepR2","S6","MSR","other"
"941","FJ24-FJ25::chr9:2999602-3038819",31070,31072,0.836,122,102,"B","G","+",28,25,"-",94,77,"CACGT","DKO","D4","RepR2","S6","MSR","other"
"942","FJ24-FJ25::chr9:2999602-3038819",31098,31100,0.732,559,409,"B","G","+",28,20,"-",531,389,"TCCGT","DKO","D4","RepR2","S6","MSR","other"
"943","FJ24-FJ25::chr9:2999602-3038819",31158,31160,0.833,42,35,"B","G","+",8,7,"-",34,28,"CACGT","DKO","D4","RepR2","S6","MSR","other"
"944","FJ24-FJ25::chr9:2999602-3038819",31292,31294,0.922,90,83,"B","G","+",66,62,"-",24,21,"CTCGC","DKO","D4","RepR2","S6","MSR","other"
"945","FJ24-FJ25::chr9:2999602-3038819",31304,31306,0.88,92,81,"B","G","+",66,60,"-",26,21,"CACGT","DKO","D4","RepR2","S6","MSR","other"
"946","FJ24-FJ25::chr9:2999602-3038819",31332,31334,0.838,74,62,"B","G","+",30,24,"-",44,38,"TTCGT","DKO","D4","RepR2","S6","MSR","other"
"947","FJ24-FJ25::chr9:2999602-3038819",31350,31352,0.867,60,52,"B","G","+",14,10,"-",46,42,"CTCGC","DKO","D4","RepR2","S6","MSR","other"
"948","FJ24-FJ25::chr9:2999602-3038819",31392,31394,0.758,95,72,"B","G","+",23,19,"-",72,53,"CACGT","DKO","D4","RepR2","S6","MSR","other"
"949","FJ24-FJ25::chr9:2999602-3038819",31507,31509,0.636,11,7,"B","G","+",5,4,"-",6,3,"CACGT","DKO","D4","RepR2","S6","MSR","other"
"950","FJ24-FJ25::chr9:2999602-3038819",31639,31641,0.837,49,41,"B","G","+",12,10,"-",37,31,"CTCGC","DKO","D4","RepR2","S6","MSR","other"
"951","FJ24-FJ25::chr9:2999602-3038819",31679,31681,0.704,7250,5105,"B","G","+",50,40,"-",7200,5065,"TCCGT","DKO","D4","RepR2","S6","MSR","other"
"952","FJ24-FJ25::chr9:2999602-3038819",31739,31741,0.81,1212,982,"B","G","+",52,39,"-",1160,943,"CACGT","DKO","D4","RepR2","S6","MSR","other"
"953","FJ24-FJ25::chr9:2999602-3038819",31755,31757,0.925,1091,1009,"B","G","+",50,45,"-",1041,964,"TTCGT","DKO","D4","RepR2","S6","MSR","other"
"954","FJ24-FJ25::chr9:2999602-3038819",31813,31815,0.786,14,11,"B","G","+",1,0,"-",13,11,"CTCGC","DKO","D4","RepR2","S6","MSR","other"
"955","FJ24-FJ25::chr9:2999602-3038819",31873,31875,1,4,4,"+","G","+",4,4,"-",0,0,"CTCGC","DKO","D4","RepR2","S6","MSR","other"
"956","FJ24-FJ25::chr9:2999602-3038819",31885,31887,1,5,5,"+","G","+",5,5,"-",0,0,"CACGT","DKO","D4","RepR2","S6","MSR","other"
"957","FJ24-FJ25::chr9:2999602-3038819",31913,31915,0.866,97,84,"B","G","+",5,4,"-",92,80,"TTCGT","DKO","D4","RepR2","S6","MSR","other"
"958","FJ24-FJ25::chr9:2999602-3038819",31973,31975,0.818,110,90,"B","G","+",5,4,"-",105,86,"CACGT","DKO","D4","RepR2","S6","MSR","other"
"959","FJ24-FJ25::chr9:2999602-3038819",32004,32006,0.881,134,118,"B","G","+",11,11,"-",123,107,"GTCGT","DKO","D4","RepR2","S6","MSR","other"
"960","FJ24-FJ25::chr9:2999602-3038819",32059,32061,0.849,126,107,"B","G","+",53,44,"-",73,63,"CACGT","DKO","D4","RepR2","S6","MSR","other"
"961","FJ24-FJ25::chr9:2999602-3038819",32107,32109,0.854,151,129,"B","G","+",113,100,"-",38,29,"CTCGC","DKO","D4","RepR2","S6","MSR","other"
"962","FJ24-FJ25::chr9:2999602-3038819",32119,32121,0.918,158,145,"B","G","+",116,109,"-",42,36,"CACGT","DKO","D4","RepR2","S6","MSR","other"
"963","FJ24-FJ25::chr9:2999602-3038819",32207,32209,0.824,752,620,"B","G","+",58,45,"-",694,575,"CACGT","DKO","D4","RepR2","S6","MSR","other"
"964","FJ24-FJ25::chr9:2999602-3038819",32223,32225,0.922,669,617,"B","G","+",46,42,"-",623,575,"TTCGT","DKO","D4","RepR2","S6","MSR","other"
"965","FJ24-FJ25::chr9:2999602-3038819",32321,32323,1,1,1,"+","G","+",1,1,"-",0,0,"TTCGA","DKO","D4","RepR2","S6","MSR","other"
"966","FJ24-FJ25::chr9:2999602-3038819",32341,32343,0.8,5,4,"+","G","+",5,4,"-",0,0,"CTCGC","DKO","D4","RepR2","S6","MSR","other"
"967","FJ24-FJ25::chr9:2999602-3038819",32353,32355,1,5,5,"+","G","+",5,5,"-",0,0,"CACGT","DKO","D4","RepR2","S6","MSR","other"
"968","FJ24-FJ25::chr9:2999602-3038819",32399,32401,0.844,32,27,"B","G","+",17,13,"-",15,14,"CTCGC","DKO","D4","RepR2","S6","MSR","other"
"969","FJ24-FJ25::chr9:2999602-3038819",32441,32443,0.814,381,310,"B","G","+",24,17,"-",357,293,"CACGT","DKO","D4","RepR2","S6","MSR","other"
"970","FJ24-FJ25::chr9:2999602-3038819",32457,32459,0.929,340,316,"B","G","+",22,20,"-",318,296,"TTCGT","DKO","D4","RepR2","S6","MSR","other"
"971","FJ24-FJ25::chr9:2999602-3038819",32472,32474,0.839,329,276,"B","G","+",21,19,"-",308,257,"GACGT","DKO","D4","RepR2","S6","MSR","other"
"972","FJ24-FJ25::chr9:2999602-3038819",32575,32577,0.883,196,173,"B","G","+",40,34,"-",156,139,"CTCGC","DKO","D4","RepR2","S6","MSR","other"
"973","FJ24-FJ25::chr9:2999602-3038819",32587,32589,0.903,195,176,"B","G","+",40,35,"-",155,141,"CACGT","DKO","D4","RepR2","S6","MSR","other"
"974","FJ24-FJ25::chr9:2999602-3038819",32615,32617,0.766,1067,817,"B","G","+",29,23,"-",1038,794,"TCCGT","DKO","D4","RepR2","S6","MSR","other"
"975","FJ24-FJ25::chr9:2999602-3038819",32675,32677,0.785,512,402,"B","G","+",24,13,"-",488,389,"CACGT","DKO","D4","RepR2","S6","MSR","other"
"976","FJ24-FJ25::chr9:2999602-3038819",32800,32802,0.375,16,6,"B","G","+",11,3,"-",5,3,"TCCGT","DKO","D4","RepR2","S6","MSR","other"
"977","FJ24-FJ25::chr9:2999602-3038819",32821,32823,0.851,101,86,"B","G","+",71,59,"-",30,27,"CACGT","DKO","D4","RepR2","S6","MSR","other"
"978","FJ24-FJ25::chr9:2999602-3038819",32849,32851,0.91,3473,3161,"B","G","+",119,99,"-",3354,3062,"TCCGT","DKO","D4","RepR2","S6","MSR","other"
"979","FJ24-FJ25::chr9:2999602-3038819",32867,32869,0.914,3460,3161,"B","G","+",64,60,"-",3396,3101,"CTCGC","DKO","D4","RepR2","S6","MSR","other"
"980","FJ24-FJ25::chr9:2999602-3038819",32909,32911,0.803,2009,1613,"B","G","+",49,32,"-",1960,1581,"CACGT","DKO","D4","RepR2","S6","MSR","other"
"981","FJ24-FJ25::chr9:2999602-3038819",33043,33045,0.91,354,322,"B","G","+",15,15,"-",339,307,"CTCGC","DKO","D4","RepR2","S6","MSR","other"
"982","FJ24-FJ25::chr9:2999602-3038819",33143,33145,0.78,100,78,"B","G","+",6,4,"-",94,74,"CACGT","DKO","D4","RepR2","S6","MSR","other"
"983","FJ24-FJ25::chr9:2999602-3038819",33277,33279,0.92,150,138,"B","G","+",106,99,"-",44,39,"CTCGC","DKO","D4","RepR2","S6","MSR","other"
"984","FJ24-FJ25::chr9:2999602-3038819",33289,33291,0.953,149,142,"B","G","+",107,102,"-",42,40,"CACGT","DKO","D4","RepR2","S6","MSR","other"
"985","FJ24-FJ25::chr9:2999602-3038819",33317,33319,0.9,240,216,"B","G","+",111,98,"-",129,118,"TCCGT","DKO","D4","RepR2","S6","MSR","other"
"986","FJ24-FJ25::chr9:2999602-3038819",33335,33337,0.876,202,177,"B","G","+",94,82,"-",108,95,"CTCGC","DKO","D4","RepR2","S6","MSR","other"
"987","FJ24-FJ25::chr9:2999602-3038819",33376,33378,0.833,42,35,"B","G","+",4,2,"-",38,33,"CACGT","DKO","D4","RepR2","S6","MSR","other"
"988","FJ24-FJ25::chr9:2999602-3038819",33510,33512,1,11,11,"B","G","+",5,5,"-",6,6,"CTCGC","DKO","D4","RepR2","S6","MSR","other"
"989","FJ24-FJ25::chr9:2999602-3038819",33522,33524,1,14,14,"B","G","+",7,7,"-",7,7,"CACGT","DKO","D4","RepR2","S6","MSR","other"
"990","FJ24-FJ25::chr9:2999602-3038819",33550,33552,0.912,342,312,"B","G","+",18,16,"-",324,296,"TCCGT","DKO","D4","RepR2","S6","MSR","other"
"991","FJ24-FJ25::chr9:2999602-3038819",33568,33570,0.901,382,344,"B","G","+",26,21,"-",356,323,"CTCGC","DKO","D4","RepR2","S6","MSR","other"
"992","FJ24-FJ25::chr9:2999602-3038819",33610,33612,0.824,578,476,"B","G","+",63,51,"-",515,425,"CACGT","DKO","D4","RepR2","S6","MSR","other"
"993","FJ24-FJ25::chr9:2999602-3038819",33626,33628,0.897,524,470,"B","G","+",72,63,"-",452,407,"TTCGT","DKO","D4","RepR2","S6","MSR","other"
"994","FJ24-FJ25::chr9:2999602-3038819",33724,33726,1,4,4,"+","G","+",4,4,"-",0,0,"TTCGA","DKO","D4","RepR2","S6","MSR","other"
"995","FJ24-FJ25::chr9:2999602-3038819",33744,33746,1,8,8,"+","G","+",8,8,"-",0,0,"CTCGC","DKO","D4","RepR2","S6","MSR","other"
"996","FJ24-FJ25::chr9:2999602-3038819",33784,33786,0.803,132,106,"B","G","+",82,64,"-",50,42,"TCCGT","DKO","D4","RepR2","S6","MSR","other"
"997","FJ24-FJ25::chr9:2999602-3038819",33802,33804,0.841,157,132,"B","G","+",102,88,"-",55,44,"CTCGC","DKO","D4","RepR2","S6","MSR","other"
"998","FJ24-FJ25::chr9:2999602-3038819",33860,33862,0.9,160,144,"B","G","+",63,55,"-",97,89,"TTCGT","DKO","D4","RepR2","S6","MSR","other"
"999","FJ24-FJ25::chr9:2999602-3038819",33875,33877,0.898,265,238,"B","G","+",68,63,"-",197,175,"GTCGT","DKO","D4","RepR2","S6","MSR","other"
"1000","FJ24-FJ25::chr9:2999602-3038819",33976,33978,0.812,80,65,"B","G","+",18,9,"-",62,56,"CTCGC","DKO","D4","RepR2","S6","MSR","other"
"1001","FJ24-FJ25::chr9:2999602-3038819",34019,34021,0.95,20,19,"B","G","+",2,1,"-",18,18,"CACGT","DKO","D4","RepR2","S6","MSR","other"
"1002","FJ24-FJ25::chr9:2999602-3038819",34035,34037,1,22,22,"B","G","+",2,2,"-",20,20,"TTCGT","DKO","D4","RepR2","S6","MSR","other"
"1003","FJ24-FJ25::chr9:2999602-3038819",34047,34049,1,1,1,"-","G","+",0,0,"-",1,1,"ACGTT","DKO","D4","RepR2","S6","MSR","other"
"1004","FJ24-FJ25::chr9:2999602-3038819",34153,34155,0.817,60,49,"B","G","+",20,17,"-",40,32,"CTCGC","DKO","D4","RepR2","S6","MSR","other"
"1005","FJ24-FJ25::chr9:2999602-3038819",34193,34195,0.858,4831,4143,"B","G","+",104,93,"-",4727,4050,"TCCGT","DKO","D4","RepR2","S6","MSR","other"
"1006","FJ24-FJ25::chr9:2999602-3038819",34253,34255,0.798,1049,837,"B","G","+",179,129,"-",870,708,"CACGT","DKO","D4","RepR2","S6","MSR","other"
"1007","FJ24-FJ25::chr9:2999602-3038819",34269,34271,0.929,1063,988,"B","G","+",206,191,"-",857,797,"TTCGT","DKO","D4","RepR2","S6","MSR","other"
"1008","FJ24-FJ25::chr9:2999602-3038819",34445,34447,0.921,89,82,"B","G","+",3,2,"-",86,80,"CTCGC","DKO","D4","RepR2","S6","MSR","other"
"1009","FJ24-FJ25::chr9:2999602-3038819",34504,34506,1,9,9,"B","G","+",2,2,"-",7,7,"TTCGT","DKO","D4","RepR2","S6","MSR","other"
"1010","FJ24-FJ25::chr9:2999602-3038819",34516,34518,0,1,0,"+","G","+",1,0,"-",0,0,"CACGT","DKO","D4","RepR2","S6","MSR","other"
"1011","FJ24-FJ25::chr9:2999602-3038819",34621,34623,0.926,538,498,"B","G","+",12,11,"-",526,487,"CTCGC","DKO","D4","RepR2","S6","MSR","other"
"1012","FJ24-FJ25::chr9:2999602-3038819",34633,34635,0.905,483,437,"B","G","+",10,9,"-",473,428,"CACGT","DKO","D4","RepR2","S6","MSR","other"
"1013","FJ24-FJ25::chr9:2999602-3038819",34679,34681,0.88,484,426,"B","G","+",68,53,"-",416,373,"CTCGC","DKO","D4","RepR2","S6","MSR","other"
"1014","FJ24-FJ25::chr9:2999602-3038819",34721,34723,0.83,511,424,"B","G","+",60,52,"-",451,372,"CACGT","DKO","D4","RepR2","S6","MSR","other"
"1015","FJ24-FJ25::chr9:2999602-3038819",34737,34739,0.949,495,470,"B","G","+",74,69,"-",421,401,"TTCGT","DKO","D4","RepR2","S6","MSR","other"
"1016","FJ24-FJ25::chr9:2999602-3038819",34752,34754,0.868,538,467,"B","G","+",76,66,"-",462,401,"GACGT","DKO","D4","RepR2","S6","MSR","other"
"1017","FJ24-FJ25::chr9:2999602-3038819",34855,34857,0.678,245,166,"B","G","+",52,44,"-",193,122,"CTCGC","DKO","D4","RepR2","S6","MSR","other"
"1018","FJ24-FJ25::chr9:2999602-3038819",34867,34869,0.912,239,218,"B","G","+",45,37,"-",194,181,"CACGT","DKO","D4","RepR2","S6","MSR","other"
"1019","FJ24-FJ25::chr9:2999602-3038819",34895,34897,0.724,609,441,"B","G","+",34,30,"-",575,411,"TCCGT","DKO","D4","RepR2","S6","MSR","other"
"1020","FJ24-FJ25::chr9:2999602-3038819",34955,34957,0.796,49,39,"B","G","+",6,4,"-",43,35,"CACGT","DKO","D4","RepR2","S6","MSR","other"
"1021","FJ24-FJ25::chr9:2999602-3038819",35089,35091,0.823,310,255,"B","G","+",78,67,"-",232,188,"CTCGC","DKO","D4","RepR2","S6","MSR","other"
"1022","FJ24-FJ25::chr9:2999602-3038819",35101,35103,0.904,302,273,"B","G","+",67,56,"-",235,217,"CACGT","DKO","D4","RepR2","S6","MSR","other"
"1023","FJ24-FJ25::chr9:2999602-3038819",35129,35131,0.843,108,91,"B","G","+",23,16,"-",85,75,"TTCGT","DKO","D4","RepR2","S6","MSR","other"
"1024","FJ24-FJ25::chr9:2999602-3038819",35147,35149,0.876,89,78,"B","G","+",4,3,"-",85,75,"CTCGC","DKO","D4","RepR2","S6","MSR","other"
"1025","FJ24-FJ25::chr9:2999602-3038819",35189,35191,0.761,117,89,"B","G","+",5,2,"-",112,87,"CACGT","DKO","D4","RepR2","S6","MSR","other"
"1026","FJ24-FJ25::chr9:2999602-3038819",35323,35325,0.535,217,116,"B","G","+",43,37,"-",174,79,"CTCGC","DKO","D4","RepR2","S6","MSR","other"
"1027","FJ24-FJ25::chr9:2999602-3038819",35381,35383,0.912,2144,1956,"B","G","+",52,44,"-",2092,1912,"CTCGC","DKO","D4","RepR2","S6","MSR","other"
"1028","FJ24-FJ25::chr9:2999602-3038819",35423,35425,0.809,2320,1878,"B","G","+",51,43,"-",2269,1835,"CACGT","DKO","D4","RepR2","S6","MSR","other"
"1029","FJ24-FJ25::chr9:2999602-3038819",35439,35441,0.887,1851,1642,"B","G","+",49,39,"-",1802,1603,"TTCGT","DKO","D4","RepR2","S6","MSR","other"
"1030","FJ24-FJ25::chr9:2999602-3038819",35454,35456,0.906,2420,2192,"B","G","+",48,44,"-",2372,2148,"GACGT","DKO","D4","RepR2","S6","MSR","other"
"1031","FJ24-FJ25::chr9:2999602-3038819",35557,35559,0.712,857,610,"B","G","+",56,49,"-",801,561,"CTCGC","DKO","D4","RepR2","S6","MSR","other"
"1032","FJ24-FJ25::chr9:2999602-3038819",35569,35571,0.933,895,835,"B","G","+",63,55,"-",832,780,"CACGT","DKO","D4","RepR2","S6","MSR","other"
"1033","FJ24-FJ25::chr9:2999602-3038819",35597,35599,0.596,9450,5635,"B","G","+",62,50,"-",9388,5585,"TCCGT","DKO","D4","RepR2","S6","MSR","other"
"1034","FJ24-FJ25::chr9:2999602-3038819",35657,35659,0.723,101,73,"B","G","+",28,16,"-",73,57,"CACGT","DKO","D4","RepR2","S6","MSR","other"
"1035","FJ24-FJ25::chr9:2999602-3038819",35791,35793,0.816,87,71,"B","G","+",61,54,"-",26,17,"CTCGC","DKO","D4","RepR2","S6","MSR","other"
"1036","FJ24-FJ25::chr9:2999602-3038819",35803,35805,0.906,85,77,"B","G","+",57,55,"-",28,22,"CACGT","DKO","D4","RepR2","S6","MSR","other"
"1037","FJ24-FJ25::chr9:2999602-3038819",35831,35833,0.842,139,117,"B","G","+",51,45,"-",88,72,"TCCGT","DKO","D4","RepR2","S6","MSR","other"
"1038","FJ24-FJ25::chr9:2999602-3038819",35891,35893,0.724,58,42,"B","G","+",2,2,"-",56,40,"CACGT","DKO","D4","RepR2","S6","MSR","other"
"1039","FJ24-FJ25::chr9:2999602-3038819",36026,36028,1,8,8,"B","G","+",7,7,"-",1,1,"CTCGC","DKO","D4","RepR2","S6","MSR","other"
"1040","FJ24-FJ25::chr9:2999602-3038819",36038,36040,1,9,9,"B","G","+",8,8,"-",1,1,"CACGT","DKO","D4","RepR2","S6","MSR","other"
"1041","FJ24-FJ25::chr9:2999602-3038819",36066,36068,0.895,248,222,"B","G","+",12,11,"-",236,211,"TTCGT","DKO","D4","RepR2","S6","MSR","other"
"1042","FJ24-FJ25::chr9:2999602-3038819",36084,36086,0.901,272,245,"B","G","+",12,11,"-",260,234,"CTCGC","DKO","D4","RepR2","S6","MSR","other"
"1043","FJ24-FJ25::chr9:2999602-3038819",36126,36128,0.717,438,314,"B","G","+",11,9,"-",427,305,"CACGT","DKO","D4","RepR2","S6","MSR","other"
"1044","FJ24-FJ25::chr9:2999602-3038819",36259,36261,0.883,239,211,"B","G","+",82,74,"-",157,137,"CTCGC","DKO","D4","RepR2","S6","MSR","other"
"1045","FJ24-FJ25::chr9:2999602-3038819",36299,36301,0.87,770,670,"B","G","+",82,66,"-",688,604,"TCCGT","DKO","D4","RepR2","S6","MSR","other"
"1046","FJ24-FJ25::chr9:2999602-3038819",36435,36437,0.913,322,294,"B","G","+",217,204,"-",105,90,"CTCGC","DKO","D4","RepR2","S6","MSR","other"
"1047","FJ24-FJ25::chr9:2999602-3038819",36447,36449,0.894,274,245,"B","G","+",201,180,"-",73,65,"CACGT","DKO","D4","RepR2","S6","MSR","other"
"1048","FJ24-FJ25::chr9:2999602-3038819",36475,36477,0.87,238,207,"B","G","+",160,142,"-",78,65,"TCCGT","DKO","D4","RepR2","S6","MSR","other"
"1049","FJ24-FJ25::chr9:2999602-3038819",36493,36495,0.883,154,136,"B","G","+",108,93,"-",46,43,"TTCGC","DKO","D4","RepR2","S6","MSR","other"
"1050","FJ24-FJ25::chr9:2999602-3038819",36534,36536,0.86,43,37,"B","G","+",7,7,"-",36,30,"CACGT","DKO","D4","RepR2","S6","MSR","other"
"1051","FJ24-FJ25::chr9:2999602-3038819",36668,36670,0.911,79,72,"B","G","+",34,34,"-",45,38,"CTCGC","DKO","D4","RepR2","S6","MSR","other"
"1052","FJ24-FJ25::chr9:2999602-3038819",36680,36682,0.893,84,75,"B","G","+",35,33,"-",49,42,"CACGT","DKO","D4","RepR2","S6","MSR","other"
"1053","FJ24-FJ25::chr9:2999602-3038819",36708,36710,0.884,147,130,"B","G","+",37,34,"-",110,96,"TCCGT","DKO","D4","RepR2","S6","MSR","other"
"1054","FJ24-FJ25::chr9:2999602-3038819",36726,36728,0.761,117,89,"B","G","+",36,32,"-",81,57,"CTCGC","DKO","D4","RepR2","S6","MSR","other"
"1055","FJ24-FJ25::chr9:2999602-3038819",36767,36769,0.814,86,70,"B","G","+",21,18,"-",65,52,"CACGT","DKO","D4","RepR2","S6","MSR","other"
"1056","FJ24-FJ25::chr9:2999602-3038819",36781,36783,0.908,314,285,"B","G","+",4,1,"-",310,284,"TTCGT","DKO","D4","RepR2","S6","MSR","other"
"1057","FJ24-FJ25::chr9:2999602-3038819",36879,36881,0,1,0,"-","G","+",0,0,"-",1,0,"TCGAC","DKO","D4","RepR2","S6","MSR","other"
"1058","FJ24-FJ25::chr9:2999602-3038819",36899,36901,0.667,12,8,"B","G","+",6,3,"-",6,5,"CTCGC","DKO","D4","RepR2","S6","MSR","other"
"1059","FJ24-FJ25::chr9:2999602-3038819",36939,36941,0.642,67,43,"B","G","+",7,6,"-",60,37,"TCCGT","DKO","D4","RepR2","S6","MSR","other"
"1060","FJ24-FJ25::chr9:2999602-3038819",36999,37001,0.681,47,32,"B","G","+",4,4,"-",43,28,"CACGT","DKO","D4","RepR2","S6","MSR","other"
"1061","FJ24-FJ25::chr9:2999602-3038819",37133,37135,0.933,15,14,"B","G","+",9,9,"-",6,5,"CTCGC","DKO","D4","RepR2","S6","MSR","other"
"1062","FJ24-FJ25::chr9:2999602-3038819",37145,37147,0.923,13,12,"B","G","+",7,7,"-",6,5,"CACGT","DKO","D4","RepR2","S6","MSR","other"
"1063","FJ24-FJ25::chr9:2999602-3038819",37173,37175,0.917,72,66,"B","G","+",10,8,"-",62,58,"TTCGT","DKO","D4","RepR2","S6","MSR","other"
"1064","FJ24-FJ25::chr9:2999602-3038819",37191,37193,0.937,63,59,"B","G","+",6,5,"-",57,54,"CTCGC","DKO","D4","RepR2","S6","MSR","other"
"1065","FJ24-FJ25::chr9:2999602-3038819",37233,37235,0.904,125,113,"B","G","+",11,7,"-",114,106,"CACGT","DKO","D4","RepR2","S6","MSR","other"
"1066","FJ24-FJ25::chr9:2999602-3038819",37319,37321,0.877,138,121,"B","G","+",56,46,"-",82,75,"CACGT","DKO","D4","RepR2","S6","MSR","other"
"1067","FJ24-FJ25::chr9:2999602-3038819",37367,37369,0.923,155,143,"B","G","+",151,139,"-",4,4,"CTCGC","DKO","D4","RepR2","S6","MSR","other"
"1068","FJ24-FJ25::chr9:2999602-3038819",37379,37381,0.856,160,137,"B","G","+",155,133,"-",5,4,"CACGT","DKO","D4","RepR2","S6","MSR","other"
"1069","FJ24-FJ25::chr9:2999602-3038819",37425,37427,0.727,139,101,"B","G","+",114,80,"-",25,21,"CTCGC","DKO","D4","RepR2","S6","MSR","other"
"1070","FJ24-FJ25::chr9:2999602-3038819",37467,37469,0.872,273,238,"B","G","+",47,30,"-",226,208,"CACGT","DKO","D4","RepR2","S6","MSR","other"
"1071","FJ24-FJ25::chr9:2999602-3038819",37483,37485,0.933,240,224,"B","G","+",29,24,"-",211,200,"TTCGT","DKO","D4","RepR2","S6","MSR","other"
"1072","FJ24-FJ25::chr9:2999602-3038819",37498,37500,0.91,256,233,"B","G","+",26,24,"-",230,209,"GACGT","DKO","D4","RepR2","S6","MSR","other"
"1073","FJ24-FJ25::chr9:2999602-3038819",37601,37603,0.875,56,49,"B","G","+",47,42,"-",9,7,"CTCGC","DKO","D4","RepR2","S6","MSR","other"
"1074","FJ24-FJ25::chr9:2999602-3038819",37613,37615,0.949,59,56,"B","G","+",49,47,"-",10,9,"CACGT","DKO","D4","RepR2","S6","MSR","other"
"1075","FJ24-FJ25::chr9:2999602-3038819",37641,37643,0.848,309,262,"B","G","+",46,39,"-",263,223,"TCCGT","DKO","D4","RepR2","S6","MSR","other"
"1076","FJ24-FJ25::chr9:2999602-3038819",37659,37661,0.899,287,258,"B","G","+",25,20,"-",262,238,"CTCGC","DKO","D4","RepR2","S6","MSR","other"
"1077","FJ24-FJ25::chr9:2999602-3038819",37701,37703,0.868,38,33,"B","G","+",10,7,"-",28,26,"CACGT","DKO","D4","RepR2","S6","MSR","other"
"1078","FJ24-FJ25::chr9:2999602-3038819",37835,37837,0.969,64,62,"B","G","+",61,59,"-",3,3,"CTCGC","DKO","D4","RepR2","S6","MSR","other"
"1079","FJ24-FJ25::chr9:2999602-3038819",37847,37849,0.96,50,48,"B","G","+",49,47,"-",1,1,"CACGT","DKO","D4","RepR2","S6","MSR","other"
"1080","FJ24-FJ25::chr9:2999602-3038819",37875,37877,0.842,57,48,"B","G","+",26,19,"-",31,29,"TTCGT","DKO","D4","RepR2","S6","MSR","other"
"1081","FJ24-FJ25::chr9:2999602-3038819",37893,37895,0.833,42,35,"B","G","+",7,3,"-",35,32,"CTCGC","DKO","D4","RepR2","S6","MSR","other"
"1082","FJ24-FJ25::chr9:2999602-3038819",37935,37937,0.721,43,31,"B","G","+",4,1,"-",39,30,"CACGT","DKO","D4","RepR2","S6","MSR","other"
"1083","FJ24-FJ25::chr9:2999602-3038819",38021,38023,0.756,41,31,"B","G","+",25,20,"-",16,11,"CACGT","DKO","D4","RepR2","S6","MSR","other"
"1084","FJ24-FJ25::chr9:2999602-3038819",38069,38071,0.931,130,121,"+","G","+",130,121,"-",0,0,"CTCGC","DKO","D4","RepR2","S6","MSR","other"
"1085","FJ24-FJ25::chr9:2999602-3038819",38081,38083,0.91,133,121,"+","G","+",133,121,"-",0,0,"CACGT","DKO","D4","RepR2","S6","MSR","other"
"1086","FJ24-FJ25::chr9:2999602-3038819",38127,38129,0.732,138,101,"B","G","+",122,87,"-",16,14,"CTCGC","DKO","D4","RepR2","S6","MSR","other"
"1087","FJ24-FJ25::chr9:2999602-3038819",38169,38171,0.778,126,98,"B","G","+",74,50,"-",52,48,"CACGT","DKO","D4","RepR2","S6","MSR","other"
"1088","FJ24-FJ25::chr9:2999602-3038819",38185,38187,0.952,83,79,"B","G","+",47,44,"-",36,35,"TTCGT","DKO","D4","RepR2","S6","MSR","other"
"1089","FJ24-FJ25::chr9:2999602-3038819",38200,38202,0.854,96,82,"B","G","+",49,43,"-",47,39,"GACGT","DKO","D4","RepR2","S6","MSR","other"
"1090","FJ24-FJ25::chr9:2999602-3038819",38303,38305,0.929,85,79,"B","G","+",61,55,"-",24,24,"CTCGC","DKO","D4","RepR2","S6","MSR","other"
"1091","FJ24-FJ25::chr9:2999602-3038819",38315,38317,0.939,98,92,"B","G","+",69,65,"-",29,27,"CACGT","DKO","D4","RepR2","S6","MSR","other"
"1092","FJ24-FJ25::chr9:2999602-3038819",38343,38345,0.887,1148,1018,"B","G","+",67,60,"-",1081,958,"TCCGT","DKO","D4","RepR2","S6","MSR","other"
"1093","FJ24-FJ25::chr9:2999602-3038819",38361,38363,0.823,1121,923,"B","G","+",38,36,"-",1083,887,"CTCGC","DKO","D4","RepR2","S6","MSR","other"
"1094","FJ24-FJ25::chr9:2999602-3038819",38403,38405,0.823,791,651,"B","G","+",38,22,"-",753,629,"CACGT","DKO","D4","RepR2","S6","MSR","other"
"1095","FJ24-FJ25::chr9:2999602-3038819",38419,38421,0.907,869,788,"B","G","+",36,34,"-",833,754,"TTCGT","DKO","D4","RepR2","S6","MSR","other"
"1096","FJ24-FJ25::chr9:2999602-3038819",38489,38491,0.914,626,572,"B","G","+",52,46,"-",574,526,"CACGT","DKO","D4","RepR2","S6","MSR","other"
"1097","FJ24-FJ25::chr9:2999602-3038819",38537,38539,0.91,234,213,"B","G","+",123,111,"-",111,102,"CTCGC","DKO","D4","RepR2","S6","MSR","other"
"1098","FJ24-FJ25::chr9:2999602-3038819",38549,38551,0.915,223,204,"B","G","+",120,109,"-",103,95,"CACGT","DKO","D4","RepR2","S6","MSR","other"
"1099","FJ24-FJ25::chr9:2999602-3038819",38637,38639,0.778,153,119,"B","G","+",32,26,"-",121,93,"CACGT","DKO","D4","RepR2","S6","MSR","other"
"1100","FJ24-FJ25::chr9:2999602-3038819",38653,38655,0.91,111,101,"B","G","+",20,17,"-",91,84,"TTCGT","DKO","D4","RepR2","S6","MSR","other"
"1101","FJ24-FJ25::chr9:35304805-35306009",436,438,0.921,127,117,"B","G","+",82,80,"-",45,37,"TGCGA","DKO","D4","RepR2","S6","MSR","other"
"1102","FJ24-FJ25::chr9:35304805-35306009",454,456,0.918,319,293,"B","G","+",215,198,"-",104,95,"CACGG","DKO","D4","RepR2","S6","MSR","other"
"1103","FJ24-FJ25::chr9:35304805-35306009",482,484,0.896,682,611,"B","G","+",569,505,"-",113,106,"GACGT","DKO","D4","RepR2","S6","MSR","other"
"1104","FJ24-FJ25::chr9:35304805-35306009",494,496,0.897,796,714,"B","G","+",671,601,"-",125,113,"GGCGA","DKO","D4","RepR2","S6","MSR","other"
"1105","FJ24-FJ25::chr9:35304805-35306009",612,614,0.896,194747,174531,"B","G","+",193969,173823,"-",778,708,"GACGA","DKO","D4","RepR2","S6","MSR","other"
"1106","FJ24-FJ25::chr9:35304805-35306009",628,630,0.787,181113,142468,"B","G","+",179965,141561,"-",1148,907,"AACGT","DKO","D4","RepR2","S6","MSR","other"
"1107","FJ24-FJ25::chr9:35304805-35306009",688,690,0.912,191928,174978,"B","G","+",190151,173369,"-",1777,1609,"CACGG","DKO","D4","RepR2","S6","MSR","other"
"1108","FJ24-FJ25::chr9:35304805-35306009",716,718,0.893,2327,2077,"B","G","+",890,771,"-",1437,1306,"GACGT","DKO","D4","RepR2","S6","MSR","other"
"1109","FJ24-FJ25::chr9:35304805-35306009",728,730,0.898,2088,1875,"B","G","+",808,714,"-",1280,1161,"GGCGA","DKO","D4","RepR2","S6","MSR","other"
"1110","FJ24-FJ25::chr9:35304805-35306009",776,778,0.818,358,293,"B","G","+",174,127,"-",184,166,"GACGT","DKO","D4","RepR2","S6","MSR","other"
"1111","FJ24-FJ25::chr9:35304805-35306009",1063,1065,0.0181,166,3,"B","G","+",130,1,"-",36,2,"CCCGG","DKO","D4","RepR2","S6","MSR","other"
"1112","FJ24-FJ25::chrX:75643946-75646608",1615,1617,1,1,1,"+","G","+",1,1,"-",0,0,"CTCGC","DKO","D4","RepR2","S6","MSR","other"
"1113","FJ24-FJ25::chrX:75643946-75646608",1667,1669,1,1,1,"+","G","+",1,1,"-",0,0,"AGCGT","DKO","D4","RepR2","S6","MSR","other"
"1114","FJ24-FJ25::chrX:75643946-75646608",1674,1676,1,1,1,"+","G","+",1,1,"-",0,0,"CTCGA","DKO","D4","RepR2","S6","MSR","other"
"1115","FJ24-FJ25::chrX:75643946-75646608",2448,2450,0.32,575,184,"B","G","+",146,102,"-",429,82,"TCCGG","DKO","D4","RepR2","S6","MSR","other"
"1116","FJ24-FJ25::chrX:75643946-75646608",2589,2591,0.123,325,40,"B","G","+",30,27,"-",295,13,"GTCGG","DKO","D4","RepR2","S6","MSR","other"
"1117","FJ28-FJ29.FJ26-FJ27::chrX:103482701-103483891",383,385,0.667,3,2,"+","G","+",3,2,"-",0,0,"CTCGT","DKO","D4","RepR2","S6","RE58","other"
"1118","FJ28-FJ29.FJ26-FJ27::chrX:103482701-103483891",480,482,0.831,1313835,1092389,"+","G","+",1313835,1092389,"-",0,0,"CACGG","DKO","D4","RepR2","S6","RE58","RE58_CGI_2"
"1119","FJ28-FJ29.FJ26-FJ27::chrX:103482701-103483891",489,491,0.847,1303534,1104631,"+","G","+",1303534,1104631,"-",0,0,"ACCGC","DKO","D4","RepR2","S6","RE58","RE58_CGI_2"
"1120","FJ28-FJ29.FJ26-FJ27::chrX:103482701-103483891",499,501,0.863,1318327,1137254,"+","G","+",1318327,1137254,"-",0,0,"CACGG","DKO","D4","RepR2","S6","RE58","RE58_CGI_2"
"1121","FJ28-FJ29.FJ26-FJ27::chrX:103482701-103483891",506,508,0.861,1322983,1139555,"+","G","+",1322983,1139555,"-",0,0,"AACGA","DKO","D4","RepR2","S6","RE58","RE58_CGI_2"
"1122","FJ28-FJ29.FJ26-FJ27::chrX:103482701-103483891",530,532,0.864,1323404,1142909,"+","G","+",1323404,1142909,"-",0,0,"GCCGT","DKO","D4","RepR2","S6","RE58","RE58_CGI_2"
"1123","FJ28-FJ29.FJ26-FJ27::chrX:103482701-103483891",537,539,0.866,1319775,1143303,"+","G","+",1319775,1143303,"-",0,0,"CACGC","DKO","D4","RepR2","S6","RE58","RE58_CGI_2"
"1124","FJ28-FJ29.FJ26-FJ27::chrX:103482701-103483891",552,554,0.695,1302615,905168,"+","G","+",1302615,905168,"-",0,0,"TCCGC","DKO","D4","RepR2","S6","RE58","RE58_CGI_2"
"1125","FJ28-FJ29.FJ26-FJ27::chrX:103482701-103483891",554,556,0.855,1308803,1118776,"+","G","+",1308803,1118776,"-",0,0,"CGCGG","DKO","D4","RepR2","S6","RE58","RE58_CGI_2"
"1126","FJ28-FJ29.FJ26-FJ27::chrX:103482701-103483891",557,559,0.815,1316348,1072491,"+","G","+",1316348,1072491,"-",0,0,"GGCGC","DKO","D4","RepR2","S6","RE58","RE58_CGI_2"
"1127","FJ28-FJ29.FJ26-FJ27::chrX:103482701-103483891",566,568,0.873,1316053,1149541,"+","G","+",1316053,1149541,"-",0,0,"GGCGG","DKO","D4","RepR2","S6","RE58","RE58_CGI_2"
"1128","FJ28-FJ29.FJ26-FJ27::chrX:103482701-103483891",675,677,0.962,2113683,2033571,"B","G","+",1297012,1217404,"-",816671,816167,"TACGT","DKO","D4","RepR2","S6","RE58","RE58_CGI_1"
"1129","FJ28-FJ29.FJ26-FJ27::chrX:103482701-103483891",694,696,0.902,2105831,1899293,"B","G","+",1297566,1091593,"-",808265,807700,"GACGC","DKO","D4","RepR2","S6","RE58","RE58_CGI_1"
"1130","FJ28-FJ29.FJ26-FJ27::chrX:103482701-103483891",696,698,0.914,2112229,1930672,"B","G","+",1297576,1116397,"-",814653,814275,"CGCGT","DKO","D4","RepR2","S6","RE58","RE58_CGI_1"
"1131","FJ28-FJ29.FJ26-FJ27::chrX:103482701-103483891",715,717,0.895,2096751,1877011,"B","G","+",1294124,1074757,"-",802627,802254,"TGCGC","DKO","D4","RepR2","S6","RE58","RE58_CGI_1"
"1132","FJ28-FJ29.FJ26-FJ27::chrX:103482701-103483891",717,719,0.898,2097865,1884592,"B","G","+",1292332,1079530,"-",805533,805062,"CGCGA","DKO","D4","RepR2","S6","RE58","RE58_CGI_1"
"1133","FJ28-FJ29.FJ26-FJ27::chrX:103482701-103483891",753,755,0.694,1146744,796151,"B","G","+",468887,118401,"-",677857,677750,"AACGT","DKO","D4","RepR2","S6","RE58","RE58_CGI_1"
"1134","FJ14-FJ15.FJ10-FJ11::chrX:103481327-103482781",433,435,0.687,99,68,"+","G","+",99,68,"-",0,0,"TCCGC","DKO","D4","RepR3","S9","RE57","RE57_YY1"
"1135","FJ14-FJ15.FJ10-FJ11::chrX:103481327-103482781",520,522,0.688,64,44,"+","G","+",64,44,"-",0,0,"TGCGT","DKO","D4","RepR3","S9","RE57","RE57_YY1"
"1136","FJ14-FJ15.FJ10-FJ11::chrX:103481327-103482781",528,530,0.714,63,45,"+","G","+",63,45,"-",0,0,"ACCGC","DKO","D4","RepR3","S9","RE57","RE57_YY1"
"1137","FJ14-FJ15.FJ10-FJ11::chrX:103481327-103482781",546,548,0.721,61,44,"+","G","+",61,44,"-",0,0,"GCCGC","DKO","D4","RepR3","S9","RE57","RE57_YY1"
"1138","FJ14-FJ15.FJ10-FJ11::chrX:103481327-103482781",563,565,0.794,63,50,"+","G","+",63,50,"-",0,0,"TACGA","DKO","D4","RepR3","S9","RE57","RE57_YY1"
"1139","FJ14-FJ15.FJ10-FJ11::chrX:103481327-103482781",617,619,0.754,69,52,"+","G","+",69,52,"-",0,0,"GTCGA","DKO","D4","RepR3","S9","RE57","RE57_YY1"
"1140","FJ14-FJ15.FJ10-FJ11::chrX:103481327-103482781",624,626,0.783,69,54,"+","G","+",69,54,"-",0,0,"CTCGG","DKO","D4","RepR3","S9","RE57","RE57_YY1"
"1141","FJ14-FJ15.FJ10-FJ11::chrX:103481327-103482781",637,639,0.812,69,56,"+","G","+",69,56,"-",0,0,"CCCGA","DKO","D4","RepR3","S9","RE57","RE57_YY1"
"1142","FJ14-FJ15.FJ10-FJ11::chrX:103481327-103482781",642,644,0.732,71,52,"+","G","+",71,52,"-",0,0,"GCCGC","DKO","D4","RepR3","S9","RE57","RE57_YY1"
"1143","FJ14-FJ15.FJ10-FJ11::chrX:103481327-103482781",736,738,0.5,2,1,"+","G","+",2,1,"-",0,0,"CACGC","DKO","D4","RepR3","S9","RE57","RE57_CGI"
"1144","FJ14-FJ15.FJ10-FJ11::chrX:103481327-103482781",763,765,0.5,2,1,"+","G","+",2,1,"-",0,0,"TGCGG","DKO","D4","RepR3","S9","RE57","RE57_CGI"
"1145","FJ14-FJ15.FJ10-FJ11::chrX:103481327-103482781",770,772,0.5,2,1,"+","G","+",2,1,"-",0,0,"TCCGC","DKO","D4","RepR3","S9","RE57","RE57_CGI"
"1146","FJ14-FJ15.FJ10-FJ11::chrX:103481327-103482781",772,774,0.5,2,1,"+","G","+",2,1,"-",0,0,"CGCGC","DKO","D4","RepR3","S9","RE57","RE57_CGI"
"1147","FJ14-FJ15.FJ10-FJ11::chrX:103481327-103482781",780,782,0.5,2,1,"+","G","+",2,1,"-",0,0,"ACCGC","DKO","D4","RepR3","S9","RE57","RE57_CGI"
"1148","FJ14-FJ15.FJ10-FJ11::chrX:103481327-103482781",792,794,0.5,2,1,"+","G","+",2,1,"-",0,0,"TACGA","DKO","D4","RepR3","S9","RE57","RE57_CGI"
"1149","FJ14-FJ15.FJ10-FJ11::chrX:103481327-103482781",817,819,0.5,2,1,"+","G","+",2,1,"-",0,0,"TCCGG","DKO","D4","RepR3","S9","RE57","RE57_CGI"
"1150","FJ14-FJ15.FJ10-FJ11::chrX:103481327-103482781",832,834,0.5,2,1,"+","G","+",2,1,"-",0,0,"CCCGC","DKO","D4","RepR3","S9","RE57","RE57_CGI"
"1151","FJ14-FJ15.FJ10-FJ11::chrX:103481327-103482781",929,931,0.667,3,2,"+","G","+",3,2,"-",0,0,"TCCGC","DKO","D4","RepR3","S9","RE57","RE57_CGI"
"1152","FJ14-FJ15.FJ10-FJ11::chrX:103481327-103482781",941,943,0.75,4,3,"+","G","+",4,3,"-",0,0,"CTCGG","DKO","D4","RepR3","S9","RE57","RE57_CGI"
"1153","FJ14-FJ15.FJ10-FJ11::chrX:103481327-103482781",959,961,0.857,7,6,"+","G","+",7,6,"-",0,0,"GGCGT","DKO","D4","RepR3","S9","RE57","RE57_CGI"
"1154","FJ14-FJ15.FJ10-FJ11::chrX:103481327-103482781",970,972,0.833,6,5,"+","G","+",6,5,"-",0,0,"CTCGA","DKO","D4","RepR3","S9","RE57","RE57_CGI"
"1155","FJ14-FJ15.FJ10-FJ11::chrX:103481327-103482781",980,982,0.833,6,5,"+","G","+",6,5,"-",0,0,"GCCGT","DKO","D4","RepR3","S9","RE57","RE57_CGI"
"1156","FJ14-FJ15.FJ10-FJ11::chrX:103481327-103482781",987,989,0.857,7,6,"+","G","+",7,6,"-",0,0,"CACGC","DKO","D4","RepR3","S9","RE57","RE57_CGI"
"1157","FJ14-FJ15.FJ10-FJ11::chrX:103481327-103482781",1004,1006,0.857,7,6,"+","G","+",7,6,"-",0,0,"GGCGG","DKO","D4","RepR3","S9","RE57","RE57_CGI"
"1158","FJ14-FJ15.FJ10-FJ11::chrX:103481327-103482781",1008,1010,0.857,7,6,"+","G","+",7,6,"-",0,0,"GACGC","DKO","D4","RepR3","S9","RE57","RE57_CGI"
"1159","FJ14-FJ15.FJ10-FJ11::chrX:103481327-103482781",1010,1012,0.833,6,5,"+","G","+",6,5,"-",0,0,"CGCGG","DKO","D4","RepR3","S9","RE57","RE57_CGI"
"1160","FJ14-FJ15.FJ10-FJ11::chrX:103481327-103482781",1021,1023,1,6,6,"+","G","+",6,6,"-",0,0,"CACGC","DKO","D4","RepR3","S9","RE57","RE57_CGI"
"1161","FJ24-FJ25.FJ24-FJ25.FJ24-FJ25.FJ24-FJ25.FJ24-FJ25.FJ24-FJ25.FJ24-FJ25.FJ24-FJ25::chrX:75658294-75672942",71,73,0,1,0,"+","G","+",1,0,"-",0,0,"ACCGA","DKO","D4","RepR3","S9","MSR","other"
"1162","FJ24-FJ25.FJ24-FJ25.FJ24-FJ25.FJ24-FJ25.FJ24-FJ25.FJ24-FJ25.FJ24-FJ25.FJ24-FJ25::chrX:75658294-75672942",212,214,1,1,1,"+","G","+",1,1,"-",0,0,"CCCGG","DKO","D4","RepR3","S9","MSR","other"
"1163","FJ24-FJ25.FJ24-FJ25.FJ24-FJ25::chrX:75646518-75653780",177,179,1,1,1,"-","G","+",0,0,"-",1,1,"GCGGC","DKO","D4","RepR3","S9","MSR","other"
"1164","FJ24-FJ25.FJ24-FJ25::chr2:98661834-98663393",730,732,1,2,2,"+","G","+",2,2,"-",0,0,"AACGA","DKO","D4","RepR3","S9","MSR","other"
"1165","FJ24-FJ25.FJ24-FJ25::chr2:98661834-98663393",766,768,0,2,0,"+","G","+",2,0,"-",0,0,"TACGT","DKO","D4","RepR3","S9","MSR","other"
"1166","FJ24-FJ25.FJ24-FJ25::chr2:98661834-98663393",794,796,0,2,0,"+","G","+",2,0,"-",0,0,"TTCGA","DKO","D4","RepR3","S9","MSR","other"
"1167","FJ24-FJ25.FJ24-FJ25::chr2:98661834-98663393",850,852,1,1,1,"+","G","+",1,1,"-",0,0,"AACGA","DKO","D4","RepR3","S9","MSR","other"
"1168","FJ24-FJ25.FJ24-FJ25::chr2:98661834-98663393",1021,1023,0.952,62,59,"+","G","+",62,59,"-",0,0,"GACGT","DKO","D4","RepR3","S9","MSR","other"
"1169","FJ24-FJ25::chr14:19415282-19420102",475,477,1,1,1,"+","G","+",1,1,"-",0,0,"CACGG","DKO","D4","RepR3","S9","MSR","other"
"1170","FJ24-FJ25::chr14:19415282-19420102",633,635,1,1,1,"-","G","+",0,0,"-",1,1,"ACGAA","DKO","D4","RepR3","S9","MSR","other"
"1171","FJ24-FJ25::chr14:19415282-19420102",1276,1278,1,1,1,"+","G","+",1,1,"-",0,0,"GGCGA","DKO","D4","RepR3","S9","MSR","other"
"1172","FJ24-FJ25::chr14:19415282-19420102",1294,1296,1,1,1,"+","G","+",1,1,"-",0,0,"CACGG","DKO","D4","RepR3","S9","MSR","other"
"1173","FJ24-FJ25::chr14:19415282-19420102",2022,2024,1,2,2,"+","G","+",2,2,"-",0,0,"GACGA","DKO","D4","RepR3","S9","MSR","other"
"1174","FJ24-FJ25::chr14:19415282-19420102",2037,2039,1,2,2,"+","G","+",2,2,"-",0,0,"GACGA","DKO","D4","RepR3","S9","MSR","other"
"1175","FJ24-FJ25::chr14:19415282-19420102",2053,2055,0,1,0,"+","G","+",1,0,"-",0,0,"AACGT","DKO","D4","RepR3","S9","MSR","other"
"1176","FJ24-FJ25::chr14:19415282-19420102",2929,2931,0.333,6,2,"+","G","+",6,2,"-",0,0,"CACGG","DKO","D4","RepR3","S9","MSR","other"
"1177","FJ24-FJ25::chr14:19415282-19420102",3386,3388,1,1,1,"+","G","+",1,1,"-",0,0,"AACGG","DKO","D4","RepR3","S9","MSR","other"
"1178","FJ24-FJ25::chr14:19415282-19420102",3396,3398,1,1,1,"+","G","+",1,1,"-",0,0,"CACGG","DKO","D4","RepR3","S9","MSR","other"
"1179","FJ24-FJ25::chr2:98666144-98667732",446,448,1,3,3,"B","G","+",1,1,"-",2,2,"GACGA","DKO","D4","RepR3","S9","MSR","other"
"1180","FJ24-FJ25::chr2:98666144-98667732",461,463,1,3,3,"B","G","+",1,1,"-",2,2,"GACGA","DKO","D4","RepR3","S9","MSR","other"
"1181","FJ24-FJ25::chr2:98666144-98667732",477,479,1,4,4,"B","G","+",3,3,"-",1,1,"TACGT","DKO","D4","RepR3","S9","MSR","other"
"1182","FJ24-FJ25::chr2:98666144-98667732",537,539,1,1,1,"+","G","+",1,1,"-",0,0,"CACGG","DKO","D4","RepR3","S9","MSR","other"
"1183","FJ24-FJ25::chr2:98666144-98667732",577,579,1,1,1,"-","G","+",0,0,"-",1,1,"GCGAG","DKO","D4","RepR3","S9","MSR","other"
"1184","FJ24-FJ25::chr2:98666144-98667732",625,627,0.833,12,10,"+","G","+",12,10,"-",0,0,"GACGT","DKO","D4","RepR3","S9","MSR","other"
"1185","FJ24-FJ25::chr2:98666144-98667732",680,682,1,5,5,"+","G","+",5,5,"-",0,0,"GACGA","DKO","D4","RepR3","S9","MSR","other"
"1186","FJ24-FJ25::chr2:98666144-98667732",695,697,1,4,4,"+","G","+",4,4,"-",0,0,"GACGA","DKO","D4","RepR3","S9","MSR","other"
"1187","FJ24-FJ25::chr2:98666144-98667732",711,713,0.75,4,3,"+","G","+",4,3,"-",0,0,"AACGT","DKO","D4","RepR3","S9","MSR","other"
"1188","FJ24-FJ25::chr2:98666144-98667732",753,755,1,1,1,"+","G","+",1,1,"-",0,0,"GGCGA","DKO","D4","RepR3","S9","MSR","other"
"1189","FJ24-FJ25::chr2:98666144-98667732",771,773,1,1,1,"+","G","+",1,1,"-",0,0,"CACGG","DKO","D4","RepR3","S9","MSR","other"
"1190","FJ24-FJ25::chr2:98666144-98667732",799,801,0,1,0,"-","G","+",0,0,"-",1,0,"ACGTG","DKO","D4","RepR3","S9","MSR","other"
"1191","FJ24-FJ25::chr2:98666144-98667732",811,813,1,1,1,"-","G","+",0,0,"-",1,1,"GCGAG","DKO","D4","RepR3","S9","MSR","other"
"1192","FJ24-FJ25::chr2:98666144-98667732",859,861,0.5,2,1,"B","G","+",1,1,"-",1,0,"GACGT","DKO","D4","RepR3","S9","MSR","other"
"1193","FJ24-FJ25::chr2:98666144-98667732",946,948,1,5,5,"B","G","+",4,4,"-",1,1,"GACGA","DKO","D4","RepR3","S9","MSR","other"
"1194","FJ24-FJ25::chr2:98666144-98667732",962,964,1,6,6,"B","G","+",5,5,"-",1,1,"AACGT","DKO","D4","RepR3","S9","MSR","other"
"1195","FJ24-FJ25::chr2:98666144-98667732",1004,1006,0.545,11,6,"B","G","+",10,6,"-",1,0,"GGCGA","DKO","D4","RepR3","S9","MSR","other"
"1196","FJ24-FJ25::chr2:98666144-98667732",1022,1024,1,12,12,"B","G","+",11,11,"-",1,1,"CACGG","DKO","D4","RepR3","S9","MSR","other"
"1197","FJ24-FJ25::chr2:98666144-98667732",1050,1052,1,1,1,"-","G","+",0,0,"-",1,1,"ACGTG","DKO","D4","RepR3","S9","MSR","other"
"1198","FJ24-FJ25::chr2:98666144-98667732",1062,1064,1,2,2,"-","G","+",0,0,"-",2,2,"GCGAG","DKO","D4","RepR3","S9","MSR","other"
"1199","FJ24-FJ25::chr2:98666144-98667732",1110,1112,0.917,12,11,"B","G","+",11,11,"-",1,0,"GACGT","DKO","D4","RepR3","S9","MSR","other"
"1200","FJ24-FJ25::chr2:98666144-98667732",1165,1167,1,2,2,"B","G","+",1,1,"-",1,1,"GACGA","DKO","D4","RepR3","S9","MSR","other"
"1201","FJ24-FJ25::chr4:70377716-70378654",463,465,1,4,4,"+","G","+",4,4,"-",0,0,"GGCGA","DKO","D4","RepR3","S9","MSR","other"
"1202","FJ24-FJ25::chr4:70377716-70378654",481,483,1,4,4,"+","G","+",4,4,"-",0,0,"CACGG","DKO","D4","RepR3","S9","MSR","other"
"1203","FJ24-FJ25::chr9:21878296-21879293",900,902,1,1,1,"-","G","+",0,0,"-",1,1,"CCGCG","DKO","D4","RepR3","S9","MSR","other"
"1204","FJ24-FJ25::chr9:21878296-21879293",912,914,1,1,1,"-","G","+",0,0,"-",1,1,"TCGCC","DKO","D4","RepR3","S9","MSR","other"
"1205","FJ24-FJ25::chr9:21878296-21879293",915,917,1,1,1,"-","G","+",0,0,"-",1,1,"CCGTT","DKO","D4","RepR3","S9","MSR","other"
"1206","FJ24-FJ25::chr9:21878296-21879293",928,930,1,1,1,"-","G","+",0,0,"-",1,1,"GCGCT","DKO","D4","RepR3","S9","MSR","other"
"1207","FJ24-FJ25::chr9:2999602-3038819",778,780,1,2,2,"-","G","+",0,0,"-",2,2,"CCGTG","DKO","D4","RepR3","S9","MSR","other"
"1208","FJ24-FJ25::chr9:2999602-3038819",796,798,1,2,2,"-","G","+",0,0,"-",2,2,"TCGAC","DKO","D4","RepR3","S9","MSR","other"
"1209","FJ24-FJ25::chr9:2999602-3038819",1422,1424,1,2,2,"-","G","+",0,0,"-",2,2,"CCGTG","DKO","D4","RepR3","S9","MSR","other"
"1210","FJ24-FJ25::chr9:2999602-3038819",1890,1892,1,3,3,"-","G","+",0,0,"-",3,3,"CCGTG","DKO","D4","RepR3","S9","MSR","other"
"1211","FJ24-FJ25::chr9:2999602-3038819",1908,1910,1,1,1,"-","G","+",0,0,"-",1,1,"TCGCC","DKO","D4","RepR3","S9","MSR","other"
"1212","FJ24-FJ25::chr9:2999602-3038819",2825,2827,1,4,4,"-","G","+",0,0,"-",4,4,"CCGTG","DKO","D4","RepR3","S9","MSR","other"
"1213","FJ24-FJ25::chr9:2999602-3038819",3175,3177,1,2,2,"-","G","+",0,0,"-",2,2,"CCGTG","DKO","D4","RepR3","S9","MSR","other"
"1214","FJ24-FJ25::chr9:2999602-3038819",3193,3195,1,2,2,"-","G","+",0,0,"-",2,2,"TCGCC","DKO","D4","RepR3","S9","MSR","other"
"1215","FJ24-FJ25::chr9:2999602-3038819",4520,4522,0.85,20,17,"-","G","+",0,0,"-",20,17,"CCGTG","DKO","D4","RepR3","S9","MSR","other"
"1216","FJ24-FJ25::chr9:2999602-3038819",4580,4582,0,1,0,"-","G","+",0,0,"-",1,0,"ACGTT","DKO","D4","RepR3","S9","MSR","other"
"1217","FJ24-FJ25::chr9:2999602-3038819",4596,4598,1,1,1,"-","G","+",0,0,"-",1,1,"TCGTC","DKO","D4","RepR3","S9","MSR","other"
"1218","FJ24-FJ25::chr9:2999602-3038819",4611,4613,0,1,0,"-","G","+",0,0,"-",1,0,"TCGTC","DKO","D4","RepR3","S9","MSR","other"
"1219","FJ24-FJ25::chr9:2999602-3038819",4987,4989,1,2,2,"-","G","+",0,0,"-",2,2,"CCGTG","DKO","D4","RepR3","S9","MSR","other"
"1220","FJ24-FJ25::chr9:2999602-3038819",5005,5007,1,2,2,"-","G","+",0,0,"-",2,2,"TCGCC","DKO","D4","RepR3","S9","MSR","other"
"1221","FJ24-FJ25::chr9:2999602-3038819",5047,5049,0,1,0,"-","G","+",0,0,"-",1,0,"ACGTT","DKO","D4","RepR3","S9","MSR","other"
"1222","FJ24-FJ25::chr9:2999602-3038819",5063,5065,1,1,1,"-","G","+",0,0,"-",1,1,"TCGTC","DKO","D4","RepR3","S9","MSR","other"
"1223","FJ24-FJ25::chr9:2999602-3038819",5078,5080,0,1,0,"-","G","+",0,0,"-",1,0,"TCGTC","DKO","D4","RepR3","S9","MSR","other"
"1224","FJ24-FJ25::chr9:2999602-3038819",6760,6762,1,2,2,"-","G","+",0,0,"-",2,2,"TCGCC","DKO","D4","RepR3","S9","MSR","other"
"1225","FJ24-FJ25::chr9:2999602-3038819",7209,7211,0.9,20,18,"-","G","+",0,0,"-",20,18,"CCGTG","DKO","D4","RepR3","S9","MSR","other"
"1226","FJ24-FJ25::chr9:2999602-3038819",7227,7229,1,21,21,"-","G","+",0,0,"-",21,21,"TCGCC","DKO","D4","RepR3","S9","MSR","other"
"1227","FJ24-FJ25::chr9:2999602-3038819",7698,7700,1,2,2,"-","G","+",0,0,"-",2,2,"TCGCC","DKO","D4","RepR3","S9","MSR","other"
"1228","FJ24-FJ25::chr9:2999602-3038819",8032,8034,1,3,3,"-","G","+",0,0,"-",3,3,"CCGTG","DKO","D4","RepR3","S9","MSR","other"
"1229","FJ24-FJ25::chr9:2999602-3038819",8050,8052,1,2,2,"-","G","+",0,0,"-",2,2,"TCGCC","DKO","D4","RepR3","S9","MSR","other"
"1230","FJ24-FJ25::chr9:2999602-3038819",8909,8911,0.75,12,9,"-","G","+",0,0,"-",12,9,"CCGTG","DKO","D4","RepR3","S9","MSR","other"
"1231","FJ24-FJ25::chr9:2999602-3038819",9984,9986,0.5,2,1,"-","G","+",0,0,"-",2,1,"CCGTG","DKO","D4","RepR3","S9","MSR","other"
"1232","FJ24-FJ25::chr9:2999602-3038819",10002,10004,1,2,2,"-","G","+",0,0,"-",2,2,"TCGCC","DKO","D4","RepR3","S9","MSR","other"
"1233","FJ24-FJ25::chr9:2999602-3038819",10217,10219,1,7,7,"-","G","+",0,0,"-",7,7,"CCGTG","DKO","D4","RepR3","S9","MSR","other"
"1234","FJ24-FJ25::chr9:2999602-3038819",10684,10686,0.5,2,1,"-","G","+",0,0,"-",2,1,"CCGTG","DKO","D4","RepR3","S9","MSR","other"
"1235","FJ24-FJ25::chr9:2999602-3038819",10702,10704,1,2,2,"-","G","+",0,0,"-",2,2,"TCGCC","DKO","D4","RepR3","S9","MSR","other"
"1236","FJ24-FJ25::chr9:2999602-3038819",11327,11329,1,16,16,"-","G","+",0,0,"-",16,16,"CCGTG","DKO","D4","RepR3","S9","MSR","other"
"1237","FJ24-FJ25::chr9:2999602-3038819",13670,13672,0.909,11,10,"-","G","+",0,0,"-",11,10,"CCGTG","DKO","D4","RepR3","S9","MSR","other"
"1238","FJ24-FJ25::chr9:2999602-3038819",13904,13906,1,1,1,"-","G","+",0,0,"-",1,1,"CCGTG","DKO","D4","RepR3","S9","MSR","other"
"1239","FJ24-FJ25::chr9:2999602-3038819",13922,13924,1,1,1,"-","G","+",0,0,"-",1,1,"TCGCC","DKO","D4","RepR3","S9","MSR","other"
"1240","FJ24-FJ25::chr9:2999602-3038819",14623,14625,1,2,2,"-","G","+",0,0,"-",2,2,"TCGCC","DKO","D4","RepR3","S9","MSR","other"
"1241","FJ24-FJ25::chr9:2999602-3038819",14839,14841,1,1,1,"-","G","+",0,0,"-",1,1,"CCGTG","DKO","D4","RepR3","S9","MSR","other"
"1242","FJ24-FJ25::chr9:2999602-3038819",15500,15502,1,2,2,"-","G","+",0,0,"-",2,2,"TCGCT","DKO","D4","RepR3","S9","MSR","other"
"1243","FJ24-FJ25::chr9:2999602-3038819",17471,17473,1,15,15,"-","G","+",0,0,"-",15,15,"CCGTG","DKO","D4","RepR3","S9","MSR","other"
"1244","FJ24-FJ25::chr9:2999602-3038819",17705,17707,1,1,1,"-","G","+",0,0,"-",1,1,"CCGTG","DKO","D4","RepR3","S9","MSR","other"
"1245","FJ24-FJ25::chr9:2999602-3038819",17956,17958,1,2,2,"-","G","+",0,0,"-",2,2,"TCGCC","DKO","D4","RepR3","S9","MSR","other"
"1246","FJ24-FJ25::chr9:2999602-3038819",18348,18350,0.917,24,22,"-","G","+",0,0,"-",24,22,"CCGTG","DKO","D4","RepR3","S9","MSR","other"
"1247","FJ24-FJ25::chr9:2999602-3038819",18408,18410,1,1,1,"-","G","+",0,0,"-",1,1,"ACGTT","DKO","D4","RepR3","S9","MSR","other"
"1248","FJ24-FJ25::chr9:2999602-3038819",18424,18426,1,1,1,"-","G","+",0,0,"-",1,1,"TCGTC","DKO","D4","RepR3","S9","MSR","other"
"1249","FJ24-FJ25::chr9:2999602-3038819",18439,18441,1,1,1,"-","G","+",0,0,"-",1,1,"TCGTC","DKO","D4","RepR3","S9","MSR","other"
"1250","FJ24-FJ25::chr9:2999602-3038819",19009,19011,1,1,1,"-","G","+",0,0,"-",1,1,"TCGCC","DKO","D4","RepR3","S9","MSR","other"
"1251","FJ24-FJ25::chr9:2999602-3038819",19021,19023,1,1,1,"-","G","+",0,0,"-",1,1,"ACGTC","DKO","D4","RepR3","S9","MSR","other"
"1252","FJ24-FJ25::chr9:2999602-3038819",19049,19051,0.769,26,20,"-","G","+",0,0,"-",26,20,"CCGTG","DKO","D4","RepR3","S9","MSR","other"
"1253","FJ24-FJ25::chr9:2999602-3038819",19535,19537,1,2,2,"-","G","+",0,0,"-",2,2,"TCGCA","DKO","D4","RepR3","S9","MSR","other"
"1254","FJ24-FJ25::chr9:2999602-3038819",20685,20687,1,1,1,"-","G","+",0,0,"-",1,1,"CCGTG","DKO","D4","RepR3","S9","MSR","other"
"1255","FJ24-FJ25::chr9:2999602-3038819",20703,20705,0,1,0,"-","G","+",0,0,"-",1,0,"TCGCC","DKO","D4","RepR3","S9","MSR","other"
"1256","FJ24-FJ25::chr9:2999602-3038819",20918,20920,1,22,22,"-","G","+",0,0,"-",22,22,"CCGTG","DKO","D4","RepR3","S9","MSR","other"
"1257","FJ24-FJ25::chr9:2999602-3038819",20936,20938,0.8,20,16,"-","G","+",0,0,"-",20,16,"TCGCC","DKO","D4","RepR3","S9","MSR","other"
"1258","FJ24-FJ25::chr9:2999602-3038819",20978,20980,1,2,2,"-","G","+",0,0,"-",2,2,"ACGTT","DKO","D4","RepR3","S9","MSR","other"
"1259","FJ24-FJ25::chr9:2999602-3038819",21243,21245,1,1,1,"-","G","+",0,0,"-",1,1,"TCGTC","DKO","D4","RepR3","S9","MSR","other"
"1260","FJ24-FJ25::chr9:2999602-3038819",22498,22500,1,10,10,"-","G","+",0,0,"-",10,10,"CCGTG","DKO","D4","RepR3","S9","MSR","other"
"1261","FJ24-FJ25::chr9:2999602-3038819",22965,22967,0.875,8,7,"-","G","+",0,0,"-",8,7,"CCGTG","DKO","D4","RepR3","S9","MSR","other"
"1262","FJ24-FJ25::chr9:2999602-3038819",23843,23845,1,1,1,"-","G","+",0,0,"-",1,1,"CCGTG","DKO","D4","RepR3","S9","MSR","other"
"1263","FJ24-FJ25::chr9:2999602-3038819",23903,23905,0.333,3,1,"B","G","+",1,1,"-",2,0,"CACGT","DKO","D4","RepR3","S9","MSR","other"
"1264","FJ24-FJ25::chr9:2999602-3038819",23934,23936,1,2,2,"-","G","+",0,0,"-",2,2,"TCGTC","DKO","D4","RepR3","S9","MSR","other"
"1265","FJ24-FJ25::chr9:2999602-3038819",24077,24079,0.759,29,22,"-","G","+",0,0,"-",29,22,"CCGTG","DKO","D4","RepR3","S9","MSR","other"
"1266","FJ24-FJ25::chr9:2999602-3038819",24544,24546,1,18,18,"-","G","+",0,0,"-",18,18,"CCGTG","DKO","D4","RepR3","S9","MSR","other"
"1267","FJ24-FJ25::chr9:2999602-3038819",24562,24564,0.895,19,17,"-","G","+",0,0,"-",19,17,"TCGCC","DKO","D4","RepR3","S9","MSR","other"
"1268","FJ24-FJ25::chr9:2999602-3038819",24778,24780,1,1,1,"+","G","+",1,1,"-",0,0,"TCCGT","DKO","D4","RepR3","S9","MSR","other"
"1269","FJ24-FJ25::chr9:2999602-3038819",24796,24798,1,1,1,"+","G","+",1,1,"-",0,0,"CTCGC","DKO","D4","RepR3","S9","MSR","other"
"1270","FJ24-FJ25::chr9:2999602-3038819",24838,24840,1,3,3,"B","G","+",1,1,"-",2,2,"CACGT","DKO","D4","RepR3","S9","MSR","other"
"1271","FJ24-FJ25::chr9:2999602-3038819",24854,24856,1,5,5,"B","G","+",4,4,"-",1,1,"TTCGT","DKO","D4","RepR3","S9","MSR","other"
"1272","FJ24-FJ25::chr9:2999602-3038819",24869,24871,1,7,7,"B","G","+",5,5,"-",2,2,"GTCGT","DKO","D4","RepR3","S9","MSR","other"
"1273","FJ24-FJ25::chr9:2999602-3038819",25012,25014,0.9,30,27,"-","G","+",0,0,"-",30,27,"CCGTG","DKO","D4","RepR3","S9","MSR","other"
"1274","FJ24-FJ25::chr9:2999602-3038819",25946,25948,0.931,29,27,"-","G","+",0,0,"-",29,27,"CCGTG","DKO","D4","RepR3","S9","MSR","other"
"1275","FJ24-FJ25::chr9:2999602-3038819",25964,25966,0.8,30,24,"-","G","+",0,0,"-",30,24,"TCGCC","DKO","D4","RepR3","S9","MSR","other"
"1276","FJ24-FJ25::chr9:2999602-3038819",28053,28055,0,2,0,"-","G","+",0,0,"-",2,0,"CCGTG","DKO","D4","RepR3","S9","MSR","other"
"1277","FJ24-FJ25::chr9:2999602-3038819",28287,28289,0,2,0,"-","G","+",0,0,"-",2,0,"CCGTG","DKO","D4","RepR3","S9","MSR","other"
"1278","FJ24-FJ25::chr9:2999602-3038819",28521,28523,0.8,15,12,"-","G","+",0,0,"-",15,12,"CCGTG","DKO","D4","RepR3","S9","MSR","other"
"1279","FJ24-FJ25::chr9:2999602-3038819",29223,29225,0.75,12,9,"-","G","+",0,0,"-",12,9,"CCGTG","DKO","D4","RepR3","S9","MSR","other"
"1280","FJ24-FJ25::chr9:2999602-3038819",30221,30223,1,1,1,"-","G","+",0,0,"-",1,1,"ACGTT","DKO","D4","RepR3","S9","MSR","other"
"1281","FJ24-FJ25::chr9:2999602-3038819",30237,30239,1,1,1,"-","G","+",0,0,"-",1,1,"TCGTC","DKO","D4","RepR3","S9","MSR","other"
"1282","FJ24-FJ25::chr9:2999602-3038819",30252,30254,1,1,1,"-","G","+",0,0,"-",1,1,"TCGTC","DKO","D4","RepR3","S9","MSR","other"
"1283","FJ24-FJ25::chr9:2999602-3038819",31679,31681,0.895,19,17,"-","G","+",0,0,"-",19,17,"CCGTG","DKO","D4","RepR3","S9","MSR","other"
"1284","FJ24-FJ25::chr9:2999602-3038819",32587,32589,1,1,1,"-","G","+",0,0,"-",1,1,"ACGTC","DKO","D4","RepR3","S9","MSR","other"
"1285","FJ24-FJ25::chr9:2999602-3038819",32615,32617,0.667,6,4,"-","G","+",0,0,"-",6,4,"CCGTG","DKO","D4","RepR3","S9","MSR","other"
"1286","FJ24-FJ25::chr9:2999602-3038819",32821,32823,1,1,1,"+","G","+",1,1,"-",0,0,"CACGT","DKO","D4","RepR3","S9","MSR","other"
"1287","FJ24-FJ25::chr9:2999602-3038819",32849,32851,1,6,6,"B","G","+",2,2,"-",4,4,"TCCGT","DKO","D4","RepR3","S9","MSR","other"
"1288","FJ24-FJ25::chr9:2999602-3038819",32867,32869,1,4,4,"-","G","+",0,0,"-",4,4,"TCGCC","DKO","D4","RepR3","S9","MSR","other"
"1289","FJ24-FJ25::chr9:2999602-3038819",33976,33978,1,2,2,"-","G","+",0,0,"-",2,2,"TCGCT","DKO","D4","RepR3","S9","MSR","other"
"1290","FJ24-FJ25::chr9:2999602-3038819",34193,34195,0.75,8,6,"-","G","+",0,0,"-",8,6,"CCGTG","DKO","D4","RepR3","S9","MSR","other"
"1291","FJ24-FJ25::chr9:2999602-3038819",34633,34635,1,2,2,"-","G","+",0,0,"-",2,2,"ACGTC","DKO","D4","RepR3","S9","MSR","other"
"1292","FJ24-FJ25::chr9:2999602-3038819",34895,34897,1,2,2,"-","G","+",0,0,"-",2,2,"CCGTG","DKO","D4","RepR3","S9","MSR","other"
"1293","FJ24-FJ25::chr9:2999602-3038819",35597,35599,0.667,15,10,"-","G","+",0,0,"-",15,10,"CCGTG","DKO","D4","RepR3","S9","MSR","other"
"1294","FJ24-FJ25::chr9:2999602-3038819",36475,36477,1,2,2,"-","G","+",0,0,"-",2,2,"CCGTG","DKO","D4","RepR3","S9","MSR","other"
"1295","FJ24-FJ25::chr9:2999602-3038819",36493,36495,1,2,2,"-","G","+",0,0,"-",2,2,"TCGCC","DKO","D4","RepR3","S9","MSR","other"
"1296","FJ24-FJ25::chr9:35304805-35306009",612,614,1,1,1,"+","G","+",1,1,"-",0,0,"GACGA","DKO","D4","RepR3","S9","MSR","other"
"1297","FJ24-FJ25::chr9:35304805-35306009",628,630,1,1,1,"+","G","+",1,1,"-",0,0,"AACGT","DKO","D4","RepR3","S9","MSR","other"
"1298","FJ24-FJ25::chr9:35304805-35306009",688,690,1,9,9,"B","G","+",7,7,"-",2,2,"CACGG","DKO","D4","RepR3","S9","MSR","other"
"1299","FJ24-FJ25::chr9:35304805-35306009",716,718,0,2,0,"-","G","+",0,0,"-",2,0,"ACGTG","DKO","D4","RepR3","S9","MSR","other"
"1300","FJ24-FJ25::chr9:35304805-35306009",728,730,1,2,2,"-","G","+",0,0,"-",2,2,"GCGAG","DKO","D4","RepR3","S9","MSR","other"
"1301","FJ24-FJ25::chr9:35304805-35306009",776,778,1,4,4,"+","G","+",4,4,"-",0,0,"GACGT","DKO","D4","RepR3","S9","MSR","other"
"1302","FJ28-FJ29.FJ26-FJ27::chrX:103482701-103483891",480,482,1,3,3,"+","G","+",3,3,"-",0,0,"CACGG","DKO","D4","RepR3","S9","RE58","RE58_CGI_2"
"1303","FJ28-FJ29.FJ26-FJ27::chrX:103482701-103483891",489,491,1,3,3,"+","G","+",3,3,"-",0,0,"ACCGC","DKO","D4","RepR3","S9","RE58","RE58_CGI_2"
"1304","FJ28-FJ29.FJ26-FJ27::chrX:103482701-103483891",499,501,1,5,5,"+","G","+",5,5,"-",0,0,"CACGG","DKO","D4","RepR3","S9","RE58","RE58_CGI_2"
"1305","FJ28-FJ29.FJ26-FJ27::chrX:103482701-103483891",506,508,1,3,3,"+","G","+",3,3,"-",0,0,"AACGA","DKO","D4","RepR3","S9","RE58","RE58_CGI_2"
"1306","FJ28-FJ29.FJ26-FJ27::chrX:103482701-103483891",530,532,0.8,5,4,"+","G","+",5,4,"-",0,0,"GCCGT","DKO","D4","RepR3","S9","RE58","RE58_CGI_2"
"1307","FJ28-FJ29.FJ26-FJ27::chrX:103482701-103483891",537,539,1,5,5,"+","G","+",5,5,"-",0,0,"CACGC","DKO","D4","RepR3","S9","RE58","RE58_CGI_2"
"1308","FJ28-FJ29.FJ26-FJ27::chrX:103482701-103483891",552,554,1,3,3,"+","G","+",3,3,"-",0,0,"TCCGC","DKO","D4","RepR3","S9","RE58","RE58_CGI_2"
"1309","FJ28-FJ29.FJ26-FJ27::chrX:103482701-103483891",554,556,0.75,4,3,"+","G","+",4,3,"-",0,0,"CGCGG","DKO","D4","RepR3","S9","RE58","RE58_CGI_2"
"1310","FJ28-FJ29.FJ26-FJ27::chrX:103482701-103483891",557,559,0.75,4,3,"+","G","+",4,3,"-",0,0,"GGCGC","DKO","D4","RepR3","S9","RE58","RE58_CGI_2"
"1311","FJ28-FJ29.FJ26-FJ27::chrX:103482701-103483891",566,568,0.75,4,3,"+","G","+",4,3,"-",0,0,"GGCGG","DKO","D4","RepR3","S9","RE58","RE58_CGI_2"
"1312","FJ28-FJ29.FJ26-FJ27::chrX:103482701-103483891",675,677,0.964,28,27,"B","G","+",19,18,"-",9,9,"TACGT","DKO","D4","RepR3","S9","RE58","RE58_CGI_1"
"1313","FJ28-FJ29.FJ26-FJ27::chrX:103482701-103483891",694,696,0.889,27,24,"B","G","+",19,16,"-",8,8,"GACGC","DKO","D4","RepR3","S9","RE58","RE58_CGI_1"
"1314","FJ28-FJ29.FJ26-FJ27::chrX:103482701-103483891",696,698,0.929,28,26,"B","G","+",19,17,"-",9,9,"CGCGT","DKO","D4","RepR3","S9","RE58","RE58_CGI_1"
"1315","FJ28-FJ29.FJ26-FJ27::chrX:103482701-103483891",715,717,0.964,28,27,"B","G","+",19,18,"-",9,9,"TGCGC","DKO","D4","RepR3","S9","RE58","RE58_CGI_1"
"1316","FJ28-FJ29.FJ26-FJ27::chrX:103482701-103483891",717,719,0.931,29,27,"B","G","+",20,18,"-",9,9,"CGCGA","DKO","D4","RepR3","S9","RE58","RE58_CGI_1"
"1317","FJ28-FJ29.FJ26-FJ27::chrX:103482701-103483891",753,755,0.625,16,10,"B","G","+",9,3,"-",7,7,"AACGT","DKO","D4","RepR3","S9","RE58","RE58_CGI_1"
"1318","FJ14-FJ15.FJ10-FJ11::chrX:103481327-103482781",433,435,0.713,13460,9599,"+","G","+",13460,9599,"-",0,0,"TCCGC","DKO","D4","RepR4","S3","RE57","RE57_YY1"
"1319","FJ14-FJ15.FJ10-FJ11::chrX:103481327-103482781",520,522,0.811,6021,4883,"+","G","+",6021,4883,"-",0,0,"TGCGT","DKO","D4","RepR4","S3","RE57","RE57_YY1"
"1320","FJ14-FJ15.FJ10-FJ11::chrX:103481327-103482781",528,530,0.813,5865,4771,"+","G","+",5865,4771,"-",0,0,"ACCGC","DKO","D4","RepR4","S3","RE57","RE57_YY1"
"1321","FJ14-FJ15.FJ10-FJ11::chrX:103481327-103482781",546,548,0.819,5648,4625,"+","G","+",5648,4625,"-",0,0,"GCCGC","DKO","D4","RepR4","S3","RE57","RE57_YY1"
"1322","FJ14-FJ15.FJ10-FJ11::chrX:103481327-103482781",563,565,0.847,5702,4829,"+","G","+",5702,4829,"-",0,0,"TACGA","DKO","D4","RepR4","S3","RE57","RE57_YY1"
"1323","FJ14-FJ15.FJ10-FJ11::chrX:103481327-103482781",617,619,0.833,7979,6643,"+","G","+",7979,6643,"-",0,0,"GTCGA","DKO","D4","RepR4","S3","RE57","RE57_YY1"
"1324","FJ14-FJ15.FJ10-FJ11::chrX:103481327-103482781",624,626,0.806,8523,6873,"+","G","+",8523,6873,"-",0,0,"CTCGG","DKO","D4","RepR4","S3","RE57","RE57_YY1"
"1325","FJ14-FJ15.FJ10-FJ11::chrX:103481327-103482781",637,639,0.834,8664,7225,"+","G","+",8664,7225,"-",0,0,"CCCGA","DKO","D4","RepR4","S3","RE57","RE57_YY1"
"1326","FJ14-FJ15.FJ10-FJ11::chrX:103481327-103482781",642,644,0.749,8668,6495,"+","G","+",8668,6495,"-",0,0,"GCCGC","DKO","D4","RepR4","S3","RE57","RE57_YY1"
"1327","FJ14-FJ15.FJ10-FJ11::chrX:103481327-103482781",736,738,0.594,921,547,"+","G","+",921,547,"-",0,0,"CACGC","DKO","D4","RepR4","S3","RE57","RE57_CGI"
"1328","FJ14-FJ15.FJ10-FJ11::chrX:103481327-103482781",763,765,0.765,617,472,"+","G","+",617,472,"-",0,0,"TGCGG","DKO","D4","RepR4","S3","RE57","RE57_CGI"
"1329","FJ14-FJ15.FJ10-FJ11::chrX:103481327-103482781",770,772,0.814,580,472,"+","G","+",580,472,"-",0,0,"TCCGC","DKO","D4","RepR4","S3","RE57","RE57_CGI"
"1330","FJ14-FJ15.FJ10-FJ11::chrX:103481327-103482781",772,774,0.812,564,458,"+","G","+",564,458,"-",0,0,"CGCGC","DKO","D4","RepR4","S3","RE57","RE57_CGI"
"1331","FJ14-FJ15.FJ10-FJ11::chrX:103481327-103482781",780,782,0.8,511,409,"+","G","+",511,409,"-",0,0,"ACCGC","DKO","D4","RepR4","S3","RE57","RE57_CGI"
"1332","FJ14-FJ15.FJ10-FJ11::chrX:103481327-103482781",792,794,0.824,460,379,"+","G","+",460,379,"-",0,0,"TACGA","DKO","D4","RepR4","S3","RE57","RE57_CGI"
"1333","FJ14-FJ15.FJ10-FJ11::chrX:103481327-103482781",817,819,0.86,228,196,"+","G","+",228,196,"-",0,0,"TCCGG","DKO","D4","RepR4","S3","RE57","RE57_CGI"
"1334","FJ14-FJ15.FJ10-FJ11::chrX:103481327-103482781",832,834,0.886,210,186,"+","G","+",210,186,"-",0,0,"CCCGC","DKO","D4","RepR4","S3","RE57","RE57_CGI"
"1335","FJ14-FJ15.FJ10-FJ11::chrX:103481327-103482781",856,858,0.759,58,44,"+","G","+",58,44,"-",0,0,"GGCGA","DKO","D4","RepR4","S3","RE57","intermediate_RE57"
"1336","FJ14-FJ15.FJ10-FJ11::chrX:103481327-103482781",863,865,0.859,78,67,"+","G","+",78,67,"-",0,0,"CCCGC","DKO","D4","RepR4","S3","RE57","intermediate_RE57"
"1337","FJ14-FJ15.FJ10-FJ11::chrX:103481327-103482781",871,873,0.784,97,76,"+","G","+",97,76,"-",0,0,"CCCGC","DKO","D4","RepR4","S3","RE57","intermediate_RE57"
"1338","FJ14-FJ15.FJ10-FJ11::chrX:103481327-103482781",899,901,0.792,192,152,"+","G","+",192,152,"-",0,0,"AGCGC","DKO","D4","RepR4","S3","RE57","intermediate_RE57"
"1339","FJ14-FJ15.FJ10-FJ11::chrX:103481327-103482781",904,906,0.748,210,157,"+","G","+",210,157,"-",0,0,"AGCGC","DKO","D4","RepR4","S3","RE57","intermediate_RE57"
"1340","FJ14-FJ15.FJ10-FJ11::chrX:103481327-103482781",929,931,0.749,661,495,"+","G","+",661,495,"-",0,0,"TCCGC","DKO","D4","RepR4","S3","RE57","RE57_CGI"
"1341","FJ14-FJ15.FJ10-FJ11::chrX:103481327-103482781",941,943,0.785,828,650,"+","G","+",828,650,"-",0,0,"CTCGG","DKO","D4","RepR4","S3","RE57","RE57_CGI"
"1342","FJ14-FJ15.FJ10-FJ11::chrX:103481327-103482781",959,961,0.823,1047,862,"+","G","+",1047,862,"-",0,0,"GGCGT","DKO","D4","RepR4","S3","RE57","RE57_CGI"
"1343","FJ14-FJ15.FJ10-FJ11::chrX:103481327-103482781",970,972,0.802,1267,1016,"+","G","+",1267,1016,"-",0,0,"CTCGA","DKO","D4","RepR4","S3","RE57","RE57_CGI"
"1344","FJ14-FJ15.FJ10-FJ11::chrX:103481327-103482781",980,982,0.81,1435,1163,"+","G","+",1435,1163,"-",0,0,"GCCGT","DKO","D4","RepR4","S3","RE57","RE57_CGI"
"1345","FJ14-FJ15.FJ10-FJ11::chrX:103481327-103482781",987,989,0.792,1531,1212,"+","G","+",1531,1212,"-",0,0,"CACGC","DKO","D4","RepR4","S3","RE57","RE57_CGI"
"1346","FJ14-FJ15.FJ10-FJ11::chrX:103481327-103482781",1004,1006,0.743,1704,1266,"+","G","+",1704,1266,"-",0,0,"GGCGG","DKO","D4","RepR4","S3","RE57","RE57_CGI"
"1347","FJ14-FJ15.FJ10-FJ11::chrX:103481327-103482781",1008,1010,0.746,1736,1295,"+","G","+",1736,1295,"-",0,0,"GACGC","DKO","D4","RepR4","S3","RE57","RE57_CGI"
"1348","FJ14-FJ15.FJ10-FJ11::chrX:103481327-103482781",1010,1012,0.678,1684,1142,"+","G","+",1684,1142,"-",0,0,"CGCGG","DKO","D4","RepR4","S3","RE57","RE57_CGI"
"1349","FJ14-FJ15.FJ10-FJ11::chrX:103481327-103482781",1021,1023,0.774,1727,1337,"+","G","+",1727,1337,"-",0,0,"CACGC","DKO","D4","RepR4","S3","RE57","RE57_CGI"
"1350","FJ24-FJ25.FJ24-FJ25.FJ24-FJ25.FJ24-FJ25.FJ24-FJ25.FJ24-FJ25.FJ24-FJ25.FJ24-FJ25::chrX:75658294-75672942",71,73,0.4,20,8,"B","G","+",14,4,"-",6,4,"ACCGA","DKO","D4","RepR4","S3","MSR","other"
"1351","FJ24-FJ25.FJ24-FJ25.FJ24-FJ25.FJ24-FJ25.FJ24-FJ25.FJ24-FJ25.FJ24-FJ25.FJ24-FJ25::chrX:75658294-75672942",212,214,0.453,64,29,"B","G","+",48,17,"-",16,12,"CCCGG","DKO","D4","RepR4","S3","MSR","other"
"1352","FJ24-FJ25.FJ24-FJ25.FJ24-FJ25.FJ24-FJ25.FJ24-FJ25.FJ24-FJ25.FJ24-FJ25.FJ24-FJ25::chrX:75658294-75672942",6296,6298,0,2,0,"+","G","+",2,0,"-",0,0,"AACGC","DKO","D4","RepR4","S3","MSR","other"
"1353","FJ24-FJ25.FJ24-FJ25.FJ24-FJ25::chrX:75646518-75653780",131,133,0.779,86,67,"B","G","+",22,16,"-",64,51,"CCCGG","DKO","D4","RepR4","S3","MSR","other"
"1354","FJ24-FJ25.FJ24-FJ25.FJ24-FJ25::chrX:75646518-75653780",177,179,0.817,82,67,"B","G","+",76,62,"-",6,5,"GGCGG","DKO","D4","RepR4","S3","MSR","other"
"1355","FJ24-FJ25.FJ24-FJ25.FJ24-FJ25::chrX:75646518-75653780",210,212,0.167,6,1,"B","G","+",3,0,"-",3,1,"CACGC","DKO","D4","RepR4","S3","MSR","other"
"1356","FJ24-FJ25.FJ24-FJ25.FJ24-FJ25::chrX:75646518-75653780",7048,7050,0.675,40,27,"B","G","+",15,14,"-",25,13,"TCCGG","DKO","D4","RepR4","S3","MSR","other"
"1357","FJ24-FJ25.FJ24-FJ25.FJ24-FJ25::chrX:75646518-75653780",7189,7191,0.2,5,1,"B","G","+",1,1,"-",4,0,"GTCGG","DKO","D4","RepR4","S3","MSR","other"
"1358","FJ24-FJ25.FJ24-FJ25.FJ24-FJ25::chrX:75653690-75658384",131,133,0.722,79,57,"B","G","+",22,14,"-",57,43,"CCCGG","DKO","D4","RepR4","S3","MSR","other"
"1359","FJ24-FJ25.FJ24-FJ25.FJ24-FJ25::chrX:75653690-75658384",177,179,0.769,108,83,"B","G","+",82,61,"-",26,22,"GGCGG","DKO","D4","RepR4","S3","MSR","other"
"1360","FJ24-FJ25.FJ24-FJ25.FJ24-FJ25::chrX:75653690-75658384",210,212,0.545,11,6,"B","G","+",1,0,"-",10,6,"CACGC","DKO","D4","RepR4","S3","MSR","other"
"1361","FJ24-FJ25.FJ24-FJ25.FJ24-FJ25::chrX:75653690-75658384",4482,4484,0.5,6,3,"+","G","+",6,3,"-",0,0,"TGCGT","DKO","D4","RepR4","S3","MSR","other"
"1362","FJ24-FJ25.FJ24-FJ25.FJ24-FJ25::chrX:75653690-75658384",4515,4517,0.822,101,83,"B","G","+",22,19,"-",79,64,"GCCGC","DKO","D4","RepR4","S3","MSR","other"
"1363","FJ24-FJ25.FJ24-FJ25.FJ24-FJ25::chrX:75653690-75658384",4561,4563,0.765,85,65,"B","G","+",61,49,"-",24,16,"TCCGG","DKO","D4","RepR4","S3","MSR","other"
"1364","FJ24-FJ25.FJ24-FJ25::chr11:3099610-3105149",1675,1677,0.667,6,4,"-","G","+",0,0,"-",6,4,"TCGCC","DKO","D4","RepR4","S3","MSR","other"
"1365","FJ24-FJ25.FJ24-FJ25::chr11:3099610-3105149",2257,2259,1,1,1,"-","G","+",0,0,"-",1,1,"TCGCC","DKO","D4","RepR4","S3","MSR","other"
"1366","FJ24-FJ25.FJ24-FJ25::chr11:3099610-3105149",3906,3908,1,1,1,"-","G","+",0,0,"-",1,1,"TCGCC","DKO","D4","RepR4","S3","MSR","other"
"1367","FJ24-FJ25.FJ24-FJ25::chr11:3099610-3105149",3909,3911,0,1,0,"-","G","+",0,0,"-",1,0,"CCGTA","DKO","D4","RepR4","S3","MSR","other"
"1368","FJ24-FJ25.FJ24-FJ25::chr11:3099610-3105149",5159,5161,1,2,2,"-","G","+",0,0,"-",2,2,"CCGCC","DKO","D4","RepR4","S3","MSR","other"
"1369","FJ24-FJ25.FJ24-FJ25::chr11:3099610-3105149",5187,5189,1,2,2,"-","G","+",0,0,"-",2,2,"GCGCT","DKO","D4","RepR4","S3","MSR","other"
"1370","FJ24-FJ25.FJ24-FJ25::chr11:3099610-3105149",5272,5274,1,1,1,"+","G","+",1,1,"-",0,0,"CCCGT","DKO","D4","RepR4","S3","MSR","other"
"1371","FJ24-FJ25.FJ24-FJ25::chr11:3099610-3105149",5277,5279,0,1,0,"+","G","+",1,0,"-",0,0,"GGCGT","DKO","D4","RepR4","S3","MSR","other"
"1372","FJ24-FJ25.FJ24-FJ25::chr11:3099610-3105149",5312,5314,1,1,1,"+","G","+",1,1,"-",0,0,"GGCGA","DKO","D4","RepR4","S3","MSR","other"
"1373","FJ24-FJ25.FJ24-FJ25::chr11:3099610-3105149",5319,5321,1,1,1,"+","G","+",1,1,"-",0,0,"CACGT","DKO","D4","RepR4","S3","MSR","other"
"1374","FJ24-FJ25.FJ24-FJ25::chr11:3099610-3105149",5329,5331,1,1,1,"+","G","+",1,1,"-",0,0,"ACCGC","DKO","D4","RepR4","S3","MSR","other"
"1375","FJ24-FJ25.FJ24-FJ25::chr2:98661834-98663393",429,431,0.816,1178,961,"B","G","+",3,1,"-",1175,960,"CACGT","DKO","D4","RepR4","S3","MSR","other"
"1376","FJ24-FJ25.FJ24-FJ25::chr2:98661834-98663393",445,447,0.921,1393,1283,"B","G","+",6,6,"-",1387,1277,"TTCGT","DKO","D4","RepR4","S3","MSR","other"
"1377","FJ24-FJ25.FJ24-FJ25::chr2:98661834-98663393",460,462,0.901,1441,1299,"B","G","+",7,5,"-",1434,1294,"GTCGT","DKO","D4","RepR4","S3","MSR","other"
"1378","FJ24-FJ25.FJ24-FJ25::chr2:98661834-98663393",515,517,0.939,1549,1454,"-","G","+",0,0,"-",1549,1454,"ACGTC","DKO","D4","RepR4","S3","MSR","other"
"1379","FJ24-FJ25.FJ24-FJ25::chr2:98661834-98663393",575,577,0.733,30,22,"B","G","+",4,3,"-",26,19,"CACGT","DKO","D4","RepR4","S3","MSR","other"
"1380","FJ24-FJ25.FJ24-FJ25::chr2:98661834-98663393",603,605,0.845,252,213,"B","G","+",11,11,"-",241,202,"TCCGT","DKO","D4","RepR4","S3","MSR","other"
"1381","FJ24-FJ25.FJ24-FJ25::chr2:98661834-98663393",621,623,0.888,214,190,"B","G","+",11,11,"-",203,179,"CTCGC","DKO","D4","RepR4","S3","MSR","other"
"1382","FJ24-FJ25.FJ24-FJ25::chr2:98661834-98663393",663,665,0.75,4,3,"-","G","+",0,0,"-",4,3,"ACGTA","DKO","D4","RepR4","S3","MSR","other"
"1383","FJ24-FJ25.FJ24-FJ25::chr2:98661834-98663393",721,723,1,19,19,"B","G","+",13,13,"-",6,6,"CCCGT","DKO","D4","RepR4","S3","MSR","other"
"1384","FJ24-FJ25.FJ24-FJ25::chr2:98661834-98663393",730,732,0.95,20,19,"B","G","+",14,14,"-",6,5,"AACGA","DKO","D4","RepR4","S3","MSR","other"
"1385","FJ24-FJ25.FJ24-FJ25::chr2:98661834-98663393",766,768,0.238,21,5,"B","G","+",19,3,"-",2,2,"TACGT","DKO","D4","RepR4","S3","MSR","other"
"1386","FJ24-FJ25.FJ24-FJ25::chr2:98661834-98663393",794,796,0.2,5,1,"B","G","+",4,0,"-",1,1,"TTCGA","DKO","D4","RepR4","S3","MSR","other"
"1387","FJ24-FJ25.FJ24-FJ25::chr2:98661834-98663393",841,843,0.938,32,30,"B","G","+",9,9,"-",23,21,"CCCGT","DKO","D4","RepR4","S3","MSR","other"
"1388","FJ24-FJ25.FJ24-FJ25::chr2:98661834-98663393",850,852,0.957,23,22,"B","G","+",8,8,"-",15,14,"AACGA","DKO","D4","RepR4","S3","MSR","other"
"1389","FJ24-FJ25.FJ24-FJ25::chr2:98661834-98663393",959,961,0.8,10,8,"B","G","+",6,6,"-",4,2,"GCCGG","DKO","D4","RepR4","S3","MSR","other"
"1390","FJ24-FJ25.FJ24-FJ25::chr2:98661834-98663393",969,971,0.778,9,7,"B","G","+",6,6,"-",3,1,"AACGT","DKO","D4","RepR4","S3","MSR","other"
"1391","FJ24-FJ25.FJ24-FJ25::chr2:98661834-98663393",992,994,0,3,0,"+","G","+",3,0,"-",0,0,"CTCGG","DKO","D4","RepR4","S3","MSR","other"
"1392","FJ24-FJ25.FJ24-FJ25::chr2:98661834-98663393",1021,1023,0.902,5820,5252,"B","G","+",5817,5249,"-",3,3,"GACGT","DKO","D4","RepR4","S3","MSR","other"
"1393","FJ24-FJ25.FJ24-FJ25::chr2:98661834-98663393",1068,1070,0.686,35,24,"B","G","+",27,23,"-",8,1,"ATCGA","DKO","D4","RepR4","S3","MSR","other"
"1394","FJ24-FJ25.FJ24-FJ25::chr2:98661834-98663393",1076,1078,0.906,785,711,"B","G","+",760,688,"-",25,23,"GACGA","DKO","D4","RepR4","S3","MSR","other"
"1395","FJ24-FJ25.FJ24-FJ25::chr2:98661834-98663393",1091,1093,0.91,589,536,"B","G","+",566,513,"-",23,23,"GACGA","DKO","D4","RepR4","S3","MSR","other"
"1396","FJ24-FJ25.FJ24-FJ25::chr2:98661834-98663393",1107,1109,0.899,475,427,"B","G","+",459,411,"-",16,16,"TACGT","DKO","D4","RepR4","S3","MSR","other"
"1397","FJ24-FJ25::chr12:3109471-3110521",411,413,0.75,8,6,"+","G","+",8,6,"-",0,0,"CACGG","DKO","D4","RepR4","S3","MSR","other"
"1398","FJ24-FJ25::chr12:3109471-3110521",439,441,0.932,88,82,"B","G","+",86,80,"-",2,2,"GACGT","DKO","D4","RepR4","S3","MSR","other"
"1399","FJ24-FJ25::chr12:3109471-3110521",451,453,0.88,133,117,"B","G","+",131,115,"-",2,2,"GGCGA","DKO","D4","RepR4","S3","MSR","other"
"1400","FJ24-FJ25::chr12:3109471-3110521",554,556,0.875,152,133,"B","G","+",150,131,"-",2,2,"GACGA","DKO","D4","RepR4","S3","MSR","other"
"1401","FJ24-FJ25::chr12:3109471-3110521",627,629,0.889,9,8,"+","G","+",9,8,"-",0,0,"GGCGA","DKO","D4","RepR4","S3","MSR","other"
"1402","FJ24-FJ25::chr12:3109471-3110521",645,647,1,3,3,"+","G","+",3,3,"-",0,0,"CACGG","DKO","D4","RepR4","S3","MSR","other"
"1403","FJ24-FJ25::chr12:47833534-47834522",403,405,0,1,0,"+","G","+",1,0,"-",0,0,"AACGC","DKO","D4","RepR4","S3","MSR","other"
"1404","FJ24-FJ25::chr12:47833534-47834522",429,431,1,1,1,"+","G","+",1,1,"-",0,0,"GGCGA","DKO","D4","RepR4","S3","MSR","other"
"1405","FJ24-FJ25::chr12:67058771-67060356",648,650,0.882,17,15,"B","G","+",16,14,"-",1,1,"GGCGA","DKO","D4","RepR4","S3","MSR","other"
"1406","FJ24-FJ25::chr12:67058771-67060356",706,708,0.6,5,3,"B","G","+",4,2,"-",1,1,"GGCGA","DKO","D4","RepR4","S3","MSR","other"
"1407","FJ24-FJ25::chr12:67058771-67060356",722,724,1,2,2,"+","G","+",2,2,"-",0,0,"AACGT","DKO","D4","RepR4","S3","MSR","other"
"1408","FJ24-FJ25::chr12:67058771-67060356",837,839,0.5,2,1,"B","G","+",1,1,"-",1,0,"AACGT","DKO","D4","RepR4","S3","MSR","other"
"1409","FJ24-FJ25::chr12:67058771-67060356",879,881,1,1,1,"-","G","+",0,0,"-",1,1,"GCGAG","DKO","D4","RepR4","S3","MSR","other"
"1410","FJ24-FJ25::chr12:74803437-74804905",728,730,1,1,1,"+","G","+",1,1,"-",0,0,"CTCGC","DKO","D4","RepR4","S3","MSR","other"
"1411","FJ24-FJ25::chr12:74803437-74804905",825,827,0,12,0,"-","G","+",0,0,"-",12,0,"ACGTT","DKO","D4","RepR4","S3","MSR","other"
"1412","FJ24-FJ25::chr12:74803437-74804905",999,1001,0,4,0,"-","G","+",0,0,"-",4,0,"ACGTT","DKO","D4","RepR4","S3","MSR","other"
"1413","FJ24-FJ25::chr12:74803437-74804905",1016,1018,0.6,5,3,"-","G","+",0,0,"-",5,3,"TCGCC","DKO","D4","RepR4","S3","MSR","other"
"1414","FJ24-FJ25::chr13:6404233-6405143",472,474,0.75,4,3,"+","G","+",4,3,"-",0,0,"GGCGA","DKO","D4","RepR4","S3","MSR","other"
"1415","FJ24-FJ25::chr13:6404233-6405143",488,490,1,2,2,"+","G","+",2,2,"-",0,0,"AACGA","DKO","D4","RepR4","S3","MSR","other"
"1416","FJ24-FJ25::chr13:77438509-77439457",415,417,1,45,45,"B","G","+",9,9,"-",36,36,"TTCGT","DKO","D4","RepR4","S3","MSR","other"
"1417","FJ24-FJ25::chr13:77438509-77439457",430,432,0.938,48,45,"B","G","+",11,10,"-",37,35,"GTCGT","DKO","D4","RepR4","S3","MSR","other"
"1418","FJ24-FJ25::chr13:77438509-77439457",533,535,1,1,1,"-","G","+",0,0,"-",1,1,"TCGCC","DKO","D4","RepR4","S3","MSR","other"
"1419","FJ24-FJ25::chr14:19415282-19420102",357,359,1,2,2,"-","G","+",0,0,"-",2,2,"CCGAC","DKO","D4","RepR4","S3","MSR","other"
"1420","FJ24-FJ25::chr14:19415282-19420102",457,459,0.779,149,116,"B","G","+",147,114,"-",2,2,"GGCGA","DKO","D4","RepR4","S3","MSR","other"
"1421","FJ24-FJ25::chr14:19415282-19420102",475,477,0.887,213,189,"B","G","+",207,183,"-",6,6,"CACGG","DKO","D4","RepR4","S3","MSR","other"
"1422","FJ24-FJ25::chr14:19415282-19420102",503,505,1,5,5,"-","G","+",0,0,"-",5,5,"ACGTG","DKO","D4","RepR4","S3","MSR","other"
"1423","FJ24-FJ25::chr14:19415282-19420102",515,517,1,2,2,"-","G","+",0,0,"-",2,2,"TCGAG","DKO","D4","RepR4","S3","MSR","other"
"1424","FJ24-FJ25::chr14:19415282-19420102",618,620,0.897,156,140,"B","G","+",142,126,"-",14,14,"GACGA","DKO","D4","RepR4","S3","MSR","other"
"1425","FJ24-FJ25::chr14:19415282-19420102",633,635,0.959,74,71,"B","G","+",62,59,"-",12,12,"GACGA","DKO","D4","RepR4","S3","MSR","other"
"1426","FJ24-FJ25::chr14:19415282-19420102",691,693,0.8,110,88,"+","G","+",110,88,"-",0,0,"GGCGA","DKO","D4","RepR4","S3","MSR","other"
"1427","FJ24-FJ25::chr14:19415282-19420102",709,711,0.878,147,129,"+","G","+",147,129,"-",0,0,"CACGG","DKO","D4","RepR4","S3","MSR","other"
"1428","FJ24-FJ25::chr14:19415282-19420102",809,811,1,1,1,"+","G","+",1,1,"-",0,0,"GTCGA","DKO","D4","RepR4","S3","MSR","other"
"1429","FJ24-FJ25::chr14:19415282-19420102",852,854,1,1,1,"+","G","+",1,1,"-",0,0,"GACGA","DKO","D4","RepR4","S3","MSR","other"
"1430","FJ24-FJ25::chr14:19415282-19420102",883,885,1,3,3,"+","G","+",3,3,"-",0,0,"AACGT","DKO","D4","RepR4","S3","MSR","other"
"1431","FJ24-FJ25::chr14:19415282-19420102",963,965,0.889,18,16,"+","G","+",18,16,"-",0,0,"CTCGT","DKO","D4","RepR4","S3","MSR","other"
"1432","FJ24-FJ25::chr14:19415282-19420102",1060,1062,0.8,5,4,"B","G","+",3,2,"-",2,2,"CACGA","DKO","D4","RepR4","S3","MSR","other"
"1433","FJ24-FJ25::chr14:19415282-19420102",1088,1090,1,1,1,"-","G","+",0,0,"-",1,1,"GCGTG","DKO","D4","RepR4","S3","MSR","other"
"1434","FJ24-FJ25::chr14:19415282-19420102",1219,1221,1,12,12,"B","G","+",10,10,"-",2,2,"GACGA","DKO","D4","RepR4","S3","MSR","other"
"1435","FJ24-FJ25::chr14:19415282-19420102",1276,1278,0.815,227,185,"+","G","+",227,185,"-",0,0,"GGCGA","DKO","D4","RepR4","S3","MSR","other"
"1436","FJ24-FJ25::chr14:19415282-19420102",1294,1296,0.797,390,311,"+","G","+",390,311,"-",0,0,"CACGG","DKO","D4","RepR4","S3","MSR","other"
"1437","FJ24-FJ25::chr14:19415282-19420102",1436,1438,1,3,3,"B","G","+",2,2,"-",1,1,"GACGA","DKO","D4","RepR4","S3","MSR","other"
"1438","FJ24-FJ25::chr14:19415282-19420102",1451,1453,1,3,3,"B","G","+",2,2,"-",1,1,"GACGA","DKO","D4","RepR4","S3","MSR","other"
"1439","FJ24-FJ25::chr14:19415282-19420102",1509,1511,0.899,178,160,"+","G","+",178,160,"-",0,0,"GGCGA","DKO","D4","RepR4","S3","MSR","other"
"1440","FJ24-FJ25::chr14:19415282-19420102",1527,1529,0.927,262,243,"+","G","+",262,243,"-",0,0,"CTCGG","DKO","D4","RepR4","S3","MSR","other"
"1441","FJ24-FJ25::chr14:19415282-19420102",1628,1630,0,3,0,"-","G","+",0,0,"-",3,0,"GCGAG","DKO","D4","RepR4","S3","MSR","other"
"1442","FJ24-FJ25::chr14:19415282-19420102",1671,1673,0.875,80,70,"B","G","+",51,43,"-",29,27,"GACGA","DKO","D4","RepR4","S3","MSR","other"
"1443","FJ24-FJ25::chr14:19415282-19420102",1686,1688,0.91,78,71,"B","G","+",46,43,"-",32,28,"GACGA","DKO","D4","RepR4","S3","MSR","other"
"1444","FJ24-FJ25::chr14:19415282-19420102",1702,1704,0.863,80,69,"B","G","+",54,46,"-",26,23,"AACGT","DKO","D4","RepR4","S3","MSR","other"
"1445","FJ24-FJ25::chr14:19415282-19420102",1744,1746,0.861,36,31,"B","G","+",35,30,"-",1,1,"GGCGA","DKO","D4","RepR4","S3","MSR","other"
"1446","FJ24-FJ25::chr14:19415282-19420102",1762,1764,0.913,23,21,"+","G","+",23,21,"-",0,0,"CACGG","DKO","D4","RepR4","S3","MSR","other"
"1447","FJ24-FJ25::chr14:19415282-19420102",1819,1821,0.8,10,8,"B","G","+",9,7,"-",1,1,"ATCGT","DKO","D4","RepR4","S3","MSR","other"
"1448","FJ24-FJ25::chr14:19415282-19420102",1861,1863,0.825,57,47,"B","G","+",56,46,"-",1,1,"GGCGA","DKO","D4","RepR4","S3","MSR","other"
"1449","FJ24-FJ25::chr14:19415282-19420102",1879,1881,0.792,53,42,"+","G","+",53,42,"-",0,0,"CACGG","DKO","D4","RepR4","S3","MSR","other"
"1450","FJ24-FJ25::chr14:19415282-19420102",1939,1941,0,6,0,"B","G","+",4,0,"-",2,0,"GTCGA","DKO","D4","RepR4","S3","MSR","other"
"1451","FJ24-FJ25::chr14:19415282-19420102",2022,2024,0.87,768,668,"B","G","+",708,613,"-",60,55,"GACGA","DKO","D4","RepR4","S3","MSR","other"
"1452","FJ24-FJ25::chr14:19415282-19420102",2037,2039,0.924,649,600,"B","G","+",589,540,"-",60,60,"GACGA","DKO","D4","RepR4","S3","MSR","other"
"1453","FJ24-FJ25::chr14:19415282-19420102",2053,2055,0.823,571,470,"B","G","+",526,430,"-",45,40,"AACGT","DKO","D4","RepR4","S3","MSR","other"
"1454","FJ24-FJ25::chr14:19415282-19420102",2095,2097,0.892,74,66,"B","G","+",73,65,"-",1,1,"GGCGA","DKO","D4","RepR4","S3","MSR","other"
"1455","FJ24-FJ25::chr14:19415282-19420102",2153,2155,0.667,3,2,"+","G","+",3,2,"-",0,0,"GACGA","DKO","D4","RepR4","S3","MSR","other"
"1456","FJ24-FJ25::chr14:19415282-19420102",2170,2172,1,5,5,"B","G","+",4,4,"-",1,1,"ATCGT","DKO","D4","RepR4","S3","MSR","other"
"1457","FJ24-FJ25::chr14:19415282-19420102",2230,2232,0.816,472,385,"+","G","+",472,385,"-",0,0,"CACGG","DKO","D4","RepR4","S3","MSR","other"
"1458","FJ24-FJ25::chr14:19415282-19420102",2370,2372,0,66,0,"+","G","+",66,0,"-",0,0,"CTCGA","DKO","D4","RepR4","S3","MSR","other"
"1459","FJ24-FJ25::chr14:19415282-19420102",2404,2406,0.857,14,12,"+","G","+",14,12,"-",0,0,"AACGT","DKO","D4","RepR4","S3","MSR","other"
"1460","FJ24-FJ25::chr14:19415282-19420102",2437,2439,0.333,6,2,"+","G","+",6,2,"-",0,0,"CTCGA","DKO","D4","RepR4","S3","MSR","other"
"1461","FJ24-FJ25::chr14:19415282-19420102",2446,2448,0.941,17,16,"+","G","+",17,16,"-",0,0,"GGCGA","DKO","D4","RepR4","S3","MSR","other"
"1462","FJ24-FJ25::chr14:19415282-19420102",2464,2466,1,17,17,"+","G","+",17,17,"-",0,0,"CACGG","DKO","D4","RepR4","S3","MSR","other"
"1463","FJ24-FJ25::chr14:19415282-19420102",2491,2493,1,3,3,"+","G","+",3,3,"-",0,0,"GACGG","DKO","D4","RepR4","S3","MSR","other"
"1464","FJ24-FJ25::chr14:19415282-19420102",2503,2505,1,5,5,"+","G","+",5,5,"-",0,0,"GGCGA","DKO","D4","RepR4","S3","MSR","other"
"1465","FJ24-FJ25::chr14:19415282-19420102",2606,2608,0.9,271,244,"B","G","+",258,231,"-",13,13,"GACGA","DKO","D4","RepR4","S3","MSR","other"
"1466","FJ24-FJ25::chr14:19415282-19420102",2621,2623,0.94,133,125,"B","G","+",121,113,"-",12,12,"GACGA","DKO","D4","RepR4","S3","MSR","other"
"1467","FJ24-FJ25::chr14:19415282-19420102",2637,2639,0.859,85,73,"B","G","+",81,69,"-",4,4,"AACGT","DKO","D4","RepR4","S3","MSR","other"
"1468","FJ24-FJ25::chr14:19415282-19420102",2678,2680,0.938,16,15,"B","G","+",15,14,"-",1,1,"GGCGA","DKO","D4","RepR4","S3","MSR","other"
"1469","FJ24-FJ25::chr14:19415282-19420102",2853,2855,0.879,33,29,"B","G","+",32,28,"-",1,1,"GACGA","DKO","D4","RepR4","S3","MSR","other"
"1470","FJ24-FJ25::chr14:19415282-19420102",2929,2931,0.563,2887,1626,"+","G","+",2887,1626,"-",0,0,"CACGG","DKO","D4","RepR4","S3","MSR","other"
"1471","FJ24-FJ25::chr14:19415282-19420102",2957,2959,0.5,4,2,"+","G","+",4,2,"-",0,0,"GACGT","DKO","D4","RepR4","S3","MSR","other"
"1472","FJ24-FJ25::chr14:19415282-19420102",2969,2971,0.5,4,2,"+","G","+",4,2,"-",0,0,"GGCGA","DKO","D4","RepR4","S3","MSR","other"
"1473","FJ24-FJ25::chr14:19415282-19420102",3072,3074,1,2,2,"B","G","+",1,1,"-",1,1,"GACGA","DKO","D4","RepR4","S3","MSR","other"
"1474","FJ24-FJ25::chr14:19415282-19420102",3087,3089,1,2,2,"B","G","+",1,1,"-",1,1,"GACGG","DKO","D4","RepR4","S3","MSR","other"
"1475","FJ24-FJ25::chr14:19415282-19420102",3103,3105,1,2,2,"B","G","+",1,1,"-",1,1,"AACGT","DKO","D4","RepR4","S3","MSR","other"
"1476","FJ24-FJ25::chr14:19415282-19420102",3163,3165,0.9,20,18,"+","G","+",20,18,"-",0,0,"CACGA","DKO","D4","RepR4","S3","MSR","other"
"1477","FJ24-FJ25::chr14:19415282-19420102",3305,3307,0.792,24,19,"B","G","+",16,13,"-",8,6,"GACGA","DKO","D4","RepR4","S3","MSR","other"
"1478","FJ24-FJ25::chr14:19415282-19420102",3320,3322,0.96,25,24,"B","G","+",17,16,"-",8,8,"GACGA","DKO","D4","RepR4","S3","MSR","other"
"1479","FJ24-FJ25::chr14:19415282-19420102",3336,3338,0.789,19,15,"B","G","+",15,12,"-",4,3,"AACGT","DKO","D4","RepR4","S3","MSR","other"
"1480","FJ24-FJ25::chr14:19415282-19420102",3386,3388,1,5,5,"+","G","+",5,5,"-",0,0,"AACGG","DKO","D4","RepR4","S3","MSR","other"
"1481","FJ24-FJ25::chr14:19415282-19420102",3396,3398,1,13,13,"+","G","+",13,13,"-",0,0,"CACGG","DKO","D4","RepR4","S3","MSR","other"
"1482","FJ24-FJ25::chr14:19415282-19420102",3495,3497,0.708,24,17,"B","G","+",20,15,"-",4,2,"GGCGA","DKO","D4","RepR4","S3","MSR","other"
"1483","FJ24-FJ25::chr14:19415282-19420102",3513,3515,0.719,32,23,"B","G","+",27,19,"-",5,4,"CACGG","DKO","D4","RepR4","S3","MSR","other"
"1484","FJ24-FJ25::chr14:19415282-19420102",3541,3543,1,7,7,"B","G","+",3,3,"-",4,4,"GACGT","DKO","D4","RepR4","S3","MSR","other"
"1485","FJ24-FJ25::chr14:19415282-19420102",3553,3555,1,6,6,"B","G","+",3,3,"-",3,3,"GGCGA","DKO","D4","RepR4","S3","MSR","other"
"1486","FJ24-FJ25::chr14:19415282-19420102",3656,3658,0.87,23,20,"B","G","+",8,8,"-",15,12,"GACGA","DKO","D4","RepR4","S3","MSR","other"
"1487","FJ24-FJ25::chr14:19415282-19420102",3671,3673,0.955,22,21,"B","G","+",6,5,"-",16,16,"GACGA","DKO","D4","RepR4","S3","MSR","other"
"1488","FJ24-FJ25::chr14:19415282-19420102",3687,3689,0.85,20,17,"B","G","+",6,5,"-",14,12,"AACGT","DKO","D4","RepR4","S3","MSR","other"
"1489","FJ24-FJ25::chr14:19415282-19420102",3729,3731,1,4,4,"B","G","+",3,3,"-",1,1,"GGCGA","DKO","D4","RepR4","S3","MSR","other"
"1490","FJ24-FJ25::chr14:19415282-19420102",3905,3907,1,3,3,"+","G","+",3,3,"-",0,0,"GACGA","DKO","D4","RepR4","S3","MSR","other"
"1491","FJ24-FJ25::chr14:19415282-19420102",3921,3923,0.75,4,3,"+","G","+",4,3,"-",0,0,"AACGT","DKO","D4","RepR4","S3","MSR","other"
"1492","FJ24-FJ25::chr14:19415282-19420102",3963,3965,1,9,9,"+","G","+",9,9,"-",0,0,"GGCGA","DKO","D4","RepR4","S3","MSR","other"
"1493","FJ24-FJ25::chr14:19415282-19420102",3981,3983,0.917,12,11,"+","G","+",12,11,"-",0,0,"CACGG","DKO","D4","RepR4","S3","MSR","other"
"1494","FJ24-FJ25::chr14:19415282-19420102",4124,4126,0.9,10,9,"+","G","+",10,9,"-",0,0,"GACGA","DKO","D4","RepR4","S3","MSR","other"
"1495","FJ24-FJ25::chr14:19415282-19420102",4155,4157,1,2,2,"+","G","+",2,2,"-",0,0,"AACGT","DKO","D4","RepR4","S3","MSR","other"
"1496","FJ24-FJ25::chr14:19415282-19420102",4166,4168,1,2,2,"+","G","+",2,2,"-",0,0,"TGCGA","DKO","D4","RepR4","S3","MSR","other"
"1497","FJ24-FJ25::chr14:19415282-19420102",4332,4334,0.818,22,18,"+","G","+",22,18,"-",0,0,"CACGA","DKO","D4","RepR4","S3","MSR","other"
"1498","FJ24-FJ25::chr18:3007116-3008067",470,472,1,1,1,"+","G","+",1,1,"-",0,0,"GGCGA","DKO","D4","RepR4","S3","MSR","other"
"1499","FJ24-FJ25::chr18:3007116-3008067",487,489,0.5,4,2,"+","G","+",4,2,"-",0,0,"AACGT","DKO","D4","RepR4","S3","MSR","other"
"1500","FJ24-FJ25::chr18:3007116-3008067",679,681,0,1,0,"-","G","+",0,0,"-",1,0,"ACGTT","DKO","D4","RepR4","S3","MSR","other"
"1501","FJ24-FJ25::chr18:3007116-3008067",685,687,1,1,1,"+","G","+",1,1,"-",0,0,"CACGT","DKO","D4","RepR4","S3","MSR","other"
"1502","FJ24-FJ25::chr2:98663241-98664491",474,476,0.912,34,31,"B","G","+",1,1,"-",33,30,"TCCGT","DKO","D4","RepR4","S3","MSR","other"
"1503","FJ24-FJ25::chr2:98663241-98664491",533,535,0.815,27,22,"-","G","+",0,0,"-",27,22,"ACGTT","DKO","D4","RepR4","S3","MSR","other"
"1504","FJ24-FJ25::chr2:98663241-98664491",665,667,1,3,3,"B","G","+",1,1,"-",2,2,"CTCGT","DKO","D4","RepR4","S3","MSR","other"
"1505","FJ24-FJ25::chr2:98663241-98664491",705,707,0.811,53,43,"B","G","+",4,3,"-",49,40,"TCCGT","DKO","D4","RepR4","S3","MSR","other"
"1506","FJ24-FJ25::chr2:98663241-98664491",723,725,0.978,46,45,"B","G","+",3,3,"-",43,42,"CTCGC","DKO","D4","RepR4","S3","MSR","other"
"1507","FJ24-FJ25::chr2:98663241-98664491",796,798,1,2,2,"B","G","+",1,1,"-",1,1,"GTCGT","DKO","D4","RepR4","S3","MSR","other"
"1508","FJ24-FJ25::chr2:98666144-98667732",117,119,0.933,15,14,"B","G","+",7,7,"-",8,7,"GCCGG","DKO","D4","RepR4","S3","MSR","other"
"1509","FJ24-FJ25::chr2:98666144-98667732",127,129,0.895,19,17,"B","G","+",12,10,"-",7,7,"AACGA","DKO","D4","RepR4","S3","MSR","other"
"1510","FJ24-FJ25::chr2:98666144-98667732",239,241,1,12,12,"B","G","+",3,3,"-",9,9,"CCCGT","DKO","D4","RepR4","S3","MSR","other"
"1511","FJ24-FJ25::chr2:98666144-98667732",248,250,0.889,18,16,"B","G","+",9,7,"-",9,9,"AACGA","DKO","D4","RepR4","S3","MSR","other"
"1512","FJ24-FJ25::chr2:98666144-98667732",358,360,1,19,19,"B","G","+",5,5,"-",14,14,"GCCGG","DKO","D4","RepR4","S3","MSR","other"
"1513","FJ24-FJ25::chr2:98666144-98667732",368,370,0.667,9,6,"B","G","+",2,2,"-",7,4,"AACGT","DKO","D4","RepR4","S3","MSR","other"
"1514","FJ24-FJ25::chr2:98666144-98667732",446,448,0.945,844,798,"B","G","+",576,547,"-",268,251,"GACGA","DKO","D4","RepR4","S3","MSR","other"
"1515","FJ24-FJ25::chr2:98666144-98667732",461,463,0.929,1013,941,"B","G","+",774,718,"-",239,223,"GACGA","DKO","D4","RepR4","S3","MSR","other"
"1516","FJ24-FJ25::chr2:98666144-98667732",477,479,0.91,1111,1011,"B","G","+",1010,922,"-",101,89,"TACGT","DKO","D4","RepR4","S3","MSR","other"
"1517","FJ24-FJ25::chr2:98666144-98667732",537,539,0.9,1273,1146,"B","G","+",1265,1138,"-",8,8,"CACGG","DKO","D4","RepR4","S3","MSR","other"
"1518","FJ24-FJ25::chr2:98666144-98667732",565,567,0.841,44,37,"B","G","+",39,32,"-",5,5,"GACGT","DKO","D4","RepR4","S3","MSR","other"
"1519","FJ24-FJ25::chr2:98666144-98667732",577,579,0.875,56,49,"B","G","+",52,46,"-",4,3,"GGCGA","DKO","D4","RepR4","S3","MSR","other"
"1520","FJ24-FJ25::chr2:98666144-98667732",625,627,0.928,16524,15340,"+","G","+",16524,15340,"-",0,0,"GACGT","DKO","D4","RepR4","S3","MSR","other"
"1521","FJ24-FJ25::chr2:98666144-98667732",680,682,0.911,15533,14156,"B","G","+",15526,14149,"-",7,7,"GACGA","DKO","D4","RepR4","S3","MSR","other"
"1522","FJ24-FJ25::chr2:98666144-98667732",695,697,0.921,15367,14157,"B","G","+",15360,14151,"-",7,6,"GACGA","DKO","D4","RepR4","S3","MSR","other"
"1523","FJ24-FJ25::chr2:98666144-98667732",711,713,0.838,15089,12651,"B","G","+",15083,12646,"-",6,5,"AACGT","DKO","D4","RepR4","S3","MSR","other"
"1524","FJ24-FJ25::chr2:98666144-98667732",753,755,0.921,3073,2829,"B","G","+",3071,2827,"-",2,2,"GGCGA","DKO","D4","RepR4","S3","MSR","other"
"1525","FJ24-FJ25::chr2:98666144-98667732",771,773,0.914,2778,2540,"B","G","+",2632,2402,"-",146,138,"CACGG","DKO","D4","RepR4","S3","MSR","other"
"1526","FJ24-FJ25::chr2:98666144-98667732",799,801,0.962,159,153,"B","G","+",14,13,"-",145,140,"GACGT","DKO","D4","RepR4","S3","MSR","other"
"1527","FJ24-FJ25::chr2:98666144-98667732",811,813,0.962,131,126,"B","G","+",12,10,"-",119,116,"GGCGA","DKO","D4","RepR4","S3","MSR","other"
"1528","FJ24-FJ25::chr2:98666144-98667732",859,861,0.88,50,44,"B","G","+",36,33,"-",14,11,"GACGT","DKO","D4","RepR4","S3","MSR","other"
"1529","FJ24-FJ25::chr2:98666144-98667732",946,948,0.92,15708,14450,"B","G","+",15638,14386,"-",70,64,"GACGA","DKO","D4","RepR4","S3","MSR","other"
"1530","FJ24-FJ25::chr2:98666144-98667732",962,964,0.823,18047,14846,"B","G","+",17964,14787,"-",83,59,"AACGT","DKO","D4","RepR4","S3","MSR","other"
"1531","FJ24-FJ25::chr2:98666144-98667732",1004,1006,0.891,23898,21293,"B","G","+",23805,21202,"-",93,91,"GGCGA","DKO","D4","RepR4","S3","MSR","other"
"1532","FJ24-FJ25::chr2:98666144-98667732",1022,1024,0.904,23718,21448,"B","G","+",23653,21383,"-",65,65,"CACGG","DKO","D4","RepR4","S3","MSR","other"
"1533","FJ24-FJ25::chr2:98666144-98667732",1050,1052,0.862,152,131,"B","G","+",118,100,"-",34,31,"GACGT","DKO","D4","RepR4","S3","MSR","other"
"1534","FJ24-FJ25::chr2:98666144-98667732",1062,1064,0.932,147,137,"B","G","+",130,120,"-",17,17,"GGCGA","DKO","D4","RepR4","S3","MSR","other"
"1535","FJ24-FJ25::chr2:98666144-98667732",1110,1112,0.916,5859,5365,"B","G","+",5850,5356,"-",9,9,"GACGT","DKO","D4","RepR4","S3","MSR","other"
"1536","FJ24-FJ25::chr2:98666144-98667732",1165,1167,0.883,384,339,"B","G","+",376,331,"-",8,8,"GACGA","DKO","D4","RepR4","S3","MSR","other"
"1537","FJ24-FJ25::chr2:98666144-98667732",1180,1182,0.891,110,98,"B","G","+",109,97,"-",1,1,"GACGA","DKO","D4","RepR4","S3","MSR","other"
"1538","FJ24-FJ25::chr4:3089104-3091584",605,607,0,2,0,"-","G","+",0,0,"-",2,0,"ACGTT","DKO","D4","RepR4","S3","MSR","other"
"1539","FJ24-FJ25::chr4:3089104-3091584",663,665,0.333,3,1,"+","G","+",3,1,"-",0,0,"AACGT","DKO","D4","RepR4","S3","MSR","other"
"1540","FJ24-FJ25::chr4:3089104-3091584",1104,1106,1,5,5,"+","G","+",5,5,"-",0,0,"GACGT","DKO","D4","RepR4","S3","MSR","other"
"1541","FJ24-FJ25::chr4:3089104-3091584",1116,1118,1,4,4,"+","G","+",4,4,"-",0,0,"GGCGA","DKO","D4","RepR4","S3","MSR","other"
"1542","FJ24-FJ25::chr4:3089104-3091584",1564,1566,0,3,0,"+","G","+",3,0,"-",0,0,"AACGC","DKO","D4","RepR4","S3","MSR","other"
"1543","FJ24-FJ25::chr4:3089104-3091584",1590,1592,1,3,3,"+","G","+",3,3,"-",0,0,"GTCGA","DKO","D4","RepR4","S3","MSR","other"
"1544","FJ24-FJ25::chr4:3089104-3091584",1607,1609,0.333,3,1,"+","G","+",3,1,"-",0,0,"AACGT","DKO","D4","RepR4","S3","MSR","other"
"1545","FJ24-FJ25::chr4:3089104-3091584",2006,2008,1,2,2,"+","G","+",2,2,"-",0,0,"GGCGA","DKO","D4","RepR4","S3","MSR","other"
"1546","FJ24-FJ25::chr4:3089104-3091584",2023,2025,1,2,2,"+","G","+",2,2,"-",0,0,"AACGT","DKO","D4","RepR4","S3","MSR","other"
"1547","FJ24-FJ25::chr4:3089104-3091584",2375,2377,0.826,23,19,"-","G","+",0,0,"-",23,19,"TCGAG","DKO","D4","RepR4","S3","MSR","other"
"1548","FJ24-FJ25::chr4:3089104-3091584",2440,2442,0.6,5,3,"B","G","+",4,2,"-",1,1,"CTCGA","DKO","D4","RepR4","S3","MSR","other"
"1549","FJ24-FJ25::chr4:70377716-70378654",405,407,1,2,2,"+","G","+",2,2,"-",0,0,"GTCGA","DKO","D4","RepR4","S3","MSR","other"
"1550","FJ24-FJ25::chr4:70377716-70378654",421,423,0,4,0,"B","G","+",2,0,"-",2,0,"AACGT","DKO","D4","RepR4","S3","MSR","other"
"1551","FJ24-FJ25::chr4:70377716-70378654",463,465,1,11,11,"B","G","+",9,9,"-",2,2,"GGCGA","DKO","D4","RepR4","S3","MSR","other"
"1552","FJ24-FJ25::chr4:70377716-70378654",481,483,1,9,9,"+","G","+",9,9,"-",0,0,"CACGG","DKO","D4","RepR4","S3","MSR","other"
"1553","FJ24-FJ25::chr5:104156087-104156938",131,133,0,1,0,"+","G","+",1,0,"-",0,0,"TCCGC","DKO","D4","RepR4","S3","MSR","other"
"1554","FJ24-FJ25::chr5:114922054-114923002",205,207,1,1,1,"-","G","+",0,0,"-",1,1,"ACGAT","DKO","D4","RepR4","S3","MSR","other"
"1555","FJ24-FJ25::chr5:114922054-114923002",253,255,1,1,1,"-","G","+",0,0,"-",1,1,"ACGTT","DKO","D4","RepR4","S3","MSR","other"
"1556","FJ24-FJ25::chr5:114922054-114923002",434,436,1,1,1,"-","G","+",0,0,"-",1,1,"ACGTT","DKO","D4","RepR4","S3","MSR","other"
"1557","FJ24-FJ25::chr5:114922054-114923002",451,453,1,2,2,"-","G","+",0,0,"-",2,2,"TCGCC","DKO","D4","RepR4","S3","MSR","other"
"1558","FJ24-FJ25::chr8:23095075-23096205",354,356,1,1,1,"-","G","+",0,0,"-",1,1,"GCGTG","DKO","D4","RepR4","S3","MSR","other"
"1559","FJ24-FJ25::chr8:23095075-23096205",417,419,1,1,1,"+","G","+",1,1,"-",0,0,"GGCGA","DKO","D4","RepR4","S3","MSR","other"
"1560","FJ24-FJ25::chr8:23095075-23096205",425,427,1,1,1,"+","G","+",1,1,"-",0,0,"AACGG","DKO","D4","RepR4","S3","MSR","other"
"1561","FJ24-FJ25::chr8:23095075-23096205",551,553,1,1,1,"-","G","+",0,0,"-",1,1,"ACGTG","DKO","D4","RepR4","S3","MSR","other"
"1562","FJ24-FJ25::chr8:23095075-23096205",593,595,1,2,2,"-","G","+",0,0,"-",2,2,"GCGAT","DKO","D4","RepR4","S3","MSR","other"
"1563","FJ24-FJ25::chr9:21878296-21879293",900,902,0.833,6,5,"B","G","+",3,2,"-",3,3,"GCCGC","DKO","D4","RepR4","S3","MSR","other"
"1564","FJ24-FJ25::chr9:21878296-21879293",902,904,1,4,4,"B","G","+",1,1,"-",3,3,"CGCGC","DKO","D4","RepR4","S3","MSR","other"
"1565","FJ24-FJ25::chr9:21878296-21879293",912,914,0.667,9,6,"B","G","+",6,5,"-",3,1,"TTCGC","DKO","D4","RepR4","S3","MSR","other"
"1566","FJ24-FJ25::chr9:21878296-21879293",915,917,1,8,8,"B","G","+",5,5,"-",3,3,"GCCGT","DKO","D4","RepR4","S3","MSR","other"
"1567","FJ24-FJ25::chr9:21878296-21879293",928,930,0.8,10,8,"B","G","+",7,6,"-",3,2,"GGCGC","DKO","D4","RepR4","S3","MSR","other"
"1568","FJ24-FJ25::chr9:21878296-21879293",967,969,0.5,4,2,"B","G","+",2,2,"-",2,0,"TGCGC","DKO","D4","RepR4","S3","MSR","other"
"1569","FJ24-FJ25::chr9:21878296-21879293",976,978,1,3,3,"B","G","+",2,2,"-",1,1,"GCCGA","DKO","D4","RepR4","S3","MSR","other"
"1570","FJ24-FJ25::chr9:2999602-3038819",428,430,0.714,7,5,"-","G","+",0,0,"-",7,5,"ACGTT","DKO","D4","RepR4","S3","MSR","other"
"1571","FJ24-FJ25::chr9:2999602-3038819",444,446,0.833,6,5,"-","G","+",0,0,"-",6,5,"TCGTC","DKO","D4","RepR4","S3","MSR","other"
"1572","FJ24-FJ25::chr9:2999602-3038819",604,606,0.944,18,17,"B","G","+",2,2,"-",16,15,"CACGT","DKO","D4","RepR4","S3","MSR","other"
"1573","FJ24-FJ25::chr9:2999602-3038819",620,622,0.833,12,10,"B","G","+",2,0,"-",10,10,"TTCGT","DKO","D4","RepR4","S3","MSR","other"
"1574","FJ24-FJ25::chr9:2999602-3038819",738,740,0.857,21,18,"B","G","+",7,5,"-",14,13,"CTCGC","DKO","D4","RepR4","S3","MSR","other"
"1575","FJ24-FJ25::chr9:2999602-3038819",750,752,0.947,19,18,"B","G","+",8,8,"-",11,10,"CACGT","DKO","D4","RepR4","S3","MSR","other"
"1576","FJ24-FJ25::chr9:2999602-3038819",778,780,0.863,1513,1305,"B","G","+",8,8,"-",1505,1297,"TCCGT","DKO","D4","RepR4","S3","MSR","other"
"1577","FJ24-FJ25::chr9:2999602-3038819",796,798,0.816,1350,1102,"-","G","+",0,0,"-",1350,1102,"TCGAC","DKO","D4","RepR4","S3","MSR","other"
"1578","FJ24-FJ25::chr9:2999602-3038819",838,840,0.827,243,201,"B","G","+",8,6,"-",235,195,"CACGT","DKO","D4","RepR4","S3","MSR","other"
"1579","FJ24-FJ25::chr9:2999602-3038819",854,856,0.909,219,199,"B","G","+",12,12,"-",207,187,"TTCGT","DKO","D4","RepR4","S3","MSR","other"
"1580","FJ24-FJ25::chr9:2999602-3038819",866,868,0.683,101,69,"B","G","+",12,3,"-",89,66,"CACGT","DKO","D4","RepR4","S3","MSR","other"
"1581","FJ24-FJ25::chr9:2999602-3038819",869,871,0.791,215,170,"B","G","+",13,13,"-",202,157,"GTCGT","DKO","D4","RepR4","S3","MSR","other"
"1582","FJ24-FJ25::chr9:2999602-3038819",972,974,0.929,155,144,"B","G","+",7,7,"-",148,137,"CTCGC","DKO","D4","RepR4","S3","MSR","other"
"1583","FJ24-FJ25::chr9:2999602-3038819",984,986,0.922,116,107,"B","G","+",6,6,"-",110,101,"CACGT","DKO","D4","RepR4","S3","MSR","other"
"1584","FJ24-FJ25::chr9:2999602-3038819",1012,1014,0.981,54,53,"B","G","+",6,6,"-",48,47,"TCCGT","DKO","D4","RepR4","S3","MSR","other"
"1585","FJ24-FJ25::chr9:2999602-3038819",1030,1032,0.828,29,24,"B","G","+",1,1,"-",28,23,"CTCGA","DKO","D4","RepR4","S3","MSR","other"
"1586","FJ24-FJ25::chr9:2999602-3038819",1072,1074,1,6,6,"-","G","+",0,0,"-",6,6,"ACGTT","DKO","D4","RepR4","S3","MSR","other"
"1587","FJ24-FJ25::chr9:2999602-3038819",1103,1105,1,4,4,"-","G","+",0,0,"-",4,4,"TCGTC","DKO","D4","RepR4","S3","MSR","other"
"1588","FJ24-FJ25::chr9:2999602-3038819",1158,1160,0.857,14,12,"-","G","+",0,0,"-",14,12,"ACGTC","DKO","D4","RepR4","S3","MSR","other"
"1589","FJ24-FJ25::chr9:2999602-3038819",1248,1250,0.794,34,27,"-","G","+",0,0,"-",34,27,"ACGTT","DKO","D4","RepR4","S3","MSR","other"
"1590","FJ24-FJ25::chr9:2999602-3038819",1264,1266,0.868,38,33,"-","G","+",0,0,"-",38,33,"TCGTC","DKO","D4","RepR4","S3","MSR","other"
"1591","FJ24-FJ25::chr9:2999602-3038819",1382,1384,0.848,46,39,"B","G","+",5,5,"-",41,34,"CTCGC","DKO","D4","RepR4","S3","MSR","other"
"1592","FJ24-FJ25::chr9:2999602-3038819",1394,1396,0.872,47,41,"B","G","+",9,9,"-",38,32,"CACGT","DKO","D4","RepR4","S3","MSR","other"
"1593","FJ24-FJ25::chr9:2999602-3038819",1422,1424,0.814,102,83,"B","G","+",6,6,"-",96,77,"TCCGT","DKO","D4","RepR4","S3","MSR","other"
"1594","FJ24-FJ25::chr9:2999602-3038819",1440,1442,0.816,49,40,"-","G","+",0,0,"-",49,40,"TCGCC","DKO","D4","RepR4","S3","MSR","other"
"1595","FJ24-FJ25::chr9:2999602-3038819",1459,1461,0,38,0,"-","G","+",0,0,"-",38,0,"ACGGT","DKO","D4","RepR4","S3","MSR","other"
"1596","FJ24-FJ25::chr9:2999602-3038819",1616,1618,1,6,6,"-","G","+",0,0,"-",6,6,"TCGCC","DKO","D4","RepR4","S3","MSR","other"
"1597","FJ24-FJ25::chr9:2999602-3038819",1674,1676,0.787,89,70,"-","G","+",0,0,"-",89,70,"TCGCC","DKO","D4","RepR4","S3","MSR","other"
"1598","FJ24-FJ25::chr9:2999602-3038819",1716,1718,0.814,172,140,"B","G","+",4,4,"-",168,136,"CACGT","DKO","D4","RepR4","S3","MSR","other"
"1599","FJ24-FJ25::chr9:2999602-3038819",1732,1734,0.876,178,156,"B","G","+",4,4,"-",174,152,"TTCGT","DKO","D4","RepR4","S3","MSR","other"
"1600","FJ24-FJ25::chr9:2999602-3038819",1850,1852,0.95,60,57,"B","G","+",6,5,"-",54,52,"CTCGC","DKO","D4","RepR4","S3","MSR","other"
"1601","FJ24-FJ25::chr9:2999602-3038819",1862,1864,0.882,51,45,"B","G","+",5,5,"-",46,40,"CACGT","DKO","D4","RepR4","S3","MSR","other"
"1602","FJ24-FJ25::chr9:2999602-3038819",1890,1892,0.89,173,154,"B","G","+",3,3,"-",170,151,"TCCGT","DKO","D4","RepR4","S3","MSR","other"
"1603","FJ24-FJ25::chr9:2999602-3038819",1908,1910,0.85,133,113,"-","G","+",0,0,"-",133,113,"TCGCC","DKO","D4","RepR4","S3","MSR","other"
"1604","FJ24-FJ25::chr9:2999602-3038819",1949,1951,1,4,4,"-","G","+",0,0,"-",4,4,"ACGTT","DKO","D4","RepR4","S3","MSR","other"
"1605","FJ24-FJ25::chr9:2999602-3038819",2083,2085,0.75,8,6,"B","G","+",1,0,"-",7,6,"CTCGC","DKO","D4","RepR4","S3","MSR","other"
"1606","FJ24-FJ25::chr9:2999602-3038819",2095,2097,1,9,9,"B","G","+",1,1,"-",8,8,"CACGT","DKO","D4","RepR4","S3","MSR","other"
"1607","FJ24-FJ25::chr9:2999602-3038819",2123,2125,0.766,47,36,"-","G","+",0,0,"-",47,36,"CCGTG","DKO","D4","RepR4","S3","MSR","other"
"1608","FJ24-FJ25::chr9:2999602-3038819",2141,2143,0.833,36,30,"-","G","+",0,0,"-",36,30,"TCGCC","DKO","D4","RepR4","S3","MSR","other"
"1609","FJ24-FJ25::chr9:2999602-3038819",2183,2185,0.722,18,13,"B","G","+",2,2,"-",16,11,"CACGT","DKO","D4","RepR4","S3","MSR","other"
"1610","FJ24-FJ25::chr9:2999602-3038819",2199,2201,0.769,13,10,"B","G","+",1,1,"-",12,9,"TTCGT","DKO","D4","RepR4","S3","MSR","other"
"1611","FJ24-FJ25::chr9:2999602-3038819",2297,2299,1,1,1,"-","G","+",0,0,"-",1,1,"TCGAC","DKO","D4","RepR4","S3","MSR","other"
"1612","FJ24-FJ25::chr9:2999602-3038819",2357,2359,0.8,10,8,"B","G","+",5,3,"-",5,5,"TCCGT","DKO","D4","RepR4","S3","MSR","other"
"1613","FJ24-FJ25::chr9:2999602-3038819",2375,2377,0.727,11,8,"B","G","+",5,3,"-",6,5,"CTCGC","DKO","D4","RepR4","S3","MSR","other"
"1614","FJ24-FJ25::chr9:2999602-3038819",2433,2435,0.917,24,22,"B","G","+",1,1,"-",23,21,"TTCGT","DKO","D4","RepR4","S3","MSR","other"
"1615","FJ24-FJ25::chr9:2999602-3038819",2448,2450,0.829,76,63,"B","G","+",1,1,"-",75,62,"GTCGT","DKO","D4","RepR4","S3","MSR","other"
"1616","FJ24-FJ25::chr9:2999602-3038819",2551,2553,0.917,24,22,"B","G","+",1,1,"-",23,21,"CTCGC","DKO","D4","RepR4","S3","MSR","other"
"1617","FJ24-FJ25::chr9:2999602-3038819",2609,2611,0.92,87,80,"-","G","+",0,0,"-",87,80,"TCGCC","DKO","D4","RepR4","S3","MSR","other"
"1618","FJ24-FJ25::chr9:2999602-3038819",2651,2653,0.773,22,17,"-","G","+",0,0,"-",22,17,"ACGTT","DKO","D4","RepR4","S3","MSR","other"
"1619","FJ24-FJ25::chr9:2999602-3038819",2667,2669,0.944,18,17,"B","G","+",1,1,"-",17,16,"TTCGT","DKO","D4","RepR4","S3","MSR","other"
"1620","FJ24-FJ25::chr9:2999602-3038819",2825,2827,0.716,215,154,"-","G","+",0,0,"-",215,154,"CCGTG","DKO","D4","RepR4","S3","MSR","other"
"1621","FJ24-FJ25::chr9:2999602-3038819",2885,2887,1,4,4,"-","G","+",0,0,"-",4,4,"ACGTT","DKO","D4","RepR4","S3","MSR","other"
"1622","FJ24-FJ25::chr9:2999602-3038819",3001,3003,0.5,2,1,"-","G","+",0,0,"-",2,1,"ACGTT","DKO","D4","RepR4","S3","MSR","other"
"1623","FJ24-FJ25::chr9:2999602-3038819",3135,3137,0.7,10,7,"B","G","+",2,2,"-",8,5,"CTCGC","DKO","D4","RepR4","S3","MSR","other"
"1624","FJ24-FJ25::chr9:2999602-3038819",3147,3149,1,12,12,"B","G","+",4,4,"-",8,8,"CACGT","DKO","D4","RepR4","S3","MSR","other"
"1625","FJ24-FJ25::chr9:2999602-3038819",3175,3177,0.829,170,141,"B","G","+",6,6,"-",164,135,"TCCGT","DKO","D4","RepR4","S3","MSR","other"
"1626","FJ24-FJ25::chr9:2999602-3038819",3193,3195,0.858,141,121,"B","G","+",6,5,"-",135,116,"CTCGC","DKO","D4","RepR4","S3","MSR","other"
"1627","FJ24-FJ25::chr9:2999602-3038819",3234,3236,1,1,1,"-","G","+",0,0,"-",1,1,"ACGTT","DKO","D4","RepR4","S3","MSR","other"
"1628","FJ24-FJ25::chr9:2999602-3038819",3408,3410,0.963,54,52,"-","G","+",0,0,"-",54,52,"CCGTG","DKO","D4","RepR4","S3","MSR","other"
"1629","FJ24-FJ25::chr9:2999602-3038819",3426,3428,0.86,50,43,"-","G","+",0,0,"-",50,43,"TCGCC","DKO","D4","RepR4","S3","MSR","other"
"1630","FJ24-FJ25::chr9:2999602-3038819",3468,3470,0.778,9,7,"-","G","+",0,0,"-",9,7,"ACGTT","DKO","D4","RepR4","S3","MSR","other"
"1631","FJ24-FJ25::chr9:2999602-3038819",3484,3486,1,8,8,"B","G","+",1,1,"-",7,7,"TTCGT","DKO","D4","RepR4","S3","MSR","other"
"1632","FJ24-FJ25::chr9:2999602-3038819",3642,3644,0.909,11,10,"B","G","+",2,2,"-",9,8,"TCCGT","DKO","D4","RepR4","S3","MSR","other"
"1633","FJ24-FJ25::chr9:2999602-3038819",3660,3662,0.909,11,10,"B","G","+",2,2,"-",9,8,"CTCGC","DKO","D4","RepR4","S3","MSR","other"
"1634","FJ24-FJ25::chr9:2999602-3038819",3718,3720,0.6,10,6,"-","G","+",0,0,"-",10,6,"TCGTC","DKO","D4","RepR4","S3","MSR","other"
"1635","FJ24-FJ25::chr9:2999602-3038819",3733,3735,0.881,67,59,"B","G","+",1,1,"-",66,58,"GTCGT","DKO","D4","RepR4","S3","MSR","other"
"1636","FJ24-FJ25::chr9:2999602-3038819",3836,3838,0.895,19,17,"-","G","+",0,0,"-",19,17,"TCGCC","DKO","D4","RepR4","S3","MSR","other"
"1637","FJ24-FJ25::chr9:2999602-3038819",3894,3896,0.88,158,139,"B","G","+",2,2,"-",156,137,"CTCGC","DKO","D4","RepR4","S3","MSR","other"
"1638","FJ24-FJ25::chr9:2999602-3038819",3936,3938,0.708,65,46,"B","G","+",2,0,"-",63,46,"CACGT","DKO","D4","RepR4","S3","MSR","other"
"1639","FJ24-FJ25::chr9:2999602-3038819",4128,4130,0.856,104,89,"B","G","+",2,2,"-",102,87,"CTCGC","DKO","D4","RepR4","S3","MSR","other"
"1640","FJ24-FJ25::chr9:2999602-3038819",4187,4189,1,2,2,"-","G","+",0,0,"-",2,2,"TCGTC","DKO","D4","RepR4","S3","MSR","other"
"1641","FJ24-FJ25::chr9:2999602-3038819",4303,4305,0.887,97,86,"-","G","+",0,0,"-",97,86,"TCGCC","DKO","D4","RepR4","S3","MSR","other"
"1642","FJ24-FJ25::chr9:2999602-3038819",4346,4348,0.6,5,3,"-","G","+",0,0,"-",5,3,"ACGTT","DKO","D4","RepR4","S3","MSR","other"
"1643","FJ24-FJ25::chr9:2999602-3038819",4362,4364,0.833,6,5,"-","G","+",0,0,"-",6,5,"TCGTC","DKO","D4","RepR4","S3","MSR","other"
"1644","FJ24-FJ25::chr9:2999602-3038819",4480,4482,1,2,2,"-","G","+",0,0,"-",2,2,"TCGCC","DKO","D4","RepR4","S3","MSR","other"
"1645","FJ24-FJ25::chr9:2999602-3038819",4520,4522,0.672,10153,6821,"-","G","+",0,0,"-",10153,6821,"CCGTG","DKO","D4","RepR4","S3","MSR","other"
"1646","FJ24-FJ25::chr9:2999602-3038819",4580,4582,0.791,642,508,"B","G","+",18,16,"-",624,492,"CACGT","DKO","D4","RepR4","S3","MSR","other"
"1647","FJ24-FJ25::chr9:2999602-3038819",4596,4598,0.925,611,565,"B","G","+",27,24,"-",584,541,"TTCGT","DKO","D4","RepR4","S3","MSR","other"
"1648","FJ24-FJ25::chr9:2999602-3038819",4611,4613,0.894,670,599,"B","G","+",29,24,"-",641,575,"GTCGT","DKO","D4","RepR4","S3","MSR","other"
"1649","FJ24-FJ25::chr9:2999602-3038819",4654,4656,0.524,21,11,"B","G","+",3,0,"-",18,11,"CTCGC","DKO","D4","RepR4","S3","MSR","other"
"1650","FJ24-FJ25::chr9:2999602-3038819",4754,4756,0.674,184,124,"-","G","+",0,0,"-",184,124,"CCGTG","DKO","D4","RepR4","S3","MSR","other"
"1651","FJ24-FJ25::chr9:2999602-3038819",4814,4816,0.692,26,18,"-","G","+",0,0,"-",26,18,"ACGTT","DKO","D4","RepR4","S3","MSR","other"
"1652","FJ24-FJ25::chr9:2999602-3038819",4844,4846,0.864,22,19,"-","G","+",0,0,"-",22,19,"TCGTC","DKO","D4","RepR4","S3","MSR","other"
"1653","FJ24-FJ25::chr9:2999602-3038819",4899,4901,1,4,4,"-","G","+",0,0,"-",4,4,"ACGTC","DKO","D4","RepR4","S3","MSR","other"
"1654","FJ24-FJ25::chr9:2999602-3038819",4947,4949,1,2,2,"+","G","+",2,2,"-",0,0,"TTCGC","DKO","D4","RepR4","S3","MSR","other"
"1655","FJ24-FJ25::chr9:2999602-3038819",4959,4961,1,3,3,"+","G","+",3,3,"-",0,0,"CACGT","DKO","D4","RepR4","S3","MSR","other"
"1656","FJ24-FJ25::chr9:2999602-3038819",4987,4989,0.895,715,640,"B","G","+",3,3,"-",712,637,"TCCGT","DKO","D4","RepR4","S3","MSR","other"
"1657","FJ24-FJ25::chr9:2999602-3038819",5005,5007,0.784,721,565,"B","G","+",4,4,"-",717,561,"CTCGC","DKO","D4","RepR4","S3","MSR","other"
"1658","FJ24-FJ25::chr9:2999602-3038819",5047,5049,0.804,547,440,"B","G","+",7,7,"-",540,433,"CACGT","DKO","D4","RepR4","S3","MSR","other"
"1659","FJ24-FJ25::chr9:2999602-3038819",5063,5065,0.931,525,489,"B","G","+",6,6,"-",519,483,"TTCGT","DKO","D4","RepR4","S3","MSR","other"
"1660","FJ24-FJ25::chr9:2999602-3038819",5078,5080,0.886,634,562,"B","G","+",8,8,"-",626,554,"GTCGT","DKO","D4","RepR4","S3","MSR","other"
"1661","FJ24-FJ25::chr9:2999602-3038819",5181,5183,1,7,7,"B","G","+",2,2,"-",5,5,"CTCGC","DKO","D4","RepR4","S3","MSR","other"
"1662","FJ24-FJ25::chr9:2999602-3038819",5193,5195,1,6,6,"B","G","+",2,2,"-",4,4,"CACGT","DKO","D4","RepR4","S3","MSR","other"
"1663","FJ24-FJ25::chr9:2999602-3038819",5221,5223,0.73,152,111,"B","G","+",2,0,"-",150,111,"ACCGT","DKO","D4","RepR4","S3","MSR","other"
"1664","FJ24-FJ25::chr9:2999602-3038819",5455,5457,0,2,0,"-","G","+",0,0,"-",2,0,"TCGTG","DKO","D4","RepR4","S3","MSR","other"
"1665","FJ24-FJ25::chr9:2999602-3038819",5473,5475,1,3,3,"B","G","+",1,1,"-",2,2,"CTCGC","DKO","D4","RepR4","S3","MSR","other"
"1666","FJ24-FJ25::chr9:2999602-3038819",5515,5517,1,4,4,"B","G","+",3,3,"-",1,1,"CACGT","DKO","D4","RepR4","S3","MSR","other"
"1667","FJ24-FJ25::chr9:2999602-3038819",5707,5709,0.843,70,59,"-","G","+",0,0,"-",70,59,"TCGCA","DKO","D4","RepR4","S3","MSR","other"
"1668","FJ24-FJ25::chr9:2999602-3038819",5924,5926,1,1,1,"-","G","+",0,0,"-",1,1,"ACGTT","DKO","D4","RepR4","S3","MSR","other"
"1669","FJ24-FJ25::chr9:2999602-3038819",5940,5942,1,1,1,"-","G","+",0,0,"-",1,1,"TCGTC","DKO","D4","RepR4","S3","MSR","other"
"1670","FJ24-FJ25::chr9:2999602-3038819",6098,6100,0.898,59,53,"-","G","+",0,0,"-",59,53,"CCGTG","DKO","D4","RepR4","S3","MSR","other"
"1671","FJ24-FJ25::chr9:2999602-3038819",6116,6118,0.848,33,28,"-","G","+",0,0,"-",33,28,"TCGCC","DKO","D4","RepR4","S3","MSR","other"
"1672","FJ24-FJ25::chr9:2999602-3038819",6158,6160,0.5,4,2,"-","G","+",0,0,"-",4,2,"ACGTT","DKO","D4","RepR4","S3","MSR","other"
"1673","FJ24-FJ25::chr9:2999602-3038819",6174,6176,1,4,4,"-","G","+",0,0,"-",4,4,"TCGTC","DKO","D4","RepR4","S3","MSR","other"
"1674","FJ24-FJ25::chr9:2999602-3038819",6189,6191,1,6,6,"-","G","+",0,0,"-",6,6,"TCGTC","DKO","D4","RepR4","S3","MSR","other"
"1675","FJ24-FJ25::chr9:2999602-3038819",6244,6246,0.875,8,7,"B","G","+",1,1,"-",7,6,"CACGT","DKO","D4","RepR4","S3","MSR","other"
"1676","FJ24-FJ25::chr9:2999602-3038819",6334,6336,1,2,2,"-","G","+",0,0,"-",2,2,"ACGTT","DKO","D4","RepR4","S3","MSR","other"
"1677","FJ24-FJ25::chr9:2999602-3038819",6350,6352,1,2,2,"-","G","+",0,0,"-",2,2,"TCGTC","DKO","D4","RepR4","S3","MSR","other"
"1678","FJ24-FJ25::chr9:2999602-3038819",6390,6392,0.932,44,41,"-","G","+",0,0,"-",44,41,"CCGTG","DKO","D4","RepR4","S3","MSR","other"
"1679","FJ24-FJ25::chr9:2999602-3038819",6434,6436,0,43,0,"-","G","+",0,0,"-",43,0,"ACGTT","DKO","D4","RepR4","S3","MSR","other"
"1680","FJ24-FJ25::chr9:2999602-3038819",6508,6510,0.938,16,15,"-","G","+",0,0,"-",16,15,"CCGTG","DKO","D4","RepR4","S3","MSR","other"
"1681","FJ24-FJ25::chr9:2999602-3038819",6526,6528,0.714,7,5,"-","G","+",0,0,"-",7,5,"TCGCC","DKO","D4","RepR4","S3","MSR","other"
"1682","FJ24-FJ25::chr9:2999602-3038819",6702,6704,1,2,2,"-","G","+",0,0,"-",2,2,"TCGCC","DKO","D4","RepR4","S3","MSR","other"
"1683","FJ24-FJ25::chr9:2999602-3038819",6760,6762,0.849,417,354,"B","G","+",1,1,"-",416,353,"CTCGC","DKO","D4","RepR4","S3","MSR","other"
"1684","FJ24-FJ25::chr9:2999602-3038819",6802,6804,1,21,21,"B","G","+",2,2,"-",19,19,"CACGT","DKO","D4","RepR4","S3","MSR","other"
"1685","FJ24-FJ25::chr9:2999602-3038819",6818,6820,0.818,22,18,"B","G","+",2,1,"-",20,17,"TTCGT","DKO","D4","RepR4","S3","MSR","other"
"1686","FJ24-FJ25::chr9:2999602-3038819",6994,6996,0.5,2,1,"-","G","+",0,0,"-",2,1,"TCGAC","DKO","D4","RepR4","S3","MSR","other"
"1687","FJ24-FJ25::chr9:2999602-3038819",7051,7053,1,14,14,"-","G","+",0,0,"-",14,14,"TCGTC","DKO","D4","RepR4","S3","MSR","other"
"1688","FJ24-FJ25::chr9:2999602-3038819",7169,7171,0.903,31,28,"B","G","+",3,3,"-",28,25,"CTCGC","DKO","D4","RepR4","S3","MSR","other"
"1689","FJ24-FJ25::chr9:2999602-3038819",7181,7183,0.909,33,30,"B","G","+",6,6,"-",27,24,"CACGT","DKO","D4","RepR4","S3","MSR","other"
"1690","FJ24-FJ25::chr9:2999602-3038819",7209,7211,0.884,11515,10175,"B","G","+",7,7,"-",11508,10168,"TCCGT","DKO","D4","RepR4","S3","MSR","other"
"1691","FJ24-FJ25::chr9:2999602-3038819",7227,7229,0.858,11596,9953,"B","G","+",7,7,"-",11589,9946,"CTCGC","DKO","D4","RepR4","S3","MSR","other"
"1692","FJ24-FJ25::chr9:2999602-3038819",7269,7271,0.741,232,172,"B","G","+",1,0,"-",231,172,"CACGT","DKO","D4","RepR4","S3","MSR","other"
"1693","FJ24-FJ25::chr9:2999602-3038819",7285,7287,0.908,142,129,"B","G","+",1,1,"-",141,128,"TTCGT","DKO","D4","RepR4","S3","MSR","other"
"1694","FJ24-FJ25::chr9:2999602-3038819",7417,7419,1,1,1,"+","G","+",1,1,"-",0,0,"CACGT","DKO","D4","RepR4","S3","MSR","other"
"1695","FJ24-FJ25::chr9:2999602-3038819",7444,7446,1,2,2,"B","G","+",1,1,"-",1,1,"TTCGG","DKO","D4","RepR4","S3","MSR","other"
"1696","FJ24-FJ25::chr9:2999602-3038819",7463,7465,0.667,3,2,"-","G","+",0,0,"-",3,2,"TCGCC","DKO","D4","RepR4","S3","MSR","other"
"1697","FJ24-FJ25::chr9:2999602-3038819",7506,7508,0.727,11,8,"B","G","+",6,6,"-",5,2,"CACGT","DKO","D4","RepR4","S3","MSR","other"
"1698","FJ24-FJ25::chr9:2999602-3038819",7522,7524,0.958,24,23,"B","G","+",15,14,"-",9,9,"TTCGT","DKO","D4","RepR4","S3","MSR","other"
"1699","FJ24-FJ25::chr9:2999602-3038819",7537,7539,0.964,28,27,"B","G","+",15,14,"-",13,13,"GTCGT","DKO","D4","RepR4","S3","MSR","other"
"1700","FJ24-FJ25::chr9:2999602-3038819",7698,7700,0.865,1552,1343,"B","G","+",1,1,"-",1551,1342,"CTCGC","DKO","D4","RepR4","S3","MSR","other"
"1701","FJ24-FJ25::chr9:2999602-3038819",7799,7801,0.874,285,249,"B","G","+",2,2,"-",283,247,"TCCGT","DKO","D4","RepR4","S3","MSR","other"
"1702","FJ24-FJ25::chr9:2999602-3038819",7817,7819,0.873,284,248,"B","G","+",2,2,"-",282,246,"CTCGC","DKO","D4","RepR4","S3","MSR","other"
"1703","FJ24-FJ25::chr9:2999602-3038819",7859,7861,0.846,13,11,"-","G","+",0,0,"-",13,11,"ACGTT","DKO","D4","RepR4","S3","MSR","other"
"1704","FJ24-FJ25::chr9:2999602-3038819",7992,7994,1,11,11,"B","G","+",5,5,"-",6,6,"CTCGC","DKO","D4","RepR4","S3","MSR","other"
"1705","FJ24-FJ25::chr9:2999602-3038819",8004,8006,0.917,12,11,"B","G","+",6,6,"-",6,5,"CACGT","DKO","D4","RepR4","S3","MSR","other"
"1706","FJ24-FJ25::chr9:2999602-3038819",8032,8034,0.875,263,230,"B","G","+",6,4,"-",257,226,"TCCGT","DKO","D4","RepR4","S3","MSR","other"
"1707","FJ24-FJ25::chr9:2999602-3038819",8050,8052,0.937,206,193,"B","G","+",5,5,"-",201,188,"CTCGC","DKO","D4","RepR4","S3","MSR","other"
"1708","FJ24-FJ25::chr9:2999602-3038819",8237,8239,1,1,1,"+","G","+",1,1,"-",0,0,"CACGT","DKO","D4","RepR4","S3","MSR","other"
"1709","FJ24-FJ25::chr9:2999602-3038819",8325,8327,0.8,5,4,"B","G","+",1,0,"-",4,4,"CACGT","DKO","D4","RepR4","S3","MSR","other"
"1710","FJ24-FJ25::chr9:2999602-3038819",8517,8519,0.859,404,347,"-","G","+",0,0,"-",404,347,"TCGCC","DKO","D4","RepR4","S3","MSR","other"
"1711","FJ24-FJ25::chr9:2999602-3038819",8576,8578,1,4,4,"-","G","+",0,0,"-",4,4,"TCGTC","DKO","D4","RepR4","S3","MSR","other"
"1712","FJ24-FJ25::chr9:2999602-3038819",8692,8694,0.847,59,50,"-","G","+",0,0,"-",59,50,"TCGCT","DKO","D4","RepR4","S3","MSR","other"
"1713","FJ24-FJ25::chr9:2999602-3038819",8735,8737,0,1,0,"-","G","+",0,0,"-",1,0,"ACGTT","DKO","D4","RepR4","S3","MSR","other"
"1714","FJ24-FJ25::chr9:2999602-3038819",8751,8753,1,1,1,"-","G","+",0,0,"-",1,1,"TCGTC","DKO","D4","RepR4","S3","MSR","other"
"1715","FJ24-FJ25::chr9:2999602-3038819",8763,8765,1,1,1,"-","G","+",0,0,"-",1,1,"ACGTT","DKO","D4","RepR4","S3","MSR","other"
"1716","FJ24-FJ25::chr9:2999602-3038819",8909,8911,0.881,5864,5168,"B","G","+",1,1,"-",5863,5167,"TCCGT","DKO","D4","RepR4","S3","MSR","other"
"1717","FJ24-FJ25::chr9:2999602-3038819",8969,8971,0.957,23,22,"B","G","+",4,4,"-",19,18,"CACGT","DKO","D4","RepR4","S3","MSR","other"
"1718","FJ24-FJ25::chr9:2999602-3038819",8985,8987,1,19,19,"B","G","+",4,4,"-",15,15,"TTCGT","DKO","D4","RepR4","S3","MSR","other"
"1719","FJ24-FJ25::chr9:2999602-3038819",9161,9163,0.947,75,71,"-","G","+",0,0,"-",75,71,"TCGCA","DKO","D4","RepR4","S3","MSR","other"
"1720","FJ24-FJ25::chr9:2999602-3038819",9220,9222,1,3,3,"-","G","+",0,0,"-",3,3,"TCGTC","DKO","D4","RepR4","S3","MSR","other"
"1721","FJ24-FJ25::chr9:2999602-3038819",9602,9604,0,1,0,"+","G","+",1,0,"-",0,0,"CACGT","DKO","D4","RepR4","S3","MSR","other"
"1722","FJ24-FJ25::chr9:2999602-3038819",9629,9631,1,1,1,"+","G","+",1,1,"-",0,0,"TTCGG","DKO","D4","RepR4","S3","MSR","other"
"1723","FJ24-FJ25::chr9:2999602-3038819",9648,9650,0.818,11,9,"B","G","+",1,1,"-",10,8,"CTCGC","DKO","D4","RepR4","S3","MSR","other"
"1724","FJ24-FJ25::chr9:2999602-3038819",9691,9693,0.857,21,18,"B","G","+",5,5,"-",16,13,"CACGT","DKO","D4","RepR4","S3","MSR","other"
"1725","FJ24-FJ25::chr9:2999602-3038819",9707,9709,0.952,42,40,"B","G","+",22,22,"-",20,18,"TTCGT","DKO","D4","RepR4","S3","MSR","other"
"1726","FJ24-FJ25::chr9:2999602-3038819",9722,9724,0.957,46,44,"B","G","+",23,22,"-",23,22,"GTCGT","DKO","D4","RepR4","S3","MSR","other"
"1727","FJ24-FJ25::chr9:2999602-3038819",9883,9885,0.867,1164,1009,"-","G","+",0,0,"-",1164,1009,"TCGCC","DKO","D4","RepR4","S3","MSR","other"
"1728","FJ24-FJ25::chr9:2999602-3038819",9984,9986,0.938,192,180,"B","G","+",2,2,"-",190,178,"TCCGT","DKO","D4","RepR4","S3","MSR","other"
"1729","FJ24-FJ25::chr9:2999602-3038819",10002,10004,0.793,193,153,"B","G","+",2,2,"-",191,151,"CTCGC","DKO","D4","RepR4","S3","MSR","other"
"1730","FJ24-FJ25::chr9:2999602-3038819",10044,10046,0.944,18,17,"B","G","+",3,3,"-",15,14,"CACGT","DKO","D4","RepR4","S3","MSR","other"
"1731","FJ24-FJ25::chr9:2999602-3038819",10189,10191,1,2,2,"-","G","+",0,0,"-",2,2,"ACGTC","DKO","D4","RepR4","S3","MSR","other"
"1732","FJ24-FJ25::chr9:2999602-3038819",10217,10219,0.85,4536,3856,"-","G","+",0,0,"-",4536,3856,"CCGTG","DKO","D4","RepR4","S3","MSR","other"
"1733","FJ24-FJ25::chr9:2999602-3038819",10277,10279,0.8,10,8,"-","G","+",0,0,"-",10,8,"ACGTT","DKO","D4","RepR4","S3","MSR","other"
"1734","FJ24-FJ25::chr9:2999602-3038819",10411,10413,1,6,6,"B","G","+",3,3,"-",3,3,"CTCGC","DKO","D4","RepR4","S3","MSR","other"
"1735","FJ24-FJ25::chr9:2999602-3038819",10423,10425,0.778,9,7,"B","G","+",6,4,"-",3,3,"CACGT","DKO","D4","RepR4","S3","MSR","other"
"1736","FJ24-FJ25::chr9:2999602-3038819",10451,10453,0.858,204,175,"B","G","+",9,9,"-",195,166,"TCCGT","DKO","D4","RepR4","S3","MSR","other"
"1737","FJ24-FJ25::chr9:2999602-3038819",10469,10471,0.932,148,138,"B","G","+",8,8,"-",140,130,"CTCGC","DKO","D4","RepR4","S3","MSR","other"
"1738","FJ24-FJ25::chr9:2999602-3038819",10510,10512,0,1,0,"-","G","+",0,0,"-",1,0,"ACGTT","DKO","D4","RepR4","S3","MSR","other"
"1739","FJ24-FJ25::chr9:2999602-3038819",10644,10646,1,1,1,"-","G","+",0,0,"-",1,1,"TCGCC","DKO","D4","RepR4","S3","MSR","other"
"1740","FJ24-FJ25::chr9:2999602-3038819",10656,10658,0,1,0,"-","G","+",0,0,"-",1,0,"ACGTC","DKO","D4","RepR4","S3","MSR","other"
"1741","FJ24-FJ25::chr9:2999602-3038819",10684,10686,0.864,22,19,"-","G","+",0,0,"-",22,19,"CCGTG","DKO","D4","RepR4","S3","MSR","other"
"1742","FJ24-FJ25::chr9:2999602-3038819",10702,10704,0.897,29,26,"-","G","+",0,0,"-",29,26,"TCGCC","DKO","D4","RepR4","S3","MSR","other"
"1743","FJ24-FJ25::chr9:2999602-3038819",10744,10746,0.9,10,9,"-","G","+",0,0,"-",10,9,"ACGTT","DKO","D4","RepR4","S3","MSR","other"
"1744","FJ24-FJ25::chr9:2999602-3038819",10760,10762,1,11,11,"-","G","+",0,0,"-",11,11,"TCGTC","DKO","D4","RepR4","S3","MSR","other"
"1745","FJ24-FJ25::chr9:2999602-3038819",10918,10920,0.4,5,2,"-","G","+",0,0,"-",5,2,"CCGTG","DKO","D4","RepR4","S3","MSR","other"
"1746","FJ24-FJ25::chr9:2999602-3038819",10994,10996,1,3,3,"-","G","+",0,0,"-",3,3,"TCGTC","DKO","D4","RepR4","S3","MSR","other"
"1747","FJ24-FJ25::chr9:2999602-3038819",11009,11011,1,3,3,"-","G","+",0,0,"-",3,3,"TCGTC","DKO","D4","RepR4","S3","MSR","other"
"1748","FJ24-FJ25::chr9:2999602-3038819",11110,11112,0.889,36,32,"-","G","+",0,0,"-",36,32,"TCGCT","DKO","D4","RepR4","S3","MSR","other"
"1749","FJ24-FJ25::chr9:2999602-3038819",11327,11329,0.833,4707,3919,"-","G","+",0,0,"-",4707,3919,"CCGTG","DKO","D4","RepR4","S3","MSR","other"
"1750","FJ24-FJ25::chr9:2999602-3038819",11387,11389,0.85,40,34,"B","G","+",2,2,"-",38,32,"CACGT","DKO","D4","RepR4","S3","MSR","other"
"1751","FJ24-FJ25::chr9:2999602-3038819",11403,11405,0.857,28,24,"B","G","+",3,3,"-",25,21,"TTCGT","DKO","D4","RepR4","S3","MSR","other"
"1752","FJ24-FJ25::chr9:2999602-3038819",11579,11581,0.909,44,40,"-","G","+",0,0,"-",44,40,"TCGCA","DKO","D4","RepR4","S3","MSR","other"
"1753","FJ24-FJ25::chr9:2999602-3038819",11796,11798,1,1,1,"-","G","+",0,0,"-",1,1,"ACGTT","DKO","D4","RepR4","S3","MSR","other"
"1754","FJ24-FJ25::chr9:2999602-3038819",11812,11814,1,1,1,"-","G","+",0,0,"-",1,1,"TCGTC","DKO","D4","RepR4","S3","MSR","other"
"1755","FJ24-FJ25::chr9:2999602-3038819",11970,11972,0.781,64,50,"-","G","+",0,0,"-",64,50,"CCGTG","DKO","D4","RepR4","S3","MSR","other"
"1756","FJ24-FJ25::chr9:2999602-3038819",11988,11990,0.974,38,37,"-","G","+",0,0,"-",38,37,"TCGCC","DKO","D4","RepR4","S3","MSR","other"
"1757","FJ24-FJ25::chr9:2999602-3038819",12030,12032,0.75,8,6,"-","G","+",0,0,"-",8,6,"ACGTT","DKO","D4","RepR4","S3","MSR","other"
"1758","FJ24-FJ25::chr9:2999602-3038819",12046,12048,1,4,4,"-","G","+",0,0,"-",4,4,"TCGTC","DKO","D4","RepR4","S3","MSR","other"
"1759","FJ24-FJ25::chr9:2999602-3038819",12061,12063,1,7,7,"-","G","+",0,0,"-",7,7,"TCGTC","DKO","D4","RepR4","S3","MSR","other"
"1760","FJ24-FJ25::chr9:2999602-3038819",12116,12118,1,13,13,"B","G","+",4,4,"-",9,9,"CACGT","DKO","D4","RepR4","S3","MSR","other"
"1761","FJ24-FJ25::chr9:2999602-3038819",12206,12208,0.9,10,9,"-","G","+",0,0,"-",10,9,"ACGTT","DKO","D4","RepR4","S3","MSR","other"
"1762","FJ24-FJ25::chr9:2999602-3038819",12222,12224,1,11,11,"B","G","+",1,1,"-",10,10,"TTCGT","DKO","D4","RepR4","S3","MSR","other"
"1763","FJ24-FJ25::chr9:2999602-3038819",12262,12264,0.45,20,9,"B","G","+",1,1,"-",19,8,"TCCGT","DKO","D4","RepR4","S3","MSR","other"
"1764","FJ24-FJ25::chr9:2999602-3038819",12306,12308,0,16,0,"-","G","+",0,0,"-",16,0,"ACGTT","DKO","D4","RepR4","S3","MSR","other"
"1765","FJ24-FJ25::chr9:2999602-3038819",12380,12382,1,8,8,"-","G","+",0,0,"-",8,8,"CCGTG","DKO","D4","RepR4","S3","MSR","other"
"1766","FJ24-FJ25::chr9:2999602-3038819",12398,12400,0.75,4,3,"-","G","+",0,0,"-",4,3,"TCGCC","DKO","D4","RepR4","S3","MSR","other"
"1767","FJ24-FJ25::chr9:2999602-3038819",12632,12634,0.815,233,190,"-","G","+",0,0,"-",233,190,"TCGCC","DKO","D4","RepR4","S3","MSR","other"
"1768","FJ24-FJ25::chr9:2999602-3038819",12674,12676,0.75,16,12,"-","G","+",0,0,"-",16,12,"ACGTT","DKO","D4","RepR4","S3","MSR","other"
"1769","FJ24-FJ25::chr9:2999602-3038819",12690,12692,0.944,18,17,"B","G","+",1,1,"-",17,16,"TTCGT","DKO","D4","RepR4","S3","MSR","other"
"1770","FJ24-FJ25::chr9:2999602-3038819",12866,12868,0.833,6,5,"-","G","+",0,0,"-",6,5,"TCGAC","DKO","D4","RepR4","S3","MSR","other"
"1771","FJ24-FJ25::chr9:2999602-3038819",12923,12925,1,1,1,"-","G","+",0,0,"-",1,1,"TCGTC","DKO","D4","RepR4","S3","MSR","other"
"1772","FJ24-FJ25::chr9:2999602-3038819",13082,13084,0.667,3,2,"B","G","+",1,1,"-",2,1,"TTCGG","DKO","D4","RepR4","S3","MSR","other"
"1773","FJ24-FJ25::chr9:2999602-3038819",13101,13103,1,4,4,"B","G","+",1,1,"-",3,3,"CTCGC","DKO","D4","RepR4","S3","MSR","other"
"1774","FJ24-FJ25::chr9:2999602-3038819",13144,13146,0.913,23,21,"B","G","+",14,12,"-",9,9,"CACGT","DKO","D4","RepR4","S3","MSR","other"
"1775","FJ24-FJ25::chr9:2999602-3038819",13160,13162,0.946,37,35,"B","G","+",23,22,"-",14,13,"TTCGT","DKO","D4","RepR4","S3","MSR","other"
"1776","FJ24-FJ25::chr9:2999602-3038819",13175,13177,0.909,44,40,"B","G","+",25,25,"-",19,15,"GTCGT","DKO","D4","RepR4","S3","MSR","other"
"1777","FJ24-FJ25::chr9:2999602-3038819",13336,13338,0.862,1143,985,"B","G","+",2,2,"-",1141,983,"CTCGC","DKO","D4","RepR4","S3","MSR","other"
"1778","FJ24-FJ25::chr9:2999602-3038819",13397,13399,1,4,4,"-","G","+",0,0,"-",4,4,"TCGCC","DKO","D4","RepR4","S3","MSR","other"
"1779","FJ24-FJ25::chr9:2999602-3038819",13437,13439,0.837,233,195,"-","G","+",0,0,"-",233,195,"CCGTG","DKO","D4","RepR4","S3","MSR","other"
"1780","FJ24-FJ25::chr9:2999602-3038819",13455,13457,0.815,233,190,"B","G","+",1,1,"-",232,189,"CTCGC","DKO","D4","RepR4","S3","MSR","other"
"1781","FJ24-FJ25::chr9:2999602-3038819",13497,13499,0.621,29,18,"-","G","+",0,0,"-",29,18,"ACGTT","DKO","D4","RepR4","S3","MSR","other"
"1782","FJ24-FJ25::chr9:2999602-3038819",13630,13632,0,1,0,"-","G","+",0,0,"-",1,0,"TCGCC","DKO","D4","RepR4","S3","MSR","other"
"1783","FJ24-FJ25::chr9:2999602-3038819",13642,13644,1,8,8,"B","G","+",3,3,"-",5,5,"CACGT","DKO","D4","RepR4","S3","MSR","other"
"1784","FJ24-FJ25::chr9:2999602-3038819",13670,13672,0.845,4924,4161,"B","G","+",3,3,"-",4921,4158,"TCCGT","DKO","D4","RepR4","S3","MSR","other"
"1785","FJ24-FJ25::chr9:2999602-3038819",13730,13732,0.846,13,11,"-","G","+",0,0,"-",13,11,"ACGTT","DKO","D4","RepR4","S3","MSR","other"
"1786","FJ24-FJ25::chr9:2999602-3038819",13864,13866,0.667,6,4,"-","G","+",0,0,"-",6,4,"TCGCC","DKO","D4","RepR4","S3","MSR","other"
"1787","FJ24-FJ25::chr9:2999602-3038819",13876,13878,0.714,7,5,"B","G","+",1,1,"-",6,4,"CACGT","DKO","D4","RepR4","S3","MSR","other"
"1788","FJ24-FJ25::chr9:2999602-3038819",13904,13906,0.819,221,181,"B","G","+",1,1,"-",220,180,"TCCGT","DKO","D4","RepR4","S3","MSR","other"
"1789","FJ24-FJ25::chr9:2999602-3038819",13922,13924,0.902,163,147,"B","G","+",2,2,"-",161,145,"CTCGC","DKO","D4","RepR4","S3","MSR","other"
"1790","FJ24-FJ25::chr9:2999602-3038819",13963,13965,1,1,1,"-","G","+",0,0,"-",1,1,"ACGTT","DKO","D4","RepR4","S3","MSR","other"
"1791","FJ24-FJ25::chr9:2999602-3038819",14097,14099,0,2,0,"-","G","+",0,0,"-",2,0,"TCGCC","DKO","D4","RepR4","S3","MSR","other"
"1792","FJ24-FJ25::chr9:2999602-3038819",14109,14111,0,1,0,"-","G","+",0,0,"-",1,0,"ACGTC","DKO","D4","RepR4","S3","MSR","other"
"1793","FJ24-FJ25::chr9:2999602-3038819",14137,14139,0.84,25,21,"-","G","+",0,0,"-",25,21,"CCGTG","DKO","D4","RepR4","S3","MSR","other"
"1794","FJ24-FJ25::chr9:2999602-3038819",14155,14157,0.8,35,28,"-","G","+",0,0,"-",35,28,"TCGCC","DKO","D4","RepR4","S3","MSR","other"
"1795","FJ24-FJ25::chr9:2999602-3038819",14197,14199,0.812,16,13,"B","G","+",2,2,"-",14,11,"CACGT","DKO","D4","RepR4","S3","MSR","other"
"1796","FJ24-FJ25::chr9:2999602-3038819",14213,14215,0.808,26,21,"B","G","+",3,1,"-",23,20,"TTCGT","DKO","D4","RepR4","S3","MSR","other"
"1797","FJ24-FJ25::chr9:2999602-3038819",14371,14373,0.8,5,4,"-","G","+",0,0,"-",5,4,"CCGTG","DKO","D4","RepR4","S3","MSR","other"
"1798","FJ24-FJ25::chr9:2999602-3038819",14389,14391,1,6,6,"B","G","+",1,1,"-",5,5,"CTCGC","DKO","D4","RepR4","S3","MSR","other"
"1799","FJ24-FJ25::chr9:2999602-3038819",14447,14449,0.867,15,13,"-","G","+",0,0,"-",15,13,"TCGTC","DKO","D4","RepR4","S3","MSR","other"
"1800","FJ24-FJ25::chr9:2999602-3038819",14462,14464,0.846,78,66,"B","G","+",2,2,"-",76,64,"GTCGT","DKO","D4","RepR4","S3","MSR","other"
"1801","FJ24-FJ25::chr9:2999602-3038819",14565,14567,0.833,24,20,"B","G","+",1,0,"-",23,20,"CTCGC","DKO","D4","RepR4","S3","MSR","other"
"1802","FJ24-FJ25::chr9:2999602-3038819",14623,14625,0.825,103,85,"-","G","+",0,0,"-",103,85,"TCGCC","DKO","D4","RepR4","S3","MSR","other"
"1803","FJ24-FJ25::chr9:2999602-3038819",14665,14667,0.833,36,30,"B","G","+",2,2,"-",34,28,"CACGT","DKO","D4","RepR4","S3","MSR","other"
"1804","FJ24-FJ25::chr9:2999602-3038819",14681,14683,0.812,32,26,"B","G","+",2,2,"-",30,24,"TTCGT","DKO","D4","RepR4","S3","MSR","other"
"1805","FJ24-FJ25::chr9:2999602-3038819",14839,14841,0.665,212,141,"-","G","+",0,0,"-",212,141,"CCGTG","DKO","D4","RepR4","S3","MSR","other"
"1806","FJ24-FJ25::chr9:2999602-3038819",14899,14901,1,8,8,"B","G","+",1,1,"-",7,7,"CACGT","DKO","D4","RepR4","S3","MSR","other"
"1807","FJ24-FJ25::chr9:2999602-3038819",15073,15075,0,1,0,"-","G","+",0,0,"-",1,0,"TCGTG","DKO","D4","RepR4","S3","MSR","other"
"1808","FJ24-FJ25::chr9:2999602-3038819",15133,15135,1,7,7,"-","G","+",0,0,"-",7,7,"ACGTT","DKO","D4","RepR4","S3","MSR","other"
"1809","FJ24-FJ25::chr9:2999602-3038819",15325,15327,0.874,87,76,"-","G","+",0,0,"-",87,76,"TCGCC","DKO","D4","RepR4","S3","MSR","other"
"1810","FJ24-FJ25::chr9:2999602-3038819",15500,15502,0.9,40,36,"-","G","+",0,0,"-",40,36,"TCGCT","DKO","D4","RepR4","S3","MSR","other"
"1811","FJ24-FJ25::chr9:2999602-3038819",15677,15679,1,2,2,"-","G","+",0,0,"-",2,2,"TCGCC","DKO","D4","RepR4","S3","MSR","other"
"1812","FJ24-FJ25::chr9:2999602-3038819",15777,15779,0.785,107,84,"B","G","+",35,25,"-",72,59,"CACGT","DKO","D4","RepR4","S3","MSR","other"
"1813","FJ24-FJ25::chr9:2999602-3038819",15793,15795,0.924,105,97,"B","G","+",42,39,"-",63,58,"TTCGT","DKO","D4","RepR4","S3","MSR","other"
"1814","FJ24-FJ25::chr9:2999602-3038819",15808,15810,0.916,119,109,"B","G","+",48,46,"-",71,63,"GTCGT","DKO","D4","RepR4","S3","MSR","other"
"1815","FJ24-FJ25::chr9:2999602-3038819",15851,15853,0.65,20,13,"B","G","+",3,0,"-",17,13,"CTCGC","DKO","D4","RepR4","S3","MSR","other"
"1816","FJ24-FJ25::chr9:2999602-3038819",15951,15953,0.753,77,58,"-","G","+",0,0,"-",77,58,"CCGTG","DKO","D4","RepR4","S3","MSR","other"
"1817","FJ24-FJ25::chr9:2999602-3038819",16011,16013,1,3,3,"-","G","+",0,0,"-",3,3,"ACGTT","DKO","D4","RepR4","S3","MSR","other"
"1818","FJ24-FJ25::chr9:2999602-3038819",16041,16043,1,1,1,"-","G","+",0,0,"-",1,1,"TCGTC","DKO","D4","RepR4","S3","MSR","other"
"1819","FJ24-FJ25::chr9:2999602-3038819",16202,16204,0.85,127,108,"-","G","+",0,0,"-",127,108,"TCGCC","DKO","D4","RepR4","S3","MSR","other"
"1820","FJ24-FJ25::chr9:2999602-3038819",16377,16379,0.866,157,136,"-","G","+",0,0,"-",157,136,"TCGCC","DKO","D4","RepR4","S3","MSR","other"
"1821","FJ24-FJ25::chr9:2999602-3038819",16419,16421,0.781,32,25,"-","G","+",0,0,"-",32,25,"ACGTT","DKO","D4","RepR4","S3","MSR","other"
"1822","FJ24-FJ25::chr9:2999602-3038819",16435,16437,0.88,25,22,"-","G","+",0,0,"-",25,22,"TCGTC","DKO","D4","RepR4","S3","MSR","other"
"1823","FJ24-FJ25::chr9:2999602-3038819",16593,16595,0.813,198,161,"-","G","+",0,0,"-",198,161,"CCGTG","DKO","D4","RepR4","S3","MSR","other"
"1824","FJ24-FJ25::chr9:2999602-3038819",16653,16655,0.778,9,7,"-","G","+",0,0,"-",9,7,"ACGTT","DKO","D4","RepR4","S3","MSR","other"
"1825","FJ24-FJ25::chr9:2999602-3038819",16827,16829,1,3,3,"-","G","+",0,0,"-",3,3,"TCGTG","DKO","D4","RepR4","S3","MSR","other"
"1826","FJ24-FJ25::chr9:2999602-3038819",16845,16847,1,3,3,"-","G","+",0,0,"-",3,3,"TCGCC","DKO","D4","RepR4","S3","MSR","other"
"1827","FJ24-FJ25::chr9:2999602-3038819",16887,16889,0.75,4,3,"-","G","+",0,0,"-",4,3,"ACGTT","DKO","D4","RepR4","S3","MSR","other"
"1828","FJ24-FJ25::chr9:2999602-3038819",17079,17081,0.859,99,85,"-","G","+",0,0,"-",99,85,"TCGCC","DKO","D4","RepR4","S3","MSR","other"
"1829","FJ24-FJ25::chr9:2999602-3038819",17138,17140,1,1,1,"-","G","+",0,0,"-",1,1,"TCGTC","DKO","D4","RepR4","S3","MSR","other"
"1830","FJ24-FJ25::chr9:2999602-3038819",17254,17256,0.81,42,34,"-","G","+",0,0,"-",42,34,"TCGCT","DKO","D4","RepR4","S3","MSR","other"
"1831","FJ24-FJ25::chr9:2999602-3038819",17313,17315,1,1,1,"-","G","+",0,0,"-",1,1,"TCGTC","DKO","D4","RepR4","S3","MSR","other"
"1832","FJ24-FJ25::chr9:2999602-3038819",17431,17433,1,3,3,"-","G","+",0,0,"-",3,3,"TCGCC","DKO","D4","RepR4","S3","MSR","other"
"1833","FJ24-FJ25::chr9:2999602-3038819",17471,17473,0.879,8319,7316,"B","G","+",1,0,"-",8318,7316,"TCCGT","DKO","D4","RepR4","S3","MSR","other"
"1834","FJ24-FJ25::chr9:2999602-3038819",17531,17533,0.778,243,189,"B","G","+",40,36,"-",203,153,"CACGT","DKO","D4","RepR4","S3","MSR","other"
"1835","FJ24-FJ25::chr9:2999602-3038819",17547,17549,0.913,229,209,"B","G","+",52,51,"-",177,158,"TTCGT","DKO","D4","RepR4","S3","MSR","other"
"1836","FJ24-FJ25::chr9:2999602-3038819",17562,17564,0.897,243,218,"B","G","+",56,54,"-",187,164,"GTCGT","DKO","D4","RepR4","S3","MSR","other"
"1837","FJ24-FJ25::chr9:2999602-3038819",17605,17607,0.719,57,41,"B","G","+",3,0,"-",54,41,"CTCGC","DKO","D4","RepR4","S3","MSR","other"
"1838","FJ24-FJ25::chr9:2999602-3038819",17667,17669,1,1,1,"-","G","+",0,0,"-",1,1,"GCGAT","DKO","D4","RepR4","S3","MSR","other"
"1839","FJ24-FJ25::chr9:2999602-3038819",17705,17707,0.672,201,135,"-","G","+",0,0,"-",201,135,"CCGTG","DKO","D4","RepR4","S3","MSR","other"
"1840","FJ24-FJ25::chr9:2999602-3038819",17765,17767,0.684,19,13,"-","G","+",0,0,"-",19,13,"ACGTT","DKO","D4","RepR4","S3","MSR","other"
"1841","FJ24-FJ25::chr9:2999602-3038819",17795,17797,0.733,15,11,"-","G","+",0,0,"-",15,11,"TCGTC","DKO","D4","RepR4","S3","MSR","other"
"1842","FJ24-FJ25::chr9:2999602-3038819",17956,17958,0.88,309,272,"B","G","+",2,2,"-",307,270,"CTCGC","DKO","D4","RepR4","S3","MSR","other"
"1843","FJ24-FJ25::chr9:2999602-3038819",18131,18133,0.803,66,53,"-","G","+",0,0,"-",66,53,"TCGCC","DKO","D4","RepR4","S3","MSR","other"
"1844","FJ24-FJ25::chr9:2999602-3038819",18174,18176,1,2,2,"-","G","+",0,0,"-",2,2,"ACGTT","DKO","D4","RepR4","S3","MSR","other"
"1845","FJ24-FJ25::chr9:2999602-3038819",18190,18192,0.667,3,2,"-","G","+",0,0,"-",3,2,"TCGTC","DKO","D4","RepR4","S3","MSR","other"
"1846","FJ24-FJ25::chr9:2999602-3038819",18202,18204,1,1,1,"-","G","+",0,0,"-",1,1,"ACGTT","DKO","D4","RepR4","S3","MSR","other"
"1847","FJ24-FJ25::chr9:2999602-3038819",18308,18310,1,1,1,"-","G","+",0,0,"-",1,1,"TCGCC","DKO","D4","RepR4","S3","MSR","other"
"1848","FJ24-FJ25::chr9:2999602-3038819",18348,18350,0.838,9858,8258,"-","G","+",0,0,"-",9858,8258,"CCGTG","DKO","D4","RepR4","S3","MSR","other"
"1849","FJ24-FJ25::chr9:2999602-3038819",18408,18410,0.821,669,549,"B","G","+",43,37,"-",626,512,"CACGT","DKO","D4","RepR4","S3","MSR","other"
"1850","FJ24-FJ25::chr9:2999602-3038819",18424,18426,0.935,619,579,"B","G","+",54,54,"-",565,525,"TTCGT","DKO","D4","RepR4","S3","MSR","other"
"1851","FJ24-FJ25::chr9:2999602-3038819",18439,18441,0.896,689,617,"B","G","+",58,58,"-",631,559,"GTCGT","DKO","D4","RepR4","S3","MSR","other"
"1852","FJ24-FJ25::chr9:2999602-3038819",18482,18484,0.444,18,8,"B","G","+",3,0,"-",15,8,"CTCGC","DKO","D4","RepR4","S3","MSR","other"
"1853","FJ24-FJ25::chr9:2999602-3038819",18582,18584,0.694,180,125,"-","G","+",0,0,"-",180,125,"CCGTG","DKO","D4","RepR4","S3","MSR","other"
"1854","FJ24-FJ25::chr9:2999602-3038819",18642,18644,0.824,17,14,"-","G","+",0,0,"-",17,14,"ACGTT","DKO","D4","RepR4","S3","MSR","other"
"1855","FJ24-FJ25::chr9:2999602-3038819",18672,18674,0.882,17,15,"-","G","+",0,0,"-",17,15,"TCGTC","DKO","D4","RepR4","S3","MSR","other"
"1856","FJ24-FJ25::chr9:2999602-3038819",18727,18729,0.832,131,109,"B","G","+",3,3,"-",128,106,"CACGT","DKO","D4","RepR4","S3","MSR","other"
"1857","FJ24-FJ25::chr9:2999602-3038819",18775,18777,1,5,5,"+","G","+",5,5,"-",0,0,"TTCGC","DKO","D4","RepR4","S3","MSR","other"
"1858","FJ24-FJ25::chr9:2999602-3038819",18787,18789,1,4,4,"+","G","+",4,4,"-",0,0,"CACGT","DKO","D4","RepR4","S3","MSR","other"
"1859","FJ24-FJ25::chr9:2999602-3038819",18815,18817,0.862,87,75,"B","G","+",5,5,"-",82,70,"TCCGT","DKO","D4","RepR4","S3","MSR","other"
"1860","FJ24-FJ25::chr9:2999602-3038819",18833,18835,0.88,75,66,"B","G","+",2,2,"-",73,64,"CTCGC","DKO","D4","RepR4","S3","MSR","other"
"1861","FJ24-FJ25::chr9:2999602-3038819",18875,18877,0.826,501,414,"B","G","+",5,4,"-",496,410,"CACGT","DKO","D4","RepR4","S3","MSR","other"
"1862","FJ24-FJ25::chr9:2999602-3038819",18891,18893,0.925,469,434,"B","G","+",6,6,"-",463,428,"TTCGT","DKO","D4","RepR4","S3","MSR","other"
"1863","FJ24-FJ25::chr9:2999602-3038819",18906,18908,0.875,574,502,"B","G","+",8,8,"-",566,494,"GTCGT","DKO","D4","RepR4","S3","MSR","other"
"1864","FJ24-FJ25::chr9:2999602-3038819",19009,19011,0.889,9,8,"B","G","+",1,0,"-",8,8,"CTCGC","DKO","D4","RepR4","S3","MSR","other"
"1865","FJ24-FJ25::chr9:2999602-3038819",19021,19023,0.833,12,10,"B","G","+",1,1,"-",11,9,"CACGT","DKO","D4","RepR4","S3","MSR","other"
"1866","FJ24-FJ25::chr9:2999602-3038819",19049,19051,0.661,10569,6985,"B","G","+",1,1,"-",10568,6984,"TCCGT","DKO","D4","RepR4","S3","MSR","other"
"1867","FJ24-FJ25::chr9:2999602-3038819",19109,19111,1,5,5,"B","G","+",2,2,"-",3,3,"CACGT","DKO","D4","RepR4","S3","MSR","other"
"1868","FJ24-FJ25::chr9:2999602-3038819",19283,19285,1,2,2,"-","G","+",0,0,"-",2,2,"TCGTG","DKO","D4","RepR4","S3","MSR","other"
"1869","FJ24-FJ25::chr9:2999602-3038819",19301,19303,1,2,2,"-","G","+",0,0,"-",2,2,"TCGCC","DKO","D4","RepR4","S3","MSR","other"
"1870","FJ24-FJ25::chr9:2999602-3038819",19343,19345,1,2,2,"-","G","+",0,0,"-",2,2,"ACGTT","DKO","D4","RepR4","S3","MSR","other"
"1871","FJ24-FJ25::chr9:2999602-3038819",19535,19537,0.812,101,82,"-","G","+",0,0,"-",101,82,"TCGCA","DKO","D4","RepR4","S3","MSR","other"
"1872","FJ24-FJ25::chr9:2999602-3038819",19575,19577,0.625,8,5,"-","G","+",0,0,"-",8,5,"CCGTG","DKO","D4","RepR4","S3","MSR","other"
"1873","FJ24-FJ25::chr9:2999602-3038819",19593,19595,0.833,6,5,"-","G","+",0,0,"-",6,5,"TCGCC","DKO","D4","RepR4","S3","MSR","other"
"1874","FJ24-FJ25::chr9:2999602-3038819",19635,19637,1,8,8,"-","G","+",0,0,"-",8,8,"ACGTT","DKO","D4","RepR4","S3","MSR","other"
"1875","FJ24-FJ25::chr9:2999602-3038819",19651,19653,1,5,5,"-","G","+",0,0,"-",5,5,"TCGTC","DKO","D4","RepR4","S3","MSR","other"
"1876","FJ24-FJ25::chr9:2999602-3038819",19663,19665,1,1,1,"-","G","+",0,0,"-",1,1,"ACGTC","DKO","D4","RepR4","S3","MSR","other"
"1877","FJ24-FJ25::chr9:2999602-3038819",19666,19668,0.846,13,11,"-","G","+",0,0,"-",13,11,"TCGTC","DKO","D4","RepR4","S3","MSR","other"
"1878","FJ24-FJ25::chr9:2999602-3038819",19721,19723,0.868,76,66,"-","G","+",0,0,"-",76,66,"ACGTC","DKO","D4","RepR4","S3","MSR","other"
"1879","FJ24-FJ25::chr9:2999602-3038819",19810,19812,0.667,3,2,"B","G","+",1,1,"-",2,1,"CACGT","DKO","D4","RepR4","S3","MSR","other"
"1880","FJ24-FJ25::chr9:2999602-3038819",19826,19828,0.5,2,1,"B","G","+",1,0,"-",1,1,"TTCGT","DKO","D4","RepR4","S3","MSR","other"
"1881","FJ24-FJ25::chr9:2999602-3038819",19866,19868,0.333,6,2,"-","G","+",0,0,"-",6,2,"CCGTG","DKO","D4","RepR4","S3","MSR","other"
"1882","FJ24-FJ25::chr9:2999602-3038819",19910,19912,0,7,0,"-","G","+",0,0,"-",7,0,"ACGTT","DKO","D4","RepR4","S3","MSR","other"
"1883","FJ24-FJ25::chr9:2999602-3038819",19944,19946,1,1,1,"-","G","+",0,0,"-",1,1,"TCGCC","DKO","D4","RepR4","S3","MSR","other"
"1884","FJ24-FJ25::chr9:2999602-3038819",19984,19986,0.929,28,26,"-","G","+",0,0,"-",28,26,"CCGTG","DKO","D4","RepR4","S3","MSR","other"
"1885","FJ24-FJ25::chr9:2999602-3038819",20002,20004,0.85,20,17,"-","G","+",0,0,"-",20,17,"TCGCC","DKO","D4","RepR4","S3","MSR","other"
"1886","FJ24-FJ25::chr9:2999602-3038819",20236,20238,0.893,28,25,"-","G","+",0,0,"-",28,25,"TCGCC","DKO","D4","RepR4","S3","MSR","other"
"1887","FJ24-FJ25::chr9:2999602-3038819",20278,20280,0.818,11,9,"-","G","+",0,0,"-",11,9,"ACGTT","DKO","D4","RepR4","S3","MSR","other"
"1888","FJ24-FJ25::chr9:2999602-3038819",20294,20296,0.929,14,13,"-","G","+",0,0,"-",14,13,"TCGTC","DKO","D4","RepR4","S3","MSR","other"
"1889","FJ24-FJ25::chr9:2999602-3038819",20470,20472,1,9,9,"-","G","+",0,0,"-",9,9,"TCGAC","DKO","D4","RepR4","S3","MSR","other"
"1890","FJ24-FJ25::chr9:2999602-3038819",20527,20529,1,9,9,"-","G","+",0,0,"-",9,9,"TCGTC","DKO","D4","RepR4","S3","MSR","other"
"1891","FJ24-FJ25::chr9:2999602-3038819",20645,20647,0.867,15,13,"-","G","+",0,0,"-",15,13,"TCGCC","DKO","D4","RepR4","S3","MSR","other"
"1892","FJ24-FJ25::chr9:2999602-3038819",20657,20659,0.938,16,15,"B","G","+",1,0,"-",15,15,"CACGT","DKO","D4","RepR4","S3","MSR","other"
"1893","FJ24-FJ25::chr9:2999602-3038819",20685,20687,0.886,219,194,"B","G","+",4,3,"-",215,191,"TCCGT","DKO","D4","RepR4","S3","MSR","other"
"1894","FJ24-FJ25::chr9:2999602-3038819",20703,20705,0.905,190,172,"B","G","+",4,3,"-",186,169,"CTCGC","DKO","D4","RepR4","S3","MSR","other"
"1895","FJ24-FJ25::chr9:2999602-3038819",20744,20746,0,1,0,"-","G","+",0,0,"-",1,0,"ACGTT","DKO","D4","RepR4","S3","MSR","other"
"1896","FJ24-FJ25::chr9:2999602-3038819",20878,20880,1,15,15,"-","G","+",0,0,"-",15,15,"TCGCC","DKO","D4","RepR4","S3","MSR","other"
"1897","FJ24-FJ25::chr9:2999602-3038819",20890,20892,0.938,16,15,"B","G","+",1,1,"-",15,14,"CACGT","DKO","D4","RepR4","S3","MSR","other"
"1898","FJ24-FJ25::chr9:2999602-3038819",20918,20920,0.887,11501,10201,"B","G","+",2,2,"-",11499,10199,"TCCGT","DKO","D4","RepR4","S3","MSR","other"
"1899","FJ24-FJ25::chr9:2999602-3038819",20936,20938,0.857,11576,9916,"B","G","+",2,2,"-",11574,9914,"CTCGC","DKO","D4","RepR4","S3","MSR","other"
"1900","FJ24-FJ25::chr9:2999602-3038819",20978,20980,0.83,442,367,"B","G","+",3,3,"-",439,364,"CACGT","DKO","D4","RepR4","S3","MSR","other"
"1901","FJ24-FJ25::chr9:2999602-3038819",20994,20996,0.919,397,365,"B","G","+",3,3,"-",394,362,"TTCGT","DKO","D4","RepR4","S3","MSR","other"
"1902","FJ24-FJ25::chr9:2999602-3038819",21112,21114,1,1,1,"+","G","+",1,1,"-",0,0,"CTCGC","DKO","D4","RepR4","S3","MSR","other"
"1903","FJ24-FJ25::chr9:2999602-3038819",21152,21154,0.923,13,12,"B","G","+",7,6,"-",6,6,"TCCGT","DKO","D4","RepR4","S3","MSR","other"
"1904","FJ24-FJ25::chr9:2999602-3038819",21170,21172,0.929,14,13,"B","G","+",7,7,"-",7,6,"CTCGC","DKO","D4","RepR4","S3","MSR","other"
"1905","FJ24-FJ25::chr9:2999602-3038819",21228,21230,0.91,78,71,"B","G","+",1,1,"-",77,70,"TTCGT","DKO","D4","RepR4","S3","MSR","other"
"1906","FJ24-FJ25::chr9:2999602-3038819",21243,21245,0.959,123,118,"B","G","+",1,1,"-",122,117,"GTCGT","DKO","D4","RepR4","S3","MSR","other"
"1907","FJ24-FJ25::chr9:2999602-3038819",21346,21348,0.679,28,19,"-","G","+",0,0,"-",28,19,"TCGCC","DKO","D4","RepR4","S3","MSR","other"
"1908","FJ24-FJ25::chr9:2999602-3038819",21404,21406,0.911,191,174,"B","G","+",1,1,"-",190,173,"CTCGC","DKO","D4","RepR4","S3","MSR","other"
"1909","FJ24-FJ25::chr9:2999602-3038819",21446,21448,0.789,133,105,"-","G","+",0,0,"-",133,105,"ACGTT","DKO","D4","RepR4","S3","MSR","other"
"1910","FJ24-FJ25::chr9:2999602-3038819",21462,21464,0.931,131,122,"-","G","+",0,0,"-",131,122,"TCGTC","DKO","D4","RepR4","S3","MSR","other"
"1911","FJ24-FJ25::chr9:2999602-3038819",21620,21622,0.635,244,155,"-","G","+",0,0,"-",244,155,"CCGTG","DKO","D4","RepR4","S3","MSR","other"
"1912","FJ24-FJ25::chr9:2999602-3038819",21680,21682,0.5,4,2,"-","G","+",0,0,"-",4,2,"ACGTT","DKO","D4","RepR4","S3","MSR","other"
"1913","FJ24-FJ25::chr9:2999602-3038819",21854,21856,1,7,7,"-","G","+",0,0,"-",7,7,"TCGTG","DKO","D4","RepR4","S3","MSR","other"
"1914","FJ24-FJ25::chr9:2999602-3038819",21872,21874,1,7,7,"-","G","+",0,0,"-",7,7,"TCGCC","DKO","D4","RepR4","S3","MSR","other"
"1915","FJ24-FJ25::chr9:2999602-3038819",21914,21916,1,6,6,"B","G","+",1,1,"-",5,5,"CACGT","DKO","D4","RepR4","S3","MSR","other"
"1916","FJ24-FJ25::chr9:2999602-3038819",22106,22108,0.856,90,77,"-","G","+",0,0,"-",90,77,"TCGCC","DKO","D4","RepR4","S3","MSR","other"
"1917","FJ24-FJ25::chr9:2999602-3038819",22281,22283,0.837,86,72,"-","G","+",0,0,"-",86,72,"TCGCC","DKO","D4","RepR4","S3","MSR","other"
"1918","FJ24-FJ25::chr9:2999602-3038819",22324,22326,0,1,0,"-","G","+",0,0,"-",1,0,"ACGTT","DKO","D4","RepR4","S3","MSR","other"
"1919","FJ24-FJ25::chr9:2999602-3038819",22340,22342,1,2,2,"-","G","+",0,0,"-",2,2,"TCGTC","DKO","D4","RepR4","S3","MSR","other"
"1920","FJ24-FJ25::chr9:2999602-3038819",22458,22460,1,1,1,"-","G","+",0,0,"-",1,1,"TCGCC","DKO","D4","RepR4","S3","MSR","other"
"1921","FJ24-FJ25::chr9:2999602-3038819",22498,22500,0.875,11808,10337,"-","G","+",0,0,"-",11808,10337,"CCGTG","DKO","D4","RepR4","S3","MSR","other"
"1922","FJ24-FJ25::chr9:2999602-3038819",22558,22560,0.836,67,56,"B","G","+",3,3,"-",64,53,"CACGT","DKO","D4","RepR4","S3","MSR","other"
"1923","FJ24-FJ25::chr9:2999602-3038819",22574,22576,0.915,71,65,"B","G","+",6,6,"-",65,59,"TTCGT","DKO","D4","RepR4","S3","MSR","other"
"1924","FJ24-FJ25::chr9:2999602-3038819",22589,22591,0.897,58,52,"B","G","+",7,7,"-",51,45,"GTCGT","DKO","D4","RepR4","S3","MSR","other"
"1925","FJ24-FJ25::chr9:2999602-3038819",22632,22634,0.75,16,12,"-","G","+",0,0,"-",16,12,"TCGCC","DKO","D4","RepR4","S3","MSR","other"
"1926","FJ24-FJ25::chr9:2999602-3038819",22692,22694,1,1,1,"-","G","+",0,0,"-",1,1,"TCGCG","DKO","D4","RepR4","S3","MSR","other"
"1927","FJ24-FJ25::chr9:2999602-3038819",22732,22734,0.67,94,63,"-","G","+",0,0,"-",94,63,"CCGTG","DKO","D4","RepR4","S3","MSR","other"
"1928","FJ24-FJ25::chr9:2999602-3038819",22792,22794,0.857,7,6,"-","G","+",0,0,"-",7,6,"ACGTT","DKO","D4","RepR4","S3","MSR","other"
"1929","FJ24-FJ25::chr9:2999602-3038819",22822,22824,0.857,7,6,"-","G","+",0,0,"-",7,6,"TCGTC","DKO","D4","RepR4","S3","MSR","other"
"1930","FJ24-FJ25::chr9:2999602-3038819",22877,22879,0.826,132,109,"-","G","+",0,0,"-",132,109,"ACGTC","DKO","D4","RepR4","S3","MSR","other"
"1931","FJ24-FJ25::chr9:2999602-3038819",22925,22927,1,8,8,"-","G","+",0,0,"-",8,8,"TCGCC","DKO","D4","RepR4","S3","MSR","other"
"1932","FJ24-FJ25::chr9:2999602-3038819",22937,22939,0.9,10,9,"B","G","+",1,1,"-",9,8,"CACGT","DKO","D4","RepR4","S3","MSR","other"
"1933","FJ24-FJ25::chr9:2999602-3038819",22965,22967,0.84,4766,4003,"B","G","+",2,2,"-",4764,4001,"TCCGT","DKO","D4","RepR4","S3","MSR","other"
"1934","FJ24-FJ25::chr9:2999602-3038819",23025,23027,0.333,6,2,"B","G","+",3,2,"-",3,0,"CACGT","DKO","D4","RepR4","S3","MSR","other"
"1935","FJ24-FJ25::chr9:2999602-3038819",23259,23261,0.5,2,1,"-","G","+",0,0,"-",2,1,"ACGTT","DKO","D4","RepR4","S3","MSR","other"
"1936","FJ24-FJ25::chr9:2999602-3038819",23451,23453,0.788,66,52,"-","G","+",0,0,"-",66,52,"TCGCA","DKO","D4","RepR4","S3","MSR","other"
"1937","FJ24-FJ25::chr9:2999602-3038819",23626,23628,1,6,6,"-","G","+",0,0,"-",6,6,"TCGCC","DKO","D4","RepR4","S3","MSR","other"
"1938","FJ24-FJ25::chr9:2999602-3038819",23843,23845,0.771,419,323,"-","G","+",0,0,"-",419,323,"CCGTG","DKO","D4","RepR4","S3","MSR","other"
"1939","FJ24-FJ25::chr9:2999602-3038819",23903,23905,0.716,208,149,"B","G","+",12,11,"-",196,138,"CACGT","DKO","D4","RepR4","S3","MSR","other"
"1940","FJ24-FJ25::chr9:2999602-3038819",23934,23936,0.815,275,224,"B","G","+",17,16,"-",258,208,"GTCGT","DKO","D4","RepR4","S3","MSR","other"
"1941","FJ24-FJ25::chr9:2999602-3038819",24037,24039,0.727,11,8,"-","G","+",0,0,"-",11,8,"TCGCC","DKO","D4","RepR4","S3","MSR","other"
"1942","FJ24-FJ25::chr9:2999602-3038819",24049,24051,0.909,11,10,"-","G","+",0,0,"-",11,10,"ACGTC","DKO","D4","RepR4","S3","MSR","other"
"1943","FJ24-FJ25::chr9:2999602-3038819",24077,24079,0.67,10018,6717,"-","G","+",0,0,"-",10018,6717,"CCGTG","DKO","D4","RepR4","S3","MSR","other"
"1944","FJ24-FJ25::chr9:2999602-3038819",24137,24139,0.889,9,8,"-","G","+",0,0,"-",9,8,"ACGTT","DKO","D4","RepR4","S3","MSR","other"
"1945","FJ24-FJ25::chr9:2999602-3038819",24271,24273,0.75,12,9,"B","G","+",1,1,"-",11,8,"CTCGC","DKO","D4","RepR4","S3","MSR","other"
"1946","FJ24-FJ25::chr9:2999602-3038819",24283,24285,0.917,12,11,"B","G","+",1,1,"-",11,10,"CACGT","DKO","D4","RepR4","S3","MSR","other"
"1947","FJ24-FJ25::chr9:2999602-3038819",24311,24313,0.874,277,242,"B","G","+",2,1,"-",275,241,"TCCGT","DKO","D4","RepR4","S3","MSR","other"
"1948","FJ24-FJ25::chr9:2999602-3038819",24329,24331,0.901,222,200,"B","G","+",1,1,"-",221,199,"CTCGC","DKO","D4","RepR4","S3","MSR","other"
"1949","FJ24-FJ25::chr9:2999602-3038819",24370,24372,0.8,5,4,"-","G","+",0,0,"-",5,4,"ACGTT","DKO","D4","RepR4","S3","MSR","other"
"1950","FJ24-FJ25::chr9:2999602-3038819",24504,24506,0.875,24,21,"B","G","+",4,4,"-",20,17,"CTCGC","DKO","D4","RepR4","S3","MSR","other"
"1951","FJ24-FJ25::chr9:2999602-3038819",24516,24518,0.968,31,30,"B","G","+",6,5,"-",25,25,"CACGT","DKO","D4","RepR4","S3","MSR","other"
"1952","FJ24-FJ25::chr9:2999602-3038819",24544,24546,0.888,11283,10014,"B","G","+",7,6,"-",11276,10008,"TCCGT","DKO","D4","RepR4","S3","MSR","other"
"1953","FJ24-FJ25::chr9:2999602-3038819",24562,24564,0.856,11290,9668,"B","G","+",8,8,"-",11282,9660,"CTCGC","DKO","D4","RepR4","S3","MSR","other"
"1954","FJ24-FJ25::chr9:2999602-3038819",24604,24606,0.815,523,426,"B","G","+",5,2,"-",518,424,"CACGT","DKO","D4","RepR4","S3","MSR","other"
"1955","FJ24-FJ25::chr9:2999602-3038819",24620,24622,0.94,400,376,"B","G","+",4,2,"-",396,374,"TTCGA","DKO","D4","RepR4","S3","MSR","other"
"1956","FJ24-FJ25::chr9:2999602-3038819",24738,24740,1,1,1,"+","G","+",1,1,"-",0,0,"CTCGC","DKO","D4","RepR4","S3","MSR","other"
"1957","FJ24-FJ25::chr9:2999602-3038819",24778,24780,0.894,435,389,"B","G","+",6,6,"-",429,383,"TCCGT","DKO","D4","RepR4","S3","MSR","other"
"1958","FJ24-FJ25::chr9:2999602-3038819",24796,24798,0.879,479,421,"B","G","+",11,11,"-",468,410,"CTCGC","DKO","D4","RepR4","S3","MSR","other"
"1959","FJ24-FJ25::chr9:2999602-3038819",24838,24840,0.84,1373,1154,"B","G","+",47,42,"-",1326,1112,"CACGT","DKO","D4","RepR4","S3","MSR","other"
"1960","FJ24-FJ25::chr9:2999602-3038819",24854,24856,0.94,1342,1262,"B","G","+",56,56,"-",1286,1206,"TTCGT","DKO","D4","RepR4","S3","MSR","other"
"1961","FJ24-FJ25::chr9:2999602-3038819",24869,24871,0.915,1431,1310,"B","G","+",56,51,"-",1375,1259,"GTCGT","DKO","D4","RepR4","S3","MSR","other"
"1962","FJ24-FJ25::chr9:2999602-3038819",24972,24974,0.867,15,13,"B","G","+",1,1,"-",14,12,"CTCGC","DKO","D4","RepR4","S3","MSR","other"
"1963","FJ24-FJ25::chr9:2999602-3038819",24984,24986,0.857,14,12,"-","G","+",0,0,"-",14,12,"ACGTC","DKO","D4","RepR4","S3","MSR","other"
"1964","FJ24-FJ25::chr9:2999602-3038819",25012,25014,0.665,10834,7203,"-","G","+",0,0,"-",10834,7203,"CCGTG","DKO","D4","RepR4","S3","MSR","other"
"1965","FJ24-FJ25::chr9:2999602-3038819",25072,25074,1,3,3,"-","G","+",0,0,"-",3,3,"ACGTT","DKO","D4","RepR4","S3","MSR","other"
"1966","FJ24-FJ25::chr9:2999602-3038819",25206,25208,1,7,7,"B","G","+",1,1,"-",6,6,"CTCGC","DKO","D4","RepR4","S3","MSR","other"
"1967","FJ24-FJ25::chr9:2999602-3038819",25218,25220,0.714,7,5,"B","G","+",1,1,"-",6,4,"CACGT","DKO","D4","RepR4","S3","MSR","other"
"1968","FJ24-FJ25::chr9:2999602-3038819",25246,25248,0.914,337,308,"B","G","+",2,1,"-",335,307,"TCCGT","DKO","D4","RepR4","S3","MSR","other"
"1969","FJ24-FJ25::chr9:2999602-3038819",25264,25266,0.885,270,239,"B","G","+",1,1,"-",269,238,"CTCGC","DKO","D4","RepR4","S3","MSR","other"
"1970","FJ24-FJ25::chr9:2999602-3038819",25305,25307,0.8,5,4,"-","G","+",0,0,"-",5,4,"ACGTT","DKO","D4","RepR4","S3","MSR","other"
"1971","FJ24-FJ25::chr9:2999602-3038819",25439,25441,1,1,1,"+","G","+",1,1,"-",0,0,"CTCGC","DKO","D4","RepR4","S3","MSR","other"
"1972","FJ24-FJ25::chr9:2999602-3038819",25451,25453,1,2,2,"+","G","+",2,2,"-",0,0,"CACGT","DKO","D4","RepR4","S3","MSR","other"
"1973","FJ24-FJ25::chr9:2999602-3038819",25479,25481,0.866,179,155,"B","G","+",4,4,"-",175,151,"TCCGT","DKO","D4","RepR4","S3","MSR","other"
"1974","FJ24-FJ25::chr9:2999602-3038819",25497,25499,0.855,165,141,"B","G","+",1,1,"-",164,140,"CTCGC","DKO","D4","RepR4","S3","MSR","other"
"1975","FJ24-FJ25::chr9:2999602-3038819",25539,25541,0.882,17,15,"B","G","+",1,1,"-",16,14,"CACGT","DKO","D4","RepR4","S3","MSR","other"
"1976","FJ24-FJ25::chr9:2999602-3038819",25555,25557,0.833,12,10,"B","G","+",1,1,"-",11,9,"TTCGA","DKO","D4","RepR4","S3","MSR","other"
"1977","FJ24-FJ25::chr9:2999602-3038819",25713,25715,0.864,22,19,"B","G","+",1,1,"-",21,18,"TCCGT","DKO","D4","RepR4","S3","MSR","other"
"1978","FJ24-FJ25::chr9:2999602-3038819",25731,25733,0.842,19,16,"-","G","+",0,0,"-",19,16,"TCGCC","DKO","D4","RepR4","S3","MSR","other"
"1979","FJ24-FJ25::chr9:2999602-3038819",25906,25908,1,13,13,"B","G","+",2,2,"-",11,11,"CTCGC","DKO","D4","RepR4","S3","MSR","other"
"1980","FJ24-FJ25::chr9:2999602-3038819",25918,25920,1,16,16,"B","G","+",3,3,"-",13,13,"CACGT","DKO","D4","RepR4","S3","MSR","other"
"1981","FJ24-FJ25::chr9:2999602-3038819",25946,25948,0.896,10405,9322,"B","G","+",6,4,"-",10399,9318,"TCCGT","DKO","D4","RepR4","S3","MSR","other"
"1982","FJ24-FJ25::chr9:2999602-3038819",25964,25966,0.853,10439,8903,"B","G","+",7,7,"-",10432,8896,"CTCGC","DKO","D4","RepR4","S3","MSR","other"
"1983","FJ24-FJ25::chr9:2999602-3038819",26006,26008,0.782,110,86,"B","G","+",2,1,"-",108,85,"CACGT","DKO","D4","RepR4","S3","MSR","other"
"1984","FJ24-FJ25::chr9:2999602-3038819",26140,26142,1,3,3,"-","G","+",0,0,"-",3,3,"TCGCC","DKO","D4","RepR4","S3","MSR","other"
"1985","FJ24-FJ25::chr9:2999602-3038819",26198,26200,0.885,96,85,"-","G","+",0,0,"-",96,85,"TCGCC","DKO","D4","RepR4","S3","MSR","other"
"1986","FJ24-FJ25::chr9:2999602-3038819",26240,26242,0.857,70,60,"-","G","+",0,0,"-",70,60,"ACGTT","DKO","D4","RepR4","S3","MSR","other"
"1987","FJ24-FJ25::chr9:2999602-3038819",26256,26258,0.942,52,49,"-","G","+",0,0,"-",52,49,"TCGTC","DKO","D4","RepR4","S3","MSR","other"
"1988","FJ24-FJ25::chr9:2999602-3038819",26374,26376,1,2,2,"-","G","+",0,0,"-",2,2,"TCGCC","DKO","D4","RepR4","S3","MSR","other"
"1989","FJ24-FJ25::chr9:2999602-3038819",26414,26416,0.662,222,147,"-","G","+",0,0,"-",222,147,"CCGTG","DKO","D4","RepR4","S3","MSR","other"
"1990","FJ24-FJ25::chr9:2999602-3038819",26474,26476,0.8,10,8,"-","G","+",0,0,"-",10,8,"ACGTT","DKO","D4","RepR4","S3","MSR","other"
"1991","FJ24-FJ25::chr9:2999602-3038819",26648,26650,0.571,7,4,"-","G","+",0,0,"-",7,4,"TCGTG","DKO","D4","RepR4","S3","MSR","other"
"1992","FJ24-FJ25::chr9:2999602-3038819",26666,26668,1,2,2,"-","G","+",0,0,"-",2,2,"TCGCC","DKO","D4","RepR4","S3","MSR","other"
"1993","FJ24-FJ25::chr9:2999602-3038819",26708,26710,0.692,13,9,"-","G","+",0,0,"-",13,9,"ACGTT","DKO","D4","RepR4","S3","MSR","other"
"1994","FJ24-FJ25::chr9:2999602-3038819",26943,26945,1,3,3,"-","G","+",0,0,"-",3,3,"ACGTT","DKO","D4","RepR4","S3","MSR","other"
"1995","FJ24-FJ25::chr9:2999602-3038819",26959,26961,1,2,2,"-","G","+",0,0,"-",2,2,"TCGTC","DKO","D4","RepR4","S3","MSR","other"
"1996","FJ24-FJ25::chr9:2999602-3038819",27117,27119,0.82,139,114,"B","G","+",2,2,"-",137,112,"TTCGT","DKO","D4","RepR4","S3","MSR","other"
"1997","FJ24-FJ25::chr9:2999602-3038819",27177,27179,1,6,6,"B","G","+",3,3,"-",3,3,"CACGT","DKO","D4","RepR4","S3","MSR","other"
"1998","FJ24-FJ25::chr9:2999602-3038819",27193,27195,0.833,6,5,"B","G","+",3,3,"-",3,2,"TTCGT","DKO","D4","RepR4","S3","MSR","other"
"1999","FJ24-FJ25::chr9:2999602-3038819",27208,27210,1,5,5,"B","G","+",3,3,"-",2,2,"GTCGT","DKO","D4","RepR4","S3","MSR","other"
"2000","FJ24-FJ25::chr9:2999602-3038819",27251,27253,0.75,4,3,"-","G","+",0,0,"-",4,3,"TCGCC","DKO","D4","RepR4","S3","MSR","other"
"2001","FJ24-FJ25::chr9:2999602-3038819",27411,27413,1,1,1,"-","G","+",0,0,"-",1,1,"ACGTT","DKO","D4","RepR4","S3","MSR","other"
"2002","FJ24-FJ25::chr9:2999602-3038819",27497,27499,1,1,1,"-","G","+",0,0,"-",1,1,"ACGTC","DKO","D4","RepR4","S3","MSR","other"
"2003","FJ24-FJ25::chr9:2999602-3038819",27545,27547,0,1,0,"+","G","+",1,0,"-",0,0,"TTCGC","DKO","D4","RepR4","S3","MSR","other"
"2004","FJ24-FJ25::chr9:2999602-3038819",27557,27559,1,2,2,"+","G","+",2,2,"-",0,0,"CACGT","DKO","D4","RepR4","S3","MSR","other"
"2005","FJ24-FJ25::chr9:2999602-3038819",27645,27647,0.6,5,3,"-","G","+",0,0,"-",5,3,"ACGTT","DKO","D4","RepR4","S3","MSR","other"
"2006","FJ24-FJ25::chr9:2999602-3038819",27661,27663,1,2,2,"-","G","+",0,0,"-",2,2,"TCGTC","DKO","D4","RepR4","S3","MSR","other"
"2007","FJ24-FJ25::chr9:2999602-3038819",27879,27881,1,2,2,"-","G","+",0,0,"-",2,2,"ACGTT","DKO","D4","RepR4","S3","MSR","other"
"2008","FJ24-FJ25::chr9:2999602-3038819",27895,27897,1,1,1,"-","G","+",0,0,"-",1,1,"TCGTC","DKO","D4","RepR4","S3","MSR","other"
"2009","FJ24-FJ25::chr9:2999602-3038819",27910,27912,0.333,3,1,"-","G","+",0,0,"-",3,1,"ACGTC","DKO","D4","RepR4","S3","MSR","other"
"2010","FJ24-FJ25::chr9:2999602-3038819",28053,28055,0.676,531,359,"-","G","+",0,0,"-",531,359,"CCGTG","DKO","D4","RepR4","S3","MSR","other"
"2011","FJ24-FJ25::chr9:2999602-3038819",28113,28115,1,1,1,"-","G","+",0,0,"-",1,1,"ACGTT","DKO","D4","RepR4","S3","MSR","other"
"2012","FJ24-FJ25::chr9:2999602-3038819",28287,28289,0.619,155,96,"-","G","+",0,0,"-",155,96,"CCGTG","DKO","D4","RepR4","S3","MSR","other"
"2013","FJ24-FJ25::chr9:2999602-3038819",28347,28349,1,3,3,"-","G","+",0,0,"-",3,3,"ACGTT","DKO","D4","RepR4","S3","MSR","other"
"2014","FJ24-FJ25::chr9:2999602-3038819",28481,28483,1,2,2,"-","G","+",0,0,"-",2,2,"TCGCC","DKO","D4","RepR4","S3","MSR","other"
"2015","FJ24-FJ25::chr9:2999602-3038819",28521,28523,0.805,7881,6346,"-","G","+",0,0,"-",7881,6346,"CCGTG","DKO","D4","RepR4","S3","MSR","other"
"2016","FJ24-FJ25::chr9:2999602-3038819",28581,28583,0.838,37,31,"B","G","+",2,2,"-",35,29,"CACGT","DKO","D4","RepR4","S3","MSR","other"
"2017","FJ24-FJ25::chr9:2999602-3038819",28597,28599,0.824,17,14,"B","G","+",2,2,"-",15,12,"TTCGT","DKO","D4","RepR4","S3","MSR","other"
"2018","FJ24-FJ25::chr9:2999602-3038819",28655,28657,0.667,3,2,"-","G","+",0,0,"-",3,2,"TCGCC","DKO","D4","RepR4","S3","MSR","other"
"2019","FJ24-FJ25::chr9:2999602-3038819",28755,28757,0.818,22,18,"-","G","+",0,0,"-",22,18,"TCGTT","DKO","D4","RepR4","S3","MSR","other"
"2020","FJ24-FJ25::chr9:2999602-3038819",28815,28817,1,1,1,"-","G","+",0,0,"-",1,1,"ACGTT","DKO","D4","RepR4","S3","MSR","other"
"2021","FJ24-FJ25::chr9:2999602-3038819",28846,28848,1,1,1,"-","G","+",0,0,"-",1,1,"TCGTC","DKO","D4","RepR4","S3","MSR","other"
"2022","FJ24-FJ25::chr9:2999602-3038819",28901,28903,1,23,23,"B","G","+",1,1,"-",22,22,"CACGT","DKO","D4","RepR4","S3","MSR","other"
"2023","FJ24-FJ25::chr9:2999602-3038819",28949,28951,1,3,3,"+","G","+",3,3,"-",0,0,"CTCGC","DKO","D4","RepR4","S3","MSR","other"
"2024","FJ24-FJ25::chr9:2999602-3038819",28961,28963,0.5,2,1,"+","G","+",2,1,"-",0,0,"CACGT","DKO","D4","RepR4","S3","MSR","other"
"2025","FJ24-FJ25::chr9:2999602-3038819",29049,29051,0.857,7,6,"B","G","+",1,1,"-",6,5,"CACGT","DKO","D4","RepR4","S3","MSR","other"
"2026","FJ24-FJ25::chr9:2999602-3038819",29065,29067,1,6,6,"B","G","+",1,1,"-",5,5,"TTCGT","DKO","D4","RepR4","S3","MSR","other"
"2027","FJ24-FJ25::chr9:2999602-3038819",29183,29185,1,3,3,"B","G","+",1,1,"-",2,2,"CTCGC","DKO","D4","RepR4","S3","MSR","other"
"2028","FJ24-FJ25::chr9:2999602-3038819",29195,29197,1,3,3,"-","G","+",0,0,"-",3,3,"ACGTC","DKO","D4","RepR4","S3","MSR","other"
"2029","FJ24-FJ25::chr9:2999602-3038819",29223,29225,0.866,6887,5967,"B","G","+",1,1,"-",6886,5966,"TCCGT","DKO","D4","RepR4","S3","MSR","other"
"2030","FJ24-FJ25::chr9:2999602-3038819",29283,29285,0.737,19,14,"B","G","+",1,1,"-",18,13,"CACGT","DKO","D4","RepR4","S3","MSR","other"
"2031","FJ24-FJ25::chr9:2999602-3038819",29417,29419,1,2,2,"B","G","+",1,1,"-",1,1,"CTCGC","DKO","D4","RepR4","S3","MSR","other"
"2032","FJ24-FJ25::chr9:2999602-3038819",29429,29431,1,2,2,"B","G","+",1,1,"-",1,1,"CACGT","DKO","D4","RepR4","S3","MSR","other"
"2033","FJ24-FJ25::chr9:2999602-3038819",29457,29459,0.8,25,20,"B","G","+",1,1,"-",24,19,"TCCGT","DKO","D4","RepR4","S3","MSR","other"
"2034","FJ24-FJ25::chr9:2999602-3038819",29692,29694,0.667,3,2,"-","G","+",0,0,"-",3,2,"TCGTG","DKO","D4","RepR4","S3","MSR","other"
"2035","FJ24-FJ25::chr9:2999602-3038819",29710,29712,1,2,2,"-","G","+",0,0,"-",2,2,"TCGCC","DKO","D4","RepR4","S3","MSR","other"
"2036","FJ24-FJ25::chr9:2999602-3038819",29752,29754,0.667,3,2,"-","G","+",0,0,"-",3,2,"ACGTT","DKO","D4","RepR4","S3","MSR","other"
"2037","FJ24-FJ25::chr9:2999602-3038819",29944,29946,0.878,41,36,"-","G","+",0,0,"-",41,36,"TCGCC","DKO","D4","RepR4","S3","MSR","other"
"2038","FJ24-FJ25::chr9:2999602-3038819",30003,30005,1,2,2,"-","G","+",0,0,"-",2,2,"TCGTC","DKO","D4","RepR4","S3","MSR","other"
"2039","FJ24-FJ25::chr9:2999602-3038819",30121,30123,1,2,2,"+","G","+",2,2,"-",0,0,"CTCGC","DKO","D4","RepR4","S3","MSR","other"
"2040","FJ24-FJ25::chr9:2999602-3038819",30221,30223,0.773,44,34,"-","G","+",0,0,"-",44,34,"ACGTT","DKO","D4","RepR4","S3","MSR","other"
"2041","FJ24-FJ25::chr9:2999602-3038819",30237,30239,0.932,44,41,"-","G","+",0,0,"-",44,41,"TCGTC","DKO","D4","RepR4","S3","MSR","other"
"2042","FJ24-FJ25::chr9:2999602-3038819",30252,30254,0.838,37,31,"-","G","+",0,0,"-",37,31,"TCGTC","DKO","D4","RepR4","S3","MSR","other"
"2043","FJ24-FJ25::chr9:2999602-3038819",30295,30297,1,2,2,"-","G","+",0,0,"-",2,2,"TCGCC","DKO","D4","RepR4","S3","MSR","other"
"2044","FJ24-FJ25::chr9:2999602-3038819",30395,30397,1,16,16,"-","G","+",0,0,"-",16,16,"TCGTT","DKO","D4","RepR4","S3","MSR","other"
"2045","FJ24-FJ25::chr9:2999602-3038819",30455,30457,1,1,1,"-","G","+",0,0,"-",1,1,"ACGTT","DKO","D4","RepR4","S3","MSR","other"
"2046","FJ24-FJ25::chr9:2999602-3038819",30541,30543,1,1,1,"-","G","+",0,0,"-",1,1,"ACGTC","DKO","D4","RepR4","S3","MSR","other"
"2047","FJ24-FJ25::chr9:2999602-3038819",30590,30592,1,2,2,"+","G","+",2,2,"-",0,0,"CTCGC","DKO","D4","RepR4","S3","MSR","other"
"2048","FJ24-FJ25::chr9:2999602-3038819",30602,30604,1,2,2,"+","G","+",2,2,"-",0,0,"CACGT","DKO","D4","RepR4","S3","MSR","other"
"2049","FJ24-FJ25::chr9:2999602-3038819",30690,30692,0.667,6,4,"-","G","+",0,0,"-",6,4,"ACGTT","DKO","D4","RepR4","S3","MSR","other"
"2050","FJ24-FJ25::chr9:2999602-3038819",30706,30708,1,4,4,"-","G","+",0,0,"-",4,4,"TCGTC","DKO","D4","RepR4","S3","MSR","other"
"2051","FJ24-FJ25::chr9:2999602-3038819",30824,30826,1,1,1,"+","G","+",1,1,"-",0,0,"CTCGC","DKO","D4","RepR4","S3","MSR","other"
"2052","FJ24-FJ25::chr9:2999602-3038819",30836,30838,1,1,1,"+","G","+",1,1,"-",0,0,"CACGT","DKO","D4","RepR4","S3","MSR","other"
"2053","FJ24-FJ25::chr9:2999602-3038819",30924,30926,1,5,5,"-","G","+",0,0,"-",5,5,"ACGTT","DKO","D4","RepR4","S3","MSR","other"
"2054","FJ24-FJ25::chr9:2999602-3038819",30940,30942,1,8,8,"B","G","+",1,1,"-",7,7,"TTCGT","DKO","D4","RepR4","S3","MSR","other"
"2055","FJ24-FJ25::chr9:2999602-3038819",30955,30957,0.8,10,8,"-","G","+",0,0,"-",10,8,"ACGTC","DKO","D4","RepR4","S3","MSR","other"
"2056","FJ24-FJ25::chr9:2999602-3038819",31058,31060,1,1,1,"-","G","+",0,0,"-",1,1,"TCGCC","DKO","D4","RepR4","S3","MSR","other"
"2057","FJ24-FJ25::chr9:2999602-3038819",31098,31100,0.71,666,473,"-","G","+",0,0,"-",666,473,"CCGTG","DKO","D4","RepR4","S3","MSR","other"
"2058","FJ24-FJ25::chr9:2999602-3038819",31158,31160,1,5,5,"-","G","+",0,0,"-",5,5,"ACGTT","DKO","D4","RepR4","S3","MSR","other"
"2059","FJ24-FJ25::chr9:2999602-3038819",31292,31294,1,1,1,"+","G","+",1,1,"-",0,0,"CTCGC","DKO","D4","RepR4","S3","MSR","other"
"2060","FJ24-FJ25::chr9:2999602-3038819",31332,31334,0.444,9,4,"-","G","+",0,0,"-",9,4,"TCGTG","DKO","D4","RepR4","S3","MSR","other"
"2061","FJ24-FJ25::chr9:2999602-3038819",31350,31352,1,1,1,"-","G","+",0,0,"-",1,1,"TCGCC","DKO","D4","RepR4","S3","MSR","other"
"2062","FJ24-FJ25::chr9:2999602-3038819",31392,31394,1,2,2,"B","G","+",1,1,"-",1,1,"CACGT","DKO","D4","RepR4","S3","MSR","other"
"2063","FJ24-FJ25::chr9:2999602-3038819",31507,31509,1,1,1,"-","G","+",0,0,"-",1,1,"ACGTT","DKO","D4","RepR4","S3","MSR","other"
"2064","FJ24-FJ25::chr9:2999602-3038819",31639,31641,1,2,2,"-","G","+",0,0,"-",2,2,"TCGCC","DKO","D4","RepR4","S3","MSR","other"
"2065","FJ24-FJ25::chr9:2999602-3038819",31679,31681,0.651,7908,5147,"-","G","+",0,0,"-",7908,5147,"CCGTG","DKO","D4","RepR4","S3","MSR","other"
"2066","FJ24-FJ25::chr9:2999602-3038819",31739,31741,0.73,37,27,"B","G","+",2,2,"-",35,25,"CACGT","DKO","D4","RepR4","S3","MSR","other"
"2067","FJ24-FJ25::chr9:2999602-3038819",31755,31757,0.96,25,24,"B","G","+",2,2,"-",23,22,"TTCGT","DKO","D4","RepR4","S3","MSR","other"
"2068","FJ24-FJ25::chr9:2999602-3038819",31813,31815,0.833,6,5,"-","G","+",0,0,"-",6,5,"TCGCC","DKO","D4","RepR4","S3","MSR","other"
"2069","FJ24-FJ25::chr9:2999602-3038819",31913,31915,0.857,14,12,"-","G","+",0,0,"-",14,12,"TCGTT","DKO","D4","RepR4","S3","MSR","other"
"2070","FJ24-FJ25::chr9:2999602-3038819",32059,32061,1,4,4,"B","G","+",1,1,"-",3,3,"CACGT","DKO","D4","RepR4","S3","MSR","other"
"2071","FJ24-FJ25::chr9:2999602-3038819",32107,32109,1,1,1,"+","G","+",1,1,"-",0,0,"CTCGC","DKO","D4","RepR4","S3","MSR","other"
"2072","FJ24-FJ25::chr9:2999602-3038819",32119,32121,1,1,1,"+","G","+",1,1,"-",0,0,"CACGT","DKO","D4","RepR4","S3","MSR","other"
"2073","FJ24-FJ25::chr9:2999602-3038819",32207,32209,0.875,16,14,"-","G","+",0,0,"-",16,14,"ACGTT","DKO","D4","RepR4","S3","MSR","other"
"2074","FJ24-FJ25::chr9:2999602-3038819",32223,32225,0.889,9,8,"B","G","+",1,1,"-",8,7,"TTCGT","DKO","D4","RepR4","S3","MSR","other"
"2075","FJ24-FJ25::chr9:2999602-3038819",32399,32401,1,1,1,"-","G","+",0,0,"-",1,1,"TCGCC","DKO","D4","RepR4","S3","MSR","other"
"2076","FJ24-FJ25::chr9:2999602-3038819",32441,32443,1,2,2,"-","G","+",0,0,"-",2,2,"ACGTT","DKO","D4","RepR4","S3","MSR","other"
"2077","FJ24-FJ25::chr9:2999602-3038819",32457,32459,1,2,2,"-","G","+",0,0,"-",2,2,"TCGTC","DKO","D4","RepR4","S3","MSR","other"
"2078","FJ24-FJ25::chr9:2999602-3038819",32472,32474,1,3,3,"-","G","+",0,0,"-",3,3,"ACGTC","DKO","D4","RepR4","S3","MSR","other"
"2079","FJ24-FJ25::chr9:2999602-3038819",32575,32577,1,3,3,"B","G","+",2,2,"-",1,1,"CTCGC","DKO","D4","RepR4","S3","MSR","other"
"2080","FJ24-FJ25::chr9:2999602-3038819",32587,32589,0.75,4,3,"B","G","+",2,2,"-",2,1,"CACGT","DKO","D4","RepR4","S3","MSR","other"
"2081","FJ24-FJ25::chr9:2999602-3038819",32615,32617,0.634,609,386,"B","G","+",1,1,"-",608,385,"TCCGT","DKO","D4","RepR4","S3","MSR","other"
"2082","FJ24-FJ25::chr9:2999602-3038819",32675,32677,1,5,5,"-","G","+",0,0,"-",5,5,"ACGTT","DKO","D4","RepR4","S3","MSR","other"
"2083","FJ24-FJ25::chr9:2999602-3038819",32821,32823,0.95,20,19,"+","G","+",20,19,"-",0,0,"CACGT","DKO","D4","RepR4","S3","MSR","other"
"2084","FJ24-FJ25::chr9:2999602-3038819",32849,32851,0.892,2360,2105,"B","G","+",46,40,"-",2314,2065,"TCCGT","DKO","D4","RepR4","S3","MSR","other"
"2085","FJ24-FJ25::chr9:2999602-3038819",32867,32869,0.875,2204,1929,"-","G","+",0,0,"-",2204,1929,"TCGCC","DKO","D4","RepR4","S3","MSR","other"
"2086","FJ24-FJ25::chr9:2999602-3038819",32909,32911,0.721,68,49,"-","G","+",0,0,"-",68,49,"ACGTT","DKO","D4","RepR4","S3","MSR","other"
"2087","FJ24-FJ25::chr9:2999602-3038819",33043,33045,0.75,4,3,"-","G","+",0,0,"-",4,3,"TCGCC","DKO","D4","RepR4","S3","MSR","other"
"2088","FJ24-FJ25::chr9:2999602-3038819",33143,33145,1,2,2,"-","G","+",0,0,"-",2,2,"ACGTT","DKO","D4","RepR4","S3","MSR","other"
"2089","FJ24-FJ25::chr9:2999602-3038819",33277,33279,1,6,6,"B","G","+",1,1,"-",5,5,"CTCGC","DKO","D4","RepR4","S3","MSR","other"
"2090","FJ24-FJ25::chr9:2999602-3038819",33289,33291,1,7,7,"B","G","+",2,2,"-",5,5,"CACGT","DKO","D4","RepR4","S3","MSR","other"
"2091","FJ24-FJ25::chr9:2999602-3038819",33317,33319,0.921,139,128,"B","G","+",2,2,"-",137,126,"TCCGT","DKO","D4","RepR4","S3","MSR","other"
"2092","FJ24-FJ25::chr9:2999602-3038819",33335,33337,0.906,106,96,"-","G","+",0,0,"-",106,96,"TCGCC","DKO","D4","RepR4","S3","MSR","other"
"2093","FJ24-FJ25::chr9:2999602-3038819",33376,33378,0,2,0,"-","G","+",0,0,"-",2,0,"ACGTT","DKO","D4","RepR4","S3","MSR","other"
"2094","FJ24-FJ25::chr9:2999602-3038819",33550,33552,0.844,32,27,"-","G","+",0,0,"-",32,27,"CCGTG","DKO","D4","RepR4","S3","MSR","other"
"2095","FJ24-FJ25::chr9:2999602-3038819",33568,33570,0.788,33,26,"-","G","+",0,0,"-",33,26,"TCGCC","DKO","D4","RepR4","S3","MSR","other"
"2096","FJ24-FJ25::chr9:2999602-3038819",33610,33612,1,9,9,"B","G","+",1,1,"-",8,8,"CACGT","DKO","D4","RepR4","S3","MSR","other"
"2097","FJ24-FJ25::chr9:2999602-3038819",33626,33628,1,8,8,"B","G","+",1,1,"-",7,7,"TTCGT","DKO","D4","RepR4","S3","MSR","other"
"2098","FJ24-FJ25::chr9:2999602-3038819",33784,33786,1,2,2,"-","G","+",0,0,"-",2,2,"CCGTG","DKO","D4","RepR4","S3","MSR","other"
"2099","FJ24-FJ25::chr9:2999602-3038819",33802,33804,1,2,2,"-","G","+",0,0,"-",2,2,"TCGCC","DKO","D4","RepR4","S3","MSR","other"
"2100","FJ24-FJ25::chr9:2999602-3038819",33860,33862,1,1,1,"+","G","+",1,1,"-",0,0,"TTCGT","DKO","D4","RepR4","S3","MSR","other"
"2101","FJ24-FJ25::chr9:2999602-3038819",33875,33877,1,2,2,"B","G","+",1,1,"-",1,1,"GTCGT","DKO","D4","RepR4","S3","MSR","other"
"2102","FJ24-FJ25::chr9:2999602-3038819",33976,33978,0.914,35,32,"-","G","+",0,0,"-",35,32,"TCGCT","DKO","D4","RepR4","S3","MSR","other"
"2103","FJ24-FJ25::chr9:2999602-3038819",34019,34021,1,1,1,"-","G","+",0,0,"-",1,1,"ACGTT","DKO","D4","RepR4","S3","MSR","other"
"2104","FJ24-FJ25::chr9:2999602-3038819",34035,34037,0,1,0,"-","G","+",0,0,"-",1,0,"TCGTC","DKO","D4","RepR4","S3","MSR","other"
"2105","FJ24-FJ25::chr9:2999602-3038819",34193,34195,0.842,4654,3918,"-","G","+",0,0,"-",4654,3918,"CCGTG","DKO","D4","RepR4","S3","MSR","other"
"2106","FJ24-FJ25::chr9:2999602-3038819",34253,34255,0.97,33,32,"B","G","+",5,5,"-",28,27,"CACGT","DKO","D4","RepR4","S3","MSR","other"
"2107","FJ24-FJ25::chr9:2999602-3038819",34269,34271,0.905,21,19,"B","G","+",5,5,"-",16,14,"TTCGT","DKO","D4","RepR4","S3","MSR","other"
"2108","FJ24-FJ25::chr9:2999602-3038819",34445,34447,0.847,59,50,"-","G","+",0,0,"-",59,50,"TCGCA","DKO","D4","RepR4","S3","MSR","other"
"2109","FJ24-FJ25::chr9:2999602-3038819",34621,34623,0.883,162,143,"-","G","+",0,0,"-",162,143,"TCGCC","DKO","D4","RepR4","S3","MSR","other"
"2110","FJ24-FJ25::chr9:2999602-3038819",34633,34635,0.897,146,131,"-","G","+",0,0,"-",146,131,"ACGTC","DKO","D4","RepR4","S3","MSR","other"
"2111","FJ24-FJ25::chr9:2999602-3038819",34679,34681,0.778,18,14,"-","G","+",0,0,"-",18,14,"TCGCC","DKO","D4","RepR4","S3","MSR","other"
"2112","FJ24-FJ25::chr9:2999602-3038819",34721,34723,0.833,6,5,"-","G","+",0,0,"-",6,5,"ACGTT","DKO","D4","RepR4","S3","MSR","other"
"2113","FJ24-FJ25::chr9:2999602-3038819",34737,34739,0.8,5,4,"-","G","+",0,0,"-",5,4,"TCGTC","DKO","D4","RepR4","S3","MSR","other"
"2114","FJ24-FJ25::chr9:2999602-3038819",34752,34754,1,7,7,"-","G","+",0,0,"-",7,7,"ACGTC","DKO","D4","RepR4","S3","MSR","other"
"2115","FJ24-FJ25::chr9:2999602-3038819",34855,34857,0.667,3,2,"-","G","+",0,0,"-",3,2,"TCGCC","DKO","D4","RepR4","S3","MSR","other"
"2116","FJ24-FJ25::chr9:2999602-3038819",34867,34869,1,3,3,"-","G","+",0,0,"-",3,3,"ACGTC","DKO","D4","RepR4","S3","MSR","other"
"2117","FJ24-FJ25::chr9:2999602-3038819",34895,34897,0.673,593,399,"-","G","+",0,0,"-",593,399,"CCGTG","DKO","D4","RepR4","S3","MSR","other"
"2118","FJ24-FJ25::chr9:2999602-3038819",35089,35091,0.8,10,8,"-","G","+",0,0,"-",10,8,"TCGCC","DKO","D4","RepR4","S3","MSR","other"
"2119","FJ24-FJ25::chr9:2999602-3038819",35101,35103,0.833,6,5,"-","G","+",0,0,"-",6,5,"ACGTG","DKO","D4","RepR4","S3","MSR","other"
"2120","FJ24-FJ25::chr9:2999602-3038819",35129,35131,1,2,2,"-","G","+",0,0,"-",2,2,"TCGTG","DKO","D4","RepR4","S3","MSR","other"
"2121","FJ24-FJ25::chr9:2999602-3038819",35147,35149,0.667,3,2,"-","G","+",0,0,"-",3,2,"TCGCC","DKO","D4","RepR4","S3","MSR","other"
"2122","FJ24-FJ25::chr9:2999602-3038819",35189,35191,1,2,2,"-","G","+",0,0,"-",2,2,"ACGTT","DKO","D4","RepR4","S3","MSR","other"
"2123","FJ24-FJ25::chr9:2999602-3038819",35323,35325,0.5,4,2,"-","G","+",0,0,"-",4,2,"TCGCC","DKO","D4","RepR4","S3","MSR","other"
"2124","FJ24-FJ25::chr9:2999602-3038819",35381,35383,0.833,90,75,"-","G","+",0,0,"-",90,75,"TCGCC","DKO","D4","RepR4","S3","MSR","other"
"2125","FJ24-FJ25::chr9:2999602-3038819",35423,35425,0.765,34,26,"B","G","+",2,2,"-",32,24,"CACGT","DKO","D4","RepR4","S3","MSR","other"
"2126","FJ24-FJ25::chr9:2999602-3038819",35439,35441,0.821,28,23,"B","G","+",3,3,"-",25,20,"TTCGT","DKO","D4","RepR4","S3","MSR","other"
"2127","FJ24-FJ25::chr9:2999602-3038819",35454,35456,0.9,50,45,"B","G","+",3,3,"-",47,42,"GACGT","DKO","D4","RepR4","S3","MSR","other"
"2128","FJ24-FJ25::chr9:2999602-3038819",35557,35559,0.688,16,11,"B","G","+",1,1,"-",15,10,"CTCGC","DKO","D4","RepR4","S3","MSR","other"
"2129","FJ24-FJ25::chr9:2999602-3038819",35569,35571,0.895,19,17,"B","G","+",2,2,"-",17,15,"CACGT","DKO","D4","RepR4","S3","MSR","other"
"2130","FJ24-FJ25::chr9:2999602-3038819",35597,35599,0.559,11796,6597,"B","G","+",2,2,"-",11794,6595,"TCCGT","DKO","D4","RepR4","S3","MSR","other"
"2131","FJ24-FJ25::chr9:2999602-3038819",35657,35659,0.625,8,5,"-","G","+",0,0,"-",8,5,"ACGTT","DKO","D4","RepR4","S3","MSR","other"
"2132","FJ24-FJ25::chr9:2999602-3038819",35791,35793,1,2,2,"-","G","+",0,0,"-",2,2,"TCGCC","DKO","D4","RepR4","S3","MSR","other"
"2133","FJ24-FJ25::chr9:2999602-3038819",35803,35805,1,2,2,"-","G","+",0,0,"-",2,2,"ACGTC","DKO","D4","RepR4","S3","MSR","other"
"2134","FJ24-FJ25::chr9:2999602-3038819",35831,35833,1,16,16,"-","G","+",0,0,"-",16,16,"CCGTG","DKO","D4","RepR4","S3","MSR","other"
"2135","FJ24-FJ25::chr9:2999602-3038819",36066,36068,1,4,4,"-","G","+",0,0,"-",4,4,"TCGTG","DKO","D4","RepR4","S3","MSR","other"
"2136","FJ24-FJ25::chr9:2999602-3038819",36084,36086,1,4,4,"-","G","+",0,0,"-",4,4,"TCGCC","DKO","D4","RepR4","S3","MSR","other"
"2137","FJ24-FJ25::chr9:2999602-3038819",36126,36128,0.25,4,1,"-","G","+",0,0,"-",4,1,"ACGTT","DKO","D4","RepR4","S3","MSR","other"
"2138","FJ24-FJ25::chr9:2999602-3038819",36259,36261,1,2,2,"-","G","+",0,0,"-",2,2,"TCGCC","DKO","D4","RepR4","S3","MSR","other"
"2139","FJ24-FJ25::chr9:2999602-3038819",36299,36301,0.734,143,105,"-","G","+",0,0,"-",143,105,"CCGTG","DKO","D4","RepR4","S3","MSR","other"
"2140","FJ24-FJ25::chr9:2999602-3038819",36435,36437,0.538,13,7,"B","G","+",2,0,"-",11,7,"CTCGC","DKO","D4","RepR4","S3","MSR","other"
"2141","FJ24-FJ25::chr9:2999602-3038819",36447,36449,0.875,8,7,"B","G","+",2,2,"-",6,5,"CACGT","DKO","D4","RepR4","S3","MSR","other"
"2142","FJ24-FJ25::chr9:2999602-3038819",36475,36477,0.887,97,86,"-","G","+",0,0,"-",97,86,"CCGTG","DKO","D4","RepR4","S3","MSR","other"
"2143","FJ24-FJ25::chr9:2999602-3038819",36493,36495,0.837,49,41,"-","G","+",0,0,"-",49,41,"TCGCC","DKO","D4","RepR4","S3","MSR","other"
"2144","FJ24-FJ25::chr9:2999602-3038819",36708,36710,0.955,67,64,"-","G","+",0,0,"-",67,64,"CCGTG","DKO","D4","RepR4","S3","MSR","other"
"2145","FJ24-FJ25::chr9:2999602-3038819",36726,36728,0.727,55,40,"-","G","+",0,0,"-",55,40,"TCGCC","DKO","D4","RepR4","S3","MSR","other"
"2146","FJ24-FJ25::chr9:2999602-3038819",36767,36769,1,7,7,"B","G","+",1,1,"-",6,6,"CACGT","DKO","D4","RepR4","S3","MSR","other"
"2147","FJ24-FJ25::chr9:2999602-3038819",36781,36783,0.889,9,8,"B","G","+",1,0,"-",8,8,"TTCGT","DKO","D4","RepR4","S3","MSR","other"
"2148","FJ24-FJ25::chr9:2999602-3038819",36899,36901,1,1,1,"-","G","+",0,0,"-",1,1,"TCGCC","DKO","D4","RepR4","S3","MSR","other"
"2149","FJ24-FJ25::chr9:2999602-3038819",36939,36941,0.519,27,14,"-","G","+",0,0,"-",27,14,"CCGTG","DKO","D4","RepR4","S3","MSR","other"
"2150","FJ24-FJ25::chr9:2999602-3038819",37173,37175,1,2,2,"-","G","+",0,0,"-",2,2,"TCGTG","DKO","D4","RepR4","S3","MSR","other"
"2151","FJ24-FJ25::chr9:2999602-3038819",37191,37193,0.25,4,1,"-","G","+",0,0,"-",4,1,"TCGCC","DKO","D4","RepR4","S3","MSR","other"
"2152","FJ24-FJ25::chr9:2999602-3038819",37467,37469,1,7,7,"B","G","+",2,2,"-",5,5,"CACGT","DKO","D4","RepR4","S3","MSR","other"
"2153","FJ24-FJ25::chr9:2999602-3038819",37483,37485,1,7,7,"B","G","+",2,2,"-",5,5,"TTCGT","DKO","D4","RepR4","S3","MSR","other"
"2154","FJ24-FJ25::chr9:2999602-3038819",37498,37500,1,7,7,"B","G","+",2,2,"-",5,5,"GACGT","DKO","D4","RepR4","S3","MSR","other"
"2155","FJ24-FJ25::chr9:2999602-3038819",37601,37603,0.333,3,1,"-","G","+",0,0,"-",3,1,"TCGCC","DKO","D4","RepR4","S3","MSR","other"
"2156","FJ24-FJ25::chr9:2999602-3038819",37613,37615,0.8,5,4,"B","G","+",2,2,"-",3,2,"CACGT","DKO","D4","RepR4","S3","MSR","other"
"2157","FJ24-FJ25::chr9:2999602-3038819",37641,37643,0.81,353,286,"B","G","+",2,2,"-",351,284,"TCCGT","DKO","D4","RepR4","S3","MSR","other"
"2158","FJ24-FJ25::chr9:2999602-3038819",37659,37661,0.89,336,299,"-","G","+",0,0,"-",336,299,"TCGCC","DKO","D4","RepR4","S3","MSR","other"
"2159","FJ24-FJ25::chr9:2999602-3038819",37701,37703,0.6,5,3,"-","G","+",0,0,"-",5,3,"ACGTT","DKO","D4","RepR4","S3","MSR","other"
"2160","FJ24-FJ25::chr9:2999602-3038819",37875,37877,1,1,1,"-","G","+",0,0,"-",1,1,"TCGTG","DKO","D4","RepR4","S3","MSR","other"
"2161","FJ24-FJ25::chr9:2999602-3038819",37893,37895,1,2,2,"-","G","+",0,0,"-",2,2,"TCGCC","DKO","D4","RepR4","S3","MSR","other"
"2162","FJ24-FJ25::chr9:2999602-3038819",37935,37937,0.833,6,5,"-","G","+",0,0,"-",6,5,"ACGTT","DKO","D4","RepR4","S3","MSR","other"
"2163","FJ24-FJ25::chr9:2999602-3038819",38169,38171,1,2,2,"B","G","+",1,1,"-",1,1,"CACGT","DKO","D4","RepR4","S3","MSR","other"
"2164","FJ24-FJ25::chr9:2999602-3038819",38185,38187,1,1,1,"+","G","+",1,1,"-",0,0,"TTCGT","DKO","D4","RepR4","S3","MSR","other"
"2165","FJ24-FJ25::chr9:2999602-3038819",38200,38202,1,2,2,"B","G","+",1,1,"-",1,1,"GACGT","DKO","D4","RepR4","S3","MSR","other"
"2166","FJ24-FJ25::chr9:2999602-3038819",38315,38317,1,1,1,"-","G","+",0,0,"-",1,1,"ACGTC","DKO","D4","RepR4","S3","MSR","other"
"2167","FJ24-FJ25::chr9:2999602-3038819",38343,38345,0.836,353,295,"-","G","+",0,0,"-",353,295,"CCGTG","DKO","D4","RepR4","S3","MSR","other"
"2168","FJ24-FJ25::chr9:2999602-3038819",38361,38363,0.889,334,297,"-","G","+",0,0,"-",334,297,"TCGCC","DKO","D4","RepR4","S3","MSR","other"
"2169","FJ24-FJ25::chr9:2999602-3038819",38403,38405,0.812,32,26,"B","G","+",2,2,"-",30,24,"CACGT","DKO","D4","RepR4","S3","MSR","other"
"2170","FJ24-FJ25::chr9:2999602-3038819",38419,38421,1,22,22,"B","G","+",2,2,"-",20,20,"TTCGT","DKO","D4","RepR4","S3","MSR","other"
"2171","FJ24-FJ25::chr9:2999602-3038819",38489,38491,0.968,31,30,"-","G","+",0,0,"-",31,30,"ACGTC","DKO","D4","RepR4","S3","MSR","other"
"2172","FJ24-FJ25::chr9:2999602-3038819",38537,38539,1,6,6,"B","G","+",1,1,"-",5,5,"CTCGC","DKO","D4","RepR4","S3","MSR","other"
"2173","FJ24-FJ25::chr9:2999602-3038819",38549,38551,1,9,9,"B","G","+",1,1,"-",8,8,"CACGT","DKO","D4","RepR4","S3","MSR","other"
"2174","FJ24-FJ25::chr9:2999602-3038819",38637,38639,1,9,9,"-","G","+",0,0,"-",9,9,"ACGTT","DKO","D4","RepR4","S3","MSR","other"
"2175","FJ24-FJ25::chr9:2999602-3038819",38653,38655,1,6,6,"-","G","+",0,0,"-",6,6,"TCGTC","DKO","D4","RepR4","S3","MSR","other"
"2176","FJ24-FJ25::chr9:35304805-35306009",436,438,0.8,20,16,"+","G","+",20,16,"-",0,0,"TGCGA","DKO","D4","RepR4","S3","MSR","other"
"2177","FJ24-FJ25::chr9:35304805-35306009",454,456,0.92,50,46,"B","G","+",48,44,"-",2,2,"CACGG","DKO","D4","RepR4","S3","MSR","other"
"2178","FJ24-FJ25::chr9:35304805-35306009",482,484,1,12,12,"B","G","+",10,10,"-",2,2,"GACGT","DKO","D4","RepR4","S3","MSR","other"
"2179","FJ24-FJ25::chr9:35304805-35306009",494,496,1,13,13,"B","G","+",11,11,"-",2,2,"GGCGA","DKO","D4","RepR4","S3","MSR","other"
"2180","FJ24-FJ25::chr9:35304805-35306009",612,614,0.903,2300,2077,"B","G","+",2299,2076,"-",1,1,"GACGA","DKO","D4","RepR4","S3","MSR","other"
"2181","FJ24-FJ25::chr9:35304805-35306009",628,630,0.8,2561,2049,"B","G","+",2560,2048,"-",1,1,"AACGT","DKO","D4","RepR4","S3","MSR","other"
"2182","FJ24-FJ25::chr9:35304805-35306009",688,690,0.902,4580,4133,"B","G","+",4568,4121,"-",12,12,"CACGG","DKO","D4","RepR4","S3","MSR","other"
"2183","FJ24-FJ25::chr9:35304805-35306009",716,718,0.958,24,23,"B","G","+",10,9,"-",14,14,"GACGT","DKO","D4","RepR4","S3","MSR","other"
"2184","FJ24-FJ25::chr9:35304805-35306009",728,730,0.905,21,19,"B","G","+",12,10,"-",9,9,"GGCGA","DKO","D4","RepR4","S3","MSR","other"
"2185","FJ24-FJ25::chr9:35304805-35306009",776,778,0.841,63,53,"B","G","+",61,51,"-",2,2,"GACGT","DKO","D4","RepR4","S3","MSR","other"
"2186","FJ24-FJ25::chr9:35304805-35306009",1063,1065,0,28,0,"B","G","+",20,0,"-",8,0,"CCCGG","DKO","D4","RepR4","S3","MSR","other"
"2187","FJ24-FJ25::chrX:75643946-75646608",2448,2450,0.557,61,34,"B","G","+",25,21,"-",36,13,"TCCGG","DKO","D4","RepR4","S3","MSR","other"
"2188","FJ24-FJ25::chrX:75643946-75646608",2589,2591,0.375,8,3,"B","G","+",3,3,"-",5,0,"GTCGG","DKO","D4","RepR4","S3","MSR","other"
"2189","FJ28-FJ29.FJ26-FJ27::chrX:103482701-103483891",480,482,0.847,51589,43692,"+","G","+",51589,43692,"-",0,0,"CACGG","DKO","D4","RepR4","S3","RE58","RE58_CGI_2"
"2190","FJ28-FJ29.FJ26-FJ27::chrX:103482701-103483891",489,491,0.878,51236,44960,"+","G","+",51236,44960,"-",0,0,"ACCGC","DKO","D4","RepR4","S3","RE58","RE58_CGI_2"
"2191","FJ28-FJ29.FJ26-FJ27::chrX:103482701-103483891",499,501,0.896,51522,46152,"+","G","+",51522,46152,"-",0,0,"CACGG","DKO","D4","RepR4","S3","RE58","RE58_CGI_2"
"2192","FJ28-FJ29.FJ26-FJ27::chrX:103482701-103483891",506,508,0.887,52155,46274,"+","G","+",52155,46274,"-",0,0,"AACGA","DKO","D4","RepR4","S3","RE58","RE58_CGI_2"
"2193","FJ28-FJ29.FJ26-FJ27::chrX:103482701-103483891",530,532,0.883,52791,46607,"+","G","+",52791,46607,"-",0,0,"GCCGT","DKO","D4","RepR4","S3","RE58","RE58_CGI_2"
"2194","FJ28-FJ29.FJ26-FJ27::chrX:103482701-103483891",537,539,0.891,52509,46771,"+","G","+",52509,46771,"-",0,0,"CACGC","DKO","D4","RepR4","S3","RE58","RE58_CGI_2"
"2195","FJ28-FJ29.FJ26-FJ27::chrX:103482701-103483891",552,554,0.696,51764,36003,"+","G","+",51764,36003,"-",0,0,"TCCGC","DKO","D4","RepR4","S3","RE58","RE58_CGI_2"
"2196","FJ28-FJ29.FJ26-FJ27::chrX:103482701-103483891",554,556,0.863,52197,45057,"+","G","+",52197,45057,"-",0,0,"CGCGG","DKO","D4","RepR4","S3","RE58","RE58_CGI_2"
"2197","FJ28-FJ29.FJ26-FJ27::chrX:103482701-103483891",557,559,0.824,52773,43511,"+","G","+",52773,43511,"-",0,0,"GGCGC","DKO","D4","RepR4","S3","RE58","RE58_CGI_2"
"2198","FJ28-FJ29.FJ26-FJ27::chrX:103482701-103483891",566,568,0.895,52917,47376,"+","G","+",52917,47376,"-",0,0,"GGCGG","DKO","D4","RepR4","S3","RE58","RE58_CGI_2"
"2199","FJ28-FJ29.FJ26-FJ27::chrX:103482701-103483891",675,677,0.967,7362,7118,"B","G","+",4761,4518,"-",2601,2600,"TACGT","DKO","D4","RepR4","S3","RE58","RE58_CGI_1"
"2200","FJ28-FJ29.FJ26-FJ27::chrX:103482701-103483891",694,696,0.892,7360,6566,"B","G","+",4819,4026,"-",2541,2540,"GACGC","DKO","D4","RepR4","S3","RE58","RE58_CGI_1"
"2201","FJ28-FJ29.FJ26-FJ27::chrX:103482701-103483891",696,698,0.899,7392,6648,"B","G","+",4813,4072,"-",2579,2576,"CGCGT","DKO","D4","RepR4","S3","RE58","RE58_CGI_1"
"2202","FJ28-FJ29.FJ26-FJ27::chrX:103482701-103483891",715,717,0.886,7061,6255,"B","G","+",4547,3742,"-",2514,2513,"TGCGC","DKO","D4","RepR4","S3","RE58","RE58_CGI_1"
"2203","FJ28-FJ29.FJ26-FJ27::chrX:103482701-103483891",717,719,0.887,7001,6213,"B","G","+",4501,3713,"-",2500,2500,"CGCGA","DKO","D4","RepR4","S3","RE58","RE58_CGI_1"
"2204","FJ28-FJ29.FJ26-FJ27::chrX:103482701-103483891",753,755,0.691,3437,2376,"B","G","+",1735,674,"-",1702,1702,"AACGT","DKO","D4","RepR4","S3","RE58","RE58_CGI_1"
"2205","FJ14-FJ15.FJ10-FJ11::chrX:103481327-103482781",433,435,0.856,2106,1802,"+","G","+",2106,1802,"-",0,0,"TCCGC","RNF12","D4","RepR2","S5","RE57","RE57_YY1"
"2206","FJ14-FJ15.FJ10-FJ11::chrX:103481327-103482781",520,522,0.924,713,659,"+","G","+",713,659,"-",0,0,"TGCGT","RNF12","D4","RepR2","S5","RE57","RE57_YY1"
"2207","FJ14-FJ15.FJ10-FJ11::chrX:103481327-103482781",528,530,0.935,690,645,"+","G","+",690,645,"-",0,0,"ACCGC","RNF12","D4","RepR2","S5","RE57","RE57_YY1"
"2208","FJ14-FJ15.FJ10-FJ11::chrX:103481327-103482781",546,548,0.915,657,601,"+","G","+",657,601,"-",0,0,"GCCGC","RNF12","D4","RepR2","S5","RE57","RE57_YY1"
"2209","FJ14-FJ15.FJ10-FJ11::chrX:103481327-103482781",563,565,0.937,671,629,"+","G","+",671,629,"-",0,0,"TACGA","RNF12","D4","RepR2","S5","RE57","RE57_YY1"
"2210","FJ14-FJ15.FJ10-FJ11::chrX:103481327-103482781",617,619,0.931,1253,1167,"+","G","+",1253,1167,"-",0,0,"GTCGA","RNF12","D4","RepR2","S5","RE57","RE57_YY1"
"2211","FJ14-FJ15.FJ10-FJ11::chrX:103481327-103482781",624,626,0.916,1412,1294,"+","G","+",1412,1294,"-",0,0,"CTCGG","RNF12","D4","RepR2","S5","RE57","RE57_YY1"
"2212","FJ14-FJ15.FJ10-FJ11::chrX:103481327-103482781",637,639,0.915,1465,1340,"+","G","+",1465,1340,"-",0,0,"CCCGA","RNF12","D4","RepR2","S5","RE57","RE57_YY1"
"2213","FJ14-FJ15.FJ10-FJ11::chrX:103481327-103482781",642,644,0.851,1473,1254,"+","G","+",1473,1254,"-",0,0,"GCCGC","RNF12","D4","RepR2","S5","RE57","RE57_YY1"
"2214","FJ14-FJ15.FJ10-FJ11::chrX:103481327-103482781",689,691,1,1,1,"+","G","+",1,1,"-",0,0,"CGCGC","RNF12","D4","RepR2","S5","RE57","other"
"2215","FJ14-FJ15.FJ10-FJ11::chrX:103481327-103482781",736,738,0.889,108,96,"+","G","+",108,96,"-",0,0,"CACGC","RNF12","D4","RepR2","S5","RE57","RE57_CGI"
"2216","FJ14-FJ15.FJ10-FJ11::chrX:103481327-103482781",763,765,0.938,80,75,"+","G","+",80,75,"-",0,0,"TGCGG","RNF12","D4","RepR2","S5","RE57","RE57_CGI"
"2217","FJ14-FJ15.FJ10-FJ11::chrX:103481327-103482781",770,772,1,74,74,"+","G","+",74,74,"-",0,0,"TCCGC","RNF12","D4","RepR2","S5","RE57","RE57_CGI"
"2218","FJ14-FJ15.FJ10-FJ11::chrX:103481327-103482781",772,774,0.947,75,71,"+","G","+",75,71,"-",0,0,"CGCGC","RNF12","D4","RepR2","S5","RE57","RE57_CGI"
"2219","FJ14-FJ15.FJ10-FJ11::chrX:103481327-103482781",780,782,0.972,71,69,"+","G","+",71,69,"-",0,0,"ACCGC","RNF12","D4","RepR2","S5","RE57","RE57_CGI"
"2220","FJ14-FJ15.FJ10-FJ11::chrX:103481327-103482781",792,794,0.982,56,55,"+","G","+",56,55,"-",0,0,"TACGA","RNF12","D4","RepR2","S5","RE57","RE57_CGI"
"2221","FJ14-FJ15.FJ10-FJ11::chrX:103481327-103482781",817,819,1,27,27,"+","G","+",27,27,"-",0,0,"TCCGG","RNF12","D4","RepR2","S5","RE57","RE57_CGI"
"2222","FJ14-FJ15.FJ10-FJ11::chrX:103481327-103482781",832,834,0.958,24,23,"+","G","+",24,23,"-",0,0,"CCCGC","RNF12","D4","RepR2","S5","RE57","RE57_CGI"
"2223","FJ14-FJ15.FJ10-FJ11::chrX:103481327-103482781",856,858,0.667,6,4,"+","G","+",6,4,"-",0,0,"GGCGA","RNF12","D4","RepR2","S5","RE57","intermediate_RE57"
"2224","FJ14-FJ15.FJ10-FJ11::chrX:103481327-103482781",863,865,0.833,6,5,"+","G","+",6,5,"-",0,0,"CCCGC","RNF12","D4","RepR2","S5","RE57","intermediate_RE57"
"2225","FJ14-FJ15.FJ10-FJ11::chrX:103481327-103482781",871,873,1,8,8,"+","G","+",8,8,"-",0,0,"CCCGC","RNF12","D4","RepR2","S5","RE57","intermediate_RE57"
"2226","FJ14-FJ15.FJ10-FJ11::chrX:103481327-103482781",899,901,0.923,26,24,"+","G","+",26,24,"-",0,0,"AGCGC","RNF12","D4","RepR2","S5","RE57","intermediate_RE57"
"2227","FJ14-FJ15.FJ10-FJ11::chrX:103481327-103482781",904,906,0.935,31,29,"+","G","+",31,29,"-",0,0,"AGCGC","RNF12","D4","RepR2","S5","RE57","intermediate_RE57"
"2228","FJ14-FJ15.FJ10-FJ11::chrX:103481327-103482781",929,931,0.935,123,115,"+","G","+",123,115,"-",0,0,"TCCGC","RNF12","D4","RepR2","S5","RE57","RE57_CGI"
"2229","FJ14-FJ15.FJ10-FJ11::chrX:103481327-103482781",941,943,0.949,176,167,"+","G","+",176,167,"-",0,0,"CTCGG","RNF12","D4","RepR2","S5","RE57","RE57_CGI"
"2230","FJ14-FJ15.FJ10-FJ11::chrX:103481327-103482781",959,961,0.96,227,218,"+","G","+",227,218,"-",0,0,"GGCGT","RNF12","D4","RepR2","S5","RE57","RE57_CGI"
"2231","FJ14-FJ15.FJ10-FJ11::chrX:103481327-103482781",970,972,0.951,283,269,"+","G","+",283,269,"-",0,0,"CTCGA","RNF12","D4","RepR2","S5","RE57","RE57_CGI"
"2232","FJ14-FJ15.FJ10-FJ11::chrX:103481327-103482781",980,982,0.962,319,307,"+","G","+",319,307,"-",0,0,"GCCGT","RNF12","D4","RepR2","S5","RE57","RE57_CGI"
"2233","FJ14-FJ15.FJ10-FJ11::chrX:103481327-103482781",987,989,0.938,341,320,"+","G","+",341,320,"-",0,0,"CACGC","RNF12","D4","RepR2","S5","RE57","RE57_CGI"
"2234","FJ14-FJ15.FJ10-FJ11::chrX:103481327-103482781",1004,1006,0.946,390,369,"+","G","+",390,369,"-",0,0,"GGCGG","RNF12","D4","RepR2","S5","RE57","RE57_CGI"
"2235","FJ14-FJ15.FJ10-FJ11::chrX:103481327-103482781",1008,1010,0.945,402,380,"+","G","+",402,380,"-",0,0,"GACGC","RNF12","D4","RepR2","S5","RE57","RE57_CGI"
"2236","FJ14-FJ15.FJ10-FJ11::chrX:103481327-103482781",1010,1012,0.919,384,353,"+","G","+",384,353,"-",0,0,"CGCGG","RNF12","D4","RepR2","S5","RE57","RE57_CGI"
"2237","FJ14-FJ15.FJ10-FJ11::chrX:103481327-103482781",1021,1023,0.949,411,390,"+","G","+",411,390,"-",0,0,"CACGC","RNF12","D4","RepR2","S5","RE57","RE57_CGI"
"2238","FJ24-FJ25.FJ24-FJ25.FJ24-FJ25.FJ24-FJ25.FJ24-FJ25.FJ24-FJ25.FJ24-FJ25.FJ24-FJ25::chrX:75658294-75672942",71,73,0,4,0,"+","G","+",4,0,"-",0,0,"ACCGA","RNF12","D4","RepR2","S5","MSR","other"
"2239","FJ24-FJ25.FJ24-FJ25.FJ24-FJ25.FJ24-FJ25.FJ24-FJ25.FJ24-FJ25.FJ24-FJ25.FJ24-FJ25::chrX:75658294-75672942",212,214,0.429,14,6,"B","G","+",12,4,"-",2,2,"CCCGG","RNF12","D4","RepR2","S5","MSR","other"
"2240","FJ24-FJ25.FJ24-FJ25.FJ24-FJ25.FJ24-FJ25.FJ24-FJ25.FJ24-FJ25.FJ24-FJ25.FJ24-FJ25::chrX:75658294-75672942",6296,6298,0,1,0,"+","G","+",1,0,"-",0,0,"AACGC","RNF12","D4","RepR2","S5","MSR","other"
"2241","FJ24-FJ25.FJ24-FJ25.FJ24-FJ25::chrX:75646518-75653780",131,133,0.893,28,25,"B","G","+",5,3,"-",23,22,"CCCGG","RNF12","D4","RepR2","S5","MSR","other"
"2242","FJ24-FJ25.FJ24-FJ25.FJ24-FJ25::chrX:75646518-75653780",177,179,0.88,25,22,"B","G","+",17,14,"-",8,8,"GGCGG","RNF12","D4","RepR2","S5","MSR","other"
"2243","FJ24-FJ25.FJ24-FJ25.FJ24-FJ25::chrX:75646518-75653780",210,212,1,3,3,"-","G","+",0,0,"-",3,3,"ACGCA","RNF12","D4","RepR2","S5","MSR","other"
"2244","FJ24-FJ25.FJ24-FJ25.FJ24-FJ25::chrX:75646518-75653780",3320,3322,0,1,0,"+","G","+",1,0,"-",0,0,"AGCGT","RNF12","D4","RepR2","S5","MSR","other"
"2245","FJ24-FJ25.FJ24-FJ25.FJ24-FJ25::chrX:75646518-75653780",7048,7050,0.636,11,7,"B","G","+",4,4,"-",7,3,"TCCGG","RNF12","D4","RepR2","S5","MSR","other"
"2246","FJ24-FJ25.FJ24-FJ25.FJ24-FJ25::chrX:75653690-75658384",131,133,0.667,15,10,"B","G","+",7,4,"-",8,6,"CCCGG","RNF12","D4","RepR2","S5","MSR","other"
"2247","FJ24-FJ25.FJ24-FJ25.FJ24-FJ25::chrX:75653690-75658384",177,179,0.6,20,12,"B","G","+",18,10,"-",2,2,"GGCGG","RNF12","D4","RepR2","S5","MSR","other"
"2248","FJ24-FJ25.FJ24-FJ25.FJ24-FJ25::chrX:75653690-75658384",210,212,0.4,5,2,"B","G","+",1,1,"-",4,1,"CACGC","RNF12","D4","RepR2","S5","MSR","other"
"2249","FJ24-FJ25.FJ24-FJ25.FJ24-FJ25::chrX:75653690-75658384",4482,4484,0.667,3,2,"B","G","+",2,2,"-",1,0,"TGCGT","RNF12","D4","RepR2","S5","MSR","other"
"2250","FJ24-FJ25.FJ24-FJ25.FJ24-FJ25::chrX:75653690-75658384",4515,4517,0.857,21,18,"B","G","+",2,1,"-",19,17,"GCCGC","RNF12","D4","RepR2","S5","MSR","other"
"2251","FJ24-FJ25.FJ24-FJ25.FJ24-FJ25::chrX:75653690-75658384",4561,4563,0.867,15,13,"B","G","+",11,9,"-",4,4,"TCCGG","RNF12","D4","RepR2","S5","MSR","other"
"2252","FJ24-FJ25.FJ24-FJ25::chr11:3099610-3105149",1950,1952,1,1,1,"-","G","+",0,0,"-",1,1,"ACGTT","RNF12","D4","RepR2","S5","MSR","other"
"2253","FJ24-FJ25.FJ24-FJ25::chr11:3099610-3105149",1970,1972,0,1,0,"-","G","+",0,0,"-",1,0,"CCGTA","RNF12","D4","RepR2","S5","MSR","other"
"2254","FJ24-FJ25.FJ24-FJ25::chr11:3099610-3105149",3822,3824,0,2,0,"-","G","+",0,0,"-",2,0,"TCGTT","RNF12","D4","RepR2","S5","MSR","other"
"2255","FJ24-FJ25.FJ24-FJ25::chr11:3099610-3105149",3831,3833,0,2,0,"-","G","+",0,0,"-",2,0,"ACGTT","RNF12","D4","RepR2","S5","MSR","other"
"2256","FJ24-FJ25.FJ24-FJ25::chr11:3099610-3105149",3838,3840,0,2,0,"-","G","+",0,0,"-",2,0,"TCGCT","RNF12","D4","RepR2","S5","MSR","other"
"2257","FJ24-FJ25.FJ24-FJ25::chr11:3099610-3105149",3848,3850,1,1,1,"-","G","+",0,0,"-",1,1,"TCGCC","RNF12","D4","RepR2","S5","MSR","other"
"2258","FJ24-FJ25.FJ24-FJ25::chr11:3099610-3105149",4199,4201,1,1,1,"+","G","+",1,1,"-",0,0,"CTCGC","RNF12","D4","RepR2","S5","MSR","other"
"2259","FJ24-FJ25.FJ24-FJ25::chr2:98661834-98663393",429,431,0.876,185,162,"-","G","+",0,0,"-",185,162,"ACGTT","RNF12","D4","RepR2","S5","MSR","other"
"2260","FJ24-FJ25.FJ24-FJ25::chr2:98661834-98663393",445,447,0.919,210,193,"-","G","+",0,0,"-",210,193,"TCGTC","RNF12","D4","RepR2","S5","MSR","other"
"2261","FJ24-FJ25.FJ24-FJ25::chr2:98661834-98663393",460,462,0.946,205,194,"-","G","+",0,0,"-",205,194,"TCGTC","RNF12","D4","RepR2","S5","MSR","other"
"2262","FJ24-FJ25.FJ24-FJ25::chr2:98661834-98663393",515,517,0.914,222,203,"-","G","+",0,0,"-",222,203,"ACGTC","RNF12","D4","RepR2","S5","MSR","other"
"2263","FJ24-FJ25.FJ24-FJ25::chr2:98661834-98663393",575,577,0.6,5,3,"B","G","+",3,1,"-",2,2,"CACGT","RNF12","D4","RepR2","S5","MSR","other"
"2264","FJ24-FJ25.FJ24-FJ25::chr2:98661834-98663393",603,605,0.817,109,89,"B","G","+",8,6,"-",101,83,"TCCGT","RNF12","D4","RepR2","S5","MSR","other"
"2265","FJ24-FJ25.FJ24-FJ25::chr2:98661834-98663393",621,623,0.881,101,89,"B","G","+",7,5,"-",94,84,"CTCGC","RNF12","D4","RepR2","S5","MSR","other"
"2266","FJ24-FJ25.FJ24-FJ25::chr2:98661834-98663393",663,665,1,2,2,"-","G","+",0,0,"-",2,2,"ACGTA","RNF12","D4","RepR2","S5","MSR","other"
"2267","FJ24-FJ25.FJ24-FJ25::chr2:98661834-98663393",721,723,0.857,7,6,"B","G","+",4,3,"-",3,3,"CCCGT","RNF12","D4","RepR2","S5","MSR","other"
"2268","FJ24-FJ25.FJ24-FJ25::chr2:98661834-98663393",730,732,1,9,9,"B","G","+",5,5,"-",4,4,"AACGA","RNF12","D4","RepR2","S5","MSR","other"
"2269","FJ24-FJ25.FJ24-FJ25::chr2:98661834-98663393",766,768,0.167,6,1,"+","G","+",6,1,"-",0,0,"TACGT","RNF12","D4","RepR2","S5","MSR","other"
"2270","FJ24-FJ25.FJ24-FJ25::chr2:98661834-98663393",841,843,0.909,11,10,"-","G","+",0,0,"-",11,10,"CCGTT","RNF12","D4","RepR2","S5","MSR","other"
"2271","FJ24-FJ25.FJ24-FJ25::chr2:98661834-98663393",850,852,0.9,10,9,"B","G","+",3,3,"-",7,6,"AACGA","RNF12","D4","RepR2","S5","MSR","other"
"2272","FJ24-FJ25.FJ24-FJ25::chr2:98661834-98663393",959,961,1,2,2,"+","G","+",2,2,"-",0,0,"GCCGG","RNF12","D4","RepR2","S5","MSR","other"
"2273","FJ24-FJ25.FJ24-FJ25::chr2:98661834-98663393",969,971,1,2,2,"+","G","+",2,2,"-",0,0,"AACGT","RNF12","D4","RepR2","S5","MSR","other"
"2274","FJ24-FJ25.FJ24-FJ25::chr2:98661834-98663393",992,994,0,1,0,"+","G","+",1,0,"-",0,0,"CTCGG","RNF12","D4","RepR2","S5","MSR","other"
"2275","FJ24-FJ25.FJ24-FJ25::chr2:98661834-98663393",1021,1023,0.924,1334,1232,"+","G","+",1334,1232,"-",0,0,"GACGT","RNF12","D4","RepR2","S5","MSR","other"
"2276","FJ24-FJ25.FJ24-FJ25::chr2:98661834-98663393",1068,1070,0.8,10,8,"B","G","+",9,8,"-",1,0,"ATCGA","RNF12","D4","RepR2","S5","MSR","other"
"2277","FJ24-FJ25.FJ24-FJ25::chr2:98661834-98663393",1076,1078,0.863,117,101,"B","G","+",115,99,"-",2,2,"GACGA","RNF12","D4","RepR2","S5","MSR","other"
"2278","FJ24-FJ25.FJ24-FJ25::chr2:98661834-98663393",1091,1093,0.977,86,84,"B","G","+",84,82,"-",2,2,"GACGA","RNF12","D4","RepR2","S5","MSR","other"
"2279","FJ24-FJ25.FJ24-FJ25::chr2:98661834-98663393",1107,1109,0.932,59,55,"B","G","+",58,54,"-",1,1,"TACGT","RNF12","D4","RepR2","S5","MSR","other"
"2280","FJ24-FJ25.FJ24-FJ25::chr2:98661834-98663393",1195,1197,0,1,0,"+","G","+",1,0,"-",0,0,"ATCGT","RNF12","D4","RepR2","S5","MSR","other"
"2281","FJ24-FJ25::chr12:3109471-3110521",411,413,0.5,2,1,"+","G","+",2,1,"-",0,0,"CACGG","RNF12","D4","RepR2","S5","MSR","other"
"2282","FJ24-FJ25::chr12:3109471-3110521",439,441,1,6,6,"B","G","+",5,5,"-",1,1,"GACGT","RNF12","D4","RepR2","S5","MSR","other"
"2283","FJ24-FJ25::chr12:3109471-3110521",451,453,0.929,14,13,"B","G","+",13,12,"-",1,1,"GGCGA","RNF12","D4","RepR2","S5","MSR","other"
"2284","FJ24-FJ25::chr12:3109471-3110521",554,556,1,20,20,"B","G","+",18,18,"-",2,2,"GACGA","RNF12","D4","RepR2","S5","MSR","other"
"2285","FJ24-FJ25::chr12:67058771-67060356",648,650,0,1,0,"+","G","+",1,0,"-",0,0,"GGCGA","RNF12","D4","RepR2","S5","MSR","other"
"2286","FJ24-FJ25::chr12:67058771-67060356",706,708,1,1,1,"+","G","+",1,1,"-",0,0,"GGCGA","RNF12","D4","RepR2","S5","MSR","other"
"2287","FJ24-FJ25::chr12:74803437-74804905",825,827,0,1,0,"-","G","+",0,0,"-",1,0,"ACGTT","RNF12","D4","RepR2","S5","MSR","other"
"2288","FJ24-FJ25::chr13:77438509-77439457",415,417,0.857,14,12,"B","G","+",2,2,"-",12,10,"TTCGT","RNF12","D4","RepR2","S5","MSR","other"
"2289","FJ24-FJ25::chr13:77438509-77439457",430,432,1,17,17,"B","G","+",5,5,"-",12,12,"GTCGT","RNF12","D4","RepR2","S5","MSR","other"
"2290","FJ24-FJ25::chr14:19415282-19420102",357,359,1,2,2,"-","G","+",0,0,"-",2,2,"CCGAC","RNF12","D4","RepR2","S5","MSR","other"
"2291","FJ24-FJ25::chr14:19415282-19420102",457,459,0.981,54,53,"B","G","+",53,52,"-",1,1,"GGCGA","RNF12","D4","RepR2","S5","MSR","other"
"2292","FJ24-FJ25::chr14:19415282-19420102",475,477,0.918,97,89,"B","G","+",94,86,"-",3,3,"CACGG","RNF12","D4","RepR2","S5","MSR","other"
"2293","FJ24-FJ25::chr14:19415282-19420102",503,505,1,2,2,"-","G","+",0,0,"-",2,2,"ACGTG","RNF12","D4","RepR2","S5","MSR","other"
"2294","FJ24-FJ25::chr14:19415282-19420102",618,620,0.818,22,18,"B","G","+",19,15,"-",3,3,"GACGA","RNF12","D4","RepR2","S5","MSR","other"
"2295","FJ24-FJ25::chr14:19415282-19420102",633,635,1,8,8,"B","G","+",5,5,"-",3,3,"GACGA","RNF12","D4","RepR2","S5","MSR","other"
"2296","FJ24-FJ25::chr14:19415282-19420102",691,693,0.98,50,49,"+","G","+",50,49,"-",0,0,"GGCGA","RNF12","D4","RepR2","S5","MSR","other"
"2297","FJ24-FJ25::chr14:19415282-19420102",709,711,0.956,68,65,"+","G","+",68,65,"-",0,0,"CACGG","RNF12","D4","RepR2","S5","MSR","other"
"2298","FJ24-FJ25::chr14:19415282-19420102",963,965,1,4,4,"+","G","+",4,4,"-",0,0,"CTCGT","RNF12","D4","RepR2","S5","MSR","other"
"2299","FJ24-FJ25::chr14:19415282-19420102",1060,1062,1,1,1,"+","G","+",1,1,"-",0,0,"CACGA","RNF12","D4","RepR2","S5","MSR","other"
"2300","FJ24-FJ25::chr14:19415282-19420102",1219,1221,1,1,1,"+","G","+",1,1,"-",0,0,"GACGA","RNF12","D4","RepR2","S5","MSR","other"
"2301","FJ24-FJ25::chr14:19415282-19420102",1276,1278,0.826,69,57,"+","G","+",69,57,"-",0,0,"GGCGA","RNF12","D4","RepR2","S5","MSR","other"
"2302","FJ24-FJ25::chr14:19415282-19420102",1294,1296,0.872,94,82,"+","G","+",94,82,"-",0,0,"CACGG","RNF12","D4","RepR2","S5","MSR","other"
"2303","FJ24-FJ25::chr14:19415282-19420102",1436,1438,1,1,1,"+","G","+",1,1,"-",0,0,"GACGA","RNF12","D4","RepR2","S5","MSR","other"
"2304","FJ24-FJ25::chr14:19415282-19420102",1451,1453,1,1,1,"+","G","+",1,1,"-",0,0,"GACGA","RNF12","D4","RepR2","S5","MSR","other"
"2305","FJ24-FJ25::chr14:19415282-19420102",1509,1511,0.882,17,15,"+","G","+",17,15,"-",0,0,"GGCGA","RNF12","D4","RepR2","S5","MSR","other"
"2306","FJ24-FJ25::chr14:19415282-19420102",1527,1529,1,22,22,"+","G","+",22,22,"-",0,0,"CTCGG","RNF12","D4","RepR2","S5","MSR","other"
"2307","FJ24-FJ25::chr14:19415282-19420102",1628,1630,0,1,0,"-","G","+",0,0,"-",1,0,"GCGAG","RNF12","D4","RepR2","S5","MSR","other"
"2308","FJ24-FJ25::chr14:19415282-19420102",1671,1673,0.852,27,23,"B","G","+",21,17,"-",6,6,"GACGA","RNF12","D4","RepR2","S5","MSR","other"
"2309","FJ24-FJ25::chr14:19415282-19420102",1686,1688,0.969,32,31,"B","G","+",24,23,"-",8,8,"GACGA","RNF12","D4","RepR2","S5","MSR","other"
"2310","FJ24-FJ25::chr14:19415282-19420102",1702,1704,0.833,30,25,"B","G","+",23,20,"-",7,5,"AACGT","RNF12","D4","RepR2","S5","MSR","other"
"2311","FJ24-FJ25::chr14:19415282-19420102",1744,1746,1,6,6,"B","G","+",5,5,"-",1,1,"GGCGA","RNF12","D4","RepR2","S5","MSR","other"
"2312","FJ24-FJ25::chr14:19415282-19420102",1762,1764,0.667,3,2,"B","G","+",2,2,"-",1,0,"CACGG","RNF12","D4","RepR2","S5","MSR","other"
"2313","FJ24-FJ25::chr14:19415282-19420102",1819,1821,1,2,2,"+","G","+",2,2,"-",0,0,"ATCGT","RNF12","D4","RepR2","S5","MSR","other"
"2314","FJ24-FJ25::chr14:19415282-19420102",1861,1863,1,5,5,"+","G","+",5,5,"-",0,0,"GGCGA","RNF12","D4","RepR2","S5","MSR","other"
"2315","FJ24-FJ25::chr14:19415282-19420102",1879,1881,0,1,0,"+","G","+",1,0,"-",0,0,"CACGG","RNF12","D4","RepR2","S5","MSR","other"
"2316","FJ24-FJ25::chr14:19415282-19420102",1939,1941,1,1,1,"+","G","+",1,1,"-",0,0,"GTCGA","RNF12","D4","RepR2","S5","MSR","other"
"2317","FJ24-FJ25::chr14:19415282-19420102",2022,2024,0.898,98,88,"B","G","+",89,81,"-",9,7,"GACGA","RNF12","D4","RepR2","S5","MSR","other"
"2318","FJ24-FJ25::chr14:19415282-19420102",2037,2039,0.856,90,77,"B","G","+",79,68,"-",11,9,"GACGA","RNF12","D4","RepR2","S5","MSR","other"
"2319","FJ24-FJ25::chr14:19415282-19420102",2053,2055,0.87,77,67,"B","G","+",68,60,"-",9,7,"AACGT","RNF12","D4","RepR2","S5","MSR","other"
"2320","FJ24-FJ25::chr14:19415282-19420102",2095,2097,0.938,16,15,"B","G","+",15,14,"-",1,1,"GGCGA","RNF12","D4","RepR2","S5","MSR","other"
"2321","FJ24-FJ25::chr14:19415282-19420102",2230,2232,0.908,87,79,"B","G","+",86,78,"-",1,1,"CACGG","RNF12","D4","RepR2","S5","MSR","other"
"2322","FJ24-FJ25::chr14:19415282-19420102",2370,2372,0,6,0,"+","G","+",6,0,"-",0,0,"CTCGA","RNF12","D4","RepR2","S5","MSR","other"
"2323","FJ24-FJ25::chr14:19415282-19420102",2404,2406,1,2,2,"+","G","+",2,2,"-",0,0,"AACGT","RNF12","D4","RepR2","S5","MSR","other"
"2324","FJ24-FJ25::chr14:19415282-19420102",2446,2448,1,2,2,"+","G","+",2,2,"-",0,0,"GGCGA","RNF12","D4","RepR2","S5","MSR","other"
"2325","FJ24-FJ25::chr14:19415282-19420102",2464,2466,0.667,3,2,"+","G","+",3,2,"-",0,0,"CACGG","RNF12","D4","RepR2","S5","MSR","other"
"2326","FJ24-FJ25::chr14:19415282-19420102",2503,2505,1,1,1,"+","G","+",1,1,"-",0,0,"GGCGA","RNF12","D4","RepR2","S5","MSR","other"
"2327","FJ24-FJ25::chr14:19415282-19420102",2606,2608,1,39,39,"B","G","+",35,35,"-",4,4,"GACGA","RNF12","D4","RepR2","S5","MSR","other"
"2328","FJ24-FJ25::chr14:19415282-19420102",2621,2623,0.96,25,24,"B","G","+",21,20,"-",4,4,"GACGA","RNF12","D4","RepR2","S5","MSR","other"
"2329","FJ24-FJ25::chr14:19415282-19420102",2637,2639,0.846,13,11,"B","G","+",12,10,"-",1,1,"AACGT","RNF12","D4","RepR2","S5","MSR","other"
"2330","FJ24-FJ25::chr14:19415282-19420102",2678,2680,1,3,3,"+","G","+",3,3,"-",0,0,"GGCGA","RNF12","D4","RepR2","S5","MSR","other"
"2331","FJ24-FJ25::chr14:19415282-19420102",2853,2855,1,6,6,"+","G","+",6,6,"-",0,0,"GACGA","RNF12","D4","RepR2","S5","MSR","other"
"2332","FJ24-FJ25::chr14:19415282-19420102",2929,2931,0.572,601,344,"+","G","+",601,344,"-",0,0,"CACGG","RNF12","D4","RepR2","S5","MSR","other"
"2333","FJ24-FJ25::chr14:19415282-19420102",3072,3074,1,1,1,"-","G","+",0,0,"-",1,1,"ACGAC","RNF12","D4","RepR2","S5","MSR","other"
"2334","FJ24-FJ25::chr14:19415282-19420102",3087,3089,1,1,1,"-","G","+",0,0,"-",1,1,"ACGGA","RNF12","D4","RepR2","S5","MSR","other"
"2335","FJ24-FJ25::chr14:19415282-19420102",3163,3165,0.667,3,2,"+","G","+",3,2,"-",0,0,"CACGA","RNF12","D4","RepR2","S5","MSR","other"
"2336","FJ24-FJ25::chr14:19415282-19420102",3305,3307,1,8,8,"B","G","+",6,6,"-",2,2,"GACGA","RNF12","D4","RepR2","S5","MSR","other"
"2337","FJ24-FJ25::chr14:19415282-19420102",3320,3322,0.833,12,10,"B","G","+",10,8,"-",2,2,"GACGA","RNF12","D4","RepR2","S5","MSR","other"
"2338","FJ24-FJ25::chr14:19415282-19420102",3336,3338,0.833,12,10,"B","G","+",10,8,"-",2,2,"AACGT","RNF12","D4","RepR2","S5","MSR","other"
"2339","FJ24-FJ25::chr14:19415282-19420102",3396,3398,1,1,1,"+","G","+",1,1,"-",0,0,"CACGG","RNF12","D4","RepR2","S5","MSR","other"
"2340","FJ24-FJ25::chr14:19415282-19420102",3495,3497,0.8,10,8,"B","G","+",9,7,"-",1,1,"GGCGA","RNF12","D4","RepR2","S5","MSR","other"
"2341","FJ24-FJ25::chr14:19415282-19420102",3513,3515,1,7,7,"B","G","+",6,6,"-",1,1,"CACGG","RNF12","D4","RepR2","S5","MSR","other"
"2342","FJ24-FJ25::chr14:19415282-19420102",3656,3658,1,2,2,"-","G","+",0,0,"-",2,2,"ACGAC","RNF12","D4","RepR2","S5","MSR","other"
"2343","FJ24-FJ25::chr14:19415282-19420102",3671,3673,1,2,2,"-","G","+",0,0,"-",2,2,"ACGAA","RNF12","D4","RepR2","S5","MSR","other"
"2344","FJ24-FJ25::chr14:19415282-19420102",3729,3731,1,1,1,"+","G","+",1,1,"-",0,0,"GGCGA","RNF12","D4","RepR2","S5","MSR","other"
"2345","FJ24-FJ25::chr14:19415282-19420102",3905,3907,1,1,1,"+","G","+",1,1,"-",0,0,"GACGA","RNF12","D4","RepR2","S5","MSR","other"
"2346","FJ24-FJ25::chr14:19415282-19420102",3921,3923,1,1,1,"+","G","+",1,1,"-",0,0,"AACGT","RNF12","D4","RepR2","S5","MSR","other"
"2347","FJ24-FJ25::chr14:19415282-19420102",3963,3965,0.75,4,3,"+","G","+",4,3,"-",0,0,"GGCGA","RNF12","D4","RepR2","S5","MSR","other"
"2348","FJ24-FJ25::chr14:19415282-19420102",3981,3983,1,5,5,"+","G","+",5,5,"-",0,0,"CACGG","RNF12","D4","RepR2","S5","MSR","other"
"2349","FJ24-FJ25::chr14:19415282-19420102",4009,4011,1,1,1,"+","G","+",1,1,"-",0,0,"AACGT","RNF12","D4","RepR2","S5","MSR","other"
"2350","FJ24-FJ25::chr14:19415282-19420102",4021,4023,1,1,1,"+","G","+",1,1,"-",0,0,"GGCGA","RNF12","D4","RepR2","S5","MSR","other"
"2351","FJ24-FJ25::chr14:19415282-19420102",4124,4126,1,2,2,"+","G","+",2,2,"-",0,0,"GACGA","RNF12","D4","RepR2","S5","MSR","other"
"2352","FJ24-FJ25::chr14:19415282-19420102",4332,4334,1,3,3,"+","G","+",3,3,"-",0,0,"CACGA","RNF12","D4","RepR2","S5","MSR","other"
"2353","FJ24-FJ25::chr16:10974667-10975683",465,467,0.5,2,1,"-","G","+",0,0,"-",2,1,"ACGTT","RNF12","D4","RepR2","S5","MSR","other"
"2354","FJ24-FJ25::chr18:55939070-55940046",480,482,1,1,1,"-","G","+",0,0,"-",1,1,"TCGCC","RNF12","D4","RepR2","S5","MSR","other"
"2355","FJ24-FJ25::chr19:23357022-23357993",438,440,1,1,1,"+","G","+",1,1,"-",0,0,"GGCGA","RNF12","D4","RepR2","S5","MSR","other"
"2356","FJ24-FJ25::chr2:98663241-98664491",474,476,1,4,4,"-","G","+",0,0,"-",4,4,"CCGTG","RNF12","D4","RepR2","S5","MSR","other"
"2357","FJ24-FJ25::chr2:98663241-98664491",533,535,1,2,2,"-","G","+",0,0,"-",2,2,"ACGTT","RNF12","D4","RepR2","S5","MSR","other"
"2358","FJ24-FJ25::chr2:98663241-98664491",705,707,0.95,20,19,"-","G","+",0,0,"-",20,19,"CCGTG","RNF12","D4","RepR2","S5","MSR","other"
"2359","FJ24-FJ25::chr2:98663241-98664491",723,725,0.85,20,17,"-","G","+",0,0,"-",20,17,"TCGCC","RNF12","D4","RepR2","S5","MSR","other"
"2360","FJ24-FJ25::chr2:98663241-98664491",796,798,1,2,2,"B","G","+",1,1,"-",1,1,"GTCGT","RNF12","D4","RepR2","S5","MSR","other"
"2361","FJ24-FJ25::chr2:98666144-98667732",117,119,1,3,3,"+","G","+",3,3,"-",0,0,"GCCGG","RNF12","D4","RepR2","S5","MSR","other"
"2362","FJ24-FJ25::chr2:98666144-98667732",127,129,1,3,3,"+","G","+",3,3,"-",0,0,"AACGA","RNF12","D4","RepR2","S5","MSR","other"
"2363","FJ24-FJ25::chr2:98666144-98667732",248,250,1,3,3,"B","G","+",2,2,"-",1,1,"AACGA","RNF12","D4","RepR2","S5","MSR","other"
"2364","FJ24-FJ25::chr2:98666144-98667732",358,360,0.5,4,2,"-","G","+",0,0,"-",4,2,"CCGGT","RNF12","D4","RepR2","S5","MSR","other"
"2365","FJ24-FJ25::chr2:98666144-98667732",368,370,1,3,3,"-","G","+",0,0,"-",3,3,"ACGTA","RNF12","D4","RepR2","S5","MSR","other"
"2366","FJ24-FJ25::chr2:98666144-98667732",446,448,0.91,178,162,"B","G","+",82,71,"-",96,91,"GACGA","RNF12","D4","RepR2","S5","MSR","other"
"2367","FJ24-FJ25::chr2:98666144-98667732",461,463,0.922,204,188,"B","G","+",120,108,"-",84,80,"GACGA","RNF12","D4","RepR2","S5","MSR","other"
"2368","FJ24-FJ25::chr2:98666144-98667732",477,479,0.885,183,162,"B","G","+",148,131,"-",35,31,"TACGT","RNF12","D4","RepR2","S5","MSR","other"
"2369","FJ24-FJ25::chr2:98666144-98667732",537,539,0.94,249,234,"B","G","+",240,227,"-",9,7,"CACGG","RNF12","D4","RepR2","S5","MSR","other"
"2370","FJ24-FJ25::chr2:98666144-98667732",565,567,0.765,17,13,"B","G","+",11,8,"-",6,5,"GACGT","RNF12","D4","RepR2","S5","MSR","other"
"2371","FJ24-FJ25::chr2:98666144-98667732",577,579,0.812,16,13,"B","G","+",12,9,"-",4,4,"GGCGA","RNF12","D4","RepR2","S5","MSR","other"
"2372","FJ24-FJ25::chr2:98666144-98667732",625,627,0.929,2188,2032,"B","G","+",2187,2031,"-",1,1,"GACGT","RNF12","D4","RepR2","S5","MSR","other"
"2373","FJ24-FJ25::chr2:98666144-98667732",680,682,0.912,1950,1778,"B","G","+",1945,1773,"-",5,5,"GACGA","RNF12","D4","RepR2","S5","MSR","other"
"2374","FJ24-FJ25::chr2:98666144-98667732",695,697,0.921,1979,1822,"B","G","+",1970,1813,"-",9,9,"GACGA","RNF12","D4","RepR2","S5","MSR","other"
"2375","FJ24-FJ25::chr2:98666144-98667732",711,713,0.824,1948,1605,"B","G","+",1944,1602,"-",4,3,"AACGT","RNF12","D4","RepR2","S5","MSR","other"
"2376","FJ24-FJ25::chr2:98666144-98667732",753,755,0.935,416,389,"B","G","+",415,388,"-",1,1,"GGCGA","RNF12","D4","RepR2","S5","MSR","other"
"2377","FJ24-FJ25::chr2:98666144-98667732",771,773,0.929,467,434,"B","G","+",403,373,"-",64,61,"CACGG","RNF12","D4","RepR2","S5","MSR","other"
"2378","FJ24-FJ25::chr2:98666144-98667732",799,801,0.938,65,61,"B","G","+",3,3,"-",62,58,"GACGT","RNF12","D4","RepR2","S5","MSR","other"
"2379","FJ24-FJ25::chr2:98666144-98667732",811,813,1,51,51,"B","G","+",5,5,"-",46,46,"GGCGA","RNF12","D4","RepR2","S5","MSR","other"
"2380","FJ24-FJ25::chr2:98666144-98667732",859,861,0.944,18,17,"B","G","+",11,10,"-",7,7,"GACGT","RNF12","D4","RepR2","S5","MSR","other"
"2381","FJ24-FJ25::chr2:98666144-98667732",946,948,0.92,2147,1975,"B","G","+",2123,1953,"-",24,22,"GACGA","RNF12","D4","RepR2","S5","MSR","other"
"2382","FJ24-FJ25::chr2:98666144-98667732",962,964,0.815,2558,2085,"B","G","+",2534,2064,"-",24,21,"AACGT","RNF12","D4","RepR2","S5","MSR","other"
"2383","FJ24-FJ25::chr2:98666144-98667732",1004,1006,0.898,4326,3886,"B","G","+",4300,3863,"-",26,23,"GGCGA","RNF12","D4","RepR2","S5","MSR","other"
"2384","FJ24-FJ25::chr2:98666144-98667732",1022,1024,0.921,4292,3954,"B","G","+",4274,3938,"-",18,16,"CACGG","RNF12","D4","RepR2","S5","MSR","other"
"2385","FJ24-FJ25::chr2:98666144-98667732",1050,1052,0.912,34,31,"B","G","+",22,20,"-",12,11,"GACGT","RNF12","D4","RepR2","S5","MSR","other"
"2386","FJ24-FJ25::chr2:98666144-98667732",1062,1064,0.865,37,32,"B","G","+",26,24,"-",11,8,"GGCGA","RNF12","D4","RepR2","S5","MSR","other"
"2387","FJ24-FJ25::chr2:98666144-98667732",1110,1112,0.912,1071,977,"B","G","+",1063,969,"-",8,8,"GACGT","RNF12","D4","RepR2","S5","MSR","other"
"2388","FJ24-FJ25::chr2:98666144-98667732",1165,1167,0.952,42,40,"B","G","+",40,38,"-",2,2,"GACGA","RNF12","D4","RepR2","S5","MSR","other"
"2389","FJ24-FJ25::chr2:98666144-98667732",1180,1182,1,22,22,"B","G","+",21,21,"-",1,1,"GACGA","RNF12","D4","RepR2","S5","MSR","other"
"2390","FJ24-FJ25::chr4:3089104-3091584",997,999,1,3,3,"+","G","+",3,3,"-",0,0,"GGCGA","RNF12","D4","RepR2","S5","MSR","other"
"2391","FJ24-FJ25::chr4:3089104-3091584",1104,1106,1,1,1,"+","G","+",1,1,"-",0,0,"GACGT","RNF12","D4","RepR2","S5","MSR","other"
"2392","FJ24-FJ25::chr4:3089104-3091584",1116,1118,1,1,1,"+","G","+",1,1,"-",0,0,"GGCGA","RNF12","D4","RepR2","S5","MSR","other"
"2393","FJ24-FJ25::chr4:3089104-3091584",1132,1134,0,1,0,"+","G","+",1,0,"-",0,0,"AACGT","RNF12","D4","RepR2","S5","MSR","other"
"2394","FJ24-FJ25::chr4:3089104-3091584",1564,1566,0,2,0,"+","G","+",2,0,"-",0,0,"AACGC","RNF12","D4","RepR2","S5","MSR","other"
"2395","FJ24-FJ25::chr4:3089104-3091584",1590,1592,1,2,2,"+","G","+",2,2,"-",0,0,"GTCGA","RNF12","D4","RepR2","S5","MSR","other"
"2396","FJ24-FJ25::chr4:3089104-3091584",1607,1609,1,2,2,"+","G","+",2,2,"-",0,0,"AACGT","RNF12","D4","RepR2","S5","MSR","other"
"2397","FJ24-FJ25::chr4:3089104-3091584",2375,2377,0.4,5,2,"-","G","+",0,0,"-",5,2,"TCGAG","RNF12","D4","RepR2","S5","MSR","other"
"2398","FJ24-FJ25::chr4:70377716-70378654",463,465,1,1,1,"+","G","+",1,1,"-",0,0,"GGCGA","RNF12","D4","RepR2","S5","MSR","other"
"2399","FJ24-FJ25::chr4:70377716-70378654",481,483,1,2,2,"+","G","+",2,2,"-",0,0,"CACGG","RNF12","D4","RepR2","S5","MSR","other"
"2400","FJ24-FJ25::chr5:114922054-114923002",434,436,1,1,1,"-","G","+",0,0,"-",1,1,"ACGTT","RNF12","D4","RepR2","S5","MSR","other"
"2401","FJ24-FJ25::chr5:114922054-114923002",471,473,0,1,0,"-","G","+",0,0,"-",1,0,"CCGTG","RNF12","D4","RepR2","S5","MSR","other"
"2402","FJ24-FJ25::chr8:23095075-23096205",417,419,1,2,2,"+","G","+",2,2,"-",0,0,"GGCGA","RNF12","D4","RepR2","S5","MSR","other"
"2403","FJ24-FJ25::chr8:23095075-23096205",425,427,1,2,2,"+","G","+",2,2,"-",0,0,"AACGG","RNF12","D4","RepR2","S5","MSR","other"
"2404","FJ24-FJ25::chr9:21878296-21879293",900,902,1,1,1,"+","G","+",1,1,"-",0,0,"GCCGC","RNF12","D4","RepR2","S5","MSR","other"
"2405","FJ24-FJ25::chr9:21878296-21879293",912,914,1,5,5,"+","G","+",5,5,"-",0,0,"TTCGC","RNF12","D4","RepR2","S5","MSR","other"
"2406","FJ24-FJ25::chr9:21878296-21879293",915,917,0.667,6,4,"+","G","+",6,4,"-",0,0,"GCCGT","RNF12","D4","RepR2","S5","MSR","other"
"2407","FJ24-FJ25::chr9:21878296-21879293",928,930,1,6,6,"+","G","+",6,6,"-",0,0,"GGCGC","RNF12","D4","RepR2","S5","MSR","other"
"2408","FJ24-FJ25::chr9:2999602-3038819",428,430,0.5,4,2,"B","G","+",2,0,"-",2,2,"CACGT","RNF12","D4","RepR2","S5","MSR","other"
"2409","FJ24-FJ25::chr9:2999602-3038819",444,446,0.8,5,4,"B","G","+",4,4,"-",1,0,"TTCGT","RNF12","D4","RepR2","S5","MSR","other"
"2410","FJ24-FJ25::chr9:2999602-3038819",604,606,1,3,3,"-","G","+",0,0,"-",3,3,"ACGTT","RNF12","D4","RepR2","S5","MSR","other"
"2411","FJ24-FJ25::chr9:2999602-3038819",620,622,1,1,1,"-","G","+",0,0,"-",1,1,"TCGTC","RNF12","D4","RepR2","S5","MSR","other"
"2412","FJ24-FJ25::chr9:2999602-3038819",738,740,1,6,6,"B","G","+",2,2,"-",4,4,"CTCGC","RNF12","D4","RepR2","S5","MSR","other"
"2413","FJ24-FJ25::chr9:2999602-3038819",750,752,1,7,7,"B","G","+",3,3,"-",4,4,"CACGT","RNF12","D4","RepR2","S5","MSR","other"
"2414","FJ24-FJ25::chr9:2999602-3038819",778,780,0.881,270,238,"B","G","+",3,1,"-",267,237,"TCCGT","RNF12","D4","RepR2","S5","MSR","other"
"2415","FJ24-FJ25::chr9:2999602-3038819",796,798,0.831,237,197,"-","G","+",0,0,"-",237,197,"TCGAC","RNF12","D4","RepR2","S5","MSR","other"
"2416","FJ24-FJ25::chr9:2999602-3038819",838,840,0.711,38,27,"B","G","+",1,1,"-",37,26,"CACGT","RNF12","D4","RepR2","S5","MSR","other"
"2417","FJ24-FJ25::chr9:2999602-3038819",854,856,0.935,31,29,"B","G","+",1,1,"-",30,28,"TTCGT","RNF12","D4","RepR2","S5","MSR","other"
"2418","FJ24-FJ25::chr9:2999602-3038819",866,868,0.6,5,3,"B","G","+",1,0,"-",4,3,"CACGT","RNF12","D4","RepR2","S5","MSR","other"
"2419","FJ24-FJ25::chr9:2999602-3038819",869,871,0.667,27,18,"B","G","+",1,1,"-",26,17,"GTCGT","RNF12","D4","RepR2","S5","MSR","other"
"2420","FJ24-FJ25::chr9:2999602-3038819",972,974,0.967,30,29,"-","G","+",0,0,"-",30,29,"TCGCC","RNF12","D4","RepR2","S5","MSR","other"
"2421","FJ24-FJ25::chr9:2999602-3038819",984,986,0.952,21,20,"B","G","+",1,1,"-",20,19,"CACGT","RNF12","D4","RepR2","S5","MSR","other"
"2422","FJ24-FJ25::chr9:2999602-3038819",1012,1014,0.875,32,28,"B","G","+",1,1,"-",31,27,"TCCGT","RNF12","D4","RepR2","S5","MSR","other"
"2423","FJ24-FJ25::chr9:2999602-3038819",1030,1032,0.944,18,17,"-","G","+",0,0,"-",18,17,"TCGAC","RNF12","D4","RepR2","S5","MSR","other"
"2424","FJ24-FJ25::chr9:2999602-3038819",1158,1160,0.5,2,1,"-","G","+",0,0,"-",2,1,"ACGTC","RNF12","D4","RepR2","S5","MSR","other"
"2425","FJ24-FJ25::chr9:2999602-3038819",1248,1250,0.9,10,9,"-","G","+",0,0,"-",10,9,"ACGTT","RNF12","D4","RepR2","S5","MSR","other"
"2426","FJ24-FJ25::chr9:2999602-3038819",1264,1266,1,8,8,"B","G","+",1,1,"-",7,7,"TTCGT","RNF12","D4","RepR2","S5","MSR","other"
"2427","FJ24-FJ25::chr9:2999602-3038819",1382,1384,0.842,19,16,"B","G","+",3,3,"-",16,13,"CTCGC","RNF12","D4","RepR2","S5","MSR","other"
"2428","FJ24-FJ25::chr9:2999602-3038819",1394,1396,1,15,15,"B","G","+",3,3,"-",12,12,"CACGT","RNF12","D4","RepR2","S5","MSR","other"
"2429","FJ24-FJ25::chr9:2999602-3038819",1422,1424,0.929,42,39,"B","G","+",3,3,"-",39,36,"TCCGT","RNF12","D4","RepR2","S5","MSR","other"
"2430","FJ24-FJ25::chr9:2999602-3038819",1440,1442,1,17,17,"-","G","+",0,0,"-",17,17,"TCGCC","RNF12","D4","RepR2","S5","MSR","other"
"2431","FJ24-FJ25::chr9:2999602-3038819",1459,1461,0,4,0,"-","G","+",0,0,"-",4,0,"ACGGT","RNF12","D4","RepR2","S5","MSR","other"
"2432","FJ24-FJ25::chr9:2999602-3038819",1616,1618,0.5,2,1,"-","G","+",0,0,"-",2,1,"TCGCC","RNF12","D4","RepR2","S5","MSR","other"
"2433","FJ24-FJ25::chr9:2999602-3038819",1674,1676,0.611,18,11,"-","G","+",0,0,"-",18,11,"TCGCC","RNF12","D4","RepR2","S5","MSR","other"
"2434","FJ24-FJ25::chr9:2999602-3038819",1716,1718,0.786,14,11,"-","G","+",0,0,"-",14,11,"ACGTT","RNF12","D4","RepR2","S5","MSR","other"
"2435","FJ24-FJ25::chr9:2999602-3038819",1732,1734,0.933,15,14,"-","G","+",0,0,"-",15,14,"TCGTC","RNF12","D4","RepR2","S5","MSR","other"
"2436","FJ24-FJ25::chr9:2999602-3038819",1850,1852,0.867,15,13,"B","G","+",2,2,"-",13,11,"CTCGC","RNF12","D4","RepR2","S5","MSR","other"
"2437","FJ24-FJ25::chr9:2999602-3038819",1862,1864,1,15,15,"B","G","+",3,3,"-",12,12,"CACGT","RNF12","D4","RepR2","S5","MSR","other"
"2438","FJ24-FJ25::chr9:2999602-3038819",1890,1892,0.935,107,100,"B","G","+",3,3,"-",104,97,"TCCGT","RNF12","D4","RepR2","S5","MSR","other"
"2439","FJ24-FJ25::chr9:2999602-3038819",1908,1910,0.941,68,64,"B","G","+",1,1,"-",67,63,"CTCGC","RNF12","D4","RepR2","S5","MSR","other"
"2440","FJ24-FJ25::chr9:2999602-3038819",2123,2125,0.846,13,11,"-","G","+",0,0,"-",13,11,"CCGTG","RNF12","D4","RepR2","S5","MSR","other"
"2441","FJ24-FJ25::chr9:2999602-3038819",2141,2143,0.917,12,11,"-","G","+",0,0,"-",12,11,"TCGCC","RNF12","D4","RepR2","S5","MSR","other"
"2442","FJ24-FJ25::chr9:2999602-3038819",2183,2185,0.667,6,4,"-","G","+",0,0,"-",6,4,"ACGTT","RNF12","D4","RepR2","S5","MSR","other"
"2443","FJ24-FJ25::chr9:2999602-3038819",2199,2201,1,5,5,"-","G","+",0,0,"-",5,5,"TCGTC","RNF12","D4","RepR2","S5","MSR","other"
"2444","FJ24-FJ25::chr9:2999602-3038819",2433,2435,1,5,5,"B","G","+",3,3,"-",2,2,"TTCGT","RNF12","D4","RepR2","S5","MSR","other"
"2445","FJ24-FJ25::chr9:2999602-3038819",2448,2450,0.917,12,11,"B","G","+",3,2,"-",9,9,"GTCGT","RNF12","D4","RepR2","S5","MSR","other"
"2446","FJ24-FJ25::chr9:2999602-3038819",2609,2611,1,11,11,"-","G","+",0,0,"-",11,11,"TCGCC","RNF12","D4","RepR2","S5","MSR","other"
"2447","FJ24-FJ25::chr9:2999602-3038819",2651,2653,0.6,5,3,"-","G","+",0,0,"-",5,3,"ACGTT","RNF12","D4","RepR2","S5","MSR","other"
"2448","FJ24-FJ25::chr9:2999602-3038819",2667,2669,1,3,3,"-","G","+",0,0,"-",3,3,"TCGTC","RNF12","D4","RepR2","S5","MSR","other"
"2449","FJ24-FJ25::chr9:2999602-3038819",2825,2827,0.66,50,33,"B","G","+",1,1,"-",49,32,"TCCGT","RNF12","D4","RepR2","S5","MSR","other"
"2450","FJ24-FJ25::chr9:2999602-3038819",3135,3137,1,2,2,"-","G","+",0,0,"-",2,2,"TCGCC","RNF12","D4","RepR2","S5","MSR","other"
"2451","FJ24-FJ25::chr9:2999602-3038819",3147,3149,1,2,2,"-","G","+",0,0,"-",2,2,"ACGTC","RNF12","D4","RepR2","S5","MSR","other"
"2452","FJ24-FJ25::chr9:2999602-3038819",3175,3177,0.905,63,57,"-","G","+",0,0,"-",63,57,"CCGTG","RNF12","D4","RepR2","S5","MSR","other"
"2453","FJ24-FJ25::chr9:2999602-3038819",3193,3195,0.894,47,42,"-","G","+",0,0,"-",47,42,"TCGCC","RNF12","D4","RepR2","S5","MSR","other"
"2454","FJ24-FJ25::chr9:2999602-3038819",3234,3236,1,1,1,"-","G","+",0,0,"-",1,1,"ACGTT","RNF12","D4","RepR2","S5","MSR","other"
"2455","FJ24-FJ25::chr9:2999602-3038819",3368,3370,1,1,1,"-","G","+",0,0,"-",1,1,"TCGCC","RNF12","D4","RepR2","S5","MSR","other"
"2456","FJ24-FJ25::chr9:2999602-3038819",3380,3382,1,1,1,"-","G","+",0,0,"-",1,1,"ACGTC","RNF12","D4","RepR2","S5","MSR","other"
"2457","FJ24-FJ25::chr9:2999602-3038819",3408,3410,0.833,6,5,"-","G","+",0,0,"-",6,5,"CCGTG","RNF12","D4","RepR2","S5","MSR","other"
"2458","FJ24-FJ25::chr9:2999602-3038819",3426,3428,1,4,4,"-","G","+",0,0,"-",4,4,"TCGCC","RNF12","D4","RepR2","S5","MSR","other"
"2459","FJ24-FJ25::chr9:2999602-3038819",3468,3470,1,2,2,"-","G","+",0,0,"-",2,2,"ACGTT","RNF12","D4","RepR2","S5","MSR","other"
"2460","FJ24-FJ25::chr9:2999602-3038819",3484,3486,1,1,1,"-","G","+",0,0,"-",1,1,"TCGTC","RNF12","D4","RepR2","S5","MSR","other"
"2461","FJ24-FJ25::chr9:2999602-3038819",3642,3644,1,3,3,"-","G","+",0,0,"-",3,3,"CCGTG","RNF12","D4","RepR2","S5","MSR","other"
"2462","FJ24-FJ25::chr9:2999602-3038819",3660,3662,1,3,3,"-","G","+",0,0,"-",3,3,"TCGCC","RNF12","D4","RepR2","S5","MSR","other"
"2463","FJ24-FJ25::chr9:2999602-3038819",3718,3720,0.667,3,2,"-","G","+",0,0,"-",3,2,"TCGTC","RNF12","D4","RepR2","S5","MSR","other"
"2464","FJ24-FJ25::chr9:2999602-3038819",3733,3735,0.909,11,10,"B","G","+",1,1,"-",10,9,"GTCGT","RNF12","D4","RepR2","S5","MSR","other"
"2465","FJ24-FJ25::chr9:2999602-3038819",3836,3838,0.8,10,8,"-","G","+",0,0,"-",10,8,"TCGCC","RNF12","D4","RepR2","S5","MSR","other"
"2466","FJ24-FJ25::chr9:2999602-3038819",3894,3896,0.913,23,21,"-","G","+",0,0,"-",23,21,"TCGCC","RNF12","D4","RepR2","S5","MSR","other"
"2467","FJ24-FJ25::chr9:2999602-3038819",3936,3938,0.667,6,4,"-","G","+",0,0,"-",6,4,"ACGTT","RNF12","D4","RepR2","S5","MSR","other"
"2468","FJ24-FJ25::chr9:2999602-3038819",4128,4130,0.857,21,18,"-","G","+",0,0,"-",21,18,"TCGCC","RNF12","D4","RepR2","S5","MSR","other"
"2469","FJ24-FJ25::chr9:2999602-3038819",4303,4305,1,12,12,"-","G","+",0,0,"-",12,12,"TCGCC","RNF12","D4","RepR2","S5","MSR","other"
"2470","FJ24-FJ25::chr9:2999602-3038819",4520,4522,0.691,1967,1360,"B","G","+",1,0,"-",1966,1360,"TCCGT","RNF12","D4","RepR2","S5","MSR","other"
"2471","FJ24-FJ25::chr9:2999602-3038819",4580,4582,0.737,95,70,"B","G","+",14,11,"-",81,59,"CACGT","RNF12","D4","RepR2","S5","MSR","other"
"2472","FJ24-FJ25::chr9:2999602-3038819",4596,4598,0.955,89,85,"B","G","+",16,16,"-",73,69,"TTCGT","RNF12","D4","RepR2","S5","MSR","other"
"2473","FJ24-FJ25::chr9:2999602-3038819",4611,4613,0.913,92,84,"B","G","+",18,18,"-",74,66,"GTCGT","RNF12","D4","RepR2","S5","MSR","other"
"2474","FJ24-FJ25::chr9:2999602-3038819",4654,4656,1,3,3,"-","G","+",0,0,"-",3,3,"TCGCC","RNF12","D4","RepR2","S5","MSR","other"
"2475","FJ24-FJ25::chr9:2999602-3038819",4754,4756,0.75,48,36,"-","G","+",0,0,"-",48,36,"CCGTG","RNF12","D4","RepR2","S5","MSR","other"
"2476","FJ24-FJ25::chr9:2999602-3038819",4814,4816,1,2,2,"-","G","+",0,0,"-",2,2,"ACGTT","RNF12","D4","RepR2","S5","MSR","other"
"2477","FJ24-FJ25::chr9:2999602-3038819",4844,4846,1,2,2,"-","G","+",0,0,"-",2,2,"TCGTC","RNF12","D4","RepR2","S5","MSR","other"
"2478","FJ24-FJ25::chr9:2999602-3038819",4899,4901,1,2,2,"B","G","+",1,1,"-",1,1,"CACGT","RNF12","D4","RepR2","S5","MSR","other"
"2479","FJ24-FJ25::chr9:2999602-3038819",4947,4949,1,2,2,"+","G","+",2,2,"-",0,0,"TTCGC","RNF12","D4","RepR2","S5","MSR","other"
"2480","FJ24-FJ25::chr9:2999602-3038819",4959,4961,1,3,3,"+","G","+",3,3,"-",0,0,"CACGT","RNF12","D4","RepR2","S5","MSR","other"
"2481","FJ24-FJ25::chr9:2999602-3038819",4987,4989,0.92,125,115,"B","G","+",3,3,"-",122,112,"TCCGT","RNF12","D4","RepR2","S5","MSR","other"
"2482","FJ24-FJ25::chr9:2999602-3038819",5005,5007,0.82,128,105,"B","G","+",2,2,"-",126,103,"CTCGC","RNF12","D4","RepR2","S5","MSR","other"
"2483","FJ24-FJ25::chr9:2999602-3038819",5047,5049,0.759,54,41,"-","G","+",0,0,"-",54,41,"ACGTT","RNF12","D4","RepR2","S5","MSR","other"
"2484","FJ24-FJ25::chr9:2999602-3038819",5063,5065,1,50,50,"-","G","+",0,0,"-",50,50,"TCGTC","RNF12","D4","RepR2","S5","MSR","other"
"2485","FJ24-FJ25::chr9:2999602-3038819",5078,5080,0.864,59,51,"B","G","+",2,2,"-",57,49,"GTCGT","RNF12","D4","RepR2","S5","MSR","other"
"2486","FJ24-FJ25::chr9:2999602-3038819",5181,5183,1,1,1,"-","G","+",0,0,"-",1,1,"TCGCC","RNF12","D4","RepR2","S5","MSR","other"
"2487","FJ24-FJ25::chr9:2999602-3038819",5221,5223,0.75,24,18,"-","G","+",0,0,"-",24,18,"CCGTG","RNF12","D4","RepR2","S5","MSR","other"
"2488","FJ24-FJ25::chr9:2999602-3038819",5455,5457,0,1,0,"-","G","+",0,0,"-",1,0,"TCGTG","RNF12","D4","RepR2","S5","MSR","other"
"2489","FJ24-FJ25::chr9:2999602-3038819",5515,5517,1,1,1,"-","G","+",0,0,"-",1,1,"ACGTT","RNF12","D4","RepR2","S5","MSR","other"
"2490","FJ24-FJ25::chr9:2999602-3038819",5707,5709,1,10,10,"-","G","+",0,0,"-",10,10,"TCGCA","RNF12","D4","RepR2","S5","MSR","other"
"2491","FJ24-FJ25::chr9:2999602-3038819",6058,6060,1,1,1,"-","G","+",0,0,"-",1,1,"TCGCC","RNF12","D4","RepR2","S5","MSR","other"
"2492","FJ24-FJ25::chr9:2999602-3038819",6098,6100,0.773,22,17,"-","G","+",0,0,"-",22,17,"CCGTG","RNF12","D4","RepR2","S5","MSR","other"
"2493","FJ24-FJ25::chr9:2999602-3038819",6116,6118,0.857,14,12,"-","G","+",0,0,"-",14,12,"TCGCC","RNF12","D4","RepR2","S5","MSR","other"
"2494","FJ24-FJ25::chr9:2999602-3038819",6158,6160,1,1,1,"-","G","+",0,0,"-",1,1,"ACGTT","RNF12","D4","RepR2","S5","MSR","other"
"2495","FJ24-FJ25::chr9:2999602-3038819",6174,6176,1,1,1,"-","G","+",0,0,"-",1,1,"TCGTC","RNF12","D4","RepR2","S5","MSR","other"
"2496","FJ24-FJ25::chr9:2999602-3038819",6189,6191,1,1,1,"-","G","+",0,0,"-",1,1,"TCGTC","RNF12","D4","RepR2","S5","MSR","other"
"2497","FJ24-FJ25::chr9:2999602-3038819",6334,6336,1,1,1,"-","G","+",0,0,"-",1,1,"ACGTT","RNF12","D4","RepR2","S5","MSR","other"
"2498","FJ24-FJ25::chr9:2999602-3038819",6390,6392,0.7,10,7,"-","G","+",0,0,"-",10,7,"CCGTG","RNF12","D4","RepR2","S5","MSR","other"
"2499","FJ24-FJ25::chr9:2999602-3038819",6434,6436,0,10,0,"-","G","+",0,0,"-",10,0,"ACGTT","RNF12","D4","RepR2","S5","MSR","other"
"2500","FJ24-FJ25::chr9:2999602-3038819",6508,6510,0.857,7,6,"-","G","+",0,0,"-",7,6,"CCGTG","RNF12","D4","RepR2","S5","MSR","other"
"2501","FJ24-FJ25::chr9:2999602-3038819",6526,6528,1,3,3,"-","G","+",0,0,"-",3,3,"TCGCC","RNF12","D4","RepR2","S5","MSR","other"
"2502","FJ24-FJ25::chr9:2999602-3038819",6760,6762,0.9,70,63,"-","G","+",0,0,"-",70,63,"TCGCC","RNF12","D4","RepR2","S5","MSR","other"
"2503","FJ24-FJ25::chr9:2999602-3038819",6802,6804,1,3,3,"B","G","+",2,2,"-",1,1,"CACGT","RNF12","D4","RepR2","S5","MSR","other"
"2504","FJ24-FJ25::chr9:2999602-3038819",6818,6820,0.333,3,1,"B","G","+",2,0,"-",1,1,"TTCGT","RNF12","D4","RepR2","S5","MSR","other"
"2505","FJ24-FJ25::chr9:2999602-3038819",7169,7171,0.909,11,10,"B","G","+",2,1,"-",9,9,"CTCGC","RNF12","D4","RepR2","S5","MSR","other"
"2506","FJ24-FJ25::chr9:2999602-3038819",7181,7183,0.857,14,12,"B","G","+",4,4,"-",10,8,"CACGT","RNF12","D4","RepR2","S5","MSR","other"
"2507","FJ24-FJ25::chr9:2999602-3038819",7209,7211,0.915,2214,2026,"B","G","+",3,3,"-",2211,2023,"TCCGT","RNF12","D4","RepR2","S5","MSR","other"
"2508","FJ24-FJ25::chr9:2999602-3038819",7227,7229,0.861,2211,1904,"B","G","+",3,3,"-",2208,1901,"CTCGC","RNF12","D4","RepR2","S5","MSR","other"
"2509","FJ24-FJ25::chr9:2999602-3038819",7269,7271,0.782,55,43,"B","G","+",1,1,"-",54,42,"CACGT","RNF12","D4","RepR2","S5","MSR","other"
"2510","FJ24-FJ25::chr9:2999602-3038819",7285,7287,0.875,40,35,"-","G","+",0,0,"-",40,35,"TCGTC","RNF12","D4","RepR2","S5","MSR","other"
"2511","FJ24-FJ25::chr9:2999602-3038819",7506,7508,1,3,3,"B","G","+",2,2,"-",1,1,"CACGT","RNF12","D4","RepR2","S5","MSR","other"
"2512","FJ24-FJ25::chr9:2999602-3038819",7522,7524,1,8,8,"B","G","+",4,4,"-",4,4,"TTCGT","RNF12","D4","RepR2","S5","MSR","other"
"2513","FJ24-FJ25::chr9:2999602-3038819",7537,7539,1,9,9,"B","G","+",4,4,"-",5,5,"GTCGT","RNF12","D4","RepR2","S5","MSR","other"
"2514","FJ24-FJ25::chr9:2999602-3038819",7698,7700,0.871,194,169,"-","G","+",0,0,"-",194,169,"TCGCC","RNF12","D4","RepR2","S5","MSR","other"
"2515","FJ24-FJ25::chr9:2999602-3038819",7799,7801,0.941,68,64,"-","G","+",0,0,"-",68,64,"CCGTG","RNF12","D4","RepR2","S5","MSR","other"
"2516","FJ24-FJ25::chr9:2999602-3038819",7817,7819,0.823,62,51,"-","G","+",0,0,"-",62,51,"TCGCC","RNF12","D4","RepR2","S5","MSR","other"
"2517","FJ24-FJ25::chr9:2999602-3038819",7859,7861,0.5,2,1,"-","G","+",0,0,"-",2,1,"ACGTT","RNF12","D4","RepR2","S5","MSR","other"
"2518","FJ24-FJ25::chr9:2999602-3038819",7992,7994,1,3,3,"B","G","+",1,1,"-",2,2,"CTCGC","RNF12","D4","RepR2","S5","MSR","other"
"2519","FJ24-FJ25::chr9:2999602-3038819",8004,8006,1,4,4,"B","G","+",1,1,"-",3,3,"CACGT","RNF12","D4","RepR2","S5","MSR","other"
"2520","FJ24-FJ25::chr9:2999602-3038819",8032,8034,0.943,123,116,"B","G","+",1,1,"-",122,115,"TCCGT","RNF12","D4","RepR2","S5","MSR","other"
"2521","FJ24-FJ25::chr9:2999602-3038819",8050,8052,0.878,82,72,"B","G","+",1,1,"-",81,71,"CTCGC","RNF12","D4","RepR2","S5","MSR","other"
"2522","FJ24-FJ25::chr9:2999602-3038819",8091,8093,1,1,1,"-","G","+",0,0,"-",1,1,"ACGTT","RNF12","D4","RepR2","S5","MSR","other"
"2523","FJ24-FJ25::chr9:2999602-3038819",8325,8327,1,1,1,"-","G","+",0,0,"-",1,1,"ACGTT","RNF12","D4","RepR2","S5","MSR","other"
"2524","FJ24-FJ25::chr9:2999602-3038819",8517,8519,0.804,51,41,"-","G","+",0,0,"-",51,41,"TCGCC","RNF12","D4","RepR2","S5","MSR","other"
"2525","FJ24-FJ25::chr9:2999602-3038819",8692,8694,0.8,10,8,"-","G","+",0,0,"-",10,8,"TCGCT","RNF12","D4","RepR2","S5","MSR","other"
"2526","FJ24-FJ25::chr9:2999602-3038819",8909,8911,0.887,1234,1094,"-","G","+",0,0,"-",1234,1094,"CCGTG","RNF12","D4","RepR2","S5","MSR","other"
"2527","FJ24-FJ25::chr9:2999602-3038819",8969,8971,0.8,5,4,"B","G","+",1,1,"-",4,3,"CACGT","RNF12","D4","RepR2","S5","MSR","other"
"2528","FJ24-FJ25::chr9:2999602-3038819",8985,8987,1,2,2,"B","G","+",1,1,"-",1,1,"TTCGT","RNF12","D4","RepR2","S5","MSR","other"
"2529","FJ24-FJ25::chr9:2999602-3038819",9161,9163,0.714,14,10,"-","G","+",0,0,"-",14,10,"TCGCA","RNF12","D4","RepR2","S5","MSR","other"
"2530","FJ24-FJ25::chr9:2999602-3038819",9629,9631,1,1,1,"-","G","+",0,0,"-",1,1,"TCGGT","RNF12","D4","RepR2","S5","MSR","other"
"2531","FJ24-FJ25::chr9:2999602-3038819",9691,9693,1,8,8,"B","G","+",4,4,"-",4,4,"CACGT","RNF12","D4","RepR2","S5","MSR","other"
"2532","FJ24-FJ25::chr9:2999602-3038819",9707,9709,1,16,16,"B","G","+",11,11,"-",5,5,"TTCGT","RNF12","D4","RepR2","S5","MSR","other"
"2533","FJ24-FJ25::chr9:2999602-3038819",9722,9724,1,13,13,"B","G","+",11,11,"-",2,2,"GTCGT","RNF12","D4","RepR2","S5","MSR","other"
"2534","FJ24-FJ25::chr9:2999602-3038819",9883,9885,0.904,178,161,"-","G","+",0,0,"-",178,161,"TCGCC","RNF12","D4","RepR2","S5","MSR","other"
"2535","FJ24-FJ25::chr9:2999602-3038819",9984,9986,0.912,68,62,"B","G","+",2,2,"-",66,60,"TCCGT","RNF12","D4","RepR2","S5","MSR","other"
"2536","FJ24-FJ25::chr9:2999602-3038819",10002,10004,0.94,67,63,"B","G","+",2,2,"-",65,61,"CTCGC","RNF12","D4","RepR2","S5","MSR","other"
"2537","FJ24-FJ25::chr9:2999602-3038819",10189,10191,1,3,3,"-","G","+",0,0,"-",3,3,"ACGTC","RNF12","D4","RepR2","S5","MSR","other"
"2538","FJ24-FJ25::chr9:2999602-3038819",10217,10219,0.9,1036,932,"-","G","+",0,0,"-",1036,932,"CCGTG","RNF12","D4","RepR2","S5","MSR","other"
"2539","FJ24-FJ25::chr9:2999602-3038819",10277,10279,1,3,3,"-","G","+",0,0,"-",3,3,"ACGTT","RNF12","D4","RepR2","S5","MSR","other"
"2540","FJ24-FJ25::chr9:2999602-3038819",10451,10453,0.942,103,97,"-","G","+",0,0,"-",103,97,"CCGTG","RNF12","D4","RepR2","S5","MSR","other"
"2541","FJ24-FJ25::chr9:2999602-3038819",10469,10471,0.857,70,60,"-","G","+",0,0,"-",70,60,"TCGCC","RNF12","D4","RepR2","S5","MSR","other"
"2542","FJ24-FJ25::chr9:2999602-3038819",10644,10646,1,1,1,"-","G","+",0,0,"-",1,1,"TCGCC","RNF12","D4","RepR2","S5","MSR","other"
"2543","FJ24-FJ25::chr9:2999602-3038819",10656,10658,1,1,1,"-","G","+",0,0,"-",1,1,"ACGTC","RNF12","D4","RepR2","S5","MSR","other"
"2544","FJ24-FJ25::chr9:2999602-3038819",10684,10686,0.857,7,6,"-","G","+",0,0,"-",7,6,"CCGTG","RNF12","D4","RepR2","S5","MSR","other"
"2545","FJ24-FJ25::chr9:2999602-3038819",10702,10704,1,7,7,"-","G","+",0,0,"-",7,7,"TCGCC","RNF12","D4","RepR2","S5","MSR","other"
"2546","FJ24-FJ25::chr9:2999602-3038819",10744,10746,1,1,1,"-","G","+",0,0,"-",1,1,"ACGTT","RNF12","D4","RepR2","S5","MSR","other"
"2547","FJ24-FJ25::chr9:2999602-3038819",10760,10762,1,1,1,"-","G","+",0,0,"-",1,1,"TCGTC","RNF12","D4","RepR2","S5","MSR","other"
"2548","FJ24-FJ25::chr9:2999602-3038819",10918,10920,0,2,0,"-","G","+",0,0,"-",2,0,"CCGTG","RNF12","D4","RepR2","S5","MSR","other"
"2549","FJ24-FJ25::chr9:2999602-3038819",11009,11011,1,1,1,"+","G","+",1,1,"-",0,0,"GTCGT","RNF12","D4","RepR2","S5","MSR","other"
"2550","FJ24-FJ25::chr9:2999602-3038819",11110,11112,0.8,10,8,"-","G","+",0,0,"-",10,8,"TCGCT","RNF12","D4","RepR2","S5","MSR","other"
"2551","FJ24-FJ25::chr9:2999602-3038819",11327,11329,0.884,1017,899,"-","G","+",0,0,"-",1017,899,"CCGTG","RNF12","D4","RepR2","S5","MSR","other"
"2552","FJ24-FJ25::chr9:2999602-3038819",11387,11389,0.875,8,7,"B","G","+",1,1,"-",7,6,"CACGT","RNF12","D4","RepR2","S5","MSR","other"
"2553","FJ24-FJ25::chr9:2999602-3038819",11403,11405,1,4,4,"B","G","+",1,1,"-",3,3,"TTCGT","RNF12","D4","RepR2","S5","MSR","other"
"2554","FJ24-FJ25::chr9:2999602-3038819",11579,11581,0.846,13,11,"-","G","+",0,0,"-",13,11,"TCGCA","RNF12","D4","RepR2","S5","MSR","other"
"2555","FJ24-FJ25::chr9:2999602-3038819",11970,11972,0.833,36,30,"-","G","+",0,0,"-",36,30,"CCGTG","RNF12","D4","RepR2","S5","MSR","other"
"2556","FJ24-FJ25::chr9:2999602-3038819",11988,11990,0.9,20,18,"-","G","+",0,0,"-",20,18,"TCGCC","RNF12","D4","RepR2","S5","MSR","other"
"2557","FJ24-FJ25::chr9:2999602-3038819",12206,12208,1,2,2,"-","G","+",0,0,"-",2,2,"ACGTT","RNF12","D4","RepR2","S5","MSR","other"
"2558","FJ24-FJ25::chr9:2999602-3038819",12222,12224,1,2,2,"-","G","+",0,0,"-",2,2,"TCGTC","RNF12","D4","RepR2","S5","MSR","other"
"2559","FJ24-FJ25::chr9:2999602-3038819",12262,12264,0.75,4,3,"-","G","+",0,0,"-",4,3,"CCGTG","RNF12","D4","RepR2","S5","MSR","other"
"2560","FJ24-FJ25::chr9:2999602-3038819",12306,12308,0,2,0,"-","G","+",0,0,"-",2,0,"ACGTT","RNF12","D4","RepR2","S5","MSR","other"
"2561","FJ24-FJ25::chr9:2999602-3038819",12380,12382,0.667,3,2,"-","G","+",0,0,"-",3,2,"CCGTG","RNF12","D4","RepR2","S5","MSR","other"
"2562","FJ24-FJ25::chr9:2999602-3038819",12398,12400,1,2,2,"-","G","+",0,0,"-",2,2,"TCGCC","RNF12","D4","RepR2","S5","MSR","other"
"2563","FJ24-FJ25::chr9:2999602-3038819",12632,12634,0.889,45,40,"-","G","+",0,0,"-",45,40,"TCGCC","RNF12","D4","RepR2","S5","MSR","other"
"2564","FJ24-FJ25::chr9:2999602-3038819",12674,12676,0.5,2,1,"B","G","+",1,1,"-",1,0,"CACGT","RNF12","D4","RepR2","S5","MSR","other"
"2565","FJ24-FJ25::chr9:2999602-3038819",12690,12692,1,1,1,"+","G","+",1,1,"-",0,0,"TTCGT","RNF12","D4","RepR2","S5","MSR","other"
"2566","FJ24-FJ25::chr9:2999602-3038819",12866,12868,1,1,1,"-","G","+",0,0,"-",1,1,"TCGAC","RNF12","D4","RepR2","S5","MSR","other"
"2567","FJ24-FJ25::chr9:2999602-3038819",13082,13084,1,1,1,"-","G","+",0,0,"-",1,1,"TCGGT","RNF12","D4","RepR2","S5","MSR","other"
"2568","FJ24-FJ25::chr9:2999602-3038819",13101,13103,1,1,1,"-","G","+",0,0,"-",1,1,"TCGCC","RNF12","D4","RepR2","S5","MSR","other"
"2569","FJ24-FJ25::chr9:2999602-3038819",13144,13146,1,3,3,"+","G","+",3,3,"-",0,0,"CACGT","RNF12","D4","RepR2","S5","MSR","other"
"2570","FJ24-FJ25::chr9:2999602-3038819",13160,13162,1,6,6,"+","G","+",6,6,"-",0,0,"TTCGT","RNF12","D4","RepR2","S5","MSR","other"
"2571","FJ24-FJ25::chr9:2999602-3038819",13175,13177,1,8,8,"B","G","+",7,7,"-",1,1,"GTCGT","RNF12","D4","RepR2","S5","MSR","other"
"2572","FJ24-FJ25::chr9:2999602-3038819",13336,13338,0.884,172,152,"-","G","+",0,0,"-",172,152,"TCGCC","RNF12","D4","RepR2","S5","MSR","other"
"2573","FJ24-FJ25::chr9:2999602-3038819",13437,13439,0.9,60,54,"-","G","+",0,0,"-",60,54,"CCGTG","RNF12","D4","RepR2","S5","MSR","other"
"2574","FJ24-FJ25::chr9:2999602-3038819",13455,13457,0.885,61,54,"-","G","+",0,0,"-",61,54,"TCGCC","RNF12","D4","RepR2","S5","MSR","other"
"2575","FJ24-FJ25::chr9:2999602-3038819",13497,13499,1,5,5,"-","G","+",0,0,"-",5,5,"ACGTT","RNF12","D4","RepR2","S5","MSR","other"
"2576","FJ24-FJ25::chr9:2999602-3038819",13670,13672,0.87,1077,937,"-","G","+",0,0,"-",1077,937,"CCGTG","RNF12","D4","RepR2","S5","MSR","other"
"2577","FJ24-FJ25::chr9:2999602-3038819",13730,13732,1,1,1,"-","G","+",0,0,"-",1,1,"ACGTT","RNF12","D4","RepR2","S5","MSR","other"
"2578","FJ24-FJ25::chr9:2999602-3038819",13864,13866,1,2,2,"B","G","+",1,1,"-",1,1,"CTCGC","RNF12","D4","RepR2","S5","MSR","other"
"2579","FJ24-FJ25::chr9:2999602-3038819",13876,13878,1,5,5,"B","G","+",4,4,"-",1,1,"CACGT","RNF12","D4","RepR2","S5","MSR","other"
"2580","FJ24-FJ25::chr9:2999602-3038819",13904,13906,0.892,83,74,"B","G","+",4,4,"-",79,70,"TCCGT","RNF12","D4","RepR2","S5","MSR","other"
"2581","FJ24-FJ25::chr9:2999602-3038819",13922,13924,0.937,63,59,"B","G","+",4,4,"-",59,55,"CTCGC","RNF12","D4","RepR2","S5","MSR","other"
"2582","FJ24-FJ25::chr9:2999602-3038819",14097,14099,1,1,1,"-","G","+",0,0,"-",1,1,"TCGCC","RNF12","D4","RepR2","S5","MSR","other"
"2583","FJ24-FJ25::chr9:2999602-3038819",14137,14139,1,3,3,"-","G","+",0,0,"-",3,3,"CCGTG","RNF12","D4","RepR2","S5","MSR","other"
"2584","FJ24-FJ25::chr9:2999602-3038819",14155,14157,0.5,2,1,"-","G","+",0,0,"-",2,1,"TCGCC","RNF12","D4","RepR2","S5","MSR","other"
"2585","FJ24-FJ25::chr9:2999602-3038819",14213,14215,1,3,3,"-","G","+",0,0,"-",3,3,"TCGTC","RNF12","D4","RepR2","S5","MSR","other"
"2586","FJ24-FJ25::chr9:2999602-3038819",14371,14373,1,1,1,"-","G","+",0,0,"-",1,1,"CCGTG","RNF12","D4","RepR2","S5","MSR","other"
"2587","FJ24-FJ25::chr9:2999602-3038819",14389,14391,1,1,1,"-","G","+",0,0,"-",1,1,"TCGCC","RNF12","D4","RepR2","S5","MSR","other"
"2588","FJ24-FJ25::chr9:2999602-3038819",14447,14449,1,1,1,"-","G","+",0,0,"-",1,1,"TCGTC","RNF12","D4","RepR2","S5","MSR","other"
"2589","FJ24-FJ25::chr9:2999602-3038819",14462,14464,0.75,8,6,"-","G","+",0,0,"-",8,6,"TCGTC","RNF12","D4","RepR2","S5","MSR","other"
"2590","FJ24-FJ25::chr9:2999602-3038819",14565,14567,0.889,9,8,"-","G","+",0,0,"-",9,8,"TCGCC","RNF12","D4","RepR2","S5","MSR","other"
"2591","FJ24-FJ25::chr9:2999602-3038819",14623,14625,0.882,17,15,"-","G","+",0,0,"-",17,15,"TCGCC","RNF12","D4","RepR2","S5","MSR","other"
"2592","FJ24-FJ25::chr9:2999602-3038819",14665,14667,0.833,6,5,"-","G","+",0,0,"-",6,5,"ACGTT","RNF12","D4","RepR2","S5","MSR","other"
"2593","FJ24-FJ25::chr9:2999602-3038819",14681,14683,0.667,3,2,"-","G","+",0,0,"-",3,2,"TCGTC","RNF12","D4","RepR2","S5","MSR","other"
"2594","FJ24-FJ25::chr9:2999602-3038819",14839,14841,0.778,45,35,"-","G","+",0,0,"-",45,35,"CCGTG","RNF12","D4","RepR2","S5","MSR","other"
"2595","FJ24-FJ25::chr9:2999602-3038819",14899,14901,1,4,4,"-","G","+",0,0,"-",4,4,"ACGTT","RNF12","D4","RepR2","S5","MSR","other"
"2596","FJ24-FJ25::chr9:2999602-3038819",15133,15135,0,1,0,"-","G","+",0,0,"-",1,0,"ACGTT","RNF12","D4","RepR2","S5","MSR","other"
"2597","FJ24-FJ25::chr9:2999602-3038819",15325,15327,0.938,16,15,"-","G","+",0,0,"-",16,15,"TCGCC","RNF12","D4","RepR2","S5","MSR","other"
"2598","FJ24-FJ25::chr9:2999602-3038819",15500,15502,1,9,9,"-","G","+",0,0,"-",9,9,"TCGCT","RNF12","D4","RepR2","S5","MSR","other"
"2599","FJ24-FJ25::chr9:2999602-3038819",15543,15545,1,1,1,"-","G","+",0,0,"-",1,1,"ACGTT","RNF12","D4","RepR2","S5","MSR","other"
"2600","FJ24-FJ25::chr9:2999602-3038819",15777,15779,0.739,23,17,"B","G","+",9,6,"-",14,11,"CACGT","RNF12","D4","RepR2","S5","MSR","other"
"2601","FJ24-FJ25::chr9:2999602-3038819",15793,15795,1,28,28,"B","G","+",13,13,"-",15,15,"TTCGT","RNF12","D4","RepR2","S5","MSR","other"
"2602","FJ24-FJ25::chr9:2999602-3038819",15808,15810,0.87,23,20,"B","G","+",13,12,"-",10,8,"GTCGT","RNF12","D4","RepR2","S5","MSR","other"
"2603","FJ24-FJ25::chr9:2999602-3038819",15851,15853,0.5,4,2,"-","G","+",0,0,"-",4,2,"TCGCC","RNF12","D4","RepR2","S5","MSR","other"
"2604","FJ24-FJ25::chr9:2999602-3038819",15951,15953,0.567,30,17,"-","G","+",0,0,"-",30,17,"CCGTG","RNF12","D4","RepR2","S5","MSR","other"
"2605","FJ24-FJ25::chr9:2999602-3038819",16202,16204,0.947,19,18,"-","G","+",0,0,"-",19,18,"TCGCC","RNF12","D4","RepR2","S5","MSR","other"
"2606","FJ24-FJ25::chr9:2999602-3038819",16377,16379,0.767,30,23,"B","G","+",1,1,"-",29,22,"CTCGC","RNF12","D4","RepR2","S5","MSR","other"
"2607","FJ24-FJ25::chr9:2999602-3038819",16419,16421,0.5,6,3,"B","G","+",1,1,"-",5,2,"CACGT","RNF12","D4","RepR2","S5","MSR","other"
"2608","FJ24-FJ25::chr9:2999602-3038819",16435,16437,1,3,3,"B","G","+",1,1,"-",2,2,"TTCGT","RNF12","D4","RepR2","S5","MSR","other"
"2609","FJ24-FJ25::chr9:2999602-3038819",16593,16595,0.8,35,28,"-","G","+",0,0,"-",35,28,"CCGTG","RNF12","D4","RepR2","S5","MSR","other"
"2610","FJ24-FJ25::chr9:2999602-3038819",16827,16829,1,1,1,"-","G","+",0,0,"-",1,1,"TCGTG","RNF12","D4","RepR2","S5","MSR","other"
"2611","FJ24-FJ25::chr9:2999602-3038819",16845,16847,1,1,1,"-","G","+",0,0,"-",1,1,"TCGCC","RNF12","D4","RepR2","S5","MSR","other"
"2612","FJ24-FJ25::chr9:2999602-3038819",17079,17081,0.895,19,17,"-","G","+",0,0,"-",19,17,"TCGCC","RNF12","D4","RepR2","S5","MSR","other"
"2613","FJ24-FJ25::chr9:2999602-3038819",17138,17140,1,1,1,"-","G","+",0,0,"-",1,1,"TCGTC","RNF12","D4","RepR2","S5","MSR","other"
"2614","FJ24-FJ25::chr9:2999602-3038819",17254,17256,0.833,6,5,"-","G","+",0,0,"-",6,5,"TCGCT","RNF12","D4","RepR2","S5","MSR","other"
"2615","FJ24-FJ25::chr9:2999602-3038819",17431,17433,1,1,1,"+","G","+",1,1,"-",0,0,"CTCGC","RNF12","D4","RepR2","S5","MSR","other"
"2616","FJ24-FJ25::chr9:2999602-3038819",17471,17473,0.879,1630,1433,"B","G","+",2,2,"-",1628,1431,"TCCGT","RNF12","D4","RepR2","S5","MSR","other"
"2617","FJ24-FJ25::chr9:2999602-3038819",17531,17533,0.935,46,43,"B","G","+",14,14,"-",32,29,"CACGT","RNF12","D4","RepR2","S5","MSR","other"
"2618","FJ24-FJ25::chr9:2999602-3038819",17547,17549,1,54,54,"B","G","+",18,18,"-",36,36,"TTCGT","RNF12","D4","RepR2","S5","MSR","other"
"2619","FJ24-FJ25::chr9:2999602-3038819",17562,17564,1,42,42,"B","G","+",16,16,"-",26,26,"GTCGT","RNF12","D4","RepR2","S5","MSR","other"
"2620","FJ24-FJ25::chr9:2999602-3038819",17605,17607,0.4,10,4,"B","G","+",4,0,"-",6,4,"CTCGC","RNF12","D4","RepR2","S5","MSR","other"
"2621","FJ24-FJ25::chr9:2999602-3038819",17705,17707,0.759,54,41,"B","G","+",1,0,"-",53,41,"TCCGT","RNF12","D4","RepR2","S5","MSR","other"
"2622","FJ24-FJ25::chr9:2999602-3038819",17765,17767,1,4,4,"B","G","+",1,1,"-",3,3,"CACGT","RNF12","D4","RepR2","S5","MSR","other"
"2623","FJ24-FJ25::chr9:2999602-3038819",17795,17797,1,2,2,"-","G","+",0,0,"-",2,2,"TCGTC","RNF12","D4","RepR2","S5","MSR","other"
"2624","FJ24-FJ25::chr9:2999602-3038819",17956,17958,0.837,49,41,"-","G","+",0,0,"-",49,41,"TCGCC","RNF12","D4","RepR2","S5","MSR","other"
"2625","FJ24-FJ25::chr9:2999602-3038819",18131,18133,0.636,11,7,"-","G","+",0,0,"-",11,7,"TCGCC","RNF12","D4","RepR2","S5","MSR","other"
"2626","FJ24-FJ25::chr9:2999602-3038819",18348,18350,0.864,2061,1781,"-","G","+",0,0,"-",2061,1781,"CCGTG","RNF12","D4","RepR2","S5","MSR","other"
"2627","FJ24-FJ25::chr9:2999602-3038819",18408,18410,0.864,110,95,"B","G","+",17,16,"-",93,79,"CACGT","RNF12","D4","RepR2","S5","MSR","other"
"2628","FJ24-FJ25::chr9:2999602-3038819",18424,18426,0.95,101,96,"B","G","+",21,18,"-",80,78,"TTCGT","RNF12","D4","RepR2","S5","MSR","other"
"2629","FJ24-FJ25::chr9:2999602-3038819",18439,18441,0.925,106,98,"B","G","+",21,20,"-",85,78,"GTCGT","RNF12","D4","RepR2","S5","MSR","other"
"2630","FJ24-FJ25::chr9:2999602-3038819",18482,18484,0.889,9,8,"B","G","+",1,0,"-",8,8,"CTCGC","RNF12","D4","RepR2","S5","MSR","other"
"2631","FJ24-FJ25::chr9:2999602-3038819",18582,18584,0.617,47,29,"-","G","+",0,0,"-",47,29,"CCGTG","RNF12","D4","RepR2","S5","MSR","other"
"2632","FJ24-FJ25::chr9:2999602-3038819",18642,18644,1,2,2,"-","G","+",0,0,"-",2,2,"ACGTT","RNF12","D4","RepR2","S5","MSR","other"
"2633","FJ24-FJ25::chr9:2999602-3038819",18672,18674,1,1,1,"-","G","+",0,0,"-",1,1,"TCGTC","RNF12","D4","RepR2","S5","MSR","other"
"2634","FJ24-FJ25::chr9:2999602-3038819",18727,18729,1,23,23,"B","G","+",1,1,"-",22,22,"CACGT","RNF12","D4","RepR2","S5","MSR","other"
"2635","FJ24-FJ25::chr9:2999602-3038819",18775,18777,1,3,3,"B","G","+",2,2,"-",1,1,"TTCGC","RNF12","D4","RepR2","S5","MSR","other"
"2636","FJ24-FJ25::chr9:2999602-3038819",18787,18789,1,3,3,"B","G","+",2,2,"-",1,1,"CACGT","RNF12","D4","RepR2","S5","MSR","other"
"2637","FJ24-FJ25::chr9:2999602-3038819",18815,18817,1,8,8,"B","G","+",1,1,"-",7,7,"TCCGT","RNF12","D4","RepR2","S5","MSR","other"
"2638","FJ24-FJ25::chr9:2999602-3038819",18833,18835,0.857,7,6,"B","G","+",1,1,"-",6,5,"CTCGC","RNF12","D4","RepR2","S5","MSR","other"
"2639","FJ24-FJ25::chr9:2999602-3038819",18875,18877,0.882,51,45,"B","G","+",2,2,"-",49,43,"CACGT","RNF12","D4","RepR2","S5","MSR","other"
"2640","FJ24-FJ25::chr9:2999602-3038819",18891,18893,1,46,46,"B","G","+",2,2,"-",44,44,"TTCGT","RNF12","D4","RepR2","S5","MSR","other"
"2641","FJ24-FJ25::chr9:2999602-3038819",18906,18908,0.964,56,54,"B","G","+",2,2,"-",54,52,"GTCGT","RNF12","D4","RepR2","S5","MSR","other"
"2642","FJ24-FJ25::chr9:2999602-3038819",19009,19011,1,1,1,"-","G","+",0,0,"-",1,1,"TCGCC","RNF12","D4","RepR2","S5","MSR","other"
"2643","FJ24-FJ25::chr9:2999602-3038819",19021,19023,1,1,1,"-","G","+",0,0,"-",1,1,"ACGTC","RNF12","D4","RepR2","S5","MSR","other"
"2644","FJ24-FJ25::chr9:2999602-3038819",19049,19051,0.692,2219,1536,"-","G","+",0,0,"-",2219,1536,"CCGTG","RNF12","D4","RepR2","S5","MSR","other"
"2645","FJ24-FJ25::chr9:2999602-3038819",19535,19537,1,19,19,"-","G","+",0,0,"-",19,19,"TCGCA","RNF12","D4","RepR2","S5","MSR","other"
"2646","FJ24-FJ25::chr9:2999602-3038819",19575,19577,0.333,9,3,"-","G","+",0,0,"-",9,3,"CCGTG","RNF12","D4","RepR2","S5","MSR","other"
"2647","FJ24-FJ25::chr9:2999602-3038819",19593,19595,1,1,1,"-","G","+",0,0,"-",1,1,"TCGCC","RNF12","D4","RepR2","S5","MSR","other"
"2648","FJ24-FJ25::chr9:2999602-3038819",19721,19723,0.75,8,6,"-","G","+",0,0,"-",8,6,"ACGTC","RNF12","D4","RepR2","S5","MSR","other"
"2649","FJ24-FJ25::chr9:2999602-3038819",19810,19812,0,1,0,"-","G","+",0,0,"-",1,0,"ACGTT","RNF12","D4","RepR2","S5","MSR","other"
"2650","FJ24-FJ25::chr9:2999602-3038819",19826,19828,1,1,1,"-","G","+",0,0,"-",1,1,"TCGTC","RNF12","D4","RepR2","S5","MSR","other"
"2651","FJ24-FJ25::chr9:2999602-3038819",19866,19868,0.5,2,1,"-","G","+",0,0,"-",2,1,"CCGTG","RNF12","D4","RepR2","S5","MSR","other"
"2652","FJ24-FJ25::chr9:2999602-3038819",19910,19912,0,2,0,"-","G","+",0,0,"-",2,0,"ACGTT","RNF12","D4","RepR2","S5","MSR","other"
"2653","FJ24-FJ25::chr9:2999602-3038819",19984,19986,0.923,13,12,"-","G","+",0,0,"-",13,12,"CCGTG","RNF12","D4","RepR2","S5","MSR","other"
"2654","FJ24-FJ25::chr9:2999602-3038819",20002,20004,1,9,9,"-","G","+",0,0,"-",9,9,"TCGCC","RNF12","D4","RepR2","S5","MSR","other"
"2655","FJ24-FJ25::chr9:2999602-3038819",20236,20238,1,3,3,"-","G","+",0,0,"-",3,3,"TCGCC","RNF12","D4","RepR2","S5","MSR","other"
"2656","FJ24-FJ25::chr9:2999602-3038819",20294,20296,0.5,4,2,"B","G","+",2,0,"-",2,2,"TTCGT","RNF12","D4","RepR2","S5","MSR","other"
"2657","FJ24-FJ25::chr9:2999602-3038819",20470,20472,1,1,1,"-","G","+",0,0,"-",1,1,"TCGAC","RNF12","D4","RepR2","S5","MSR","other"
"2658","FJ24-FJ25::chr9:2999602-3038819",20527,20529,1,1,1,"-","G","+",0,0,"-",1,1,"TCGTC","RNF12","D4","RepR2","S5","MSR","other"
"2659","FJ24-FJ25::chr9:2999602-3038819",20645,20647,1,3,3,"-","G","+",0,0,"-",3,3,"TCGCC","RNF12","D4","RepR2","S5","MSR","other"
"2660","FJ24-FJ25::chr9:2999602-3038819",20657,20659,1,2,2,"-","G","+",0,0,"-",2,2,"ACGTC","RNF12","D4","RepR2","S5","MSR","other"
"2661","FJ24-FJ25::chr9:2999602-3038819",20685,20687,0.912,80,73,"-","G","+",0,0,"-",80,73,"CCGTG","RNF12","D4","RepR2","S5","MSR","other"
"2662","FJ24-FJ25::chr9:2999602-3038819",20703,20705,0.939,66,62,"-","G","+",0,0,"-",66,62,"TCGCC","RNF12","D4","RepR2","S5","MSR","other"
"2663","FJ24-FJ25::chr9:2999602-3038819",20878,20880,1,7,7,"-","G","+",0,0,"-",7,7,"TCGCC","RNF12","D4","RepR2","S5","MSR","other"
"2664","FJ24-FJ25::chr9:2999602-3038819",20890,20892,1,7,7,"-","G","+",0,0,"-",7,7,"ACGTC","RNF12","D4","RepR2","S5","MSR","other"
"2665","FJ24-FJ25::chr9:2999602-3038819",20918,20920,0.889,2154,1914,"-","G","+",0,0,"-",2154,1914,"CCGTG","RNF12","D4","RepR2","S5","MSR","other"
"2666","FJ24-FJ25::chr9:2999602-3038819",20936,20938,0.862,2130,1835,"-","G","+",0,0,"-",2130,1835,"TCGCC","RNF12","D4","RepR2","S5","MSR","other"
"2667","FJ24-FJ25::chr9:2999602-3038819",20978,20980,0.884,86,76,"-","G","+",0,0,"-",86,76,"ACGTT","RNF12","D4","RepR2","S5","MSR","other"
"2668","FJ24-FJ25::chr9:2999602-3038819",20994,20996,0.909,77,70,"-","G","+",0,0,"-",77,70,"TCGTC","RNF12","D4","RepR2","S5","MSR","other"
"2669","FJ24-FJ25::chr9:2999602-3038819",21152,21154,0,1,0,"-","G","+",0,0,"-",1,0,"CCGTG","RNF12","D4","RepR2","S5","MSR","other"
"2670","FJ24-FJ25::chr9:2999602-3038819",21170,21172,1,1,1,"-","G","+",0,0,"-",1,1,"TCGCC","RNF12","D4","RepR2","S5","MSR","other"
"2671","FJ24-FJ25::chr9:2999602-3038819",21228,21230,0.9,10,9,"-","G","+",0,0,"-",10,9,"TCGTC","RNF12","D4","RepR2","S5","MSR","other"
"2672","FJ24-FJ25::chr9:2999602-3038819",21243,21245,0.864,22,19,"B","G","+",1,1,"-",21,18,"GTCGT","RNF12","D4","RepR2","S5","MSR","other"
"2673","FJ24-FJ25::chr9:2999602-3038819",21346,21348,0.8,5,4,"-","G","+",0,0,"-",5,4,"TCGCC","RNF12","D4","RepR2","S5","MSR","other"
"2674","FJ24-FJ25::chr9:2999602-3038819",21404,21406,0.9,20,18,"-","G","+",0,0,"-",20,18,"TCGCC","RNF12","D4","RepR2","S5","MSR","other"
"2675","FJ24-FJ25::chr9:2999602-3038819",21446,21448,0.808,26,21,"B","G","+",1,1,"-",25,20,"CACGT","RNF12","D4","RepR2","S5","MSR","other"
"2676","FJ24-FJ25::chr9:2999602-3038819",21462,21464,0.889,27,24,"B","G","+",2,2,"-",25,22,"TTCGT","RNF12","D4","RepR2","S5","MSR","other"
"2677","FJ24-FJ25::chr9:2999602-3038819",21620,21622,0.735,49,36,"-","G","+",0,0,"-",49,36,"CCGTG","RNF12","D4","RepR2","S5","MSR","other"
"2678","FJ24-FJ25::chr9:2999602-3038819",21854,21856,1,3,3,"-","G","+",0,0,"-",3,3,"TCGTG","RNF12","D4","RepR2","S5","MSR","other"
"2679","FJ24-FJ25::chr9:2999602-3038819",21872,21874,1,3,3,"-","G","+",0,0,"-",3,3,"TCGCC","RNF12","D4","RepR2","S5","MSR","other"
"2680","FJ24-FJ25::chr9:2999602-3038819",22106,22108,0.967,30,29,"-","G","+",0,0,"-",30,29,"TCGCC","RNF12","D4","RepR2","S5","MSR","other"
"2681","FJ24-FJ25::chr9:2999602-3038819",22281,22283,0.75,16,12,"-","G","+",0,0,"-",16,12,"TCGCC","RNF12","D4","RepR2","S5","MSR","other"
"2682","FJ24-FJ25::chr9:2999602-3038819",22324,22326,1,1,1,"-","G","+",0,0,"-",1,1,"ACGTT","RNF12","D4","RepR2","S5","MSR","other"
"2683","FJ24-FJ25::chr9:2999602-3038819",22340,22342,1,1,1,"-","G","+",0,0,"-",1,1,"TCGTC","RNF12","D4","RepR2","S5","MSR","other"
"2684","FJ24-FJ25::chr9:2999602-3038819",22498,22500,0.876,2421,2120,"-","G","+",0,0,"-",2421,2120,"CCGTG","RNF12","D4","RepR2","S5","MSR","other"
"2685","FJ24-FJ25::chr9:2999602-3038819",22558,22560,0.75,8,6,"B","G","+",1,1,"-",7,5,"CACGT","RNF12","D4","RepR2","S5","MSR","other"
"2686","FJ24-FJ25::chr9:2999602-3038819",22574,22576,0.875,8,7,"B","G","+",2,2,"-",6,5,"TTCGT","RNF12","D4","RepR2","S5","MSR","other"
"2687","FJ24-FJ25::chr9:2999602-3038819",22589,22591,0.889,9,8,"B","G","+",2,2,"-",7,6,"GTCGT","RNF12","D4","RepR2","S5","MSR","other"
"2688","FJ24-FJ25::chr9:2999602-3038819",22732,22734,0.618,34,21,"-","G","+",0,0,"-",34,21,"CCGTG","RNF12","D4","RepR2","S5","MSR","other"
"2689","FJ24-FJ25::chr9:2999602-3038819",22792,22794,1,1,1,"-","G","+",0,0,"-",1,1,"ACGTT","RNF12","D4","RepR2","S5","MSR","other"
"2690","FJ24-FJ25::chr9:2999602-3038819",22822,22824,1,2,2,"-","G","+",0,0,"-",2,2,"TCGTC","RNF12","D4","RepR2","S5","MSR","other"
"2691","FJ24-FJ25::chr9:2999602-3038819",22877,22879,0.9,20,18,"-","G","+",0,0,"-",20,18,"ACGTC","RNF12","D4","RepR2","S5","MSR","other"
"2692","FJ24-FJ25::chr9:2999602-3038819",22965,22967,0.879,983,864,"B","G","+",2,2,"-",981,862,"TCCGT","RNF12","D4","RepR2","S5","MSR","other"
"2693","FJ24-FJ25::chr9:2999602-3038819",23025,23027,1,4,4,"B","G","+",2,2,"-",2,2,"CACGT","RNF12","D4","RepR2","S5","MSR","other"
"2694","FJ24-FJ25::chr9:2999602-3038819",23199,23201,0.333,3,1,"-","G","+",0,0,"-",3,1,"TCGTG","RNF12","D4","RepR2","S5","MSR","other"
"2695","FJ24-FJ25::chr9:2999602-3038819",23217,23219,0,1,0,"-","G","+",0,0,"-",1,0,"TCGCC","RNF12","D4","RepR2","S5","MSR","other"
"2696","FJ24-FJ25::chr9:2999602-3038819",23259,23261,1,1,1,"-","G","+",0,0,"-",1,1,"ACGTT","RNF12","D4","RepR2","S5","MSR","other"
"2697","FJ24-FJ25::chr9:2999602-3038819",23451,23453,0.824,17,14,"-","G","+",0,0,"-",17,14,"TCGCA","RNF12","D4","RepR2","S5","MSR","other"
"2698","FJ24-FJ25::chr9:2999602-3038819",23843,23845,0.824,85,70,"-","G","+",0,0,"-",85,70,"CCGTG","RNF12","D4","RepR2","S5","MSR","other"
"2699","FJ24-FJ25::chr9:2999602-3038819",23903,23905,0.857,28,24,"B","G","+",1,1,"-",27,23,"CACGT","RNF12","D4","RepR2","S5","MSR","other"
"2700","FJ24-FJ25::chr9:2999602-3038819",23934,23936,0.905,42,38,"B","G","+",2,2,"-",40,36,"GTCGT","RNF12","D4","RepR2","S5","MSR","other"
"2701","FJ24-FJ25::chr9:2999602-3038819",24037,24039,1,1,1,"+","G","+",1,1,"-",0,0,"CTCGC","RNF12","D4","RepR2","S5","MSR","other"
"2702","FJ24-FJ25::chr9:2999602-3038819",24049,24051,1,1,1,"+","G","+",1,1,"-",0,0,"CACGT","RNF12","D4","RepR2","S5","MSR","other"
"2703","FJ24-FJ25::chr9:2999602-3038819",24077,24079,0.718,2245,1613,"B","G","+",1,1,"-",2244,1612,"TCCGT","RNF12","D4","RepR2","S5","MSR","other"
"2704","FJ24-FJ25::chr9:2999602-3038819",24137,24139,0.5,2,1,"-","G","+",0,0,"-",2,1,"ACGTT","RNF12","D4","RepR2","S5","MSR","other"
"2705","FJ24-FJ25::chr9:2999602-3038819",24271,24273,1,3,3,"-","G","+",0,0,"-",3,3,"TCGCC","RNF12","D4","RepR2","S5","MSR","other"
"2706","FJ24-FJ25::chr9:2999602-3038819",24283,24285,1,3,3,"-","G","+",0,0,"-",3,3,"ACGTC","RNF12","D4","RepR2","S5","MSR","other"
"2707","FJ24-FJ25::chr9:2999602-3038819",24311,24313,0.881,134,118,"B","G","+",1,1,"-",133,117,"TCCGT","RNF12","D4","RepR2","S5","MSR","other"
"2708","FJ24-FJ25::chr9:2999602-3038819",24329,24331,0.817,109,89,"B","G","+",1,1,"-",108,88,"CTCGC","RNF12","D4","RepR2","S5","MSR","other"
"2709","FJ24-FJ25::chr9:2999602-3038819",24370,24372,1,3,3,"-","G","+",0,0,"-",3,3,"ACGTT","RNF12","D4","RepR2","S5","MSR","other"
"2710","FJ24-FJ25::chr9:2999602-3038819",24504,24506,1,9,9,"B","G","+",4,4,"-",5,5,"CTCGC","RNF12","D4","RepR2","S5","MSR","other"
"2711","FJ24-FJ25::chr9:2999602-3038819",24516,24518,1,10,10,"B","G","+",5,5,"-",5,5,"CACGT","RNF12","D4","RepR2","S5","MSR","other"
"2712","FJ24-FJ25::chr9:2999602-3038819",24544,24546,0.913,2276,2078,"B","G","+",8,8,"-",2268,2070,"TCCGT","RNF12","D4","RepR2","S5","MSR","other"
"2713","FJ24-FJ25::chr9:2999602-3038819",24562,24564,0.873,2278,1988,"B","G","+",6,6,"-",2272,1982,"CTCGC","RNF12","D4","RepR2","S5","MSR","other"
"2714","FJ24-FJ25::chr9:2999602-3038819",24604,24606,0.833,84,70,"B","G","+",4,4,"-",80,66,"CACGT","RNF12","D4","RepR2","S5","MSR","other"
"2715","FJ24-FJ25::chr9:2999602-3038819",24620,24622,0.919,62,57,"B","G","+",1,1,"-",61,56,"TTCGA","RNF12","D4","RepR2","S5","MSR","other"
"2716","FJ24-FJ25::chr9:2999602-3038819",24778,24780,0.883,60,53,"B","G","+",6,4,"-",54,49,"TCCGT","RNF12","D4","RepR2","S5","MSR","other"
"2717","FJ24-FJ25::chr9:2999602-3038819",24796,24798,0.881,67,59,"B","G","+",11,11,"-",56,48,"CTCGC","RNF12","D4","RepR2","S5","MSR","other"
"2718","FJ24-FJ25::chr9:2999602-3038819",24838,24840,0.815,205,167,"B","G","+",23,21,"-",182,146,"CACGT","RNF12","D4","RepR2","S5","MSR","other"
"2719","FJ24-FJ25::chr9:2999602-3038819",24854,24856,0.926,203,188,"B","G","+",31,30,"-",172,158,"TTCGT","RNF12","D4","RepR2","S5","MSR","other"
"2720","FJ24-FJ25::chr9:2999602-3038819",24869,24871,0.921,228,210,"B","G","+",32,30,"-",196,180,"GTCGT","RNF12","D4","RepR2","S5","MSR","other"
"2721","FJ24-FJ25::chr9:2999602-3038819",24972,24974,0.667,3,2,"-","G","+",0,0,"-",3,2,"TCGCC","RNF12","D4","RepR2","S5","MSR","other"
"2722","FJ24-FJ25::chr9:2999602-3038819",24984,24986,0.5,2,1,"-","G","+",0,0,"-",2,1,"ACGTC","RNF12","D4","RepR2","S5","MSR","other"
"2723","FJ24-FJ25::chr9:2999602-3038819",25012,25014,0.684,2217,1517,"B","G","+",1,0,"-",2216,1517,"TCCGT","RNF12","D4","RepR2","S5","MSR","other"
"2724","FJ24-FJ25::chr9:2999602-3038819",25206,25208,1,5,5,"B","G","+",1,1,"-",4,4,"CTCGC","RNF12","D4","RepR2","S5","MSR","other"
"2725","FJ24-FJ25::chr9:2999602-3038819",25218,25220,1,7,7,"B","G","+",2,2,"-",5,5,"CACGT","RNF12","D4","RepR2","S5","MSR","other"
"2726","FJ24-FJ25::chr9:2999602-3038819",25246,25248,0.87,138,120,"B","G","+",2,2,"-",136,118,"TCCGT","RNF12","D4","RepR2","S5","MSR","other"
"2727","FJ24-FJ25::chr9:2999602-3038819",25264,25266,0.951,102,97,"-","G","+",0,0,"-",102,97,"TCGCC","RNF12","D4","RepR2","S5","MSR","other"
"2728","FJ24-FJ25::chr9:2999602-3038819",25439,25441,1,1,1,"-","G","+",0,0,"-",1,1,"TCGCC","RNF12","D4","RepR2","S5","MSR","other"
"2729","FJ24-FJ25::chr9:2999602-3038819",25451,25453,1,1,1,"-","G","+",0,0,"-",1,1,"ACGTC","RNF12","D4","RepR2","S5","MSR","other"
"2730","FJ24-FJ25::chr9:2999602-3038819",25479,25481,0.929,42,39,"-","G","+",0,0,"-",42,39,"CCGTG","RNF12","D4","RepR2","S5","MSR","other"
"2731","FJ24-FJ25::chr9:2999602-3038819",25497,25499,0.879,33,29,"-","G","+",0,0,"-",33,29,"TCGCC","RNF12","D4","RepR2","S5","MSR","other"
"2732","FJ24-FJ25::chr9:2999602-3038819",25539,25541,1,9,9,"B","G","+",3,3,"-",6,6,"CACGT","RNF12","D4","RepR2","S5","MSR","other"
"2733","FJ24-FJ25::chr9:2999602-3038819",25555,25557,1,6,6,"B","G","+",3,3,"-",3,3,"TTCGA","RNF12","D4","RepR2","S5","MSR","other"
"2734","FJ24-FJ25::chr9:2999602-3038819",25713,25715,0.5,2,1,"B","G","+",1,0,"-",1,1,"TCCGT","RNF12","D4","RepR2","S5","MSR","other"
"2735","FJ24-FJ25::chr9:2999602-3038819",25731,25733,1,2,2,"B","G","+",1,1,"-",1,1,"CTCGC","RNF12","D4","RepR2","S5","MSR","other"
"2736","FJ24-FJ25::chr9:2999602-3038819",25906,25908,0.75,4,3,"-","G","+",0,0,"-",4,3,"TCGCC","RNF12","D4","RepR2","S5","MSR","other"
"2737","FJ24-FJ25::chr9:2999602-3038819",25918,25920,0.75,4,3,"-","G","+",0,0,"-",4,3,"ACGTC","RNF12","D4","RepR2","S5","MSR","other"
"2738","FJ24-FJ25::chr9:2999602-3038819",25946,25948,0.921,2102,1936,"-","G","+",0,0,"-",2102,1936,"CCGTG","RNF12","D4","RepR2","S5","MSR","other"
"2739","FJ24-FJ25::chr9:2999602-3038819",25964,25966,0.872,2090,1822,"B","G","+",1,1,"-",2089,1821,"CTCGC","RNF12","D4","RepR2","S5","MSR","other"
"2740","FJ24-FJ25::chr9:2999602-3038819",26006,26008,0.867,30,26,"B","G","+",3,3,"-",27,23,"CACGT","RNF12","D4","RepR2","S5","MSR","other"
"2741","FJ24-FJ25::chr9:2999602-3038819",26198,26200,0.75,16,12,"-","G","+",0,0,"-",16,12,"TCGCC","RNF12","D4","RepR2","S5","MSR","other"
"2742","FJ24-FJ25::chr9:2999602-3038819",26240,26242,0.462,13,6,"-","G","+",0,0,"-",13,6,"ACGTT","RNF12","D4","RepR2","S5","MSR","other"
"2743","FJ24-FJ25::chr9:2999602-3038819",26256,26258,0.636,11,7,"-","G","+",0,0,"-",11,7,"TCGTC","RNF12","D4","RepR2","S5","MSR","other"
"2744","FJ24-FJ25::chr9:2999602-3038819",26414,26416,0.674,46,31,"-","G","+",0,0,"-",46,31,"CCGTG","RNF12","D4","RepR2","S5","MSR","other"
"2745","FJ24-FJ25::chr9:2999602-3038819",26648,26650,1,2,2,"-","G","+",0,0,"-",2,2,"TCGTG","RNF12","D4","RepR2","S5","MSR","other"
"2746","FJ24-FJ25::chr9:2999602-3038819",26666,26668,0.667,3,2,"-","G","+",0,0,"-",3,2,"TCGCC","RNF12","D4","RepR2","S5","MSR","other"
"2747","FJ24-FJ25::chr9:2999602-3038819",26708,26710,1,1,1,"+","G","+",1,1,"-",0,0,"CACGT","RNF12","D4","RepR2","S5","MSR","other"
"2748","FJ24-FJ25::chr9:2999602-3038819",27117,27119,0.818,22,18,"-","G","+",0,0,"-",22,18,"TCGTT","RNF12","D4","RepR2","S5","MSR","other"
"2749","FJ24-FJ25::chr9:2999602-3038819",27177,27179,0,2,0,"-","G","+",0,0,"-",2,0,"ACGTT","RNF12","D4","RepR2","S5","MSR","other"
"2750","FJ24-FJ25::chr9:2999602-3038819",27193,27195,1,1,1,"-","G","+",0,0,"-",1,1,"TCGTC","RNF12","D4","RepR2","S5","MSR","other"
"2751","FJ24-FJ25::chr9:2999602-3038819",27910,27912,0,1,0,"-","G","+",0,0,"-",1,0,"ACGTC","RNF12","D4","RepR2","S5","MSR","other"
"2752","FJ24-FJ25::chr9:2999602-3038819",28053,28055,0.791,129,102,"-","G","+",0,0,"-",129,102,"CCGTG","RNF12","D4","RepR2","S5","MSR","other"
"2753","FJ24-FJ25::chr9:2999602-3038819",28287,28289,0.633,30,19,"-","G","+",0,0,"-",30,19,"CCGTG","RNF12","D4","RepR2","S5","MSR","other"
"2754","FJ24-FJ25::chr9:2999602-3038819",28347,28349,1,4,4,"-","G","+",0,0,"-",4,4,"ACGTT","RNF12","D4","RepR2","S5","MSR","other"
"2755","FJ24-FJ25::chr9:2999602-3038819",28521,28523,0.835,1651,1379,"-","G","+",0,0,"-",1651,1379,"CCGTG","RNF12","D4","RepR2","S5","MSR","other"
"2756","FJ24-FJ25::chr9:2999602-3038819",28581,28583,1,10,10,"-","G","+",0,0,"-",10,10,"ACGTT","RNF12","D4","RepR2","S5","MSR","other"
"2757","FJ24-FJ25::chr9:2999602-3038819",28597,28599,1,7,7,"-","G","+",0,0,"-",7,7,"TCGTC","RNF12","D4","RepR2","S5","MSR","other"
"2758","FJ24-FJ25::chr9:2999602-3038819",28715,28717,1,2,2,"-","G","+",0,0,"-",2,2,"TCGCC","RNF12","D4","RepR2","S5","MSR","other"
"2759","FJ24-FJ25::chr9:2999602-3038819",28727,28729,1,2,2,"-","G","+",0,0,"-",2,2,"ACGTC","RNF12","D4","RepR2","S5","MSR","other"
"2760","FJ24-FJ25::chr9:2999602-3038819",28755,28757,1,2,2,"-","G","+",0,0,"-",2,2,"TCGTT","RNF12","D4","RepR2","S5","MSR","other"
"2761","FJ24-FJ25::chr9:2999602-3038819",28901,28903,0.5,2,1,"-","G","+",0,0,"-",2,1,"ACGTC","RNF12","D4","RepR2","S5","MSR","other"
"2762","FJ24-FJ25::chr9:2999602-3038819",29049,29051,1,2,2,"-","G","+",0,0,"-",2,2,"ACGTT","RNF12","D4","RepR2","S5","MSR","other"
"2763","FJ24-FJ25::chr9:2999602-3038819",29065,29067,1,2,2,"-","G","+",0,0,"-",2,2,"TCGTC","RNF12","D4","RepR2","S5","MSR","other"
"2764","FJ24-FJ25::chr9:2999602-3038819",29183,29185,1,1,1,"-","G","+",0,0,"-",1,1,"TCGCC","RNF12","D4","RepR2","S5","MSR","other"
"2765","FJ24-FJ25::chr9:2999602-3038819",29195,29197,1,3,3,"-","G","+",0,0,"-",3,3,"ACGTC","RNF12","D4","RepR2","S5","MSR","other"
"2766","FJ24-FJ25::chr9:2999602-3038819",29223,29225,0.882,1420,1252,"-","G","+",0,0,"-",1420,1252,"CCGTG","RNF12","D4","RepR2","S5","MSR","other"
"2767","FJ24-FJ25::chr9:2999602-3038819",29283,29285,0.75,4,3,"-","G","+",0,0,"-",4,3,"ACGTT","RNF12","D4","RepR2","S5","MSR","other"
"2768","FJ24-FJ25::chr9:2999602-3038819",29417,29419,0,1,0,"-","G","+",0,0,"-",1,0,"TCGCC","RNF12","D4","RepR2","S5","MSR","other"
"2769","FJ24-FJ25::chr9:2999602-3038819",29429,29431,1,3,3,"-","G","+",0,0,"-",3,3,"ACGTC","RNF12","D4","RepR2","S5","MSR","other"
"2770","FJ24-FJ25::chr9:2999602-3038819",29457,29459,0.6,5,3,"-","G","+",0,0,"-",5,3,"CCGTG","RNF12","D4","RepR2","S5","MSR","other"
"2771","FJ24-FJ25::chr9:2999602-3038819",29517,29519,1,2,2,"-","G","+",0,0,"-",2,2,"ACGTT","RNF12","D4","RepR2","S5","MSR","other"
"2772","FJ24-FJ25::chr9:2999602-3038819",29944,29946,0.75,8,6,"-","G","+",0,0,"-",8,6,"TCGCC","RNF12","D4","RepR2","S5","MSR","other"
"2773","FJ24-FJ25::chr9:2999602-3038819",30221,30223,0.882,17,15,"-","G","+",0,0,"-",17,15,"ACGTT","RNF12","D4","RepR2","S5","MSR","other"
"2774","FJ24-FJ25::chr9:2999602-3038819",30237,30239,0.786,14,11,"-","G","+",0,0,"-",14,11,"TCGTC","RNF12","D4","RepR2","S5","MSR","other"
"2775","FJ24-FJ25::chr9:2999602-3038819",30252,30254,1,11,11,"-","G","+",0,0,"-",11,11,"TCGTC","RNF12","D4","RepR2","S5","MSR","other"
"2776","FJ24-FJ25::chr9:2999602-3038819",30395,30397,0.8,5,4,"-","G","+",0,0,"-",5,4,"TCGTT","RNF12","D4","RepR2","S5","MSR","other"
"2777","FJ24-FJ25::chr9:2999602-3038819",30455,30457,0,1,0,"+","G","+",1,0,"-",0,0,"CACGT","RNF12","D4","RepR2","S5","MSR","other"
"2778","FJ24-FJ25::chr9:2999602-3038819",30690,30692,0.5,4,2,"B","G","+",1,1,"-",3,1,"CACGT","RNF12","D4","RepR2","S5","MSR","other"
"2779","FJ24-FJ25::chr9:2999602-3038819",30706,30708,1,3,3,"B","G","+",1,1,"-",2,2,"TTCGT","RNF12","D4","RepR2","S5","MSR","other"
"2780","FJ24-FJ25::chr9:2999602-3038819",31058,31060,1,1,1,"-","G","+",0,0,"-",1,1,"TCGCC","RNF12","D4","RepR2","S5","MSR","other"
"2781","FJ24-FJ25::chr9:2999602-3038819",31070,31072,1,1,1,"-","G","+",0,0,"-",1,1,"ACGTC","RNF12","D4","RepR2","S5","MSR","other"
"2782","FJ24-FJ25::chr9:2999602-3038819",31098,31100,0.667,111,74,"-","G","+",0,0,"-",111,74,"CCGTG","RNF12","D4","RepR2","S5","MSR","other"
"2783","FJ24-FJ25::chr9:2999602-3038819",31292,31294,1,2,2,"-","G","+",0,0,"-",2,2,"TCGCC","RNF12","D4","RepR2","S5","MSR","other"
"2784","FJ24-FJ25::chr9:2999602-3038819",31304,31306,1,1,1,"-","G","+",0,0,"-",1,1,"ACGTG","RNF12","D4","RepR2","S5","MSR","other"
"2785","FJ24-FJ25::chr9:2999602-3038819",31332,31334,1,1,1,"-","G","+",0,0,"-",1,1,"TCGTG","RNF12","D4","RepR2","S5","MSR","other"
"2786","FJ24-FJ25::chr9:2999602-3038819",31350,31352,1,1,1,"-","G","+",0,0,"-",1,1,"TCGCC","RNF12","D4","RepR2","S5","MSR","other"
"2787","FJ24-FJ25::chr9:2999602-3038819",31392,31394,0,1,0,"+","G","+",1,0,"-",0,0,"CACGT","RNF12","D4","RepR2","S5","MSR","other"
"2788","FJ24-FJ25::chr9:2999602-3038819",31679,31681,0.681,1603,1091,"-","G","+",0,0,"-",1603,1091,"CCGTG","RNF12","D4","RepR2","S5","MSR","other"
"2789","FJ24-FJ25::chr9:2999602-3038819",31739,31741,0.667,6,4,"-","G","+",0,0,"-",6,4,"ACGTT","RNF12","D4","RepR2","S5","MSR","other"
"2790","FJ24-FJ25::chr9:2999602-3038819",31755,31757,0.875,8,7,"-","G","+",0,0,"-",8,7,"TCGTC","RNF12","D4","RepR2","S5","MSR","other"
"2791","FJ24-FJ25::chr9:2999602-3038819",31913,31915,0.833,6,5,"-","G","+",0,0,"-",6,5,"TCGTT","RNF12","D4","RepR2","S5","MSR","other"
"2792","FJ24-FJ25::chr9:2999602-3038819",32059,32061,1,3,3,"B","G","+",1,1,"-",2,2,"CACGT","RNF12","D4","RepR2","S5","MSR","other"
"2793","FJ24-FJ25::chr9:2999602-3038819",32119,32121,1,1,1,"+","G","+",1,1,"-",0,0,"CACGT","RNF12","D4","RepR2","S5","MSR","other"
"2794","FJ24-FJ25::chr9:2999602-3038819",32207,32209,0.5,2,1,"-","G","+",0,0,"-",2,1,"ACGTT","RNF12","D4","RepR2","S5","MSR","other"
"2795","FJ24-FJ25::chr9:2999602-3038819",32223,32225,1,2,2,"-","G","+",0,0,"-",2,2,"TCGTC","RNF12","D4","RepR2","S5","MSR","other"
"2796","FJ24-FJ25::chr9:2999602-3038819",32615,32617,0.63,119,75,"-","G","+",0,0,"-",119,75,"CCGTG","RNF12","D4","RepR2","S5","MSR","other"
"2797","FJ24-FJ25::chr9:2999602-3038819",32821,32823,1,8,8,"+","G","+",8,8,"-",0,0,"CACGT","RNF12","D4","RepR2","S5","MSR","other"
"2798","FJ24-FJ25::chr9:2999602-3038819",32849,32851,0.91,456,415,"B","G","+",13,12,"-",443,403,"TCCGT","RNF12","D4","RepR2","S5","MSR","other"
"2799","FJ24-FJ25::chr9:2999602-3038819",32867,32869,0.868,418,363,"-","G","+",0,0,"-",418,363,"TCGCC","RNF12","D4","RepR2","S5","MSR","other"
"2800","FJ24-FJ25::chr9:2999602-3038819",32909,32911,1,4,4,"-","G","+",0,0,"-",4,4,"ACGTT","RNF12","D4","RepR2","S5","MSR","other"
"2801","FJ24-FJ25::chr9:2999602-3038819",33043,33045,1,1,1,"-","G","+",0,0,"-",1,1,"TCGCC","RNF12","D4","RepR2","S5","MSR","other"
"2802","FJ24-FJ25::chr9:2999602-3038819",33277,33279,0.818,11,9,"B","G","+",2,2,"-",9,7,"CTCGC","RNF12","D4","RepR2","S5","MSR","other"
"2803","FJ24-FJ25::chr9:2999602-3038819",33289,33291,0.818,11,9,"B","G","+",2,2,"-",9,7,"CACGT","RNF12","D4","RepR2","S5","MSR","other"
"2804","FJ24-FJ25::chr9:2999602-3038819",33317,33319,0.955,66,63,"B","G","+",2,2,"-",64,61,"TCCGT","RNF12","D4","RepR2","S5","MSR","other"
"2805","FJ24-FJ25::chr9:2999602-3038819",33335,33337,0.851,47,40,"B","G","+",2,0,"-",45,40,"CTCGC","RNF12","D4","RepR2","S5","MSR","other"
"2806","FJ24-FJ25::chr9:2999602-3038819",33510,33512,1,1,1,"-","G","+",0,0,"-",1,1,"TCGCC","RNF12","D4","RepR2","S5","MSR","other"
"2807","FJ24-FJ25::chr9:2999602-3038819",33550,33552,0.667,3,2,"-","G","+",0,0,"-",3,2,"CCGTG","RNF12","D4","RepR2","S5","MSR","other"
"2808","FJ24-FJ25::chr9:2999602-3038819",33568,33570,1,1,1,"-","G","+",0,0,"-",1,1,"TCGCC","RNF12","D4","RepR2","S5","MSR","other"
"2809","FJ24-FJ25::chr9:2999602-3038819",33860,33862,1,1,1,"+","G","+",1,1,"-",0,0,"TTCGT","RNF12","D4","RepR2","S5","MSR","other"
"2810","FJ24-FJ25::chr9:2999602-3038819",33875,33877,1,1,1,"+","G","+",1,1,"-",0,0,"GTCGT","RNF12","D4","RepR2","S5","MSR","other"
"2811","FJ24-FJ25::chr9:2999602-3038819",33976,33978,1,8,8,"-","G","+",0,0,"-",8,8,"TCGCT","RNF12","D4","RepR2","S5","MSR","other"
"2812","FJ24-FJ25::chr9:2999602-3038819",34193,34195,0.879,1028,904,"-","G","+",0,0,"-",1028,904,"CCGTG","RNF12","D4","RepR2","S5","MSR","other"
"2813","FJ24-FJ25::chr9:2999602-3038819",34253,34255,0.75,4,3,"-","G","+",0,0,"-",4,3,"ACGTT","RNF12","D4","RepR2","S5","MSR","other"
"2814","FJ24-FJ25::chr9:2999602-3038819",34269,34271,1,2,2,"-","G","+",0,0,"-",2,2,"TCGTC","RNF12","D4","RepR2","S5","MSR","other"
"2815","FJ24-FJ25::chr9:2999602-3038819",34445,34447,0.75,8,6,"-","G","+",0,0,"-",8,6,"TCGCA","RNF12","D4","RepR2","S5","MSR","other"
"2816","FJ24-FJ25::chr9:2999602-3038819",34621,34623,0.932,59,55,"B","G","+",1,1,"-",58,54,"CTCGC","RNF12","D4","RepR2","S5","MSR","other"
"2817","FJ24-FJ25::chr9:2999602-3038819",34633,34635,0.8,50,40,"B","G","+",1,1,"-",49,39,"CACGT","RNF12","D4","RepR2","S5","MSR","other"
"2818","FJ24-FJ25::chr9:2999602-3038819",34679,34681,1,3,3,"B","G","+",1,1,"-",2,2,"CTCGC","RNF12","D4","RepR2","S5","MSR","other"
"2819","FJ24-FJ25::chr9:2999602-3038819",34721,34723,1,2,2,"-","G","+",0,0,"-",2,2,"ACGTT","RNF12","D4","RepR2","S5","MSR","other"
"2820","FJ24-FJ25::chr9:2999602-3038819",34737,34739,1,1,1,"-","G","+",0,0,"-",1,1,"TCGTC","RNF12","D4","RepR2","S5","MSR","other"
"2821","FJ24-FJ25::chr9:2999602-3038819",34752,34754,1,1,1,"-","G","+",0,0,"-",1,1,"ACGTC","RNF12","D4","RepR2","S5","MSR","other"
"2822","FJ24-FJ25::chr9:2999602-3038819",34855,34857,1,1,1,"-","G","+",0,0,"-",1,1,"TCGCC","RNF12","D4","RepR2","S5","MSR","other"
"2823","FJ24-FJ25::chr9:2999602-3038819",34867,34869,1,1,1,"-","G","+",0,0,"-",1,1,"ACGTC","RNF12","D4","RepR2","S5","MSR","other"
"2824","FJ24-FJ25::chr9:2999602-3038819",34895,34897,0.783,129,101,"-","G","+",0,0,"-",129,101,"CCGTG","RNF12","D4","RepR2","S5","MSR","other"
"2825","FJ24-FJ25::chr9:2999602-3038819",35129,35131,1,1,1,"-","G","+",0,0,"-",1,1,"TCGTG","RNF12","D4","RepR2","S5","MSR","other"
"2826","FJ24-FJ25::chr9:2999602-3038819",35147,35149,1,1,1,"-","G","+",0,0,"-",1,1,"TCGCC","RNF12","D4","RepR2","S5","MSR","other"
"2827","FJ24-FJ25::chr9:2999602-3038819",35323,35325,1,3,3,"-","G","+",0,0,"-",3,3,"TCGCC","RNF12","D4","RepR2","S5","MSR","other"
"2828","FJ24-FJ25::chr9:2999602-3038819",35381,35383,0.727,11,8,"-","G","+",0,0,"-",11,8,"TCGCC","RNF12","D4","RepR2","S5","MSR","other"
"2829","FJ24-FJ25::chr9:2999602-3038819",35423,35425,0.5,2,1,"-","G","+",0,0,"-",2,1,"ACGTT","RNF12","D4","RepR2","S5","MSR","other"
"2830","FJ24-FJ25::chr9:2999602-3038819",35439,35441,1,4,4,"-","G","+",0,0,"-",4,4,"TCGTC","RNF12","D4","RepR2","S5","MSR","other"
"2831","FJ24-FJ25::chr9:2999602-3038819",35454,35456,0.833,6,5,"-","G","+",0,0,"-",6,5,"ACGTC","RNF12","D4","RepR2","S5","MSR","other"
"2832","FJ24-FJ25::chr9:2999602-3038819",35557,35559,1,2,2,"-","G","+",0,0,"-",2,2,"TCGCC","RNF12","D4","RepR2","S5","MSR","other"
"2833","FJ24-FJ25::chr9:2999602-3038819",35569,35571,1,3,3,"-","G","+",0,0,"-",3,3,"ACGTC","RNF12","D4","RepR2","S5","MSR","other"
"2834","FJ24-FJ25::chr9:2999602-3038819",35597,35599,0.604,2330,1407,"-","G","+",0,0,"-",2330,1407,"CCGTG","RNF12","D4","RepR2","S5","MSR","other"
"2835","FJ24-FJ25::chr9:2999602-3038819",35657,35659,0,1,0,"-","G","+",0,0,"-",1,0,"ACGTT","RNF12","D4","RepR2","S5","MSR","other"
"2836","FJ24-FJ25::chr9:2999602-3038819",35791,35793,1,3,3,"-","G","+",0,0,"-",3,3,"TCGCC","RNF12","D4","RepR2","S5","MSR","other"
"2837","FJ24-FJ25::chr9:2999602-3038819",35803,35805,1,3,3,"B","G","+",1,1,"-",2,2,"CACGT","RNF12","D4","RepR2","S5","MSR","other"
"2838","FJ24-FJ25::chr9:2999602-3038819",35831,35833,1,7,7,"B","G","+",1,1,"-",6,6,"TCCGT","RNF12","D4","RepR2","S5","MSR","other"
"2839","FJ24-FJ25::chr9:2999602-3038819",36126,36128,1,1,1,"-","G","+",0,0,"-",1,1,"ACGTT","RNF12","D4","RepR2","S5","MSR","other"
"2840","FJ24-FJ25::chr9:2999602-3038819",36299,36301,0.913,23,21,"-","G","+",0,0,"-",23,21,"CCGTG","RNF12","D4","RepR2","S5","MSR","other"
"2841","FJ24-FJ25::chr9:2999602-3038819",36435,36437,1,2,2,"-","G","+",0,0,"-",2,2,"TCGCC","RNF12","D4","RepR2","S5","MSR","other"
"2842","FJ24-FJ25::chr9:2999602-3038819",36447,36449,1,2,2,"B","G","+",1,1,"-",1,1,"CACGT","RNF12","D4","RepR2","S5","MSR","other"
"2843","FJ24-FJ25::chr9:2999602-3038819",36475,36477,1,39,39,"B","G","+",1,1,"-",38,38,"TCCGT","RNF12","D4","RepR2","S5","MSR","other"
"2844","FJ24-FJ25::chr9:2999602-3038819",36493,36495,1,14,14,"B","G","+",1,1,"-",13,13,"TTCGC","RNF12","D4","RepR2","S5","MSR","other"
"2845","FJ24-FJ25::chr9:2999602-3038819",36534,36536,1,1,1,"-","G","+",0,0,"-",1,1,"ACGTT","RNF12","D4","RepR2","S5","MSR","other"
"2846","FJ24-FJ25::chr9:2999602-3038819",36708,36710,1,10,10,"-","G","+",0,0,"-",10,10,"CCGTG","RNF12","D4","RepR2","S5","MSR","other"
"2847","FJ24-FJ25::chr9:2999602-3038819",36726,36728,0.286,7,2,"-","G","+",0,0,"-",7,2,"TCGCC","RNF12","D4","RepR2","S5","MSR","other"
"2848","FJ24-FJ25::chr9:2999602-3038819",36939,36941,0.6,10,6,"-","G","+",0,0,"-",10,6,"CCGTG","RNF12","D4","RepR2","S5","MSR","other"
"2849","FJ24-FJ25::chr9:2999602-3038819",37191,37193,1,1,1,"-","G","+",0,0,"-",1,1,"TCGCC","RNF12","D4","RepR2","S5","MSR","other"
"2850","FJ24-FJ25::chr9:2999602-3038819",37233,37235,1,1,1,"-","G","+",0,0,"-",1,1,"ACGTT","RNF12","D4","RepR2","S5","MSR","other"
"2851","FJ24-FJ25::chr9:2999602-3038819",37601,37603,1,2,2,"+","G","+",2,2,"-",0,0,"CTCGC","RNF12","D4","RepR2","S5","MSR","other"
"2852","FJ24-FJ25::chr9:2999602-3038819",37613,37615,1,2,2,"+","G","+",2,2,"-",0,0,"CACGT","RNF12","D4","RepR2","S5","MSR","other"
"2853","FJ24-FJ25::chr9:2999602-3038819",37641,37643,0.893,84,75,"B","G","+",2,2,"-",82,73,"TCCGT","RNF12","D4","RepR2","S5","MSR","other"
"2854","FJ24-FJ25::chr9:2999602-3038819",37659,37661,0.931,72,67,"B","G","+",1,1,"-",71,66,"CTCGC","RNF12","D4","RepR2","S5","MSR","other"
"2855","FJ24-FJ25::chr9:2999602-3038819",37701,37703,0.333,3,1,"B","G","+",1,1,"-",2,0,"CACGT","RNF12","D4","RepR2","S5","MSR","other"
"2856","FJ24-FJ25::chr9:2999602-3038819",37893,37895,1,1,1,"-","G","+",0,0,"-",1,1,"TCGCC","RNF12","D4","RepR2","S5","MSR","other"
"2857","FJ24-FJ25::chr9:2999602-3038819",38021,38023,1,1,1,"+","G","+",1,1,"-",0,0,"CACGT","RNF12","D4","RepR2","S5","MSR","other"
"2858","FJ24-FJ25::chr9:2999602-3038819",38303,38305,1,2,2,"B","G","+",1,1,"-",1,1,"CTCGC","RNF12","D4","RepR2","S5","MSR","other"
"2859","FJ24-FJ25::chr9:2999602-3038819",38315,38317,1,1,1,"+","G","+",1,1,"-",0,0,"CACGT","RNF12","D4","RepR2","S5","MSR","other"
"2860","FJ24-FJ25::chr9:2999602-3038819",38343,38345,0.915,82,75,"B","G","+",1,1,"-",81,74,"TCCGT","RNF12","D4","RepR2","S5","MSR","other"
"2861","FJ24-FJ25::chr9:2999602-3038819",38361,38363,0.931,72,67,"B","G","+",1,1,"-",71,66,"CTCGC","RNF12","D4","RepR2","S5","MSR","other"
"2862","FJ24-FJ25::chr9:2999602-3038819",38403,38405,0.846,13,11,"B","G","+",1,1,"-",12,10,"CACGT","RNF12","D4","RepR2","S5","MSR","other"
"2863","FJ24-FJ25::chr9:2999602-3038819",38419,38421,1,11,11,"B","G","+",1,1,"-",10,10,"TTCGT","RNF12","D4","RepR2","S5","MSR","other"
"2864","FJ24-FJ25::chr9:2999602-3038819",38489,38491,0.833,6,5,"-","G","+",0,0,"-",6,5,"ACGTC","RNF12","D4","RepR2","S5","MSR","other"
"2865","FJ24-FJ25::chr9:2999602-3038819",38537,38539,1,1,1,"-","G","+",0,0,"-",1,1,"TCGCC","RNF12","D4","RepR2","S5","MSR","other"
"2866","FJ24-FJ25::chr9:2999602-3038819",38549,38551,1,1,1,"-","G","+",0,0,"-",1,1,"ACGTC","RNF12","D4","RepR2","S5","MSR","other"
"2867","FJ24-FJ25::chr9:2999602-3038819",38637,38639,0,1,0,"-","G","+",0,0,"-",1,0,"ACGTT","RNF12","D4","RepR2","S5","MSR","other"
"2868","FJ24-FJ25::chr9:35304805-35306009",436,438,1,21,21,"B","G","+",20,20,"-",1,1,"TGCGA","RNF12","D4","RepR2","S5","MSR","other"
"2869","FJ24-FJ25::chr9:35304805-35306009",454,456,0.938,32,30,"B","G","+",29,28,"-",3,2,"CACGG","RNF12","D4","RepR2","S5","MSR","other"
"2870","FJ24-FJ25::chr9:35304805-35306009",482,484,0.833,6,5,"B","G","+",4,4,"-",2,1,"GACGT","RNF12","D4","RepR2","S5","MSR","other"
"2871","FJ24-FJ25::chr9:35304805-35306009",494,496,0.833,6,5,"B","G","+",4,4,"-",2,1,"GGCGA","RNF12","D4","RepR2","S5","MSR","other"
"2872","FJ24-FJ25::chr9:35304805-35306009",612,614,0.884,344,304,"+","G","+",344,304,"-",0,0,"GACGA","RNF12","D4","RepR2","S5","MSR","other"
"2873","FJ24-FJ25::chr9:35304805-35306009",628,630,0.796,368,293,"+","G","+",368,293,"-",0,0,"AACGT","RNF12","D4","RepR2","S5","MSR","other"
"2874","FJ24-FJ25::chr9:35304805-35306009",688,690,0.927,791,733,"B","G","+",788,731,"-",3,2,"CACGG","RNF12","D4","RepR2","S5","MSR","other"
"2875","FJ24-FJ25::chr9:35304805-35306009",716,718,0.714,7,5,"B","G","+",3,2,"-",4,3,"GACGT","RNF12","D4","RepR2","S5","MSR","other"
"2876","FJ24-FJ25::chr9:35304805-35306009",728,730,0.8,5,4,"B","G","+",1,1,"-",4,3,"GGCGA","RNF12","D4","RepR2","S5","MSR","other"
"2877","FJ24-FJ25::chr9:35304805-35306009",776,778,0.968,31,30,"B","G","+",30,29,"-",1,1,"GACGT","RNF12","D4","RepR2","S5","MSR","other"
"2878","FJ24-FJ25::chr9:35304805-35306009",1063,1065,0,9,0,"B","G","+",8,0,"-",1,0,"CCCGG","RNF12","D4","RepR2","S5","MSR","other"
"2879","FJ24-FJ25::chrX:75643946-75646608",2448,2450,0.5,8,4,"-","G","+",0,0,"-",8,4,"CCGGG","RNF12","D4","RepR2","S5","MSR","other"
"2880","FJ24-FJ25::chrX:75643946-75646608",2589,2591,0,1,0,"-","G","+",0,0,"-",1,0,"TCGGT","RNF12","D4","RepR2","S5","MSR","other"
"2881","FJ28-FJ29.FJ26-FJ27::chrX:103482701-103483891",480,482,0.959,4097,3930,"+","G","+",4097,3930,"-",0,0,"CACGG","RNF12","D4","RepR2","S5","RE58","RE58_CGI_2"
"2882","FJ28-FJ29.FJ26-FJ27::chrX:103482701-103483891",489,491,0.968,4104,3971,"+","G","+",4104,3971,"-",0,0,"ACCGC","RNF12","D4","RepR2","S5","RE58","RE58_CGI_2"
"2883","FJ28-FJ29.FJ26-FJ27::chrX:103482701-103483891",499,501,0.968,4111,3979,"+","G","+",4111,3979,"-",0,0,"CACGG","RNF12","D4","RepR2","S5","RE58","RE58_CGI_2"
"2884","FJ28-FJ29.FJ26-FJ27::chrX:103482701-103483891",506,508,0.959,4241,4069,"+","G","+",4241,4069,"-",0,0,"AACGA","RNF12","D4","RepR2","S5","RE58","RE58_CGI_2"
"2885","FJ28-FJ29.FJ26-FJ27::chrX:103482701-103483891",530,532,0.963,4416,4254,"+","G","+",4416,4254,"-",0,0,"GCCGT","RNF12","D4","RepR2","S5","RE58","RE58_CGI_2"
"2886","FJ28-FJ29.FJ26-FJ27::chrX:103482701-103483891",537,539,0.97,4407,4274,"+","G","+",4407,4274,"-",0,0,"CACGC","RNF12","D4","RepR2","S5","RE58","RE58_CGI_2"
"2887","FJ28-FJ29.FJ26-FJ27::chrX:103482701-103483891",552,554,0.859,4378,3761,"+","G","+",4378,3761,"-",0,0,"TCCGC","RNF12","D4","RepR2","S5","RE58","RE58_CGI_2"
"2888","FJ28-FJ29.FJ26-FJ27::chrX:103482701-103483891",554,556,0.957,4443,4252,"+","G","+",4443,4252,"-",0,0,"CGCGG","RNF12","D4","RepR2","S5","RE58","RE58_CGI_2"
"2889","FJ28-FJ29.FJ26-FJ27::chrX:103482701-103483891",557,559,0.952,4557,4340,"+","G","+",4557,4340,"-",0,0,"GGCGC","RNF12","D4","RepR2","S5","RE58","RE58_CGI_2"
"2890","FJ28-FJ29.FJ26-FJ27::chrX:103482701-103483891",566,568,0.969,4592,4448,"+","G","+",4592,4448,"-",0,0,"GGCGG","RNF12","D4","RepR2","S5","RE58","RE58_CGI_2"
"2891","FJ28-FJ29.FJ26-FJ27::chrX:103482701-103483891",675,677,0.99,1586,1570,"B","G","+",947,931,"-",639,639,"TACGT","RNF12","D4","RepR2","S5","RE58","RE58_CGI_1"
"2892","FJ28-FJ29.FJ26-FJ27::chrX:103482701-103483891",694,696,0.978,1603,1568,"B","G","+",965,930,"-",638,638,"GACGC","RNF12","D4","RepR2","S5","RE58","RE58_CGI_1"
"2893","FJ28-FJ29.FJ26-FJ27::chrX:103482701-103483891",696,698,0.978,1605,1570,"B","G","+",963,928,"-",642,642,"CGCGT","RNF12","D4","RepR2","S5","RE58","RE58_CGI_1"
"2894","FJ28-FJ29.FJ26-FJ27::chrX:103482701-103483891",715,717,0.972,1560,1516,"B","G","+",928,884,"-",632,632,"TGCGC","RNF12","D4","RepR2","S5","RE58","RE58_CGI_1"
"2895","FJ28-FJ29.FJ26-FJ27::chrX:103482701-103483891",717,719,0.975,1546,1507,"B","G","+",919,881,"-",627,626,"CGCGA","RNF12","D4","RepR2","S5","RE58","RE58_CGI_1"
"2896","FJ28-FJ29.FJ26-FJ27::chrX:103482701-103483891",753,755,0.847,753,638,"B","G","+",271,156,"-",482,482,"AACGT","RNF12","D4","RepR2","S5","RE58","RE58_CGI_1"
"2897","FJ14-FJ15.FJ10-FJ11::chrX:103481327-103482781",433,435,0.807,461,372,"+","G","+",461,372,"-",0,0,"TCCGC","RNF12","D4","RepR3","S8","RE57","RE57_YY1"
"2898","FJ14-FJ15.FJ10-FJ11::chrX:103481327-103482781",520,522,0.889,190,169,"+","G","+",190,169,"-",0,0,"TGCGT","RNF12","D4","RepR3","S8","RE57","RE57_YY1"
"2899","FJ14-FJ15.FJ10-FJ11::chrX:103481327-103482781",528,530,0.875,184,161,"+","G","+",184,161,"-",0,0,"ACCGC","RNF12","D4","RepR3","S8","RE57","RE57_YY1"
"2900","FJ14-FJ15.FJ10-FJ11::chrX:103481327-103482781",546,548,0.815,184,150,"+","G","+",184,150,"-",0,0,"GCCGC","RNF12","D4","RepR3","S8","RE57","RE57_YY1"
"2901","FJ14-FJ15.FJ10-FJ11::chrX:103481327-103482781",563,565,0.877,187,164,"+","G","+",187,164,"-",0,0,"TACGA","RNF12","D4","RepR3","S8","RE57","RE57_YY1"
"2902","FJ14-FJ15.FJ10-FJ11::chrX:103481327-103482781",617,619,0.903,269,243,"+","G","+",269,243,"-",0,0,"GTCGA","RNF12","D4","RepR3","S8","RE57","RE57_YY1"
"2903","FJ14-FJ15.FJ10-FJ11::chrX:103481327-103482781",624,626,0.88,308,271,"+","G","+",308,271,"-",0,0,"CTCGG","RNF12","D4","RepR3","S8","RE57","RE57_YY1"
"2904","FJ14-FJ15.FJ10-FJ11::chrX:103481327-103482781",637,639,0.887,318,282,"+","G","+",318,282,"-",0,0,"CCCGA","RNF12","D4","RepR3","S8","RE57","RE57_YY1"
"2905","FJ14-FJ15.FJ10-FJ11::chrX:103481327-103482781",642,644,0.783,323,253,"+","G","+",323,253,"-",0,0,"GCCGC","RNF12","D4","RepR3","S8","RE57","RE57_YY1"
"2906","FJ14-FJ15.FJ10-FJ11::chrX:103481327-103482781",736,738,0.75,20,15,"+","G","+",20,15,"-",0,0,"CACGC","RNF12","D4","RepR3","S8","RE57","RE57_CGI"
"2907","FJ14-FJ15.FJ10-FJ11::chrX:103481327-103482781",763,765,0.812,16,13,"+","G","+",16,13,"-",0,0,"TGCGG","RNF12","D4","RepR3","S8","RE57","RE57_CGI"
"2908","FJ14-FJ15.FJ10-FJ11::chrX:103481327-103482781",770,772,0.875,16,14,"+","G","+",16,14,"-",0,0,"TCCGC","RNF12","D4","RepR3","S8","RE57","RE57_CGI"
"2909","FJ14-FJ15.FJ10-FJ11::chrX:103481327-103482781",772,774,0.812,16,13,"+","G","+",16,13,"-",0,0,"CGCGC","RNF12","D4","RepR3","S8","RE57","RE57_CGI"
"2910","FJ14-FJ15.FJ10-FJ11::chrX:103481327-103482781",780,782,0.812,16,13,"+","G","+",16,13,"-",0,0,"ACCGC","RNF12","D4","RepR3","S8","RE57","RE57_CGI"
"2911","FJ14-FJ15.FJ10-FJ11::chrX:103481327-103482781",792,794,0.812,16,13,"+","G","+",16,13,"-",0,0,"TACGA","RNF12","D4","RepR3","S8","RE57","RE57_CGI"
"2912","FJ14-FJ15.FJ10-FJ11::chrX:103481327-103482781",817,819,0.688,16,11,"+","G","+",16,11,"-",0,0,"TCCGG","RNF12","D4","RepR3","S8","RE57","RE57_CGI"
"2913","FJ14-FJ15.FJ10-FJ11::chrX:103481327-103482781",832,834,0.938,16,15,"+","G","+",16,15,"-",0,0,"CCCGC","RNF12","D4","RepR3","S8","RE57","RE57_CGI"
"2914","FJ14-FJ15.FJ10-FJ11::chrX:103481327-103482781",904,906,1,1,1,"+","G","+",1,1,"-",0,0,"AGCGC","RNF12","D4","RepR3","S8","RE57","intermediate_RE57"
"2915","FJ14-FJ15.FJ10-FJ11::chrX:103481327-103482781",929,931,0.938,16,15,"+","G","+",16,15,"-",0,0,"TCCGC","RNF12","D4","RepR3","S8","RE57","RE57_CGI"
"2916","FJ14-FJ15.FJ10-FJ11::chrX:103481327-103482781",941,943,0.824,17,14,"+","G","+",17,14,"-",0,0,"CTCGG","RNF12","D4","RepR3","S8","RE57","RE57_CGI"
"2917","FJ14-FJ15.FJ10-FJ11::chrX:103481327-103482781",959,961,0.905,21,19,"+","G","+",21,19,"-",0,0,"GGCGT","RNF12","D4","RepR3","S8","RE57","RE57_CGI"
"2918","FJ14-FJ15.FJ10-FJ11::chrX:103481327-103482781",970,972,0.923,26,24,"+","G","+",26,24,"-",0,0,"CTCGA","RNF12","D4","RepR3","S8","RE57","RE57_CGI"
"2919","FJ14-FJ15.FJ10-FJ11::chrX:103481327-103482781",980,982,0.967,30,29,"+","G","+",30,29,"-",0,0,"GCCGT","RNF12","D4","RepR3","S8","RE57","RE57_CGI"
"2920","FJ14-FJ15.FJ10-FJ11::chrX:103481327-103482781",987,989,0.972,36,35,"+","G","+",36,35,"-",0,0,"CACGC","RNF12","D4","RepR3","S8","RE57","RE57_CGI"
"2921","FJ14-FJ15.FJ10-FJ11::chrX:103481327-103482781",1004,1006,0.958,48,46,"+","G","+",48,46,"-",0,0,"GGCGG","RNF12","D4","RepR3","S8","RE57","RE57_CGI"
"2922","FJ14-FJ15.FJ10-FJ11::chrX:103481327-103482781",1008,1010,0.922,51,47,"+","G","+",51,47,"-",0,0,"GACGC","RNF12","D4","RepR3","S8","RE57","RE57_CGI"
"2923","FJ14-FJ15.FJ10-FJ11::chrX:103481327-103482781",1010,1012,0.96,50,48,"+","G","+",50,48,"-",0,0,"CGCGG","RNF12","D4","RepR3","S8","RE57","RE57_CGI"
"2924","FJ14-FJ15.FJ10-FJ11::chrX:103481327-103482781",1021,1023,0.94,50,47,"+","G","+",50,47,"-",0,0,"CACGC","RNF12","D4","RepR3","S8","RE57","RE57_CGI"
"2925","FJ24-FJ25.FJ24-FJ25.FJ24-FJ25.FJ24-FJ25.FJ24-FJ25.FJ24-FJ25.FJ24-FJ25.FJ24-FJ25::chrX:75658294-75672942",212,214,1,1,1,"+","G","+",1,1,"-",0,0,"CCCGG","RNF12","D4","RepR3","S8","MSR","other"
"2926","FJ24-FJ25.FJ24-FJ25.FJ24-FJ25::chrX:75646518-75653780",131,133,1,3,3,"-","G","+",0,0,"-",3,3,"CCGGA","RNF12","D4","RepR3","S8","MSR","other"
"2927","FJ24-FJ25.FJ24-FJ25.FJ24-FJ25::chrX:75646518-75653780",177,179,0.667,3,2,"B","G","+",2,2,"-",1,0,"GGCGG","RNF12","D4","RepR3","S8","MSR","other"
"2928","FJ24-FJ25.FJ24-FJ25.FJ24-FJ25::chrX:75646518-75653780",7048,7050,1,2,2,"-","G","+",0,0,"-",2,2,"CCGGG","RNF12","D4","RepR3","S8","MSR","other"
"2929","FJ24-FJ25.FJ24-FJ25.FJ24-FJ25::chrX:75653690-75658384",177,179,1,1,1,"+","G","+",1,1,"-",0,0,"GGCGG","RNF12","D4","RepR3","S8","MSR","other"
"2930","FJ24-FJ25.FJ24-FJ25.FJ24-FJ25::chrX:75653690-75658384",210,212,0,1,0,"+","G","+",1,0,"-",0,0,"CACGC","RNF12","D4","RepR3","S8","MSR","other"
"2931","FJ24-FJ25.FJ24-FJ25.FJ24-FJ25::chrX:75653690-75658384",4561,4563,1,1,1,"+","G","+",1,1,"-",0,0,"TCCGG","RNF12","D4","RepR3","S8","MSR","other"
"2932","FJ24-FJ25.FJ24-FJ25::chr2:98661834-98663393",429,431,0.667,6,4,"-","G","+",0,0,"-",6,4,"ACGTT","RNF12","D4","RepR3","S8","MSR","other"
"2933","FJ24-FJ25.FJ24-FJ25::chr2:98661834-98663393",445,447,0.5,4,2,"-","G","+",0,0,"-",4,2,"TCGTC","RNF12","D4","RepR3","S8","MSR","other"
"2934","FJ24-FJ25.FJ24-FJ25::chr2:98661834-98663393",460,462,0.333,6,2,"-","G","+",0,0,"-",6,2,"TCGTC","RNF12","D4","RepR3","S8","MSR","other"
"2935","FJ24-FJ25.FJ24-FJ25::chr2:98661834-98663393",515,517,0.667,6,4,"-","G","+",0,0,"-",6,4,"ACGTC","RNF12","D4","RepR3","S8","MSR","other"
"2936","FJ24-FJ25.FJ24-FJ25::chr2:98661834-98663393",603,605,1,11,11,"-","G","+",0,0,"-",11,11,"CCGTG","RNF12","D4","RepR3","S8","MSR","other"
"2937","FJ24-FJ25.FJ24-FJ25::chr2:98661834-98663393",621,623,1,10,10,"-","G","+",0,0,"-",10,10,"TCGCC","RNF12","D4","RepR3","S8","MSR","other"
"2938","FJ24-FJ25.FJ24-FJ25::chr2:98661834-98663393",841,843,1,1,1,"-","G","+",0,0,"-",1,1,"CCGTT","RNF12","D4","RepR3","S8","MSR","other"
"2939","FJ24-FJ25.FJ24-FJ25::chr2:98661834-98663393",850,852,1,1,1,"-","G","+",0,0,"-",1,1,"ACGAA","RNF12","D4","RepR3","S8","MSR","other"
"2940","FJ24-FJ25.FJ24-FJ25::chr2:98661834-98663393",1021,1023,0.915,330,302,"+","G","+",330,302,"-",0,0,"GACGT","RNF12","D4","RepR3","S8","MSR","other"
"2941","FJ24-FJ25.FJ24-FJ25::chr2:98661834-98663393",1076,1078,1,2,2,"+","G","+",2,2,"-",0,0,"GACGA","RNF12","D4","RepR3","S8","MSR","other"
"2942","FJ24-FJ25.FJ24-FJ25::chr2:98661834-98663393",1091,1093,1,2,2,"+","G","+",2,2,"-",0,0,"GACGA","RNF12","D4","RepR3","S8","MSR","other"
"2943","FJ24-FJ25.FJ24-FJ25::chr2:98661834-98663393",1107,1109,1,2,2,"+","G","+",2,2,"-",0,0,"TACGT","RNF12","D4","RepR3","S8","MSR","other"
"2944","FJ24-FJ25::chr12:3109471-3110521",439,441,1,1,1,"+","G","+",1,1,"-",0,0,"GACGT","RNF12","D4","RepR3","S8","MSR","other"
"2945","FJ24-FJ25::chr12:3109471-3110521",451,453,1,4,4,"+","G","+",4,4,"-",0,0,"GGCGA","RNF12","D4","RepR3","S8","MSR","other"
"2946","FJ24-FJ25::chr12:3109471-3110521",554,556,1,2,2,"+","G","+",2,2,"-",0,0,"GACGA","RNF12","D4","RepR3","S8","MSR","other"
"2947","FJ24-FJ25::chr12:74803437-74804905",654,656,0,1,0,"-","G","+",0,0,"-",1,0,"ACGTT","RNF12","D4","RepR3","S8","MSR","other"
"2948","FJ24-FJ25::chr12:74803437-74804905",883,885,0,1,0,"-","G","+",0,0,"-",1,0,"ACGTT","RNF12","D4","RepR3","S8","MSR","other"
"2949","FJ24-FJ25::chr14:19415282-19420102",457,459,0.75,4,3,"+","G","+",4,3,"-",0,0,"GGCGA","RNF12","D4","RepR3","S8","MSR","other"
"2950","FJ24-FJ25::chr14:19415282-19420102",475,477,0.833,6,5,"+","G","+",6,5,"-",0,0,"CACGG","RNF12","D4","RepR3","S8","MSR","other"
"2951","FJ24-FJ25::chr14:19415282-19420102",691,693,0.778,9,7,"+","G","+",9,7,"-",0,0,"GGCGA","RNF12","D4","RepR3","S8","MSR","other"
"2952","FJ24-FJ25::chr14:19415282-19420102",709,711,0.778,9,7,"+","G","+",9,7,"-",0,0,"CACGG","RNF12","D4","RepR3","S8","MSR","other"
"2953","FJ24-FJ25::chr14:19415282-19420102",1276,1278,1,2,2,"+","G","+",2,2,"-",0,0,"GGCGA","RNF12","D4","RepR3","S8","MSR","other"
"2954","FJ24-FJ25::chr14:19415282-19420102",1294,1296,1,2,2,"+","G","+",2,2,"-",0,0,"CACGG","RNF12","D4","RepR3","S8","MSR","other"
"2955","FJ24-FJ25::chr14:19415282-19420102",1744,1746,0.5,2,1,"+","G","+",2,1,"-",0,0,"GGCGA","RNF12","D4","RepR3","S8","MSR","other"
"2956","FJ24-FJ25::chr14:19415282-19420102",1762,1764,1,1,1,"+","G","+",1,1,"-",0,0,"CACGG","RNF12","D4","RepR3","S8","MSR","other"
"2957","FJ24-FJ25::chr14:19415282-19420102",2022,2024,0.6,5,3,"+","G","+",5,3,"-",0,0,"GACGA","RNF12","D4","RepR3","S8","MSR","other"
"2958","FJ24-FJ25::chr14:19415282-19420102",2037,2039,0.5,2,1,"+","G","+",2,1,"-",0,0,"GACGA","RNF12","D4","RepR3","S8","MSR","other"
"2959","FJ24-FJ25::chr14:19415282-19420102",2053,2055,1,1,1,"+","G","+",1,1,"-",0,0,"AACGT","RNF12","D4","RepR3","S8","MSR","other"
"2960","FJ24-FJ25::chr14:19415282-19420102",2230,2232,1,8,8,"+","G","+",8,8,"-",0,0,"CACGG","RNF12","D4","RepR3","S8","MSR","other"
"2961","FJ24-FJ25::chr14:19415282-19420102",2606,2608,0.5,2,1,"+","G","+",2,1,"-",0,0,"GACGA","RNF12","D4","RepR3","S8","MSR","other"
"2962","FJ24-FJ25::chr14:19415282-19420102",2853,2855,1,1,1,"+","G","+",1,1,"-",0,0,"GACGA","RNF12","D4","RepR3","S8","MSR","other"
"2963","FJ24-FJ25::chr14:19415282-19420102",2929,2931,0.565,23,13,"+","G","+",23,13,"-",0,0,"CACGG","RNF12","D4","RepR3","S8","MSR","other"
"2964","FJ24-FJ25::chr14:19415282-19420102",3495,3497,1,1,1,"-","G","+",0,0,"-",1,1,"GCGAG","RNF12","D4","RepR3","S8","MSR","other"
"2965","FJ24-FJ25::chr14:19415282-19420102",3513,3515,1,1,1,"-","G","+",0,0,"-",1,1,"ACGGA","RNF12","D4","RepR3","S8","MSR","other"
"2966","FJ24-FJ25::chr14:19415282-19420102",4332,4334,1,2,2,"+","G","+",2,2,"-",0,0,"CACGA","RNF12","D4","RepR3","S8","MSR","other"
"2967","FJ24-FJ25::chr2:98663241-98664491",474,476,1,1,1,"-","G","+",0,0,"-",1,1,"CCGTG","RNF12","D4","RepR3","S8","MSR","other"
"2968","FJ24-FJ25::chr2:98666144-98667732",446,448,1,5,5,"B","G","+",1,1,"-",4,4,"GACGA","RNF12","D4","RepR3","S8","MSR","other"
"2969","FJ24-FJ25::chr2:98666144-98667732",461,463,1,7,7,"B","G","+",3,3,"-",4,4,"GACGA","RNF12","D4","RepR3","S8","MSR","other"
"2970","FJ24-FJ25::chr2:98666144-98667732",477,479,1,5,5,"B","G","+",3,3,"-",2,2,"TACGT","RNF12","D4","RepR3","S8","MSR","other"
"2971","FJ24-FJ25::chr2:98666144-98667732",537,539,0.929,14,13,"+","G","+",14,13,"-",0,0,"CACGG","RNF12","D4","RepR3","S8","MSR","other"
"2972","FJ24-FJ25::chr2:98666144-98667732",577,579,1,1,1,"+","G","+",1,1,"-",0,0,"GGCGA","RNF12","D4","RepR3","S8","MSR","other"
"2973","FJ24-FJ25::chr2:98666144-98667732",625,627,0.929,85,79,"+","G","+",85,79,"-",0,0,"GACGT","RNF12","D4","RepR3","S8","MSR","other"
"2974","FJ24-FJ25::chr2:98666144-98667732",680,682,0.965,57,55,"+","G","+",57,55,"-",0,0,"GACGA","RNF12","D4","RepR3","S8","MSR","other"
"2975","FJ24-FJ25::chr2:98666144-98667732",695,697,0.914,58,53,"+","G","+",58,53,"-",0,0,"GACGA","RNF12","D4","RepR3","S8","MSR","other"
"2976","FJ24-FJ25::chr2:98666144-98667732",711,713,0.842,57,48,"+","G","+",57,48,"-",0,0,"AACGT","RNF12","D4","RepR3","S8","MSR","other"
"2977","FJ24-FJ25::chr2:98666144-98667732",753,755,1,16,16,"B","G","+",15,15,"-",1,1,"GGCGA","RNF12","D4","RepR3","S8","MSR","other"
"2978","FJ24-FJ25::chr2:98666144-98667732",771,773,0.846,13,11,"B","G","+",12,10,"-",1,1,"CACGG","RNF12","D4","RepR3","S8","MSR","other"
"2979","FJ24-FJ25::chr2:98666144-98667732",799,801,1,1,1,"-","G","+",0,0,"-",1,1,"ACGTG","RNF12","D4","RepR3","S8","MSR","other"
"2980","FJ24-FJ25::chr2:98666144-98667732",811,813,1,1,1,"-","G","+",0,0,"-",1,1,"GCGAG","RNF12","D4","RepR3","S8","MSR","other"
"2981","FJ24-FJ25::chr2:98666144-98667732",859,861,1,1,1,"+","G","+",1,1,"-",0,0,"GACGT","RNF12","D4","RepR3","S8","MSR","other"
"2982","FJ24-FJ25::chr2:98666144-98667732",946,948,0.922,64,59,"B","G","+",62,58,"-",2,1,"GACGA","RNF12","D4","RepR3","S8","MSR","other"
"2983","FJ24-FJ25::chr2:98666144-98667732",962,964,0.81,79,64,"B","G","+",77,62,"-",2,2,"AACGT","RNF12","D4","RepR3","S8","MSR","other"
"2984","FJ24-FJ25::chr2:98666144-98667732",1004,1006,0.92,175,161,"B","G","+",171,157,"-",4,4,"GGCGA","RNF12","D4","RepR3","S8","MSR","other"
"2985","FJ24-FJ25::chr2:98666144-98667732",1022,1024,0.916,179,164,"B","G","+",175,160,"-",4,4,"CACGG","RNF12","D4","RepR3","S8","MSR","other"
"2986","FJ24-FJ25::chr2:98666144-98667732",1050,1052,1,4,4,"-","G","+",0,0,"-",4,4,"ACGTG","RNF12","D4","RepR3","S8","MSR","other"
"2987","FJ24-FJ25::chr2:98666144-98667732",1062,1064,1,4,4,"B","G","+",1,1,"-",3,3,"GGCGA","RNF12","D4","RepR3","S8","MSR","other"
"2988","FJ24-FJ25::chr2:98666144-98667732",1110,1112,0.974,78,76,"B","G","+",76,74,"-",2,2,"GACGT","RNF12","D4","RepR3","S8","MSR","other"
"2989","FJ24-FJ25::chr2:98666144-98667732",1165,1167,0.75,4,3,"B","G","+",2,1,"-",2,2,"GACGA","RNF12","D4","RepR3","S8","MSR","other"
"2990","FJ24-FJ25::chr2:98666144-98667732",1180,1182,0.5,2,1,"B","G","+",1,0,"-",1,1,"GACGA","RNF12","D4","RepR3","S8","MSR","other"
"2991","FJ24-FJ25::chr4:3089104-3091584",2375,2377,1,1,1,"-","G","+",0,0,"-",1,1,"TCGAG","RNF12","D4","RepR3","S8","MSR","other"
"2992","FJ24-FJ25::chr9:2999602-3038819",738,740,1,2,2,"-","G","+",0,0,"-",2,2,"TCGCC","RNF12","D4","RepR3","S8","MSR","other"
"2993","FJ24-FJ25::chr9:2999602-3038819",750,752,1,2,2,"-","G","+",0,0,"-",2,2,"ACGTC","RNF12","D4","RepR3","S8","MSR","other"
"2994","FJ24-FJ25::chr9:2999602-3038819",778,780,1,6,6,"-","G","+",0,0,"-",6,6,"CCGTG","RNF12","D4","RepR3","S8","MSR","other"
"2995","FJ24-FJ25::chr9:2999602-3038819",796,798,1,7,7,"-","G","+",0,0,"-",7,7,"TCGAC","RNF12","D4","RepR3","S8","MSR","other"
"2996","FJ24-FJ25::chr9:2999602-3038819",838,840,1,2,2,"-","G","+",0,0,"-",2,2,"ACGTT","RNF12","D4","RepR3","S8","MSR","other"
"2997","FJ24-FJ25::chr9:2999602-3038819",854,856,1,2,2,"-","G","+",0,0,"-",2,2,"TCGTC","RNF12","D4","RepR3","S8","MSR","other"
"2998","FJ24-FJ25::chr9:2999602-3038819",869,871,0.5,2,1,"-","G","+",0,0,"-",2,1,"TCGTC","RNF12","D4","RepR3","S8","MSR","other"
"2999","FJ24-FJ25::chr9:2999602-3038819",972,974,0.333,3,1,"-","G","+",0,0,"-",3,1,"TCGCC","RNF12","D4","RepR3","S8","MSR","other"
"3000","FJ24-FJ25::chr9:2999602-3038819",984,986,1,3,3,"-","G","+",0,0,"-",3,3,"ACGTC","RNF12","D4","RepR3","S8","MSR","other"
"3001","FJ24-FJ25::chr9:2999602-3038819",1012,1014,0.833,6,5,"-","G","+",0,0,"-",6,5,"CCGTG","RNF12","D4","RepR3","S8","MSR","other"
"3002","FJ24-FJ25::chr9:2999602-3038819",1382,1384,1,1,1,"-","G","+",0,0,"-",1,1,"TCGCC","RNF12","D4","RepR3","S8","MSR","other"
"3003","FJ24-FJ25::chr9:2999602-3038819",1394,1396,1,1,1,"-","G","+",0,0,"-",1,1,"ACGTC","RNF12","D4","RepR3","S8","MSR","other"
"3004","FJ24-FJ25::chr9:2999602-3038819",1422,1424,1,1,1,"-","G","+",0,0,"-",1,1,"CCGTG","RNF12","D4","RepR3","S8","MSR","other"
"3005","FJ24-FJ25::chr9:2999602-3038819",1674,1676,0,1,0,"-","G","+",0,0,"-",1,0,"TCGCC","RNF12","D4","RepR3","S8","MSR","other"
"3006","FJ24-FJ25::chr9:2999602-3038819",1890,1892,0.5,8,4,"-","G","+",0,0,"-",8,4,"CCGTG","RNF12","D4","RepR3","S8","MSR","other"
"3007","FJ24-FJ25::chr9:2999602-3038819",1908,1910,0.667,6,4,"-","G","+",0,0,"-",6,4,"TCGCC","RNF12","D4","RepR3","S8","MSR","other"
"3008","FJ24-FJ25::chr9:2999602-3038819",1949,1951,1,1,1,"-","G","+",0,0,"-",1,1,"ACGTT","RNF12","D4","RepR3","S8","MSR","other"
"3009","FJ24-FJ25::chr9:2999602-3038819",2083,2085,1,1,1,"-","G","+",0,0,"-",1,1,"TCGCC","RNF12","D4","RepR3","S8","MSR","other"
"3010","FJ24-FJ25::chr9:2999602-3038819",2095,2097,1,1,1,"-","G","+",0,0,"-",1,1,"ACGTC","RNF12","D4","RepR3","S8","MSR","other"
"3011","FJ24-FJ25::chr9:2999602-3038819",2123,2125,0,1,0,"-","G","+",0,0,"-",1,0,"CCGTG","RNF12","D4","RepR3","S8","MSR","other"
"3012","FJ24-FJ25::chr9:2999602-3038819",2141,2143,1,2,2,"-","G","+",0,0,"-",2,2,"TCGCC","RNF12","D4","RepR3","S8","MSR","other"
"3013","FJ24-FJ25::chr9:2999602-3038819",2433,2435,1,1,1,"-","G","+",0,0,"-",1,1,"TCGTC","RNF12","D4","RepR3","S8","MSR","other"
"3014","FJ24-FJ25::chr9:2999602-3038819",2448,2450,1,1,1,"-","G","+",0,0,"-",1,1,"TCGTC","RNF12","D4","RepR3","S8","MSR","other"
"3015","FJ24-FJ25::chr9:2999602-3038819",2551,2553,1,1,1,"-","G","+",0,0,"-",1,1,"TCGCC","RNF12","D4","RepR3","S8","MSR","other"
"3016","FJ24-FJ25::chr9:2999602-3038819",2609,2611,0,1,0,"-","G","+",0,0,"-",1,0,"TCGCC","RNF12","D4","RepR3","S8","MSR","other"
"3017","FJ24-FJ25::chr9:2999602-3038819",2825,2827,1,6,6,"-","G","+",0,0,"-",6,6,"CCGTG","RNF12","D4","RepR3","S8","MSR","other"
"3018","FJ24-FJ25::chr9:2999602-3038819",2885,2887,0,2,0,"-","G","+",0,0,"-",2,0,"ACGTT","RNF12","D4","RepR3","S8","MSR","other"
"3019","FJ24-FJ25::chr9:2999602-3038819",3175,3177,1,9,9,"-","G","+",0,0,"-",9,9,"CCGTG","RNF12","D4","RepR3","S8","MSR","other"
"3020","FJ24-FJ25::chr9:2999602-3038819",3193,3195,1,5,5,"-","G","+",0,0,"-",5,5,"TCGCC","RNF12","D4","RepR3","S8","MSR","other"
"3021","FJ24-FJ25::chr9:2999602-3038819",3468,3470,1,1,1,"+","G","+",1,1,"-",0,0,"CACGT","RNF12","D4","RepR3","S8","MSR","other"
"3022","FJ24-FJ25::chr9:2999602-3038819",3484,3486,1,1,1,"+","G","+",1,1,"-",0,0,"TTCGT","RNF12","D4","RepR3","S8","MSR","other"
"3023","FJ24-FJ25::chr9:2999602-3038819",3642,3644,1,1,1,"-","G","+",0,0,"-",1,1,"CCGTG","RNF12","D4","RepR3","S8","MSR","other"
"3024","FJ24-FJ25::chr9:2999602-3038819",3660,3662,1,1,1,"-","G","+",0,0,"-",1,1,"TCGCC","RNF12","D4","RepR3","S8","MSR","other"
"3025","FJ24-FJ25::chr9:2999602-3038819",3718,3720,0,1,0,"-","G","+",0,0,"-",1,0,"TCGTC","RNF12","D4","RepR3","S8","MSR","other"
"3026","FJ24-FJ25::chr9:2999602-3038819",3733,3735,1,1,1,"-","G","+",0,0,"-",1,1,"TCGTC","RNF12","D4","RepR3","S8","MSR","other"
"3027","FJ24-FJ25::chr9:2999602-3038819",4520,4522,0.644,132,85,"-","G","+",0,0,"-",132,85,"CCGTG","RNF12","D4","RepR3","S8","MSR","other"
"3028","FJ24-FJ25::chr9:2999602-3038819",4580,4582,1,2,2,"B","G","+",1,1,"-",1,1,"CACGT","RNF12","D4","RepR3","S8","MSR","other"
"3029","FJ24-FJ25::chr9:2999602-3038819",4596,4598,1,1,1,"+","G","+",1,1,"-",0,0,"TTCGT","RNF12","D4","RepR3","S8","MSR","other"
"3030","FJ24-FJ25::chr9:2999602-3038819",4611,4613,1,2,2,"B","G","+",1,1,"-",1,1,"GTCGT","RNF12","D4","RepR3","S8","MSR","other"
"3031","FJ24-FJ25::chr9:2999602-3038819",4654,4656,0,1,0,"+","G","+",1,0,"-",0,0,"CTCGC","RNF12","D4","RepR3","S8","MSR","other"
"3032","FJ24-FJ25::chr9:2999602-3038819",4754,4756,0.4,5,2,"-","G","+",0,0,"-",5,2,"CCGTG","RNF12","D4","RepR3","S8","MSR","other"
"3033","FJ24-FJ25::chr9:2999602-3038819",4987,4989,1,18,18,"-","G","+",0,0,"-",18,18,"CCGTG","RNF12","D4","RepR3","S8","MSR","other"
"3034","FJ24-FJ25::chr9:2999602-3038819",5005,5007,0.778,18,14,"-","G","+",0,0,"-",18,14,"TCGCC","RNF12","D4","RepR3","S8","MSR","other"
"3035","FJ24-FJ25::chr9:2999602-3038819",5047,5049,1,2,2,"-","G","+",0,0,"-",2,2,"ACGTT","RNF12","D4","RepR3","S8","MSR","other"
"3036","FJ24-FJ25::chr9:2999602-3038819",5078,5080,1,2,2,"-","G","+",0,0,"-",2,2,"TCGTC","RNF12","D4","RepR3","S8","MSR","other"
"3037","FJ24-FJ25::chr9:2999602-3038819",5221,5223,0,2,0,"-","G","+",0,0,"-",2,0,"CCGTG","RNF12","D4","RepR3","S8","MSR","other"
"3038","FJ24-FJ25::chr9:2999602-3038819",6098,6100,0,1,0,"-","G","+",0,0,"-",1,0,"CCGTG","RNF12","D4","RepR3","S8","MSR","other"
"3039","FJ24-FJ25::chr9:2999602-3038819",6116,6118,0,1,0,"-","G","+",0,0,"-",1,0,"TCGCC","RNF12","D4","RepR3","S8","MSR","other"
"3040","FJ24-FJ25::chr9:2999602-3038819",6174,6176,1,1,1,"+","G","+",1,1,"-",0,0,"TTCGT","RNF12","D4","RepR3","S8","MSR","other"
"3041","FJ24-FJ25::chr9:2999602-3038819",6508,6510,1,2,2,"-","G","+",0,0,"-",2,2,"CCGTG","RNF12","D4","RepR3","S8","MSR","other"
"3042","FJ24-FJ25::chr9:2999602-3038819",6526,6528,1,1,1,"-","G","+",0,0,"-",1,1,"TCGCC","RNF12","D4","RepR3","S8","MSR","other"
"3043","FJ24-FJ25::chr9:2999602-3038819",6760,6762,1,1,1,"-","G","+",0,0,"-",1,1,"TCGCC","RNF12","D4","RepR3","S8","MSR","other"
"3044","FJ24-FJ25::chr9:2999602-3038819",7209,7211,0.882,144,127,"-","G","+",0,0,"-",144,127,"CCGTG","RNF12","D4","RepR3","S8","MSR","other"
"3045","FJ24-FJ25::chr9:2999602-3038819",7227,7229,0.905,137,124,"-","G","+",0,0,"-",137,124,"TCGCC","RNF12","D4","RepR3","S8","MSR","other"
"3046","FJ24-FJ25::chr9:2999602-3038819",7269,7271,0.5,4,2,"-","G","+",0,0,"-",4,2,"ACGTT","RNF12","D4","RepR3","S8","MSR","other"
"3047","FJ24-FJ25::chr9:2999602-3038819",7285,7287,1,3,3,"-","G","+",0,0,"-",3,3,"TCGTC","RNF12","D4","RepR3","S8","MSR","other"
"3048","FJ24-FJ25::chr9:2999602-3038819",7698,7700,1,6,6,"-","G","+",0,0,"-",6,6,"TCGCC","RNF12","D4","RepR3","S8","MSR","other"
"3049","FJ24-FJ25::chr9:2999602-3038819",7799,7801,1,8,8,"-","G","+",0,0,"-",8,8,"CCGTG","RNF12","D4","RepR3","S8","MSR","other"
"3050","FJ24-FJ25::chr9:2999602-3038819",7817,7819,1,9,9,"-","G","+",0,0,"-",9,9,"TCGCC","RNF12","D4","RepR3","S8","MSR","other"
"3051","FJ24-FJ25::chr9:2999602-3038819",8032,8034,1,10,10,"-","G","+",0,0,"-",10,10,"CCGTG","RNF12","D4","RepR3","S8","MSR","other"
"3052","FJ24-FJ25::chr9:2999602-3038819",8050,8052,0.857,7,6,"-","G","+",0,0,"-",7,6,"TCGCC","RNF12","D4","RepR3","S8","MSR","other"
"3053","FJ24-FJ25::chr9:2999602-3038819",8517,8519,1,3,3,"-","G","+",0,0,"-",3,3,"TCGCC","RNF12","D4","RepR3","S8","MSR","other"
"3054","FJ24-FJ25::chr9:2999602-3038819",8909,8911,0.895,76,68,"-","G","+",0,0,"-",76,68,"CCGTG","RNF12","D4","RepR3","S8","MSR","other"
"3055","FJ24-FJ25::chr9:2999602-3038819",9883,9885,0.8,10,8,"-","G","+",0,0,"-",10,8,"TCGCC","RNF12","D4","RepR3","S8","MSR","other"
"3056","FJ24-FJ25::chr9:2999602-3038819",9984,9986,1,2,2,"-","G","+",0,0,"-",2,2,"CCGTG","RNF12","D4","RepR3","S8","MSR","other"
"3057","FJ24-FJ25::chr9:2999602-3038819",10002,10004,0.667,3,2,"-","G","+",0,0,"-",3,2,"TCGCC","RNF12","D4","RepR3","S8","MSR","other"
"3058","FJ24-FJ25::chr9:2999602-3038819",10217,10219,0.841,63,53,"-","G","+",0,0,"-",63,53,"CCGTG","RNF12","D4","RepR3","S8","MSR","other"
"3059","FJ24-FJ25::chr9:2999602-3038819",10451,10453,1,5,5,"-","G","+",0,0,"-",5,5,"CCGTG","RNF12","D4","RepR3","S8","MSR","other"
"3060","FJ24-FJ25::chr9:2999602-3038819",10469,10471,1,2,2,"-","G","+",0,0,"-",2,2,"TCGCC","RNF12","D4","RepR3","S8","MSR","other"
"3061","FJ24-FJ25::chr9:2999602-3038819",10644,10646,1,1,1,"-","G","+",0,0,"-",1,1,"TCGCC","RNF12","D4","RepR3","S8","MSR","other"
"3062","FJ24-FJ25::chr9:2999602-3038819",10684,10686,1,1,1,"-","G","+",0,0,"-",1,1,"CCGTG","RNF12","D4","RepR3","S8","MSR","other"
"3063","FJ24-FJ25::chr9:2999602-3038819",11327,11329,0.827,98,81,"-","G","+",0,0,"-",98,81,"CCGTG","RNF12","D4","RepR3","S8","MSR","other"
"3064","FJ24-FJ25::chr9:2999602-3038819",11970,11972,1,2,2,"-","G","+",0,0,"-",2,2,"CCGTG","RNF12","D4","RepR3","S8","MSR","other"
"3065","FJ24-FJ25::chr9:2999602-3038819",11988,11990,1,1,1,"-","G","+",0,0,"-",1,1,"TCGCC","RNF12","D4","RepR3","S8","MSR","other"
"3066","FJ24-FJ25::chr9:2999602-3038819",13336,13338,1,17,17,"-","G","+",0,0,"-",17,17,"TCGCC","RNF12","D4","RepR3","S8","MSR","other"
"3067","FJ24-FJ25::chr9:2999602-3038819",13437,13439,0.8,5,4,"-","G","+",0,0,"-",5,4,"CCGTG","RNF12","D4","RepR3","S8","MSR","other"
"3068","FJ24-FJ25::chr9:2999602-3038819",13455,13457,0.6,5,3,"-","G","+",0,0,"-",5,3,"TCGCC","RNF12","D4","RepR3","S8","MSR","other"
"3069","FJ24-FJ25::chr9:2999602-3038819",13497,13499,1,1,1,"-","G","+",0,0,"-",1,1,"ACGTT","RNF12","D4","RepR3","S8","MSR","other"
"3070","FJ24-FJ25::chr9:2999602-3038819",13670,13672,0.931,58,54,"-","G","+",0,0,"-",58,54,"CCGTG","RNF12","D4","RepR3","S8","MSR","other"
"3071","FJ24-FJ25::chr9:2999602-3038819",13904,13906,1,8,8,"-","G","+",0,0,"-",8,8,"CCGTG","RNF12","D4","RepR3","S8","MSR","other"
"3072","FJ24-FJ25::chr9:2999602-3038819",13922,13924,1,3,3,"-","G","+",0,0,"-",3,3,"TCGCC","RNF12","D4","RepR3","S8","MSR","other"
"3073","FJ24-FJ25::chr9:2999602-3038819",14462,14464,1,1,1,"-","G","+",0,0,"-",1,1,"TCGTC","RNF12","D4","RepR3","S8","MSR","other"
"3074","FJ24-FJ25::chr9:2999602-3038819",14623,14625,0,1,0,"-","G","+",0,0,"-",1,0,"TCGCC","RNF12","D4","RepR3","S8","MSR","other"
"3075","FJ24-FJ25::chr9:2999602-3038819",14665,14667,1,1,1,"-","G","+",0,0,"-",1,1,"ACGTT","RNF12","D4","RepR3","S8","MSR","other"
"3076","FJ24-FJ25::chr9:2999602-3038819",14681,14683,1,1,1,"-","G","+",0,0,"-",1,1,"TCGTC","RNF12","D4","RepR3","S8","MSR","other"
"3077","FJ24-FJ25::chr9:2999602-3038819",14839,14841,1,5,5,"-","G","+",0,0,"-",5,5,"CCGTG","RNF12","D4","RepR3","S8","MSR","other"
"3078","FJ24-FJ25::chr9:2999602-3038819",15325,15327,0,2,0,"-","G","+",0,0,"-",2,0,"TCGCC","RNF12","D4","RepR3","S8","MSR","other"
"3079","FJ24-FJ25::chr9:2999602-3038819",15777,15779,1,2,2,"-","G","+",0,0,"-",2,2,"ACGTT","RNF12","D4","RepR3","S8","MSR","other"
"3080","FJ24-FJ25::chr9:2999602-3038819",15793,15795,1,2,2,"-","G","+",0,0,"-",2,2,"TCGTC","RNF12","D4","RepR3","S8","MSR","other"
"3081","FJ24-FJ25::chr9:2999602-3038819",15808,15810,1,2,2,"-","G","+",0,0,"-",2,2,"TCGTC","RNF12","D4","RepR3","S8","MSR","other"
"3082","FJ24-FJ25::chr9:2999602-3038819",15951,15953,1,1,1,"-","G","+",0,0,"-",1,1,"CCGTG","RNF12","D4","RepR3","S8","MSR","other"
"3083","FJ24-FJ25::chr9:2999602-3038819",16202,16204,1,2,2,"-","G","+",0,0,"-",2,2,"TCGCC","RNF12","D4","RepR3","S8","MSR","other"
"3084","FJ24-FJ25::chr9:2999602-3038819",16377,16379,1,2,2,"-","G","+",0,0,"-",2,2,"TCGCC","RNF12","D4","RepR3","S8","MSR","other"
"3085","FJ24-FJ25::chr9:2999602-3038819",16593,16595,0.5,4,2,"-","G","+",0,0,"-",4,2,"CCGTG","RNF12","D4","RepR3","S8","MSR","other"
"3086","FJ24-FJ25::chr9:2999602-3038819",17079,17081,1,1,1,"-","G","+",0,0,"-",1,1,"TCGCC","RNF12","D4","RepR3","S8","MSR","other"
"3087","FJ24-FJ25::chr9:2999602-3038819",17471,17473,0.896,154,138,"-","G","+",0,0,"-",154,138,"CCGTG","RNF12","D4","RepR3","S8","MSR","other"
"3088","FJ24-FJ25::chr9:2999602-3038819",17531,17533,0.889,9,8,"B","G","+",1,0,"-",8,8,"CACGT","RNF12","D4","RepR3","S8","MSR","other"
"3089","FJ24-FJ25::chr9:2999602-3038819",17547,17549,0.75,8,6,"B","G","+",1,0,"-",7,6,"TTCGT","RNF12","D4","RepR3","S8","MSR","other"
"3090","FJ24-FJ25::chr9:2999602-3038819",17562,17564,0.875,8,7,"B","G","+",1,0,"-",7,7,"GTCGT","RNF12","D4","RepR3","S8","MSR","other"
"3091","FJ24-FJ25::chr9:2999602-3038819",17605,17607,1,2,2,"-","G","+",0,0,"-",2,2,"TCGCC","RNF12","D4","RepR3","S8","MSR","other"
"3092","FJ24-FJ25::chr9:2999602-3038819",17705,17707,0.8,5,4,"-","G","+",0,0,"-",5,4,"CCGTG","RNF12","D4","RepR3","S8","MSR","other"
"3093","FJ24-FJ25::chr9:2999602-3038819",17956,17958,1,4,4,"-","G","+",0,0,"-",4,4,"TCGCC","RNF12","D4","RepR3","S8","MSR","other"
"3094","FJ24-FJ25::chr9:2999602-3038819",18131,18133,1,1,1,"-","G","+",0,0,"-",1,1,"TCGCC","RNF12","D4","RepR3","S8","MSR","other"
"3095","FJ24-FJ25::chr9:2999602-3038819",18348,18350,0.943,140,132,"-","G","+",0,0,"-",140,132,"CCGTG","RNF12","D4","RepR3","S8","MSR","other"
"3096","FJ24-FJ25::chr9:2999602-3038819",18408,18410,1,2,2,"-","G","+",0,0,"-",2,2,"ACGTT","RNF12","D4","RepR3","S8","MSR","other"
"3097","FJ24-FJ25::chr9:2999602-3038819",18424,18426,1,1,1,"-","G","+",0,0,"-",1,1,"TCGTC","RNF12","D4","RepR3","S8","MSR","other"
"3098","FJ24-FJ25::chr9:2999602-3038819",18439,18441,1,2,2,"-","G","+",0,0,"-",2,2,"TCGTC","RNF12","D4","RepR3","S8","MSR","other"
"3099","FJ24-FJ25::chr9:2999602-3038819",18482,18484,1,1,1,"-","G","+",0,0,"-",1,1,"TCGCC","RNF12","D4","RepR3","S8","MSR","other"
"3100","FJ24-FJ25::chr9:2999602-3038819",18582,18584,0.75,4,3,"-","G","+",0,0,"-",4,3,"CCGTG","RNF12","D4","RepR3","S8","MSR","other"
"3101","FJ24-FJ25::chr9:2999602-3038819",18727,18729,0.8,5,4,"-","G","+",0,0,"-",5,4,"ACGTC","RNF12","D4","RepR3","S8","MSR","other"
"3102","FJ24-FJ25::chr9:2999602-3038819",18815,18817,1,1,1,"-","G","+",0,0,"-",1,1,"CCGTG","RNF12","D4","RepR3","S8","MSR","other"
"3103","FJ24-FJ25::chr9:2999602-3038819",18833,18835,1,1,1,"-","G","+",0,0,"-",1,1,"TCGCA","RNF12","D4","RepR3","S8","MSR","other"
"3104","FJ24-FJ25::chr9:2999602-3038819",18875,18877,0.667,3,2,"-","G","+",0,0,"-",3,2,"ACGTT","RNF12","D4","RepR3","S8","MSR","other"
"3105","FJ24-FJ25::chr9:2999602-3038819",18891,18893,1,2,2,"-","G","+",0,0,"-",2,2,"TCGTC","RNF12","D4","RepR3","S8","MSR","other"
"3106","FJ24-FJ25::chr9:2999602-3038819",18906,18908,1,3,3,"-","G","+",0,0,"-",3,3,"TCGTC","RNF12","D4","RepR3","S8","MSR","other"
"3107","FJ24-FJ25::chr9:2999602-3038819",19049,19051,0.723,148,107,"-","G","+",0,0,"-",148,107,"CCGTG","RNF12","D4","RepR3","S8","MSR","other"
"3108","FJ24-FJ25::chr9:2999602-3038819",19663,19665,1,1,1,"-","G","+",0,0,"-",1,1,"ACGTC","RNF12","D4","RepR3","S8","MSR","other"
"3109","FJ24-FJ25::chr9:2999602-3038819",19984,19986,1,1,1,"-","G","+",0,0,"-",1,1,"CCGTG","RNF12","D4","RepR3","S8","MSR","other"
"3110","FJ24-FJ25::chr9:2999602-3038819",20470,20472,1,1,1,"-","G","+",0,0,"-",1,1,"TCGAC","RNF12","D4","RepR3","S8","MSR","other"
"3111","FJ24-FJ25::chr9:2999602-3038819",20527,20529,1,1,1,"-","G","+",0,0,"-",1,1,"TCGTC","RNF12","D4","RepR3","S8","MSR","other"
"3112","FJ24-FJ25::chr9:2999602-3038819",20685,20687,0.846,13,11,"-","G","+",0,0,"-",13,11,"CCGTG","RNF12","D4","RepR3","S8","MSR","other"
"3113","FJ24-FJ25::chr9:2999602-3038819",20703,20705,1,10,10,"-","G","+",0,0,"-",10,10,"TCGCC","RNF12","D4","RepR3","S8","MSR","other"
"3114","FJ24-FJ25::chr9:2999602-3038819",20918,20920,0.884,155,137,"-","G","+",0,0,"-",155,137,"CCGTG","RNF12","D4","RepR3","S8","MSR","other"
"3115","FJ24-FJ25::chr9:2999602-3038819",20936,20938,0.869,153,133,"-","G","+",0,0,"-",153,133,"TCGCC","RNF12","D4","RepR3","S8","MSR","other"
"3116","FJ24-FJ25::chr9:2999602-3038819",20978,20980,0.5,2,1,"-","G","+",0,0,"-",2,1,"ACGTT","RNF12","D4","RepR3","S8","MSR","other"
"3117","FJ24-FJ25::chr9:2999602-3038819",20994,20996,1,2,2,"-","G","+",0,0,"-",2,2,"TCGTC","RNF12","D4","RepR3","S8","MSR","other"
"3118","FJ24-FJ25::chr9:2999602-3038819",21228,21230,1,2,2,"-","G","+",0,0,"-",2,2,"TCGTC","RNF12","D4","RepR3","S8","MSR","other"
"3119","FJ24-FJ25::chr9:2999602-3038819",21243,21245,1,1,1,"-","G","+",0,0,"-",1,1,"TCGTC","RNF12","D4","RepR3","S8","MSR","other"
"3120","FJ24-FJ25::chr9:2999602-3038819",21404,21406,1,1,1,"-","G","+",0,0,"-",1,1,"TCGCC","RNF12","D4","RepR3","S8","MSR","other"
"3121","FJ24-FJ25::chr9:2999602-3038819",21446,21448,1,1,1,"-","G","+",0,0,"-",1,1,"ACGTT","RNF12","D4","RepR3","S8","MSR","other"
"3122","FJ24-FJ25::chr9:2999602-3038819",21462,21464,1,1,1,"-","G","+",0,0,"-",1,1,"TCGTC","RNF12","D4","RepR3","S8","MSR","other"
"3123","FJ24-FJ25::chr9:2999602-3038819",21620,21622,1,4,4,"-","G","+",0,0,"-",4,4,"CCGTG","RNF12","D4","RepR3","S8","MSR","other"
"3124","FJ24-FJ25::chr9:2999602-3038819",22498,22500,0.886,176,156,"-","G","+",0,0,"-",176,156,"CCGTG","RNF12","D4","RepR3","S8","MSR","other"
"3125","FJ24-FJ25::chr9:2999602-3038819",22558,22560,1,2,2,"-","G","+",0,0,"-",2,2,"ACGTT","RNF12","D4","RepR3","S8","MSR","other"
"3126","FJ24-FJ25::chr9:2999602-3038819",22574,22576,1,2,2,"-","G","+",0,0,"-",2,2,"TCGTC","RNF12","D4","RepR3","S8","MSR","other"
"3127","FJ24-FJ25::chr9:2999602-3038819",22589,22591,1,1,1,"-","G","+",0,0,"-",1,1,"TCGTC","RNF12","D4","RepR3","S8","MSR","other"
"3128","FJ24-FJ25::chr9:2999602-3038819",22632,22634,0,1,0,"-","G","+",0,0,"-",1,0,"TCGCC","RNF12","D4","RepR3","S8","MSR","other"
"3129","FJ24-FJ25::chr9:2999602-3038819",22732,22734,1,3,3,"-","G","+",0,0,"-",3,3,"CCGTG","RNF12","D4","RepR3","S8","MSR","other"
"3130","FJ24-FJ25::chr9:2999602-3038819",22877,22879,0.5,2,1,"-","G","+",0,0,"-",2,1,"ACGTC","RNF12","D4","RepR3","S8","MSR","other"
"3131","FJ24-FJ25::chr9:2999602-3038819",22925,22927,1,1,1,"+","G","+",1,1,"-",0,0,"CTCGC","RNF12","D4","RepR3","S8","MSR","other"
"3132","FJ24-FJ25::chr9:2999602-3038819",22937,22939,1,1,1,"+","G","+",1,1,"-",0,0,"CACGT","RNF12","D4","RepR3","S8","MSR","other"
"3133","FJ24-FJ25::chr9:2999602-3038819",22965,22967,0.863,95,82,"B","G","+",1,0,"-",94,82,"TCCGT","RNF12","D4","RepR3","S8","MSR","other"
"3134","FJ24-FJ25::chr9:2999602-3038819",23025,23027,0,1,0,"+","G","+",1,0,"-",0,0,"CACGT","RNF12","D4","RepR3","S8","MSR","other"
"3135","FJ24-FJ25::chr9:2999602-3038819",23451,23453,0,1,0,"-","G","+",0,0,"-",1,0,"TCGCA","RNF12","D4","RepR3","S8","MSR","other"
"3136","FJ24-FJ25::chr9:2999602-3038819",23626,23628,1,1,1,"-","G","+",0,0,"-",1,1,"TCGCC","RNF12","D4","RepR3","S8","MSR","other"
"3137","FJ24-FJ25::chr9:2999602-3038819",23843,23845,0.571,7,4,"-","G","+",0,0,"-",7,4,"CCGTG","RNF12","D4","RepR3","S8","MSR","other"
"3138","FJ24-FJ25::chr9:2999602-3038819",23934,23936,1,1,1,"-","G","+",0,0,"-",1,1,"TCGTC","RNF12","D4","RepR3","S8","MSR","other"
"3139","FJ24-FJ25::chr9:2999602-3038819",24077,24079,0.708,168,119,"-","G","+",0,0,"-",168,119,"CCGTG","RNF12","D4","RepR3","S8","MSR","other"
"3140","FJ24-FJ25::chr9:2999602-3038819",24311,24313,1,11,11,"-","G","+",0,0,"-",11,11,"CCGTG","RNF12","D4","RepR3","S8","MSR","other"
"3141","FJ24-FJ25::chr9:2999602-3038819",24329,24331,1,9,9,"-","G","+",0,0,"-",9,9,"TCGCC","RNF12","D4","RepR3","S8","MSR","other"
"3142","FJ24-FJ25::chr9:2999602-3038819",24504,24506,0.333,3,1,"B","G","+",1,0,"-",2,1,"CTCGC","RNF12","D4","RepR3","S8","MSR","other"
"3143","FJ24-FJ25::chr9:2999602-3038819",24516,24518,0.667,3,2,"B","G","+",1,0,"-",2,2,"CACGT","RNF12","D4","RepR3","S8","MSR","other"
"3144","FJ24-FJ25::chr9:2999602-3038819",24544,24546,0.942,171,161,"B","G","+",1,1,"-",170,160,"TCCGT","RNF12","D4","RepR3","S8","MSR","other"
"3145","FJ24-FJ25::chr9:2999602-3038819",24562,24564,0.788,170,134,"B","G","+",1,1,"-",169,133,"CTCGC","RNF12","D4","RepR3","S8","MSR","other"
"3146","FJ24-FJ25::chr9:2999602-3038819",24604,24606,1,4,4,"-","G","+",0,0,"-",4,4,"ACGTT","RNF12","D4","RepR3","S8","MSR","other"
"3147","FJ24-FJ25::chr9:2999602-3038819",24620,24622,1,3,3,"-","G","+",0,0,"-",3,3,"TCGAC","RNF12","D4","RepR3","S8","MSR","other"
"3148","FJ24-FJ25::chr9:2999602-3038819",24778,24780,1,5,5,"B","G","+",2,2,"-",3,3,"TCCGT","RNF12","D4","RepR3","S8","MSR","other"
"3149","FJ24-FJ25::chr9:2999602-3038819",24796,24798,1,4,4,"B","G","+",2,2,"-",2,2,"CTCGC","RNF12","D4","RepR3","S8","MSR","other"
"3150","FJ24-FJ25::chr9:2999602-3038819",24838,24840,0.875,8,7,"B","G","+",2,2,"-",6,5,"CACGT","RNF12","D4","RepR3","S8","MSR","other"
"3151","FJ24-FJ25::chr9:2999602-3038819",24854,24856,0.9,10,9,"B","G","+",2,2,"-",8,7,"TTCGT","RNF12","D4","RepR3","S8","MSR","other"
"3152","FJ24-FJ25::chr9:2999602-3038819",24869,24871,0.867,15,13,"B","G","+",2,2,"-",13,11,"GTCGT","RNF12","D4","RepR3","S8","MSR","other"
"3153","FJ24-FJ25::chr9:2999602-3038819",25012,25014,0.768,151,116,"-","G","+",0,0,"-",151,116,"CCGTG","RNF12","D4","RepR3","S8","MSR","other"
"3154","FJ24-FJ25::chr9:2999602-3038819",25246,25248,1,13,13,"-","G","+",0,0,"-",13,13,"CCGTG","RNF12","D4","RepR3","S8","MSR","other"
"3155","FJ24-FJ25::chr9:2999602-3038819",25264,25266,0.875,8,7,"-","G","+",0,0,"-",8,7,"TCGCC","RNF12","D4","RepR3","S8","MSR","other"
"3156","FJ24-FJ25::chr9:2999602-3038819",25479,25481,1,4,4,"-","G","+",0,0,"-",4,4,"CCGTG","RNF12","D4","RepR3","S8","MSR","other"
"3157","FJ24-FJ25::chr9:2999602-3038819",25497,25499,1,6,6,"-","G","+",0,0,"-",6,6,"TCGCC","RNF12","D4","RepR3","S8","MSR","other"
"3158","FJ24-FJ25::chr9:2999602-3038819",25713,25715,1,1,1,"-","G","+",0,0,"-",1,1,"CCGTG","RNF12","D4","RepR3","S8","MSR","other"
"3159","FJ24-FJ25::chr9:2999602-3038819",25731,25733,1,1,1,"-","G","+",0,0,"-",1,1,"TCGCC","RNF12","D4","RepR3","S8","MSR","other"
"3160","FJ24-FJ25::chr9:2999602-3038819",25946,25948,0.962,157,151,"-","G","+",0,0,"-",157,151,"CCGTG","RNF12","D4","RepR3","S8","MSR","other"
"3161","FJ24-FJ25::chr9:2999602-3038819",25964,25966,0.923,156,144,"-","G","+",0,0,"-",156,144,"TCGCC","RNF12","D4","RepR3","S8","MSR","other"
"3162","FJ24-FJ25::chr9:2999602-3038819",26414,26416,1,2,2,"-","G","+",0,0,"-",2,2,"CCGTG","RNF12","D4","RepR3","S8","MSR","other"
"3163","FJ24-FJ25::chr9:2999602-3038819",27077,27079,1,1,1,"+","G","+",1,1,"-",0,0,"CTCGC","RNF12","D4","RepR3","S8","MSR","other"
"3164","FJ24-FJ25::chr9:2999602-3038819",27117,27119,0,1,0,"+","G","+",1,0,"-",0,0,"TTCGT","RNF12","D4","RepR3","S8","MSR","other"
"3165","FJ24-FJ25::chr9:2999602-3038819",28053,28055,0.636,22,14,"-","G","+",0,0,"-",22,14,"CCGTG","RNF12","D4","RepR3","S8","MSR","other"
"3166","FJ24-FJ25::chr9:2999602-3038819",28287,28289,0.75,4,3,"-","G","+",0,0,"-",4,3,"CCGTG","RNF12","D4","RepR3","S8","MSR","other"
"3167","FJ24-FJ25::chr9:2999602-3038819",28521,28523,0.798,94,75,"-","G","+",0,0,"-",94,75,"CCGTG","RNF12","D4","RepR3","S8","MSR","other"
"3168","FJ24-FJ25::chr9:2999602-3038819",29223,29225,0.941,102,96,"-","G","+",0,0,"-",102,96,"CCGTG","RNF12","D4","RepR3","S8","MSR","other"
"3169","FJ24-FJ25::chr9:2999602-3038819",29457,29459,1,2,2,"-","G","+",0,0,"-",2,2,"CCGTG","RNF12","D4","RepR3","S8","MSR","other"
"3170","FJ24-FJ25::chr9:2999602-3038819",29944,29946,1,2,2,"-","G","+",0,0,"-",2,2,"TCGCC","RNF12","D4","RepR3","S8","MSR","other"
"3171","FJ24-FJ25::chr9:2999602-3038819",31098,31100,0.636,11,7,"-","G","+",0,0,"-",11,7,"CCGTG","RNF12","D4","RepR3","S8","MSR","other"
"3172","FJ24-FJ25::chr9:2999602-3038819",31679,31681,0.71,124,88,"-","G","+",0,0,"-",124,88,"CCGTG","RNF12","D4","RepR3","S8","MSR","other"
"3173","FJ24-FJ25::chr9:2999602-3038819",31739,31741,0,2,0,"-","G","+",0,0,"-",2,0,"ACGTT","RNF12","D4","RepR3","S8","MSR","other"
"3174","FJ24-FJ25::chr9:2999602-3038819",31755,31757,1,2,2,"-","G","+",0,0,"-",2,2,"TCGTC","RNF12","D4","RepR3","S8","MSR","other"
"3175","FJ24-FJ25::chr9:2999602-3038819",32615,32617,0.778,9,7,"-","G","+",0,0,"-",9,7,"CCGTG","RNF12","D4","RepR3","S8","MSR","other"
"3176","FJ24-FJ25::chr9:2999602-3038819",32849,32851,0.963,27,26,"-","G","+",0,0,"-",27,26,"CCGTG","RNF12","D4","RepR3","S8","MSR","other"
"3177","FJ24-FJ25::chr9:2999602-3038819",32867,32869,1,29,29,"-","G","+",0,0,"-",29,29,"TCGCC","RNF12","D4","RepR3","S8","MSR","other"
"3178","FJ24-FJ25::chr9:2999602-3038819",33317,33319,0.857,7,6,"-","G","+",0,0,"-",7,6,"CCGTG","RNF12","D4","RepR3","S8","MSR","other"
"3179","FJ24-FJ25::chr9:2999602-3038819",33335,33337,1,5,5,"-","G","+",0,0,"-",5,5,"TCGCC","RNF12","D4","RepR3","S8","MSR","other"
"3180","FJ24-FJ25::chr9:2999602-3038819",34193,34195,0.796,98,78,"-","G","+",0,0,"-",98,78,"CCGTG","RNF12","D4","RepR3","S8","MSR","other"
"3181","FJ24-FJ25::chr9:2999602-3038819",34621,34623,0,1,0,"-","G","+",0,0,"-",1,0,"TCGCC","RNF12","D4","RepR3","S8","MSR","other"
"3182","FJ24-FJ25::chr9:2999602-3038819",34633,34635,1,1,1,"-","G","+",0,0,"-",1,1,"ACGTC","RNF12","D4","RepR3","S8","MSR","other"
"3183","FJ24-FJ25::chr9:2999602-3038819",34895,34897,0.857,14,12,"-","G","+",0,0,"-",14,12,"CCGTG","RNF12","D4","RepR3","S8","MSR","other"
"3184","FJ24-FJ25::chr9:2999602-3038819",35101,35103,1,1,1,"+","G","+",1,1,"-",0,0,"CACGT","RNF12","D4","RepR3","S8","MSR","other"
"3185","FJ24-FJ25::chr9:2999602-3038819",35129,35131,0.5,2,1,"B","G","+",1,1,"-",1,0,"TTCGT","RNF12","D4","RepR3","S8","MSR","other"
"3186","FJ24-FJ25::chr9:2999602-3038819",35597,35599,0.588,177,104,"B","G","+",1,1,"-",176,103,"TCCGT","RNF12","D4","RepR3","S8","MSR","other"
"3187","FJ24-FJ25::chr9:2999602-3038819",36066,36068,0,1,0,"-","G","+",0,0,"-",1,0,"TCGTG","RNF12","D4","RepR3","S8","MSR","other"
"3188","FJ24-FJ25::chr9:2999602-3038819",36299,36301,1,2,2,"-","G","+",0,0,"-",2,2,"CCGTG","RNF12","D4","RepR3","S8","MSR","other"
"3189","FJ24-FJ25::chr9:2999602-3038819",36475,36477,0.75,8,6,"-","G","+",0,0,"-",8,6,"CCGTG","RNF12","D4","RepR3","S8","MSR","other"
"3190","FJ24-FJ25::chr9:2999602-3038819",36493,36495,1,6,6,"-","G","+",0,0,"-",6,6,"TCGCC","RNF12","D4","RepR3","S8","MSR","other"
"3191","FJ24-FJ25::chr9:2999602-3038819",37641,37643,0.833,6,5,"-","G","+",0,0,"-",6,5,"CCGTG","RNF12","D4","RepR3","S8","MSR","other"
"3192","FJ24-FJ25::chr9:2999602-3038819",37659,37661,0.167,6,1,"-","G","+",0,0,"-",6,1,"TCGCC","RNF12","D4","RepR3","S8","MSR","other"
"3193","FJ24-FJ25::chr9:2999602-3038819",38343,38345,0.5,6,3,"-","G","+",0,0,"-",6,3,"CCGTG","RNF12","D4","RepR3","S8","MSR","other"
"3194","FJ24-FJ25::chr9:2999602-3038819",38361,38363,0.833,6,5,"-","G","+",0,0,"-",6,5,"TCGCC","RNF12","D4","RepR3","S8","MSR","other"
"3195","FJ24-FJ25::chr9:2999602-3038819",38403,38405,1,1,1,"+","G","+",1,1,"-",0,0,"CACGT","RNF12","D4","RepR3","S8","MSR","other"
"3196","FJ24-FJ25::chr9:2999602-3038819",38419,38421,1,1,1,"+","G","+",1,1,"-",0,0,"TTCGT","RNF12","D4","RepR3","S8","MSR","other"
"3197","FJ24-FJ25::chr9:2999602-3038819",38489,38491,1,1,1,"-","G","+",0,0,"-",1,1,"ACGTC","RNF12","D4","RepR3","S8","MSR","other"
"3198","FJ24-FJ25::chr9:35304805-35306009",436,438,1,2,2,"+","G","+",2,2,"-",0,0,"TGCGA","RNF12","D4","RepR3","S8","MSR","other"
"3199","FJ24-FJ25::chr9:35304805-35306009",454,456,0,2,0,"+","G","+",2,0,"-",0,0,"CACGG","RNF12","D4","RepR3","S8","MSR","other"
"3200","FJ24-FJ25::chr9:35304805-35306009",612,614,0.857,7,6,"+","G","+",7,6,"-",0,0,"GACGA","RNF12","D4","RepR3","S8","MSR","other"
"3201","FJ24-FJ25::chr9:35304805-35306009",628,630,0.9,10,9,"+","G","+",10,9,"-",0,0,"AACGT","RNF12","D4","RepR3","S8","MSR","other"
"3202","FJ24-FJ25::chr9:35304805-35306009",688,690,0.818,22,18,"+","G","+",22,18,"-",0,0,"CACGG","RNF12","D4","RepR3","S8","MSR","other"
"3203","FJ24-FJ25::chr9:35304805-35306009",776,778,0.875,8,7,"+","G","+",8,7,"-",0,0,"GACGT","RNF12","D4","RepR3","S8","MSR","other"
"3204","FJ28-FJ29.FJ26-FJ27::chrX:103482701-103483891",480,482,0.893,56,50,"+","G","+",56,50,"-",0,0,"CACGG","RNF12","D4","RepR3","S8","RE58","RE58_CGI_2"
"3205","FJ28-FJ29.FJ26-FJ27::chrX:103482701-103483891",489,491,0.937,63,59,"+","G","+",63,59,"-",0,0,"ACCGC","RNF12","D4","RepR3","S8","RE58","RE58_CGI_2"
"3206","FJ28-FJ29.FJ26-FJ27::chrX:103482701-103483891",499,501,0.934,61,57,"+","G","+",61,57,"-",0,0,"CACGG","RNF12","D4","RepR3","S8","RE58","RE58_CGI_2"
"3207","FJ28-FJ29.FJ26-FJ27::chrX:103482701-103483891",506,508,0.918,61,56,"+","G","+",61,56,"-",0,0,"AACGA","RNF12","D4","RepR3","S8","RE58","RE58_CGI_2"
"3208","FJ28-FJ29.FJ26-FJ27::chrX:103482701-103483891",530,532,0.921,63,58,"+","G","+",63,58,"-",0,0,"GCCGT","RNF12","D4","RepR3","S8","RE58","RE58_CGI_2"
"3209","FJ28-FJ29.FJ26-FJ27::chrX:103482701-103483891",537,539,0.906,64,58,"+","G","+",64,58,"-",0,0,"CACGC","RNF12","D4","RepR3","S8","RE58","RE58_CGI_2"
"3210","FJ28-FJ29.FJ26-FJ27::chrX:103482701-103483891",552,554,0.765,68,52,"+","G","+",68,52,"-",0,0,"TCCGC","RNF12","D4","RepR3","S8","RE58","RE58_CGI_2"
"3211","FJ28-FJ29.FJ26-FJ27::chrX:103482701-103483891",554,556,0.957,70,67,"+","G","+",70,67,"-",0,0,"CGCGG","RNF12","D4","RepR3","S8","RE58","RE58_CGI_2"
"3212","FJ28-FJ29.FJ26-FJ27::chrX:103482701-103483891",557,559,0.889,72,64,"+","G","+",72,64,"-",0,0,"GGCGC","RNF12","D4","RepR3","S8","RE58","RE58_CGI_2"
"3213","FJ28-FJ29.FJ26-FJ27::chrX:103482701-103483891",566,568,0.986,70,69,"+","G","+",70,69,"-",0,0,"GGCGG","RNF12","D4","RepR3","S8","RE58","RE58_CGI_2"
"3214","FJ28-FJ29.FJ26-FJ27::chrX:103482701-103483891",675,677,0.992,124,123,"B","G","+",75,74,"-",49,49,"TACGT","RNF12","D4","RepR3","S8","RE58","RE58_CGI_1"
"3215","FJ28-FJ29.FJ26-FJ27::chrX:103482701-103483891",694,696,0.943,123,116,"B","G","+",75,68,"-",48,48,"GACGC","RNF12","D4","RepR3","S8","RE58","RE58_CGI_1"
"3216","FJ28-FJ29.FJ26-FJ27::chrX:103482701-103483891",696,698,0.918,122,112,"B","G","+",74,64,"-",48,48,"CGCGT","RNF12","D4","RepR3","S8","RE58","RE58_CGI_1"
"3217","FJ28-FJ29.FJ26-FJ27::chrX:103482701-103483891",715,717,0.927,123,114,"B","G","+",75,66,"-",48,48,"TGCGC","RNF12","D4","RepR3","S8","RE58","RE58_CGI_1"
"3218","FJ28-FJ29.FJ26-FJ27::chrX:103482701-103483891",717,719,0.927,123,114,"B","G","+",75,66,"-",48,48,"CGCGA","RNF12","D4","RepR3","S8","RE58","RE58_CGI_1"
"3219","FJ28-FJ29.FJ26-FJ27::chrX:103482701-103483891",753,755,0.708,72,51,"B","G","+",33,12,"-",39,39,"AACGT","RNF12","D4","RepR3","S8","RE58","RE58_CGI_1"
"3220","FJ14-FJ15.FJ10-FJ11::chrX:103481327-103482781",433,435,0.746,4352,3247,"+","G","+",4352,3247,"-",0,0,"TCCGC","RNF12","D4","RepR4","S2","RE57","RE57_YY1"
"3221","FJ14-FJ15.FJ10-FJ11::chrX:103481327-103482781",520,522,0.859,879,755,"+","G","+",879,755,"-",0,0,"TGCGT","RNF12","D4","RepR4","S2","RE57","RE57_YY1"
"3222","FJ14-FJ15.FJ10-FJ11::chrX:103481327-103482781",528,530,0.859,849,729,"+","G","+",849,729,"-",0,0,"ACCGC","RNF12","D4","RepR4","S2","RE57","RE57_YY1"
"3223","FJ14-FJ15.FJ10-FJ11::chrX:103481327-103482781",546,548,0.809,768,621,"+","G","+",768,621,"-",0,0,"GCCGC","RNF12","D4","RepR4","S2","RE57","RE57_YY1"
"3224","FJ14-FJ15.FJ10-FJ11::chrX:103481327-103482781",563,565,0.879,787,692,"+","G","+",787,692,"-",0,0,"TACGA","RNF12","D4","RepR4","S2","RE57","RE57_YY1"
"3225","FJ14-FJ15.FJ10-FJ11::chrX:103481327-103482781",617,619,0.865,1893,1637,"+","G","+",1893,1637,"-",0,0,"GTCGA","RNF12","D4","RepR4","S2","RE57","RE57_YY1"
"3226","FJ14-FJ15.FJ10-FJ11::chrX:103481327-103482781",624,626,0.831,2237,1859,"+","G","+",2237,1859,"-",0,0,"CTCGG","RNF12","D4","RepR4","S2","RE57","RE57_YY1"
"3227","FJ14-FJ15.FJ10-FJ11::chrX:103481327-103482781",637,639,0.852,2367,2017,"+","G","+",2367,2017,"-",0,0,"CCCGA","RNF12","D4","RepR4","S2","RE57","RE57_YY1"
"3228","FJ14-FJ15.FJ10-FJ11::chrX:103481327-103482781",642,644,0.734,2419,1776,"+","G","+",2419,1776,"-",0,0,"GCCGC","RNF12","D4","RepR4","S2","RE57","RE57_YY1"
"3229","FJ14-FJ15.FJ10-FJ11::chrX:103481327-103482781",736,738,0.824,329,271,"+","G","+",329,271,"-",0,0,"CACGC","RNF12","D4","RepR4","S2","RE57","RE57_CGI"
"3230","FJ14-FJ15.FJ10-FJ11::chrX:103481327-103482781",763,765,0.888,161,143,"+","G","+",161,143,"-",0,0,"TGCGG","RNF12","D4","RepR4","S2","RE57","RE57_CGI"
"3231","FJ14-FJ15.FJ10-FJ11::chrX:103481327-103482781",770,772,0.946,148,140,"+","G","+",148,140,"-",0,0,"TCCGC","RNF12","D4","RepR4","S2","RE57","RE57_CGI"
"3232","FJ14-FJ15.FJ10-FJ11::chrX:103481327-103482781",772,774,0.958,142,136,"+","G","+",142,136,"-",0,0,"CGCGC","RNF12","D4","RepR4","S2","RE57","RE57_CGI"
"3233","FJ14-FJ15.FJ10-FJ11::chrX:103481327-103482781",780,782,0.856,132,113,"+","G","+",132,113,"-",0,0,"ACCGC","RNF12","D4","RepR4","S2","RE57","RE57_CGI"
"3234","FJ14-FJ15.FJ10-FJ11::chrX:103481327-103482781",792,794,0.931,116,108,"+","G","+",116,108,"-",0,0,"TACGA","RNF12","D4","RepR4","S2","RE57","RE57_CGI"
"3235","FJ14-FJ15.FJ10-FJ11::chrX:103481327-103482781",817,819,0.897,58,52,"+","G","+",58,52,"-",0,0,"TCCGG","RNF12","D4","RepR4","S2","RE57","RE57_CGI"
"3236","FJ14-FJ15.FJ10-FJ11::chrX:103481327-103482781",832,834,0.938,48,45,"+","G","+",48,45,"-",0,0,"CCCGC","RNF12","D4","RepR4","S2","RE57","RE57_CGI"
"3237","FJ14-FJ15.FJ10-FJ11::chrX:103481327-103482781",856,858,0.8,10,8,"+","G","+",10,8,"-",0,0,"GGCGA","RNF12","D4","RepR4","S2","RE57","intermediate_RE57"
"3238","FJ14-FJ15.FJ10-FJ11::chrX:103481327-103482781",863,865,1,16,16,"+","G","+",16,16,"-",0,0,"CCCGC","RNF12","D4","RepR4","S2","RE57","intermediate_RE57"
"3239","FJ14-FJ15.FJ10-FJ11::chrX:103481327-103482781",871,873,1,19,19,"+","G","+",19,19,"-",0,0,"CCCGC","RNF12","D4","RepR4","S2","RE57","intermediate_RE57"
"3240","FJ14-FJ15.FJ10-FJ11::chrX:103481327-103482781",899,901,0.902,51,46,"+","G","+",51,46,"-",0,0,"AGCGC","RNF12","D4","RepR4","S2","RE57","intermediate_RE57"
"3241","FJ14-FJ15.FJ10-FJ11::chrX:103481327-103482781",904,906,0.812,64,52,"+","G","+",64,52,"-",0,0,"AGCGC","RNF12","D4","RepR4","S2","RE57","intermediate_RE57"
"3242","FJ14-FJ15.FJ10-FJ11::chrX:103481327-103482781",929,931,0.906,192,174,"+","G","+",192,174,"-",0,0,"TCCGC","RNF12","D4","RepR4","S2","RE57","RE57_CGI"
"3243","FJ14-FJ15.FJ10-FJ11::chrX:103481327-103482781",941,943,0.873,251,219,"+","G","+",251,219,"-",0,0,"CTCGG","RNF12","D4","RepR4","S2","RE57","RE57_CGI"
"3244","FJ14-FJ15.FJ10-FJ11::chrX:103481327-103482781",959,961,0.935,370,346,"+","G","+",370,346,"-",0,0,"GGCGT","RNF12","D4","RepR4","S2","RE57","RE57_CGI"
"3245","FJ14-FJ15.FJ10-FJ11::chrX:103481327-103482781",970,972,0.909,481,437,"+","G","+",481,437,"-",0,0,"CTCGA","RNF12","D4","RepR4","S2","RE57","RE57_CGI"
"3246","FJ14-FJ15.FJ10-FJ11::chrX:103481327-103482781",980,982,0.892,592,528,"+","G","+",592,528,"-",0,0,"GCCGT","RNF12","D4","RepR4","S2","RE57","RE57_CGI"
"3247","FJ14-FJ15.FJ10-FJ11::chrX:103481327-103482781",987,989,0.904,666,602,"+","G","+",666,602,"-",0,0,"CACGC","RNF12","D4","RepR4","S2","RE57","RE57_CGI"
"3248","FJ14-FJ15.FJ10-FJ11::chrX:103481327-103482781",1004,1006,0.867,772,669,"+","G","+",772,669,"-",0,0,"GGCGG","RNF12","D4","RepR4","S2","RE57","RE57_CGI"
"3249","FJ14-FJ15.FJ10-FJ11::chrX:103481327-103482781",1008,1010,0.864,788,681,"+","G","+",788,681,"-",0,0,"GACGC","RNF12","D4","RepR4","S2","RE57","RE57_CGI"
"3250","FJ14-FJ15.FJ10-FJ11::chrX:103481327-103482781",1010,1012,0.826,765,632,"+","G","+",765,632,"-",0,0,"CGCGG","RNF12","D4","RepR4","S2","RE57","RE57_CGI"
"3251","FJ14-FJ15.FJ10-FJ11::chrX:103481327-103482781",1021,1023,0.905,807,730,"+","G","+",807,730,"-",0,0,"CACGC","RNF12","D4","RepR4","S2","RE57","RE57_CGI"
"3252","FJ24-FJ25.FJ24-FJ25.FJ24-FJ25.FJ24-FJ25.FJ24-FJ25.FJ24-FJ25.FJ24-FJ25.FJ24-FJ25::chrX:75658294-75672942",71,73,0,6,0,"+","G","+",6,0,"-",0,0,"ACCGA","RNF12","D4","RepR4","S2","MSR","other"
"3253","FJ24-FJ25.FJ24-FJ25.FJ24-FJ25.FJ24-FJ25.FJ24-FJ25.FJ24-FJ25.FJ24-FJ25.FJ24-FJ25::chrX:75658294-75672942",212,214,0.52,25,13,"B","G","+",18,7,"-",7,6,"CCCGG","RNF12","D4","RepR4","S2","MSR","other"
"3254","FJ24-FJ25.FJ24-FJ25.FJ24-FJ25.FJ24-FJ25.FJ24-FJ25.FJ24-FJ25.FJ24-FJ25.FJ24-FJ25::chrX:75658294-75672942",6296,6298,0,1,0,"+","G","+",1,0,"-",0,0,"AACGC","RNF12","D4","RepR4","S2","MSR","other"
"3255","FJ24-FJ25.FJ24-FJ25.FJ24-FJ25::chrX:75646518-75653780",131,133,0.75,24,18,"B","G","+",6,4,"-",18,14,"CCCGG","RNF12","D4","RepR4","S2","MSR","other"
"3256","FJ24-FJ25.FJ24-FJ25.FJ24-FJ25::chrX:75646518-75653780",177,179,0.821,39,32,"B","G","+",35,29,"-",4,3,"GGCGG","RNF12","D4","RepR4","S2","MSR","other"
"3257","FJ24-FJ25.FJ24-FJ25.FJ24-FJ25::chrX:75646518-75653780",210,212,1,1,1,"-","G","+",0,0,"-",1,1,"ACGCA","RNF12","D4","RepR4","S2","MSR","other"
"3258","FJ24-FJ25.FJ24-FJ25.FJ24-FJ25::chrX:75646518-75653780",7048,7050,0.714,21,15,"B","G","+",5,4,"-",16,11,"TCCGG","RNF12","D4","RepR4","S2","MSR","other"
"3259","FJ24-FJ25.FJ24-FJ25.FJ24-FJ25::chrX:75646518-75653780",7189,7191,0.8,5,4,"B","G","+",4,4,"-",1,0,"GTCGG","RNF12","D4","RepR4","S2","MSR","other"
"3260","FJ24-FJ25.FJ24-FJ25.FJ24-FJ25::chrX:75653690-75658384",131,133,0.8,10,8,"B","G","+",2,2,"-",8,6,"CCCGG","RNF12","D4","RepR4","S2","MSR","other"
"3261","FJ24-FJ25.FJ24-FJ25.FJ24-FJ25::chrX:75653690-75658384",177,179,0.724,29,21,"B","G","+",27,19,"-",2,2,"GGCGG","RNF12","D4","RepR4","S2","MSR","other"
"3262","FJ24-FJ25.FJ24-FJ25.FJ24-FJ25::chrX:75653690-75658384",210,212,1,2,2,"-","G","+",0,0,"-",2,2,"ACGCA","RNF12","D4","RepR4","S2","MSR","other"
"3263","FJ24-FJ25.FJ24-FJ25.FJ24-FJ25::chrX:75653690-75658384",920,922,0,2,0,"-","G","+",0,0,"-",2,0,"GCGTT","RNF12","D4","RepR4","S2","MSR","other"
"3264","FJ24-FJ25.FJ24-FJ25.FJ24-FJ25::chrX:75653690-75658384",946,948,1,2,2,"-","G","+",0,0,"-",2,2,"GCGAT","RNF12","D4","RepR4","S2","MSR","other"
"3265","FJ24-FJ25.FJ24-FJ25.FJ24-FJ25::chrX:75653690-75658384",953,955,1,2,2,"-","G","+",0,0,"-",2,2,"TCGCC","RNF12","D4","RepR4","S2","MSR","other"
"3266","FJ24-FJ25.FJ24-FJ25.FJ24-FJ25::chrX:75653690-75658384",4482,4484,1,4,4,"+","G","+",4,4,"-",0,0,"TGCGT","RNF12","D4","RepR4","S2","MSR","other"
"3267","FJ24-FJ25.FJ24-FJ25.FJ24-FJ25::chrX:75653690-75658384",4515,4517,0.909,55,50,"B","G","+",8,6,"-",47,44,"GCCGC","RNF12","D4","RepR4","S2","MSR","other"
"3268","FJ24-FJ25.FJ24-FJ25.FJ24-FJ25::chrX:75653690-75658384",4561,4563,0.8,20,16,"B","G","+",16,14,"-",4,2,"TCCGG","RNF12","D4","RepR4","S2","MSR","other"
"3269","FJ24-FJ25.FJ24-FJ25::chr11:3099610-3105149",1675,1677,0.75,4,3,"-","G","+",0,0,"-",4,3,"TCGCC","RNF12","D4","RepR4","S2","MSR","other"
"3270","FJ24-FJ25.FJ24-FJ25::chr11:3099610-3105149",1950,1952,1,1,1,"-","G","+",0,0,"-",1,1,"ACGTT","RNF12","D4","RepR4","S2","MSR","other"
"3271","FJ24-FJ25.FJ24-FJ25::chr11:3099610-3105149",2009,2011,0,2,0,"-","G","+",0,0,"-",2,0,"ACGTT","RNF12","D4","RepR4","S2","MSR","other"
"3272","FJ24-FJ25.FJ24-FJ25::chr11:3099610-3105149",4199,4201,1,2,2,"-","G","+",0,0,"-",2,2,"TCGCC","RNF12","D4","RepR4","S2","MSR","other"
"3273","FJ24-FJ25.FJ24-FJ25::chr11:3099610-3105149",5187,5189,1,1,1,"+","G","+",1,1,"-",0,0,"GGCGC","RNF12","D4","RepR4","S2","MSR","other"
"3274","FJ24-FJ25.FJ24-FJ25::chr11:3099610-3105149",5227,5229,1,1,1,"+","G","+",1,1,"-",0,0,"TGCGC","RNF12","D4","RepR4","S2","MSR","other"
"3275","FJ24-FJ25.FJ24-FJ25::chr11:3099610-3105149",5319,5321,1,2,2,"-","G","+",0,0,"-",2,2,"ACGTC","RNF12","D4","RepR4","S2","MSR","other"
"3276","FJ24-FJ25.FJ24-FJ25::chr11:3099610-3105149",5329,5331,1,2,2,"-","G","+",0,0,"-",2,2,"CCGCT","RNF12","D4","RepR4","S2","MSR","other"
"3277","FJ24-FJ25.FJ24-FJ25::chr11:3099610-3105149",5336,5338,1,2,2,"-","G","+",0,0,"-",2,2,"TCGTG","RNF12","D4","RepR4","S2","MSR","other"
"3278","FJ24-FJ25.FJ24-FJ25::chr11:3099610-3105149",5461,5463,1,1,1,"+","G","+",1,1,"-",0,0,"TTCGT","RNF12","D4","RepR4","S2","MSR","other"
"3279","FJ24-FJ25.FJ24-FJ25::chr11:3099610-3105149",5467,5469,1,1,1,"+","G","+",1,1,"-",0,0,"CTCGT","RNF12","D4","RepR4","S2","MSR","other"
"3280","FJ24-FJ25.FJ24-FJ25::chr11:3099610-3105149",5473,5475,1,1,1,"+","G","+",1,1,"-",0,0,"GGCGA","RNF12","D4","RepR4","S2","MSR","other"
"3281","FJ24-FJ25.FJ24-FJ25::chr2:98661834-98663393",429,431,0.791,268,212,"-","G","+",0,0,"-",268,212,"ACGTT","RNF12","D4","RepR4","S2","MSR","other"
"3282","FJ24-FJ25.FJ24-FJ25::chr2:98661834-98663393",445,447,0.885,347,307,"B","G","+",2,2,"-",345,305,"TTCGT","RNF12","D4","RepR4","S2","MSR","other"
"3283","FJ24-FJ25.FJ24-FJ25::chr2:98661834-98663393",460,462,0.867,346,300,"B","G","+",1,1,"-",345,299,"GTCGT","RNF12","D4","RepR4","S2","MSR","other"
"3284","FJ24-FJ25.FJ24-FJ25::chr2:98661834-98663393",515,517,0.915,402,368,"-","G","+",0,0,"-",402,368,"ACGTC","RNF12","D4","RepR4","S2","MSR","other"
"3285","FJ24-FJ25.FJ24-FJ25::chr2:98661834-98663393",575,577,0.9,10,9,"B","G","+",3,3,"-",7,6,"CACGT","RNF12","D4","RepR4","S2","MSR","other"
"3286","FJ24-FJ25.FJ24-FJ25::chr2:98661834-98663393",603,605,0.903,124,112,"B","G","+",9,9,"-",115,103,"TCCGT","RNF12","D4","RepR4","S2","MSR","other"
"3287","FJ24-FJ25.FJ24-FJ25::chr2:98661834-98663393",621,623,0.875,96,84,"B","G","+",9,9,"-",87,75,"CTCGC","RNF12","D4","RepR4","S2","MSR","other"
"3288","FJ24-FJ25.FJ24-FJ25::chr2:98661834-98663393",663,665,1,4,4,"-","G","+",0,0,"-",4,4,"ACGTA","RNF12","D4","RepR4","S2","MSR","other"
"3289","FJ24-FJ25.FJ24-FJ25::chr2:98661834-98663393",721,723,1,8,8,"B","G","+",2,2,"-",6,6,"CCCGT","RNF12","D4","RepR4","S2","MSR","other"
"3290","FJ24-FJ25.FJ24-FJ25::chr2:98661834-98663393",730,732,1,13,13,"B","G","+",6,6,"-",7,7,"AACGA","RNF12","D4","RepR4","S2","MSR","other"
"3291","FJ24-FJ25.FJ24-FJ25::chr2:98661834-98663393",766,768,0.25,12,3,"B","G","+",10,1,"-",2,2,"TACGT","RNF12","D4","RepR4","S2","MSR","other"
"3292","FJ24-FJ25.FJ24-FJ25::chr2:98661834-98663393",841,843,1,6,6,"B","G","+",2,2,"-",4,4,"CCCGT","RNF12","D4","RepR4","S2","MSR","other"
"3293","FJ24-FJ25.FJ24-FJ25::chr2:98661834-98663393",850,852,0.75,8,6,"B","G","+",2,2,"-",6,4,"AACGA","RNF12","D4","RepR4","S2","MSR","other"
"3294","FJ24-FJ25.FJ24-FJ25::chr2:98661834-98663393",959,961,1,1,1,"-","G","+",0,0,"-",1,1,"CCGGT","RNF12","D4","RepR4","S2","MSR","other"
"3295","FJ24-FJ25.FJ24-FJ25::chr2:98661834-98663393",992,994,0,2,0,"+","G","+",2,0,"-",0,0,"CTCGG","RNF12","D4","RepR4","S2","MSR","other"
"3296","FJ24-FJ25.FJ24-FJ25::chr2:98661834-98663393",1021,1023,0.889,4091,3635,"B","G","+",4089,3633,"-",2,2,"GACGT","RNF12","D4","RepR4","S2","MSR","other"
"3297","FJ24-FJ25.FJ24-FJ25::chr2:98661834-98663393",1068,1070,0.857,7,6,"B","G","+",6,5,"-",1,1,"ATCGA","RNF12","D4","RepR4","S2","MSR","other"
"3298","FJ24-FJ25.FJ24-FJ25::chr2:98661834-98663393",1076,1078,0.863,211,182,"B","G","+",208,179,"-",3,3,"GACGA","RNF12","D4","RepR4","S2","MSR","other"
"3299","FJ24-FJ25.FJ24-FJ25::chr2:98661834-98663393",1091,1093,0.919,149,137,"B","G","+",146,134,"-",3,3,"GACGA","RNF12","D4","RepR4","S2","MSR","other"
"3300","FJ24-FJ25.FJ24-FJ25::chr2:98661834-98663393",1107,1109,0.932,117,109,"B","G","+",116,108,"-",1,1,"TACGT","RNF12","D4","RepR4","S2","MSR","other"
"3301","FJ24-FJ25::chr12:3109471-3110521",411,413,0.667,9,6,"B","G","+",8,5,"-",1,1,"CACGG","RNF12","D4","RepR4","S2","MSR","other"
"3302","FJ24-FJ25::chr12:3109471-3110521",439,441,0.81,21,17,"B","G","+",19,15,"-",2,2,"GACGT","RNF12","D4","RepR4","S2","MSR","other"
"3303","FJ24-FJ25::chr12:3109471-3110521",451,453,0.731,26,19,"B","G","+",25,18,"-",1,1,"GGCGA","RNF12","D4","RepR4","S2","MSR","other"
"3304","FJ24-FJ25::chr12:3109471-3110521",554,556,0.879,58,51,"B","G","+",57,50,"-",1,1,"GACGA","RNF12","D4","RepR4","S2","MSR","other"
"3305","FJ24-FJ25::chr12:3109471-3110521",627,629,1,1,1,"+","G","+",1,1,"-",0,0,"GGCGA","RNF12","D4","RepR4","S2","MSR","other"
"3306","FJ24-FJ25::chr12:3109471-3110521",645,647,1,1,1,"+","G","+",1,1,"-",0,0,"CACGG","RNF12","D4","RepR4","S2","MSR","other"
"3307","FJ24-FJ25::chr12:67058771-67060356",648,650,0.667,3,2,"+","G","+",3,2,"-",0,0,"GGCGA","RNF12","D4","RepR4","S2","MSR","other"
"3308","FJ24-FJ25::chr12:74803437-74804905",825,827,0.25,8,2,"-","G","+",0,0,"-",8,2,"ACGTT","RNF12","D4","RepR4","S2","MSR","other"
"3309","FJ24-FJ25::chr12:74803437-74804905",941,943,1,1,1,"-","G","+",0,0,"-",1,1,"ACGTT","RNF12","D4","RepR4","S2","MSR","other"
"3310","FJ24-FJ25::chr12:74803437-74804905",999,1001,1,2,2,"-","G","+",0,0,"-",2,2,"ACGTT","RNF12","D4","RepR4","S2","MSR","other"
"3311","FJ24-FJ25::chr12:74803437-74804905",1016,1018,1,2,2,"-","G","+",0,0,"-",2,2,"TCGCC","RNF12","D4","RepR4","S2","MSR","other"
"3312","FJ24-FJ25::chr13:6404233-6405143",472,474,0,1,0,"+","G","+",1,0,"-",0,0,"GGCGA","RNF12","D4","RepR4","S2","MSR","other"
"3313","FJ24-FJ25::chr13:77438509-77439457",415,417,1,24,24,"B","G","+",2,2,"-",22,22,"TTCGT","RNF12","D4","RepR4","S2","MSR","other"
"3314","FJ24-FJ25::chr13:77438509-77439457",430,432,0.857,28,24,"B","G","+",3,3,"-",25,21,"GTCGT","RNF12","D4","RepR4","S2","MSR","other"
"3315","FJ24-FJ25::chr14:19415282-19420102",457,459,0.854,123,105,"+","G","+",123,105,"-",0,0,"GGCGA","RNF12","D4","RepR4","S2","MSR","other"
"3316","FJ24-FJ25::chr14:19415282-19420102",475,477,0.849,172,146,"B","G","+",171,145,"-",1,1,"CACGG","RNF12","D4","RepR4","S2","MSR","other"
"3317","FJ24-FJ25::chr14:19415282-19420102",503,505,1,1,1,"-","G","+",0,0,"-",1,1,"ACGTG","RNF12","D4","RepR4","S2","MSR","other"
"3318","FJ24-FJ25::chr14:19415282-19420102",515,517,1,1,1,"-","G","+",0,0,"-",1,1,"TCGAG","RNF12","D4","RepR4","S2","MSR","other"
"3319","FJ24-FJ25::chr14:19415282-19420102",618,620,0.769,39,30,"B","G","+",36,27,"-",3,3,"GACGA","RNF12","D4","RepR4","S2","MSR","other"
"3320","FJ24-FJ25::chr14:19415282-19420102",633,635,0.882,17,15,"B","G","+",14,13,"-",3,2,"GACGA","RNF12","D4","RepR4","S2","MSR","other"
"3321","FJ24-FJ25::chr14:19415282-19420102",691,693,0.881,84,74,"+","G","+",84,74,"-",0,0,"GGCGA","RNF12","D4","RepR4","S2","MSR","other"
"3322","FJ24-FJ25::chr14:19415282-19420102",709,711,0.896,125,112,"+","G","+",125,112,"-",0,0,"CACGG","RNF12","D4","RepR4","S2","MSR","other"
"3323","FJ24-FJ25::chr14:19415282-19420102",963,965,1,6,6,"+","G","+",6,6,"-",0,0,"CTCGT","RNF12","D4","RepR4","S2","MSR","other"
"3324","FJ24-FJ25::chr14:19415282-19420102",1219,1221,1,3,3,"B","G","+",2,2,"-",1,1,"GACGA","RNF12","D4","RepR4","S2","MSR","other"
"3325","FJ24-FJ25::chr14:19415282-19420102",1276,1278,0.868,121,105,"+","G","+",121,105,"-",0,0,"GGCGA","RNF12","D4","RepR4","S2","MSR","other"
"3326","FJ24-FJ25::chr14:19415282-19420102",1294,1296,0.788,217,171,"+","G","+",217,171,"-",0,0,"CACGG","RNF12","D4","RepR4","S2","MSR","other"
"3327","FJ24-FJ25::chr14:19415282-19420102",1322,1324,0.667,3,2,"+","G","+",3,2,"-",0,0,"GACGT","RNF12","D4","RepR4","S2","MSR","other"
"3328","FJ24-FJ25::chr14:19415282-19420102",1436,1438,0,1,0,"+","G","+",1,0,"-",0,0,"GACGA","RNF12","D4","RepR4","S2","MSR","other"
"3329","FJ24-FJ25::chr14:19415282-19420102",1451,1453,0,1,0,"+","G","+",1,0,"-",0,0,"GACGA","RNF12","D4","RepR4","S2","MSR","other"
"3330","FJ24-FJ25::chr14:19415282-19420102",1509,1511,0.78,59,46,"+","G","+",59,46,"-",0,0,"GGCGA","RNF12","D4","RepR4","S2","MSR","other"
"3331","FJ24-FJ25::chr14:19415282-19420102",1527,1529,0.869,84,73,"+","G","+",84,73,"-",0,0,"CTCGG","RNF12","D4","RepR4","S2","MSR","other"
"3332","FJ24-FJ25::chr14:19415282-19420102",1628,1630,1,1,1,"+","G","+",1,1,"-",0,0,"AGCGA","RNF12","D4","RepR4","S2","MSR","other"
"3333","FJ24-FJ25::chr14:19415282-19420102",1671,1673,0.955,22,21,"B","G","+",11,10,"-",11,11,"GACGA","RNF12","D4","RepR4","S2","MSR","other"
"3334","FJ24-FJ25::chr14:19415282-19420102",1686,1688,1,29,29,"B","G","+",18,18,"-",11,11,"GACGA","RNF12","D4","RepR4","S2","MSR","other"
"3335","FJ24-FJ25::chr14:19415282-19420102",1702,1704,0.714,21,15,"B","G","+",16,10,"-",5,5,"AACGT","RNF12","D4","RepR4","S2","MSR","other"
"3336","FJ24-FJ25::chr14:19415282-19420102",1744,1746,0.75,16,12,"+","G","+",16,12,"-",0,0,"GGCGA","RNF12","D4","RepR4","S2","MSR","other"
"3337","FJ24-FJ25::chr14:19415282-19420102",1762,1764,0.545,11,6,"+","G","+",11,6,"-",0,0,"CACGG","RNF12","D4","RepR4","S2","MSR","other"
"3338","FJ24-FJ25::chr14:19415282-19420102",1819,1821,0.8,5,4,"+","G","+",5,4,"-",0,0,"ATCGT","RNF12","D4","RepR4","S2","MSR","other"
"3339","FJ24-FJ25::chr14:19415282-19420102",1861,1863,0.909,33,30,"+","G","+",33,30,"-",0,0,"GGCGA","RNF12","D4","RepR4","S2","MSR","other"
"3340","FJ24-FJ25::chr14:19415282-19420102",1879,1881,0.808,26,21,"+","G","+",26,21,"-",0,0,"CACGG","RNF12","D4","RepR4","S2","MSR","other"
"3341","FJ24-FJ25::chr14:19415282-19420102",1939,1941,0,1,0,"-","G","+",0,0,"-",1,0,"TCGAA","RNF12","D4","RepR4","S2","MSR","other"
"3342","FJ24-FJ25::chr14:19415282-19420102",2022,2024,0.867,233,202,"B","G","+",218,187,"-",15,15,"GACGA","RNF12","D4","RepR4","S2","MSR","other"
"3343","FJ24-FJ25::chr14:19415282-19420102",2037,2039,0.942,173,163,"B","G","+",159,150,"-",14,13,"GACGA","RNF12","D4","RepR4","S2","MSR","other"
"3344","FJ24-FJ25::chr14:19415282-19420102",2053,2055,0.766,141,108,"B","G","+",130,98,"-",11,10,"AACGT","RNF12","D4","RepR4","S2","MSR","other"
"3345","FJ24-FJ25::chr14:19415282-19420102",2095,2097,0.65,20,13,"B","G","+",19,12,"-",1,1,"GGCGA","RNF12","D4","RepR4","S2","MSR","other"
"3346","FJ24-FJ25::chr14:19415282-19420102",2170,2172,0,1,0,"+","G","+",1,0,"-",0,0,"ATCGT","RNF12","D4","RepR4","S2","MSR","other"
"3347","FJ24-FJ25::chr14:19415282-19420102",2230,2232,0.786,196,154,"+","G","+",196,154,"-",0,0,"CACGG","RNF12","D4","RepR4","S2","MSR","other"
"3348","FJ24-FJ25::chr14:19415282-19420102",2370,2372,0.0417,24,1,"B","G","+",23,1,"-",1,0,"CTCGA","RNF12","D4","RepR4","S2","MSR","other"
"3349","FJ24-FJ25::chr14:19415282-19420102",2404,2406,0.5,2,1,"B","G","+",1,1,"-",1,0,"AACGT","RNF12","D4","RepR4","S2","MSR","other"
"3350","FJ24-FJ25::chr14:19415282-19420102",2437,2439,0.25,4,1,"+","G","+",4,1,"-",0,0,"CTCGA","RNF12","D4","RepR4","S2","MSR","other"
"3351","FJ24-FJ25::chr14:19415282-19420102",2446,2448,0.6,5,3,"+","G","+",5,3,"-",0,0,"GGCGA","RNF12","D4","RepR4","S2","MSR","other"
"3352","FJ24-FJ25::chr14:19415282-19420102",2464,2466,0.667,3,2,"+","G","+",3,2,"-",0,0,"CACGG","RNF12","D4","RepR4","S2","MSR","other"
"3353","FJ24-FJ25::chr14:19415282-19420102",2606,2608,0.796,93,74,"B","G","+",90,71,"-",3,3,"GACGA","RNF12","D4","RepR4","S2","MSR","other"
"3354","FJ24-FJ25::chr14:19415282-19420102",2621,2623,0.909,44,40,"B","G","+",42,38,"-",2,2,"GACGA","RNF12","D4","RepR4","S2","MSR","other"
"3355","FJ24-FJ25::chr14:19415282-19420102",2637,2639,0.739,23,17,"B","G","+",22,16,"-",1,1,"AACGT","RNF12","D4","RepR4","S2","MSR","other"
"3356","FJ24-FJ25::chr14:19415282-19420102",2678,2680,0.5,4,2,"+","G","+",4,2,"-",0,0,"GGCGA","RNF12","D4","RepR4","S2","MSR","other"
"3357","FJ24-FJ25::chr14:19415282-19420102",2853,2855,1,5,5,"+","G","+",5,5,"-",0,0,"GACGA","RNF12","D4","RepR4","S2","MSR","other"
"3358","FJ24-FJ25::chr14:19415282-19420102",2929,2931,0.519,1211,629,"+","G","+",1211,629,"-",0,0,"CACGG","RNF12","D4","RepR4","S2","MSR","other"
"3359","FJ24-FJ25::chr14:19415282-19420102",2957,2959,1,1,1,"+","G","+",1,1,"-",0,0,"GACGT","RNF12","D4","RepR4","S2","MSR","other"
"3360","FJ24-FJ25::chr14:19415282-19420102",2969,2971,1,2,2,"+","G","+",2,2,"-",0,0,"GGCGA","RNF12","D4","RepR4","S2","MSR","other"
"3361","FJ24-FJ25::chr14:19415282-19420102",3087,3089,1,2,2,"-","G","+",0,0,"-",2,2,"ACGGA","RNF12","D4","RepR4","S2","MSR","other"
"3362","FJ24-FJ25::chr14:19415282-19420102",3103,3105,1,2,2,"-","G","+",0,0,"-",2,2,"ACGTG","RNF12","D4","RepR4","S2","MSR","other"
"3363","FJ24-FJ25::chr14:19415282-19420102",3163,3165,0.8,10,8,"+","G","+",10,8,"-",0,0,"CACGA","RNF12","D4","RepR4","S2","MSR","other"
"3364","FJ24-FJ25::chr14:19415282-19420102",3305,3307,0.769,13,10,"B","G","+",5,4,"-",8,6,"GACGA","RNF12","D4","RepR4","S2","MSR","other"
"3365","FJ24-FJ25::chr14:19415282-19420102",3320,3322,0.667,12,8,"B","G","+",5,5,"-",7,3,"GACGA","RNF12","D4","RepR4","S2","MSR","other"
"3366","FJ24-FJ25::chr14:19415282-19420102",3336,3338,0.778,9,7,"B","G","+",6,5,"-",3,2,"AACGT","RNF12","D4","RepR4","S2","MSR","other"
"3367","FJ24-FJ25::chr14:19415282-19420102",3386,3388,1,6,6,"+","G","+",6,6,"-",0,0,"AACGG","RNF12","D4","RepR4","S2","MSR","other"
"3368","FJ24-FJ25::chr14:19415282-19420102",3396,3398,0.8,5,4,"+","G","+",5,4,"-",0,0,"CACGG","RNF12","D4","RepR4","S2","MSR","other"
"3369","FJ24-FJ25::chr14:19415282-19420102",3495,3497,0.706,17,12,"B","G","+",15,10,"-",2,2,"GGCGA","RNF12","D4","RepR4","S2","MSR","other"
"3370","FJ24-FJ25::chr14:19415282-19420102",3513,3515,0.722,18,13,"B","G","+",16,11,"-",2,2,"CACGG","RNF12","D4","RepR4","S2","MSR","other"
"3371","FJ24-FJ25::chr14:19415282-19420102",3541,3543,1,3,3,"B","G","+",2,2,"-",1,1,"GACGT","RNF12","D4","RepR4","S2","MSR","other"
"3372","FJ24-FJ25::chr14:19415282-19420102",3553,3555,1,3,3,"B","G","+",2,2,"-",1,1,"GGCGA","RNF12","D4","RepR4","S2","MSR","other"
"3373","FJ24-FJ25::chr14:19415282-19420102",3656,3658,1,5,5,"B","G","+",2,2,"-",3,3,"GACGA","RNF12","D4","RepR4","S2","MSR","other"
"3374","FJ24-FJ25::chr14:19415282-19420102",3671,3673,1,5,5,"B","G","+",2,2,"-",3,3,"GACGA","RNF12","D4","RepR4","S2","MSR","other"
"3375","FJ24-FJ25::chr14:19415282-19420102",3687,3689,1,4,4,"B","G","+",2,2,"-",2,2,"AACGT","RNF12","D4","RepR4","S2","MSR","other"
"3376","FJ24-FJ25::chr14:19415282-19420102",3905,3907,0,2,0,"+","G","+",2,0,"-",0,0,"GACGA","RNF12","D4","RepR4","S2","MSR","other"
"3377","FJ24-FJ25::chr14:19415282-19420102",3921,3923,1,3,3,"+","G","+",3,3,"-",0,0,"AACGT","RNF12","D4","RepR4","S2","MSR","other"
"3378","FJ24-FJ25::chr14:19415282-19420102",3963,3965,1,3,3,"+","G","+",3,3,"-",0,0,"GGCGA","RNF12","D4","RepR4","S2","MSR","other"
"3379","FJ24-FJ25::chr14:19415282-19420102",3981,3983,1,5,5,"B","G","+",3,3,"-",2,2,"CACGG","RNF12","D4","RepR4","S2","MSR","other"
"3380","FJ24-FJ25::chr14:19415282-19420102",4009,4011,1,2,2,"-","G","+",0,0,"-",2,2,"ACGTG","RNF12","D4","RepR4","S2","MSR","other"
"3381","FJ24-FJ25::chr14:19415282-19420102",4021,4023,1,1,1,"-","G","+",0,0,"-",1,1,"GCGAG","RNF12","D4","RepR4","S2","MSR","other"
"3382","FJ24-FJ25::chr14:19415282-19420102",4124,4126,0.5,4,2,"+","G","+",4,2,"-",0,0,"GACGA","RNF12","D4","RepR4","S2","MSR","other"
"3383","FJ24-FJ25::chr14:19415282-19420102",4166,4168,0,1,0,"+","G","+",1,0,"-",0,0,"TGCGA","RNF12","D4","RepR4","S2","MSR","other"
"3384","FJ24-FJ25::chr14:19415282-19420102",4332,4334,0.857,14,12,"+","G","+",14,12,"-",0,0,"CACGA","RNF12","D4","RepR4","S2","MSR","other"
"3385","FJ24-FJ25::chr16:10974667-10975683",465,467,0,4,0,"-","G","+",0,0,"-",4,0,"ACGTT","RNF12","D4","RepR4","S2","MSR","other"
"3386","FJ24-FJ25::chr2:98663241-98664491",474,476,0.857,14,12,"B","G","+",1,1,"-",13,11,"TCCGT","RNF12","D4","RepR4","S2","MSR","other"
"3387","FJ24-FJ25::chr2:98663241-98664491",533,535,0.8,5,4,"-","G","+",0,0,"-",5,4,"ACGTT","RNF12","D4","RepR4","S2","MSR","other"
"3388","FJ24-FJ25::chr2:98663241-98664491",665,667,1,4,4,"+","G","+",4,4,"-",0,0,"CTCGT","RNF12","D4","RepR4","S2","MSR","other"
"3389","FJ24-FJ25::chr2:98663241-98664491",705,707,0.88,25,22,"B","G","+",5,5,"-",20,17,"TCCGT","RNF12","D4","RepR4","S2","MSR","other"
"3390","FJ24-FJ25::chr2:98663241-98664491",723,725,0.833,18,15,"B","G","+",1,0,"-",17,15,"CTCGC","RNF12","D4","RepR4","S2","MSR","other"
"3391","FJ24-FJ25::chr2:98666144-98667732",117,119,0.5,6,3,"B","G","+",4,2,"-",2,1,"GCCGG","RNF12","D4","RepR4","S2","MSR","other"
"3392","FJ24-FJ25::chr2:98666144-98667732",127,129,0.667,9,6,"B","G","+",7,5,"-",2,1,"AACGA","RNF12","D4","RepR4","S2","MSR","other"
"3393","FJ24-FJ25::chr2:98666144-98667732",248,250,0.667,3,2,"+","G","+",3,2,"-",0,0,"AACGA","RNF12","D4","RepR4","S2","MSR","other"
"3394","FJ24-FJ25::chr2:98666144-98667732",358,360,1,4,4,"+","G","+",4,4,"-",0,0,"GCCGG","RNF12","D4","RepR4","S2","MSR","other"
"3395","FJ24-FJ25::chr2:98666144-98667732",368,370,1,3,3,"+","G","+",3,3,"-",0,0,"AACGT","RNF12","D4","RepR4","S2","MSR","other"
"3396","FJ24-FJ25::chr2:98666144-98667732",446,448,0.909,187,170,"B","G","+",112,101,"-",75,69,"GACGA","RNF12","D4","RepR4","S2","MSR","other"
"3397","FJ24-FJ25::chr2:98666144-98667732",461,463,0.945,217,205,"B","G","+",158,148,"-",59,57,"GACGA","RNF12","D4","RepR4","S2","MSR","other"
"3398","FJ24-FJ25::chr2:98666144-98667732",477,479,0.922,257,237,"B","G","+",232,214,"-",25,23,"TACGT","RNF12","D4","RepR4","S2","MSR","other"
"3399","FJ24-FJ25::chr2:98666144-98667732",537,539,0.879,340,299,"B","G","+",334,294,"-",6,5,"CACGG","RNF12","D4","RepR4","S2","MSR","other"
"3400","FJ24-FJ25::chr2:98666144-98667732",565,567,1,16,16,"B","G","+",11,11,"-",5,5,"GACGT","RNF12","D4","RepR4","S2","MSR","other"
"3401","FJ24-FJ25::chr2:98666144-98667732",577,579,0.826,23,19,"B","G","+",20,16,"-",3,3,"GGCGA","RNF12","D4","RepR4","S2","MSR","other"
"3402","FJ24-FJ25::chr2:98666144-98667732",625,627,0.902,3333,3006,"B","G","+",3332,3005,"-",1,1,"GACGT","RNF12","D4","RepR4","S2","MSR","other"
"3403","FJ24-FJ25::chr2:98666144-98667732",680,682,0.905,2683,2427,"B","G","+",2679,2423,"-",4,4,"GACGA","RNF12","D4","RepR4","S2","MSR","other"
"3404","FJ24-FJ25::chr2:98666144-98667732",695,697,0.904,2622,2371,"B","G","+",2618,2367,"-",4,4,"GACGA","RNF12","D4","RepR4","S2","MSR","other"
"3405","FJ24-FJ25::chr2:98666144-98667732",711,713,0.777,2577,2003,"B","G","+",2572,1998,"-",5,5,"AACGT","RNF12","D4","RepR4","S2","MSR","other"
"3406","FJ24-FJ25::chr2:98666144-98667732",753,755,0.876,646,566,"B","G","+",637,557,"-",9,9,"GGCGA","RNF12","D4","RepR4","S2","MSR","other"
"3407","FJ24-FJ25::chr2:98666144-98667732",771,773,0.87,660,574,"B","G","+",606,522,"-",54,52,"CACGG","RNF12","D4","RepR4","S2","MSR","other"
"3408","FJ24-FJ25::chr2:98666144-98667732",799,801,0.984,62,61,"B","G","+",8,8,"-",54,53,"GACGT","RNF12","D4","RepR4","S2","MSR","other"
"3409","FJ24-FJ25::chr2:98666144-98667732",811,813,0.979,47,46,"B","G","+",10,9,"-",37,37,"GGCGA","RNF12","D4","RepR4","S2","MSR","other"
"3410","FJ24-FJ25::chr2:98666144-98667732",859,861,0.979,48,47,"B","G","+",43,42,"-",5,5,"GACGT","RNF12","D4","RepR4","S2","MSR","other"
"3411","FJ24-FJ25::chr2:98666144-98667732",946,948,0.901,2782,2507,"B","G","+",2756,2484,"-",26,23,"GACGA","RNF12","D4","RepR4","S2","MSR","other"
"3412","FJ24-FJ25::chr2:98666144-98667732",962,964,0.771,3480,2684,"B","G","+",3454,2669,"-",26,15,"AACGT","RNF12","D4","RepR4","S2","MSR","other"
"3413","FJ24-FJ25::chr2:98666144-98667732",1004,1006,0.87,6302,5480,"B","G","+",6275,5453,"-",27,27,"GGCGA","RNF12","D4","RepR4","S2","MSR","other"
"3414","FJ24-FJ25::chr2:98666144-98667732",1022,1024,0.88,6217,5468,"B","G","+",6198,5449,"-",19,19,"CACGG","RNF12","D4","RepR4","S2","MSR","other"
"3415","FJ24-FJ25::chr2:98666144-98667732",1050,1052,0.975,40,39,"B","G","+",28,28,"-",12,11,"GACGT","RNF12","D4","RepR4","S2","MSR","other"
"3416","FJ24-FJ25::chr2:98666144-98667732",1062,1064,0.929,42,39,"B","G","+",28,25,"-",14,14,"GGCGA","RNF12","D4","RepR4","S2","MSR","other"
"3417","FJ24-FJ25::chr2:98666144-98667732",1110,1112,0.892,2866,2557,"B","G","+",2856,2547,"-",10,10,"GACGT","RNF12","D4","RepR4","S2","MSR","other"
"3418","FJ24-FJ25::chr2:98666144-98667732",1165,1167,0.841,182,153,"B","G","+",176,148,"-",6,5,"GACGA","RNF12","D4","RepR4","S2","MSR","other"
"3419","FJ24-FJ25::chr2:98666144-98667732",1180,1182,0.889,45,40,"B","G","+",43,38,"-",2,2,"GACGA","RNF12","D4","RepR4","S2","MSR","other"
"3420","FJ24-FJ25::chr3:56575034-56576151",649,651,1,2,2,"-","G","+",0,0,"-",2,2,"ACGTT","RNF12","D4","RepR4","S2","MSR","other"
"3421","FJ24-FJ25::chr3:56575034-56576151",666,668,1,1,1,"-","G","+",0,0,"-",1,1,"TCGCC","RNF12","D4","RepR4","S2","MSR","other"
"3422","FJ24-FJ25::chr3:99980694-99981794",509,511,1,1,1,"-","G","+",0,0,"-",1,1,"ACGTT","RNF12","D4","RepR4","S2","MSR","other"
"3423","FJ24-FJ25::chr4:3089104-3091584",997,999,1,1,1,"+","G","+",1,1,"-",0,0,"GGCGA","RNF12","D4","RepR4","S2","MSR","other"
"3424","FJ24-FJ25::chr4:3089104-3091584",1104,1106,0.4,5,2,"+","G","+",5,2,"-",0,0,"GACGT","RNF12","D4","RepR4","S2","MSR","other"
"3425","FJ24-FJ25::chr4:3089104-3091584",1116,1118,0.25,4,1,"+","G","+",4,1,"-",0,0,"GGCGA","RNF12","D4","RepR4","S2","MSR","other"
"3426","FJ24-FJ25::chr4:3089104-3091584",2375,2377,0.6,10,6,"B","G","+",1,1,"-",9,5,"TTCGA","RNF12","D4","RepR4","S2","MSR","other"
"3427","FJ24-FJ25::chr4:3089104-3091584",2440,2442,1,1,1,"-","G","+",0,0,"-",1,1,"TCGAA","RNF12","D4","RepR4","S2","MSR","other"
"3428","FJ24-FJ25::chr4:70377716-70378654",421,423,1,2,2,"+","G","+",2,2,"-",0,0,"AACGT","RNF12","D4","RepR4","S2","MSR","other"
"3429","FJ24-FJ25::chr4:70377716-70378654",463,465,1,3,3,"+","G","+",3,3,"-",0,0,"GGCGA","RNF12","D4","RepR4","S2","MSR","other"
"3430","FJ24-FJ25::chr4:70377716-70378654",481,483,0.4,10,4,"+","G","+",10,4,"-",0,0,"CACGG","RNF12","D4","RepR4","S2","MSR","other"
"3431","FJ24-FJ25::chr5:104156087-104156938",131,133,0,1,0,"+","G","+",1,0,"-",0,0,"TCCGC","RNF12","D4","RepR4","S2","MSR","other"
"3432","FJ24-FJ25::chr5:114922054-114923002",434,436,1,2,2,"-","G","+",0,0,"-",2,2,"ACGTT","RNF12","D4","RepR4","S2","MSR","other"
"3433","FJ24-FJ25::chr5:114922054-114923002",451,453,1,2,2,"-","G","+",0,0,"-",2,2,"TCGCC","RNF12","D4","RepR4","S2","MSR","other"
"3434","FJ24-FJ25::chr8:23095075-23096205",710,712,0.667,3,2,"-","G","+",0,0,"-",3,2,"GCGAG","RNF12","D4","RepR4","S2","MSR","other"
"3435","FJ24-FJ25::chr9:21878296-21879293",912,914,1,3,3,"B","G","+",1,1,"-",2,2,"TTCGC","RNF12","D4","RepR4","S2","MSR","other"
"3436","FJ24-FJ25::chr9:21878296-21879293",915,917,1,3,3,"B","G","+",1,1,"-",2,2,"GCCGT","RNF12","D4","RepR4","S2","MSR","other"
"3437","FJ24-FJ25::chr9:21878296-21879293",928,930,1,2,2,"B","G","+",1,1,"-",1,1,"GGCGC","RNF12","D4","RepR4","S2","MSR","other"
"3438","FJ24-FJ25::chr9:21878296-21879293",967,969,1,1,1,"+","G","+",1,1,"-",0,0,"TGCGC","RNF12","D4","RepR4","S2","MSR","other"
"3439","FJ24-FJ25::chr9:2999602-3038819",428,430,1,7,7,"-","G","+",0,0,"-",7,7,"ACGTT","RNF12","D4","RepR4","S2","MSR","other"
"3440","FJ24-FJ25::chr9:2999602-3038819",444,446,0.714,7,5,"-","G","+",0,0,"-",7,5,"TCGTC","RNF12","D4","RepR4","S2","MSR","other"
"3441","FJ24-FJ25::chr9:2999602-3038819",604,606,1,6,6,"-","G","+",0,0,"-",6,6,"ACGTT","RNF12","D4","RepR4","S2","MSR","other"
"3442","FJ24-FJ25::chr9:2999602-3038819",620,622,0.5,2,1,"-","G","+",0,0,"-",2,1,"TCGTC","RNF12","D4","RepR4","S2","MSR","other"
"3443","FJ24-FJ25::chr9:2999602-3038819",738,740,1,1,1,"-","G","+",0,0,"-",1,1,"TCGCC","RNF12","D4","RepR4","S2","MSR","other"
"3444","FJ24-FJ25::chr9:2999602-3038819",750,752,0.75,4,3,"-","G","+",0,0,"-",4,3,"ACGTC","RNF12","D4","RepR4","S2","MSR","other"
"3445","FJ24-FJ25::chr9:2999602-3038819",778,780,0.843,581,490,"-","G","+",0,0,"-",581,490,"CCGTG","RNF12","D4","RepR4","S2","MSR","other"
"3446","FJ24-FJ25::chr9:2999602-3038819",796,798,0.822,494,406,"-","G","+",0,0,"-",494,406,"TCGAC","RNF12","D4","RepR4","S2","MSR","other"
"3447","FJ24-FJ25::chr9:2999602-3038819",838,840,0.711,45,32,"B","G","+",2,1,"-",43,31,"CACGT","RNF12","D4","RepR4","S2","MSR","other"
"3448","FJ24-FJ25::chr9:2999602-3038819",854,856,0.907,43,39,"B","G","+",3,3,"-",40,36,"TTCGT","RNF12","D4","RepR4","S2","MSR","other"
"3449","FJ24-FJ25::chr9:2999602-3038819",866,868,0.769,26,20,"B","G","+",3,2,"-",23,18,"CACGT","RNF12","D4","RepR4","S2","MSR","other"
"3450","FJ24-FJ25::chr9:2999602-3038819",869,871,0.722,36,26,"B","G","+",3,3,"-",33,23,"GTCGT","RNF12","D4","RepR4","S2","MSR","other"
"3451","FJ24-FJ25::chr9:2999602-3038819",972,974,0.833,30,25,"B","G","+",6,4,"-",24,21,"CTCGC","RNF12","D4","RepR4","S2","MSR","other"
"3452","FJ24-FJ25::chr9:2999602-3038819",984,986,0.739,23,17,"B","G","+",6,3,"-",17,14,"CACGT","RNF12","D4","RepR4","S2","MSR","other"
"3453","FJ24-FJ25::chr9:2999602-3038819",1012,1014,0.878,49,43,"B","G","+",5,5,"-",44,38,"TCCGT","RNF12","D4","RepR4","S2","MSR","other"
"3454","FJ24-FJ25::chr9:2999602-3038819",1030,1032,0.828,29,24,"B","G","+",2,2,"-",27,22,"CTCGA","RNF12","D4","RepR4","S2","MSR","other"
"3455","FJ24-FJ25::chr9:2999602-3038819",1158,1160,0.75,4,3,"-","G","+",0,0,"-",4,3,"ACGTC","RNF12","D4","RepR4","S2","MSR","other"
"3456","FJ24-FJ25::chr9:2999602-3038819",1248,1250,0.667,9,6,"B","G","+",2,2,"-",7,4,"CACGT","RNF12","D4","RepR4","S2","MSR","other"
"3457","FJ24-FJ25::chr9:2999602-3038819",1264,1266,1,11,11,"B","G","+",3,3,"-",8,8,"TTCGT","RNF12","D4","RepR4","S2","MSR","other"
"3458","FJ24-FJ25::chr9:2999602-3038819",1382,1384,1,14,14,"B","G","+",2,2,"-",12,12,"CTCGC","RNF12","D4","RepR4","S2","MSR","other"
"3459","FJ24-FJ25::chr9:2999602-3038819",1394,1396,0.786,14,11,"B","G","+",2,2,"-",12,9,"CACGT","RNF12","D4","RepR4","S2","MSR","other"
"3460","FJ24-FJ25::chr9:2999602-3038819",1422,1424,0.831,71,59,"B","G","+",1,1,"-",70,58,"TCCGT","RNF12","D4","RepR4","S2","MSR","other"
"3461","FJ24-FJ25::chr9:2999602-3038819",1440,1442,0.87,23,20,"-","G","+",0,0,"-",23,20,"TCGCC","RNF12","D4","RepR4","S2","MSR","other"
"3462","FJ24-FJ25::chr9:2999602-3038819",1459,1461,0,19,0,"-","G","+",0,0,"-",19,0,"ACGGT","RNF12","D4","RepR4","S2","MSR","other"
"3463","FJ24-FJ25::chr9:2999602-3038819",1482,1484,0,1,0,"-","G","+",0,0,"-",1,0,"ACGTT","RNF12","D4","RepR4","S2","MSR","other"
"3464","FJ24-FJ25::chr9:2999602-3038819",1616,1618,0.5,2,1,"-","G","+",0,0,"-",2,1,"TCGCC","RNF12","D4","RepR4","S2","MSR","other"
"3465","FJ24-FJ25::chr9:2999602-3038819",1674,1676,0.727,22,16,"B","G","+",1,1,"-",21,15,"CTCGC","RNF12","D4","RepR4","S2","MSR","other"
"3466","FJ24-FJ25::chr9:2999602-3038819",1716,1718,0.774,31,24,"B","G","+",3,3,"-",28,21,"CACGT","RNF12","D4","RepR4","S2","MSR","other"
"3467","FJ24-FJ25::chr9:2999602-3038819",1732,1734,0.933,30,28,"B","G","+",3,3,"-",27,25,"TTCGT","RNF12","D4","RepR4","S2","MSR","other"
"3468","FJ24-FJ25::chr9:2999602-3038819",1850,1852,0.875,16,14,"B","G","+",1,0,"-",15,14,"CTCGC","RNF12","D4","RepR4","S2","MSR","other"
"3469","FJ24-FJ25::chr9:2999602-3038819",1862,1864,0.923,13,12,"B","G","+",1,1,"-",12,11,"CACGT","RNF12","D4","RepR4","S2","MSR","other"
"3470","FJ24-FJ25::chr9:2999602-3038819",1890,1892,0.873,118,103,"B","G","+",1,1,"-",117,102,"TCCGT","RNF12","D4","RepR4","S2","MSR","other"
"3471","FJ24-FJ25::chr9:2999602-3038819",1908,1910,0.916,83,76,"B","G","+",1,1,"-",82,75,"CTCGC","RNF12","D4","RepR4","S2","MSR","other"
"3472","FJ24-FJ25::chr9:2999602-3038819",2083,2085,0,1,0,"+","G","+",1,0,"-",0,0,"CTCGC","RNF12","D4","RepR4","S2","MSR","other"
"3473","FJ24-FJ25::chr9:2999602-3038819",2095,2097,0,1,0,"+","G","+",1,0,"-",0,0,"CACGT","RNF12","D4","RepR4","S2","MSR","other"
"3474","FJ24-FJ25::chr9:2999602-3038819",2123,2125,0.739,23,17,"-","G","+",0,0,"-",23,17,"CCGTG","RNF12","D4","RepR4","S2","MSR","other"
"3475","FJ24-FJ25::chr9:2999602-3038819",2141,2143,0.895,19,17,"-","G","+",0,0,"-",19,17,"TCGCC","RNF12","D4","RepR4","S2","MSR","other"
"3476","FJ24-FJ25::chr9:2999602-3038819",2183,2185,1,3,3,"B","G","+",1,1,"-",2,2,"CACGT","RNF12","D4","RepR4","S2","MSR","other"
"3477","FJ24-FJ25::chr9:2999602-3038819",2199,2201,1,2,2,"B","G","+",1,1,"-",1,1,"TTCGT","RNF12","D4","RepR4","S2","MSR","other"
"3478","FJ24-FJ25::chr9:2999602-3038819",2357,2359,1,4,4,"+","G","+",4,4,"-",0,0,"TCCGT","RNF12","D4","RepR4","S2","MSR","other"
"3479","FJ24-FJ25::chr9:2999602-3038819",2375,2377,1,4,4,"+","G","+",4,4,"-",0,0,"CTCGC","RNF12","D4","RepR4","S2","MSR","other"
"3480","FJ24-FJ25::chr9:2999602-3038819",2433,2435,1,4,4,"-","G","+",0,0,"-",4,4,"TCGTC","RNF12","D4","RepR4","S2","MSR","other"
"3481","FJ24-FJ25::chr9:2999602-3038819",2448,2450,0.8,35,28,"-","G","+",0,0,"-",35,28,"TCGTC","RNF12","D4","RepR4","S2","MSR","other"
"3482","FJ24-FJ25::chr9:2999602-3038819",2551,2553,0,2,0,"-","G","+",0,0,"-",2,0,"TCGCC","RNF12","D4","RepR4","S2","MSR","other"
"3483","FJ24-FJ25::chr9:2999602-3038819",2609,2611,0.864,22,19,"-","G","+",0,0,"-",22,19,"TCGCC","RNF12","D4","RepR4","S2","MSR","other"
"3484","FJ24-FJ25::chr9:2999602-3038819",2651,2653,0.667,3,2,"B","G","+",1,1,"-",2,1,"CACGT","RNF12","D4","RepR4","S2","MSR","other"
"3485","FJ24-FJ25::chr9:2999602-3038819",2667,2669,1,3,3,"B","G","+",1,1,"-",2,2,"TTCGT","RNF12","D4","RepR4","S2","MSR","other"
"3486","FJ24-FJ25::chr9:2999602-3038819",2825,2827,0.677,93,63,"-","G","+",0,0,"-",93,63,"CCGTG","RNF12","D4","RepR4","S2","MSR","other"
"3487","FJ24-FJ25::chr9:2999602-3038819",3001,3003,1,1,1,"-","G","+",0,0,"-",1,1,"ACGTT","RNF12","D4","RepR4","S2","MSR","other"
"3488","FJ24-FJ25::chr9:2999602-3038819",3135,3137,1,4,4,"-","G","+",0,0,"-",4,4,"TCGCC","RNF12","D4","RepR4","S2","MSR","other"
"3489","FJ24-FJ25::chr9:2999602-3038819",3147,3149,1,4,4,"-","G","+",0,0,"-",4,4,"ACGTC","RNF12","D4","RepR4","S2","MSR","other"
"3490","FJ24-FJ25::chr9:2999602-3038819",3175,3177,0.908,109,99,"-","G","+",0,0,"-",109,99,"CCGTG","RNF12","D4","RepR4","S2","MSR","other"
"3491","FJ24-FJ25::chr9:2999602-3038819",3193,3195,0.882,85,75,"-","G","+",0,0,"-",85,75,"TCGCC","RNF12","D4","RepR4","S2","MSR","other"
"3492","FJ24-FJ25::chr9:2999602-3038819",3234,3236,1,1,1,"+","G","+",1,1,"-",0,0,"CACGT","RNF12","D4","RepR4","S2","MSR","other"
"3493","FJ24-FJ25::chr9:2999602-3038819",3380,3382,1,1,1,"+","G","+",1,1,"-",0,0,"CACGT","RNF12","D4","RepR4","S2","MSR","other"
"3494","FJ24-FJ25::chr9:2999602-3038819",3408,3410,0.844,32,27,"B","G","+",1,0,"-",31,27,"TCCGT","RNF12","D4","RepR4","S2","MSR","other"
"3495","FJ24-FJ25::chr9:2999602-3038819",3426,3428,0.786,28,22,"-","G","+",0,0,"-",28,22,"TCGCC","RNF12","D4","RepR4","S2","MSR","other"
"3496","FJ24-FJ25::chr9:2999602-3038819",3468,3470,1,2,2,"-","G","+",0,0,"-",2,2,"ACGTT","RNF12","D4","RepR4","S2","MSR","other"
"3497","FJ24-FJ25::chr9:2999602-3038819",3484,3486,1,1,1,"+","G","+",1,1,"-",0,0,"TTCGT","RNF12","D4","RepR4","S2","MSR","other"
"3498","FJ24-FJ25::chr9:2999602-3038819",3642,3644,1,2,2,"-","G","+",0,0,"-",2,2,"CCGTG","RNF12","D4","RepR4","S2","MSR","other"
"3499","FJ24-FJ25::chr9:2999602-3038819",3660,3662,1,4,4,"B","G","+",2,2,"-",2,2,"CTCGC","RNF12","D4","RepR4","S2","MSR","other"
"3500","FJ24-FJ25::chr9:2999602-3038819",3718,3720,0.5,2,1,"B","G","+",1,1,"-",1,0,"TTCGT","RNF12","D4","RepR4","S2","MSR","other"
"3501","FJ24-FJ25::chr9:2999602-3038819",3733,3735,0.871,31,27,"B","G","+",1,1,"-",30,26,"GTCGT","RNF12","D4","RepR4","S2","MSR","other"
"3502","FJ24-FJ25::chr9:2999602-3038819",3836,3838,1,1,1,"-","G","+",0,0,"-",1,1,"TCGCC","RNF12","D4","RepR4","S2","MSR","other"
"3503","FJ24-FJ25::chr9:2999602-3038819",3894,3896,0.768,56,43,"-","G","+",0,0,"-",56,43,"TCGCC","RNF12","D4","RepR4","S2","MSR","other"
"3504","FJ24-FJ25::chr9:2999602-3038819",3936,3938,0.889,9,8,"-","G","+",0,0,"-",9,8,"ACGTT","RNF12","D4","RepR4","S2","MSR","other"
"3505","FJ24-FJ25::chr9:2999602-3038819",4128,4130,0.943,35,33,"-","G","+",0,0,"-",35,33,"TCGCC","RNF12","D4","RepR4","S2","MSR","other"
"3506","FJ24-FJ25::chr9:2999602-3038819",4303,4305,0.9,40,36,"-","G","+",0,0,"-",40,36,"TCGCC","RNF12","D4","RepR4","S2","MSR","other"
"3507","FJ24-FJ25::chr9:2999602-3038819",4346,4348,1,1,1,"-","G","+",0,0,"-",1,1,"ACGTT","RNF12","D4","RepR4","S2","MSR","other"
"3508","FJ24-FJ25::chr9:2999602-3038819",4480,4482,1,2,2,"-","G","+",0,0,"-",2,2,"TCGCC","RNF12","D4","RepR4","S2","MSR","other"
"3509","FJ24-FJ25::chr9:2999602-3038819",4520,4522,0.647,4522,2925,"-","G","+",0,0,"-",4522,2925,"CCGTG","RNF12","D4","RepR4","S2","MSR","other"
"3510","FJ24-FJ25::chr9:2999602-3038819",4580,4582,0.708,137,97,"B","G","+",6,6,"-",131,91,"CACGT","RNF12","D4","RepR4","S2","MSR","other"
"3511","FJ24-FJ25::chr9:2999602-3038819",4596,4598,0.92,138,127,"B","G","+",11,11,"-",127,116,"TTCGT","RNF12","D4","RepR4","S2","MSR","other"
"3512","FJ24-FJ25::chr9:2999602-3038819",4611,4613,0.855,145,124,"B","G","+",11,11,"-",134,113,"GTCGT","RNF12","D4","RepR4","S2","MSR","other"
"3513","FJ24-FJ25::chr9:2999602-3038819",4654,4656,0.333,3,1,"B","G","+",1,0,"-",2,1,"CTCGC","RNF12","D4","RepR4","S2","MSR","other"
"3514","FJ24-FJ25::chr9:2999602-3038819",4754,4756,0.692,91,63,"-","G","+",0,0,"-",91,63,"CCGTG","RNF12","D4","RepR4","S2","MSR","other"
"3515","FJ24-FJ25::chr9:2999602-3038819",4814,4816,0.833,6,5,"-","G","+",0,0,"-",6,5,"ACGTT","RNF12","D4","RepR4","S2","MSR","other"
"3516","FJ24-FJ25::chr9:2999602-3038819",4844,4846,0.8,5,4,"-","G","+",0,0,"-",5,4,"TCGTC","RNF12","D4","RepR4","S2","MSR","other"
"3517","FJ24-FJ25::chr9:2999602-3038819",4899,4901,1,2,2,"-","G","+",0,0,"-",2,2,"ACGTC","RNF12","D4","RepR4","S2","MSR","other"
"3518","FJ24-FJ25::chr9:2999602-3038819",4947,4949,1,1,1,"-","G","+",0,0,"-",1,1,"TCGCC","RNF12","D4","RepR4","S2","MSR","other"
"3519","FJ24-FJ25::chr9:2999602-3038819",4959,4961,1,2,2,"B","G","+",1,1,"-",1,1,"CACGT","RNF12","D4","RepR4","S2","MSR","other"
"3520","FJ24-FJ25::chr9:2999602-3038819",4987,4989,0.874,340,297,"B","G","+",2,2,"-",338,295,"TCCGT","RNF12","D4","RepR4","S2","MSR","other"
"3521","FJ24-FJ25::chr9:2999602-3038819",5005,5007,0.748,326,244,"B","G","+",2,2,"-",324,242,"CTCGC","RNF12","D4","RepR4","S2","MSR","other"
"3522","FJ24-FJ25::chr9:2999602-3038819",5047,5049,0.739,111,82,"-","G","+",0,0,"-",111,82,"ACGTT","RNF12","D4","RepR4","S2","MSR","other"
"3523","FJ24-FJ25::chr9:2999602-3038819",5063,5065,0.907,107,97,"-","G","+",0,0,"-",107,97,"TCGTC","RNF12","D4","RepR4","S2","MSR","other"
"3524","FJ24-FJ25::chr9:2999602-3038819",5078,5080,0.858,120,103,"-","G","+",0,0,"-",120,103,"TCGTC","RNF12","D4","RepR4","S2","MSR","other"
"3525","FJ24-FJ25::chr9:2999602-3038819",5181,5183,0,1,0,"+","G","+",1,0,"-",0,0,"CTCGC","RNF12","D4","RepR4","S2","MSR","other"
"3526","FJ24-FJ25::chr9:2999602-3038819",5193,5195,1,2,2,"+","G","+",2,2,"-",0,0,"CACGT","RNF12","D4","RepR4","S2","MSR","other"
"3527","FJ24-FJ25::chr9:2999602-3038819",5221,5223,0.779,77,60,"B","G","+",2,0,"-",75,60,"ACCGT","RNF12","D4","RepR4","S2","MSR","other"
"3528","FJ24-FJ25::chr9:2999602-3038819",5455,5457,0,4,0,"-","G","+",0,0,"-",4,0,"TCGTG","RNF12","D4","RepR4","S2","MSR","other"
"3529","FJ24-FJ25::chr9:2999602-3038819",5707,5709,0.812,16,13,"-","G","+",0,0,"-",16,13,"TCGCA","RNF12","D4","RepR4","S2","MSR","other"
"3530","FJ24-FJ25::chr9:2999602-3038819",6098,6100,0.952,42,40,"-","G","+",0,0,"-",42,40,"CCGTG","RNF12","D4","RepR4","S2","MSR","other"
"3531","FJ24-FJ25::chr9:2999602-3038819",6116,6118,0.923,26,24,"-","G","+",0,0,"-",26,24,"TCGCC","RNF12","D4","RepR4","S2","MSR","other"
"3532","FJ24-FJ25::chr9:2999602-3038819",6158,6160,1,2,2,"B","G","+",1,1,"-",1,1,"CACGT","RNF12","D4","RepR4","S2","MSR","other"
"3533","FJ24-FJ25::chr9:2999602-3038819",6174,6176,1,2,2,"B","G","+",1,1,"-",1,1,"TTCGT","RNF12","D4","RepR4","S2","MSR","other"
"3534","FJ24-FJ25::chr9:2999602-3038819",6189,6191,1,2,2,"B","G","+",1,1,"-",1,1,"GTCGT","RNF12","D4","RepR4","S2","MSR","other"
"3535","FJ24-FJ25::chr9:2999602-3038819",6334,6336,1,5,5,"-","G","+",0,0,"-",5,5,"ACGTT","RNF12","D4","RepR4","S2","MSR","other"
"3536","FJ24-FJ25::chr9:2999602-3038819",6350,6352,1,4,4,"-","G","+",0,0,"-",4,4,"TCGTC","RNF12","D4","RepR4","S2","MSR","other"
"3537","FJ24-FJ25::chr9:2999602-3038819",6390,6392,0.789,19,15,"-","G","+",0,0,"-",19,15,"CCGTG","RNF12","D4","RepR4","S2","MSR","other"
"3538","FJ24-FJ25::chr9:2999602-3038819",6434,6436,0,17,0,"-","G","+",0,0,"-",17,0,"ACGTT","RNF12","D4","RepR4","S2","MSR","other"
"3539","FJ24-FJ25::chr9:2999602-3038819",6508,6510,1,7,7,"-","G","+",0,0,"-",7,7,"CCGTG","RNF12","D4","RepR4","S2","MSR","other"
"3540","FJ24-FJ25::chr9:2999602-3038819",6526,6528,1,3,3,"-","G","+",0,0,"-",3,3,"TCGCC","RNF12","D4","RepR4","S2","MSR","other"
"3541","FJ24-FJ25::chr9:2999602-3038819",6760,6762,0.751,185,139,"-","G","+",0,0,"-",185,139,"TCGCC","RNF12","D4","RepR4","S2","MSR","other"
"3542","FJ24-FJ25::chr9:2999602-3038819",6802,6804,1,4,4,"B","G","+",1,1,"-",3,3,"CACGT","RNF12","D4","RepR4","S2","MSR","other"
"3543","FJ24-FJ25::chr9:2999602-3038819",6818,6820,1,4,4,"B","G","+",1,1,"-",3,3,"TTCGT","RNF12","D4","RepR4","S2","MSR","other"
"3544","FJ24-FJ25::chr9:2999602-3038819",7051,7053,1,1,1,"-","G","+",0,0,"-",1,1,"TCGTC","RNF12","D4","RepR4","S2","MSR","other"
"3545","FJ24-FJ25::chr9:2999602-3038819",7169,7171,1,5,5,"-","G","+",0,0,"-",5,5,"TCGCC","RNF12","D4","RepR4","S2","MSR","other"
"3546","FJ24-FJ25::chr9:2999602-3038819",7181,7183,1,9,9,"B","G","+",1,1,"-",8,8,"CACGT","RNF12","D4","RepR4","S2","MSR","other"
"3547","FJ24-FJ25::chr9:2999602-3038819",7209,7211,0.863,5052,4361,"B","G","+",2,2,"-",5050,4359,"TCCGT","RNF12","D4","RepR4","S2","MSR","other"
"3548","FJ24-FJ25::chr9:2999602-3038819",7227,7229,0.836,5053,4223,"B","G","+",2,2,"-",5051,4221,"CTCGC","RNF12","D4","RepR4","S2","MSR","other"
"3549","FJ24-FJ25::chr9:2999602-3038819",7269,7271,0.793,58,46,"-","G","+",0,0,"-",58,46,"ACGTT","RNF12","D4","RepR4","S2","MSR","other"
"3550","FJ24-FJ25::chr9:2999602-3038819",7285,7287,1,35,35,"-","G","+",0,0,"-",35,35,"TCGTC","RNF12","D4","RepR4","S2","MSR","other"
"3551","FJ24-FJ25::chr9:2999602-3038819",7522,7524,0.8,5,4,"+","G","+",5,4,"-",0,0,"TTCGT","RNF12","D4","RepR4","S2","MSR","other"
"3552","FJ24-FJ25::chr9:2999602-3038819",7537,7539,1,6,6,"+","G","+",6,6,"-",0,0,"GTCGT","RNF12","D4","RepR4","S2","MSR","other"
"3553","FJ24-FJ25::chr9:2999602-3038819",7698,7700,0.867,615,533,"-","G","+",0,0,"-",615,533,"TCGCC","RNF12","D4","RepR4","S2","MSR","other"
"3554","FJ24-FJ25::chr9:2999602-3038819",7799,7801,0.868,167,145,"B","G","+",2,2,"-",165,143,"TCCGT","RNF12","D4","RepR4","S2","MSR","other"
"3555","FJ24-FJ25::chr9:2999602-3038819",7817,7819,0.837,166,139,"B","G","+",2,2,"-",164,137,"CTCGC","RNF12","D4","RepR4","S2","MSR","other"
"3556","FJ24-FJ25::chr9:2999602-3038819",7859,7861,0.25,4,1,"-","G","+",0,0,"-",4,1,"ACGTT","RNF12","D4","RepR4","S2","MSR","other"
"3557","FJ24-FJ25::chr9:2999602-3038819",7992,7994,1,4,4,"B","G","+",2,2,"-",2,2,"CTCGC","RNF12","D4","RepR4","S2","MSR","other"
"3558","FJ24-FJ25::chr9:2999602-3038819",8004,8006,1,6,6,"B","G","+",3,3,"-",3,3,"CACGT","RNF12","D4","RepR4","S2","MSR","other"
"3559","FJ24-FJ25::chr9:2999602-3038819",8032,8034,0.915,224,205,"B","G","+",1,1,"-",223,204,"TCCGT","RNF12","D4","RepR4","S2","MSR","other"
"3560","FJ24-FJ25::chr9:2999602-3038819",8050,8052,0.875,160,140,"B","G","+",1,1,"-",159,139,"CTCGC","RNF12","D4","RepR4","S2","MSR","other"
"3561","FJ24-FJ25::chr9:2999602-3038819",8091,8093,1,1,1,"-","G","+",0,0,"-",1,1,"ACGTT","RNF12","D4","RepR4","S2","MSR","other"
"3562","FJ24-FJ25::chr9:2999602-3038819",8265,8267,1,1,1,"-","G","+",0,0,"-",1,1,"TCGTG","RNF12","D4","RepR4","S2","MSR","other"
"3563","FJ24-FJ25::chr9:2999602-3038819",8283,8285,1,1,1,"-","G","+",0,0,"-",1,1,"TCGCC","RNF12","D4","RepR4","S2","MSR","other"
"3564","FJ24-FJ25::chr9:2999602-3038819",8517,8519,0.804,158,127,"-","G","+",0,0,"-",158,127,"TCGCC","RNF12","D4","RepR4","S2","MSR","other"
"3565","FJ24-FJ25::chr9:2999602-3038819",8576,8578,1,1,1,"-","G","+",0,0,"-",1,1,"TCGTC","RNF12","D4","RepR4","S2","MSR","other"
"3566","FJ24-FJ25::chr9:2999602-3038819",8692,8694,0.875,16,14,"-","G","+",0,0,"-",16,14,"TCGCT","RNF12","D4","RepR4","S2","MSR","other"
"3567","FJ24-FJ25::chr9:2999602-3038819",8909,8911,0.886,2580,2285,"-","G","+",0,0,"-",2580,2285,"CCGTG","RNF12","D4","RepR4","S2","MSR","other"
"3568","FJ24-FJ25::chr9:2999602-3038819",8969,8971,0.667,9,6,"-","G","+",0,0,"-",9,6,"ACGTT","RNF12","D4","RepR4","S2","MSR","other"
"3569","FJ24-FJ25::chr9:2999602-3038819",8985,8987,1,3,3,"-","G","+",0,0,"-",3,3,"TCGTC","RNF12","D4","RepR4","S2","MSR","other"
"3570","FJ24-FJ25::chr9:2999602-3038819",9161,9163,0.9,20,18,"-","G","+",0,0,"-",20,18,"TCGCA","RNF12","D4","RepR4","S2","MSR","other"
"3571","FJ24-FJ25::chr9:2999602-3038819",9220,9222,0,1,0,"-","G","+",0,0,"-",1,0,"TCGTC","RNF12","D4","RepR4","S2","MSR","other"
"3572","FJ24-FJ25::chr9:2999602-3038819",9648,9650,1,1,1,"-","G","+",0,0,"-",1,1,"TCGCC","RNF12","D4","RepR4","S2","MSR","other"
"3573","FJ24-FJ25::chr9:2999602-3038819",9691,9693,0.5,4,2,"B","G","+",2,1,"-",2,1,"CACGT","RNF12","D4","RepR4","S2","MSR","other"
"3574","FJ24-FJ25::chr9:2999602-3038819",9707,9709,0.889,9,8,"B","G","+",6,6,"-",3,2,"TTCGT","RNF12","D4","RepR4","S2","MSR","other"
"3575","FJ24-FJ25::chr9:2999602-3038819",9722,9724,0.889,9,8,"B","G","+",6,6,"-",3,2,"GTCGT","RNF12","D4","RepR4","S2","MSR","other"
"3576","FJ24-FJ25::chr9:2999602-3038819",9883,9885,0.867,481,417,"-","G","+",0,0,"-",481,417,"TCGCC","RNF12","D4","RepR4","S2","MSR","other"
"3577","FJ24-FJ25::chr9:2999602-3038819",9944,9946,1,1,1,"-","G","+",0,0,"-",1,1,"TCGCC","RNF12","D4","RepR4","S2","MSR","other"
"3578","FJ24-FJ25::chr9:2999602-3038819",9984,9986,0.927,110,102,"-","G","+",0,0,"-",110,102,"CCGTG","RNF12","D4","RepR4","S2","MSR","other"
"3579","FJ24-FJ25::chr9:2999602-3038819",10002,10004,0.913,115,105,"-","G","+",0,0,"-",115,105,"TCGCC","RNF12","D4","RepR4","S2","MSR","other"
"3580","FJ24-FJ25::chr9:2999602-3038819",10044,10046,1,4,4,"-","G","+",0,0,"-",4,4,"ACGTT","RNF12","D4","RepR4","S2","MSR","other"
"3581","FJ24-FJ25::chr9:2999602-3038819",10177,10179,1,1,1,"-","G","+",0,0,"-",1,1,"TCGCC","RNF12","D4","RepR4","S2","MSR","other"
"3582","FJ24-FJ25::chr9:2999602-3038819",10189,10191,1,3,3,"-","G","+",0,0,"-",3,3,"ACGTC","RNF12","D4","RepR4","S2","MSR","other"
"3583","FJ24-FJ25::chr9:2999602-3038819",10217,10219,0.851,2019,1718,"-","G","+",0,0,"-",2019,1718,"CCGTG","RNF12","D4","RepR4","S2","MSR","other"
"3584","FJ24-FJ25::chr9:2999602-3038819",10277,10279,0.857,7,6,"-","G","+",0,0,"-",7,6,"ACGTT","RNF12","D4","RepR4","S2","MSR","other"
"3585","FJ24-FJ25::chr9:2999602-3038819",10411,10413,1,3,3,"-","G","+",0,0,"-",3,3,"TCGCC","RNF12","D4","RepR4","S2","MSR","other"
"3586","FJ24-FJ25::chr9:2999602-3038819",10423,10425,0,2,0,"-","G","+",0,0,"-",2,0,"ACGTC","RNF12","D4","RepR4","S2","MSR","other"
"3587","FJ24-FJ25::chr9:2999602-3038819",10451,10453,0.859,149,128,"-","G","+",0,0,"-",149,128,"CCGTG","RNF12","D4","RepR4","S2","MSR","other"
"3588","FJ24-FJ25::chr9:2999602-3038819",10469,10471,0.968,125,121,"-","G","+",0,0,"-",125,121,"TCGCC","RNF12","D4","RepR4","S2","MSR","other"
"3589","FJ24-FJ25::chr9:2999602-3038819",10684,10686,1,6,6,"-","G","+",0,0,"-",6,6,"CCGTG","RNF12","D4","RepR4","S2","MSR","other"
"3590","FJ24-FJ25::chr9:2999602-3038819",10702,10704,0.75,8,6,"-","G","+",0,0,"-",8,6,"TCGCC","RNF12","D4","RepR4","S2","MSR","other"
"3591","FJ24-FJ25::chr9:2999602-3038819",10994,10996,0,1,0,"-","G","+",0,0,"-",1,0,"TCGTC","RNF12","D4","RepR4","S2","MSR","other"
"3592","FJ24-FJ25::chr9:2999602-3038819",11009,11011,0.5,2,1,"-","G","+",0,0,"-",2,1,"TCGTC","RNF12","D4","RepR4","S2","MSR","other"
"3593","FJ24-FJ25::chr9:2999602-3038819",11110,11112,0.818,22,18,"-","G","+",0,0,"-",22,18,"TCGCT","RNF12","D4","RepR4","S2","MSR","other"
"3594","FJ24-FJ25::chr9:2999602-3038819",11327,11329,0.854,2321,1982,"-","G","+",0,0,"-",2321,1982,"CCGTG","RNF12","D4","RepR4","S2","MSR","other"
"3595","FJ24-FJ25::chr9:2999602-3038819",11387,11389,0.8,15,12,"-","G","+",0,0,"-",15,12,"ACGTT","RNF12","D4","RepR4","S2","MSR","other"
"3596","FJ24-FJ25::chr9:2999602-3038819",11403,11405,1,9,9,"B","G","+",1,1,"-",8,8,"TTCGT","RNF12","D4","RepR4","S2","MSR","other"
"3597","FJ24-FJ25::chr9:2999602-3038819",11579,11581,0.871,31,27,"-","G","+",0,0,"-",31,27,"TCGCA","RNF12","D4","RepR4","S2","MSR","other"
"3598","FJ24-FJ25::chr9:2999602-3038819",11930,11932,1,2,2,"-","G","+",0,0,"-",2,2,"TCGCC","RNF12","D4","RepR4","S2","MSR","other"
"3599","FJ24-FJ25::chr9:2999602-3038819",11970,11972,0.796,49,39,"-","G","+",0,0,"-",49,39,"CCGTG","RNF12","D4","RepR4","S2","MSR","other"
"3600","FJ24-FJ25::chr9:2999602-3038819",11988,11990,0.87,23,20,"-","G","+",0,0,"-",23,20,"TCGCC","RNF12","D4","RepR4","S2","MSR","other"
"3601","FJ24-FJ25::chr9:2999602-3038819",12030,12032,1,2,2,"-","G","+",0,0,"-",2,2,"ACGTT","RNF12","D4","RepR4","S2","MSR","other"
"3602","FJ24-FJ25::chr9:2999602-3038819",12046,12048,1,3,3,"-","G","+",0,0,"-",3,3,"TCGTC","RNF12","D4","RepR4","S2","MSR","other"
"3603","FJ24-FJ25::chr9:2999602-3038819",12061,12063,1,3,3,"-","G","+",0,0,"-",3,3,"TCGTC","RNF12","D4","RepR4","S2","MSR","other"
"3604","FJ24-FJ25::chr9:2999602-3038819",12116,12118,0.8,5,4,"-","G","+",0,0,"-",5,4,"ACGTC","RNF12","D4","RepR4","S2","MSR","other"
"3605","FJ24-FJ25::chr9:2999602-3038819",12206,12208,1,4,4,"-","G","+",0,0,"-",4,4,"ACGTT","RNF12","D4","RepR4","S2","MSR","other"
"3606","FJ24-FJ25::chr9:2999602-3038819",12222,12224,1,3,3,"-","G","+",0,0,"-",3,3,"TCGTC","RNF12","D4","RepR4","S2","MSR","other"
"3607","FJ24-FJ25::chr9:2999602-3038819",12262,12264,0.5,10,5,"-","G","+",0,0,"-",10,5,"CCGTG","RNF12","D4","RepR4","S2","MSR","other"
"3608","FJ24-FJ25::chr9:2999602-3038819",12306,12308,0,6,0,"-","G","+",0,0,"-",6,0,"ACGTT","RNF12","D4","RepR4","S2","MSR","other"
"3609","FJ24-FJ25::chr9:2999602-3038819",12380,12382,1,2,2,"-","G","+",0,0,"-",2,2,"CCGTG","RNF12","D4","RepR4","S2","MSR","other"
"3610","FJ24-FJ25::chr9:2999602-3038819",12398,12400,1,2,2,"-","G","+",0,0,"-",2,2,"TCGCC","RNF12","D4","RepR4","S2","MSR","other"
"3611","FJ24-FJ25::chr9:2999602-3038819",12574,12576,1,2,2,"-","G","+",0,0,"-",2,2,"TCGCC","RNF12","D4","RepR4","S2","MSR","other"
"3612","FJ24-FJ25::chr9:2999602-3038819",12632,12634,0.687,115,79,"-","G","+",0,0,"-",115,79,"TCGCC","RNF12","D4","RepR4","S2","MSR","other"
"3613","FJ24-FJ25::chr9:2999602-3038819",12674,12676,0.8,5,4,"-","G","+",0,0,"-",5,4,"ACGTT","RNF12","D4","RepR4","S2","MSR","other"
"3614","FJ24-FJ25::chr9:2999602-3038819",12690,12692,0.667,3,2,"-","G","+",0,0,"-",3,2,"TCGTC","RNF12","D4","RepR4","S2","MSR","other"
"3615","FJ24-FJ25::chr9:2999602-3038819",13055,13057,1,1,1,"+","G","+",1,1,"-",0,0,"CACGT","RNF12","D4","RepR4","S2","MSR","other"
"3616","FJ24-FJ25::chr9:2999602-3038819",13082,13084,1,3,3,"B","G","+",1,1,"-",2,2,"TTCGG","RNF12","D4","RepR4","S2","MSR","other"
"3617","FJ24-FJ25::chr9:2999602-3038819",13101,13103,1,1,1,"-","G","+",0,0,"-",1,1,"TCGCC","RNF12","D4","RepR4","S2","MSR","other"
"3618","FJ24-FJ25::chr9:2999602-3038819",13144,13146,0.5,6,3,"B","G","+",2,1,"-",4,2,"CACGT","RNF12","D4","RepR4","S2","MSR","other"
"3619","FJ24-FJ25::chr9:2999602-3038819",13160,13162,1,10,10,"B","G","+",5,5,"-",5,5,"TTCGT","RNF12","D4","RepR4","S2","MSR","other"
"3620","FJ24-FJ25::chr9:2999602-3038819",13175,13177,1,11,11,"B","G","+",5,5,"-",6,6,"GTCGT","RNF12","D4","RepR4","S2","MSR","other"
"3621","FJ24-FJ25::chr9:2999602-3038819",13336,13338,0.849,484,411,"-","G","+",0,0,"-",484,411,"TCGCC","RNF12","D4","RepR4","S2","MSR","other"
"3622","FJ24-FJ25::chr9:2999602-3038819",13437,13439,0.888,125,111,"B","G","+",2,2,"-",123,109,"TCCGT","RNF12","D4","RepR4","S2","MSR","other"
"3623","FJ24-FJ25::chr9:2999602-3038819",13455,13457,0.863,124,107,"B","G","+",2,2,"-",122,105,"CTCGC","RNF12","D4","RepR4","S2","MSR","other"
"3624","FJ24-FJ25::chr9:2999602-3038819",13497,13499,0.769,13,10,"-","G","+",0,0,"-",13,10,"ACGTT","RNF12","D4","RepR4","S2","MSR","other"
"3625","FJ24-FJ25::chr9:2999602-3038819",13630,13632,1,3,3,"-","G","+",0,0,"-",3,3,"TCGCC","RNF12","D4","RepR4","S2","MSR","other"
"3626","FJ24-FJ25::chr9:2999602-3038819",13642,13644,0.5,4,2,"-","G","+",0,0,"-",4,2,"ACGTC","RNF12","D4","RepR4","S2","MSR","other"
"3627","FJ24-FJ25::chr9:2999602-3038819",13670,13672,0.872,2130,1858,"-","G","+",0,0,"-",2130,1858,"CCGTG","RNF12","D4","RepR4","S2","MSR","other"
"3628","FJ24-FJ25::chr9:2999602-3038819",13730,13732,0.4,5,2,"-","G","+",0,0,"-",5,2,"ACGTT","RNF12","D4","RepR4","S2","MSR","other"
"3629","FJ24-FJ25::chr9:2999602-3038819",13864,13866,0.667,3,2,"-","G","+",0,0,"-",3,2,"TCGCC","RNF12","D4","RepR4","S2","MSR","other"
"3630","FJ24-FJ25::chr9:2999602-3038819",13876,13878,0.333,3,1,"-","G","+",0,0,"-",3,1,"ACGTC","RNF12","D4","RepR4","S2","MSR","other"
"3631","FJ24-FJ25::chr9:2999602-3038819",13904,13906,0.888,152,135,"-","G","+",0,0,"-",152,135,"CCGTG","RNF12","D4","RepR4","S2","MSR","other"
"3632","FJ24-FJ25::chr9:2999602-3038819",13922,13924,0.82,122,100,"-","G","+",0,0,"-",122,100,"TCGCC","RNF12","D4","RepR4","S2","MSR","other"
"3633","FJ24-FJ25::chr9:2999602-3038819",14097,14099,1,2,2,"-","G","+",0,0,"-",2,2,"TCGCC","RNF12","D4","RepR4","S2","MSR","other"
"3634","FJ24-FJ25::chr9:2999602-3038819",14109,14111,1,1,1,"-","G","+",0,0,"-",1,1,"ACGTC","RNF12","D4","RepR4","S2","MSR","other"
"3635","FJ24-FJ25::chr9:2999602-3038819",14137,14139,0.75,12,9,"B","G","+",3,3,"-",9,6,"TCCGT","RNF12","D4","RepR4","S2","MSR","other"
"3636","FJ24-FJ25::chr9:2999602-3038819",14155,14157,0.857,14,12,"B","G","+",2,2,"-",12,10,"CTCGC","RNF12","D4","RepR4","S2","MSR","other"
"3637","FJ24-FJ25::chr9:2999602-3038819",14197,14199,0.857,7,6,"B","G","+",1,1,"-",6,5,"CACGT","RNF12","D4","RepR4","S2","MSR","other"
"3638","FJ24-FJ25::chr9:2999602-3038819",14213,14215,0.857,7,6,"B","G","+",1,1,"-",6,5,"TTCGT","RNF12","D4","RepR4","S2","MSR","other"
"3639","FJ24-FJ25::chr9:2999602-3038819",14447,14449,0.8,5,4,"-","G","+",0,0,"-",5,4,"TCGTC","RNF12","D4","RepR4","S2","MSR","other"
"3640","FJ24-FJ25::chr9:2999602-3038819",14462,14464,0.818,22,18,"B","G","+",2,2,"-",20,16,"GTCGT","RNF12","D4","RepR4","S2","MSR","other"
"3641","FJ24-FJ25::chr9:2999602-3038819",14565,14567,0.778,9,7,"B","G","+",1,0,"-",8,7,"CTCGC","RNF12","D4","RepR4","S2","MSR","other"
"3642","FJ24-FJ25::chr9:2999602-3038819",14623,14625,0.76,25,19,"-","G","+",0,0,"-",25,19,"TCGCC","RNF12","D4","RepR4","S2","MSR","other"
"3643","FJ24-FJ25::chr9:2999602-3038819",14665,14667,0.833,6,5,"B","G","+",1,1,"-",5,4,"CACGT","RNF12","D4","RepR4","S2","MSR","other"
"3644","FJ24-FJ25::chr9:2999602-3038819",14681,14683,1,4,4,"-","G","+",0,0,"-",4,4,"TCGTC","RNF12","D4","RepR4","S2","MSR","other"
"3645","FJ24-FJ25::chr9:2999602-3038819",14839,14841,0.678,90,61,"-","G","+",0,0,"-",90,61,"CCGTG","RNF12","D4","RepR4","S2","MSR","other"
"3646","FJ24-FJ25::chr9:2999602-3038819",14899,14901,1,1,1,"-","G","+",0,0,"-",1,1,"ACGTT","RNF12","D4","RepR4","S2","MSR","other"
"3647","FJ24-FJ25::chr9:2999602-3038819",15073,15075,0.667,3,2,"-","G","+",0,0,"-",3,2,"TCGTG","RNF12","D4","RepR4","S2","MSR","other"
"3648","FJ24-FJ25::chr9:2999602-3038819",15091,15093,1,2,2,"-","G","+",0,0,"-",2,2,"TCGCC","RNF12","D4","RepR4","S2","MSR","other"
"3649","FJ24-FJ25::chr9:2999602-3038819",15133,15135,1,2,2,"-","G","+",0,0,"-",2,2,"ACGTT","RNF12","D4","RepR4","S2","MSR","other"
"3650","FJ24-FJ25::chr9:2999602-3038819",15325,15327,0.867,30,26,"-","G","+",0,0,"-",30,26,"TCGCC","RNF12","D4","RepR4","S2","MSR","other"
"3651","FJ24-FJ25::chr9:2999602-3038819",15384,15386,1,1,1,"-","G","+",0,0,"-",1,1,"TCGTC","RNF12","D4","RepR4","S2","MSR","other"
"3652","FJ24-FJ25::chr9:2999602-3038819",15500,15502,0.833,12,10,"-","G","+",0,0,"-",12,10,"TCGCT","RNF12","D4","RepR4","S2","MSR","other"
"3653","FJ24-FJ25::chr9:2999602-3038819",15777,15779,0.865,37,32,"B","G","+",6,6,"-",31,26,"CACGT","RNF12","D4","RepR4","S2","MSR","other"
"3654","FJ24-FJ25::chr9:2999602-3038819",15793,15795,0.914,35,32,"B","G","+",9,6,"-",26,26,"TTCGT","RNF12","D4","RepR4","S2","MSR","other"
"3655","FJ24-FJ25::chr9:2999602-3038819",15808,15810,0.917,36,33,"B","G","+",12,12,"-",24,21,"GTCGT","RNF12","D4","RepR4","S2","MSR","other"
"3656","FJ24-FJ25::chr9:2999602-3038819",15851,15853,0.769,13,10,"-","G","+",0,0,"-",13,10,"TCGCC","RNF12","D4","RepR4","S2","MSR","other"
"3657","FJ24-FJ25::chr9:2999602-3038819",15951,15953,0.694,49,34,"-","G","+",0,0,"-",49,34,"CCGTG","RNF12","D4","RepR4","S2","MSR","other"
"3658","FJ24-FJ25::chr9:2999602-3038819",16041,16043,1,1,1,"-","G","+",0,0,"-",1,1,"TCGTC","RNF12","D4","RepR4","S2","MSR","other"
"3659","FJ24-FJ25::chr9:2999602-3038819",16202,16204,0.721,43,31,"-","G","+",0,0,"-",43,31,"TCGCC","RNF12","D4","RepR4","S2","MSR","other"
"3660","FJ24-FJ25::chr9:2999602-3038819",16261,16263,0.5,2,1,"-","G","+",0,0,"-",2,1,"TCGTC","RNF12","D4","RepR4","S2","MSR","other"
"3661","FJ24-FJ25::chr9:2999602-3038819",16273,16275,0,1,0,"-","G","+",0,0,"-",1,0,"ACGTT","RNF12","D4","RepR4","S2","MSR","other"
"3662","FJ24-FJ25::chr9:2999602-3038819",16377,16379,0.807,57,46,"B","G","+",1,1,"-",56,45,"CTCGC","RNF12","D4","RepR4","S2","MSR","other"
"3663","FJ24-FJ25::chr9:2999602-3038819",16419,16421,0.818,11,9,"B","G","+",3,3,"-",8,6,"CACGT","RNF12","D4","RepR4","S2","MSR","other"
"3664","FJ24-FJ25::chr9:2999602-3038819",16435,16437,0.929,14,13,"B","G","+",4,4,"-",10,9,"TTCGT","RNF12","D4","RepR4","S2","MSR","other"
"3665","FJ24-FJ25::chr9:2999602-3038819",16593,16595,0.776,85,66,"-","G","+",0,0,"-",85,66,"CCGTG","RNF12","D4","RepR4","S2","MSR","other"
"3666","FJ24-FJ25::chr9:2999602-3038819",16653,16655,1,2,2,"-","G","+",0,0,"-",2,2,"ACGTT","RNF12","D4","RepR4","S2","MSR","other"
"3667","FJ24-FJ25::chr9:2999602-3038819",16827,16829,0,2,0,"-","G","+",0,0,"-",2,0,"TCGTG","RNF12","D4","RepR4","S2","MSR","other"
"3668","FJ24-FJ25::chr9:2999602-3038819",16887,16889,0.5,2,1,"-","G","+",0,0,"-",2,1,"ACGTT","RNF12","D4","RepR4","S2","MSR","other"
"3669","FJ24-FJ25::chr9:2999602-3038819",17079,17081,0.917,36,33,"-","G","+",0,0,"-",36,33,"TCGCC","RNF12","D4","RepR4","S2","MSR","other"
"3670","FJ24-FJ25::chr9:2999602-3038819",17254,17256,0.923,26,24,"-","G","+",0,0,"-",26,24,"TCGCT","RNF12","D4","RepR4","S2","MSR","other"
"3671","FJ24-FJ25::chr9:2999602-3038819",17313,17315,1,1,1,"-","G","+",0,0,"-",1,1,"TCGTC","RNF12","D4","RepR4","S2","MSR","other"
"3672","FJ24-FJ25::chr9:2999602-3038819",17431,17433,1,1,1,"-","G","+",0,0,"-",1,1,"TCGCC","RNF12","D4","RepR4","S2","MSR","other"
"3673","FJ24-FJ25::chr9:2999602-3038819",17471,17473,0.868,3617,3140,"-","G","+",0,0,"-",3617,3140,"CCGTG","RNF12","D4","RepR4","S2","MSR","other"
"3674","FJ24-FJ25::chr9:2999602-3038819",17531,17533,0.725,40,29,"B","G","+",8,5,"-",32,24,"CACGT","RNF12","D4","RepR4","S2","MSR","other"
"3675","FJ24-FJ25::chr9:2999602-3038819",17547,17549,0.977,44,43,"B","G","+",13,12,"-",31,31,"TTCGT","RNF12","D4","RepR4","S2","MSR","other"
"3676","FJ24-FJ25::chr9:2999602-3038819",17562,17564,0.896,48,43,"B","G","+",16,16,"-",32,27,"GTCGT","RNF12","D4","RepR4","S2","MSR","other"
"3677","FJ24-FJ25::chr9:2999602-3038819",17605,17607,0.312,16,5,"B","G","+",2,0,"-",14,5,"CTCGC","RNF12","D4","RepR4","S2","MSR","other"
"3678","FJ24-FJ25::chr9:2999602-3038819",17705,17707,0.663,101,67,"-","G","+",0,0,"-",101,67,"CCGTG","RNF12","D4","RepR4","S2","MSR","other"
"3679","FJ24-FJ25::chr9:2999602-3038819",17765,17767,1,3,3,"-","G","+",0,0,"-",3,3,"ACGTT","RNF12","D4","RepR4","S2","MSR","other"
"3680","FJ24-FJ25::chr9:2999602-3038819",17795,17797,1,1,1,"-","G","+",0,0,"-",1,1,"TCGTC","RNF12","D4","RepR4","S2","MSR","other"
"3681","FJ24-FJ25::chr9:2999602-3038819",17956,17958,0.871,93,81,"-","G","+",0,0,"-",93,81,"TCGCC","RNF12","D4","RepR4","S2","MSR","other"
"3682","FJ24-FJ25::chr9:2999602-3038819",18131,18133,0.963,27,26,"B","G","+",1,1,"-",26,25,"CTCGC","RNF12","D4","RepR4","S2","MSR","other"
"3683","FJ24-FJ25::chr9:2999602-3038819",18174,18176,0,1,0,"-","G","+",0,0,"-",1,0,"ACGTT","RNF12","D4","RepR4","S2","MSR","other"
"3684","FJ24-FJ25::chr9:2999602-3038819",18190,18192,1,1,1,"-","G","+",0,0,"-",1,1,"TCGTC","RNF12","D4","RepR4","S2","MSR","other"
"3685","FJ24-FJ25::chr9:2999602-3038819",18308,18310,1,1,1,"-","G","+",0,0,"-",1,1,"TCGCC","RNF12","D4","RepR4","S2","MSR","other"
"3686","FJ24-FJ25::chr9:2999602-3038819",18348,18350,0.845,4348,3675,"-","G","+",0,0,"-",4348,3675,"CCGTG","RNF12","D4","RepR4","S2","MSR","other"
"3687","FJ24-FJ25::chr9:2999602-3038819",18408,18410,0.754,167,126,"B","G","+",9,8,"-",158,118,"CACGT","RNF12","D4","RepR4","S2","MSR","other"
"3688","FJ24-FJ25::chr9:2999602-3038819",18424,18426,0.901,161,145,"B","G","+",13,12,"-",148,133,"TTCGT","RNF12","D4","RepR4","S2","MSR","other"
"3689","FJ24-FJ25::chr9:2999602-3038819",18439,18441,0.882,169,149,"B","G","+",14,14,"-",155,135,"GTCGT","RNF12","D4","RepR4","S2","MSR","other"
"3690","FJ24-FJ25::chr9:2999602-3038819",18482,18484,0.5,8,4,"B","G","+",3,0,"-",5,4,"CTCGC","RNF12","D4","RepR4","S2","MSR","other"
"3691","FJ24-FJ25::chr9:2999602-3038819",18582,18584,0.639,108,69,"-","G","+",0,0,"-",108,69,"CCGTG","RNF12","D4","RepR4","S2","MSR","other"
"3692","FJ24-FJ25::chr9:2999602-3038819",18642,18644,1,2,2,"-","G","+",0,0,"-",2,2,"ACGTT","RNF12","D4","RepR4","S2","MSR","other"
"3693","FJ24-FJ25::chr9:2999602-3038819",18672,18674,1,2,2,"-","G","+",0,0,"-",2,2,"TCGTC","RNF12","D4","RepR4","S2","MSR","other"
"3694","FJ24-FJ25::chr9:2999602-3038819",18727,18729,0.867,60,52,"B","G","+",2,2,"-",58,50,"CACGT","RNF12","D4","RepR4","S2","MSR","other"
"3695","FJ24-FJ25::chr9:2999602-3038819",18775,18777,1,1,1,"+","G","+",1,1,"-",0,0,"TTCGC","RNF12","D4","RepR4","S2","MSR","other"
"3696","FJ24-FJ25::chr9:2999602-3038819",18787,18789,0.333,3,1,"+","G","+",3,1,"-",0,0,"CACGT","RNF12","D4","RepR4","S2","MSR","other"
"3697","FJ24-FJ25::chr9:2999602-3038819",18815,18817,0.897,29,26,"-","G","+",0,0,"-",29,26,"CCGTG","RNF12","D4","RepR4","S2","MSR","other"
"3698","FJ24-FJ25::chr9:2999602-3038819",18833,18835,0.87,23,20,"-","G","+",0,0,"-",23,20,"TCGCA","RNF12","D4","RepR4","S2","MSR","other"
"3699","FJ24-FJ25::chr9:2999602-3038819",18875,18877,0.742,124,92,"B","G","+",1,1,"-",123,91,"CACGT","RNF12","D4","RepR4","S2","MSR","other"
"3700","FJ24-FJ25::chr9:2999602-3038819",18891,18893,0.902,112,101,"B","G","+",1,1,"-",111,100,"TTCGT","RNF12","D4","RepR4","S2","MSR","other"
"3701","FJ24-FJ25::chr9:2999602-3038819",18906,18908,0.885,139,123,"B","G","+",3,3,"-",136,120,"GTCGT","RNF12","D4","RepR4","S2","MSR","other"
"3702","FJ24-FJ25::chr9:2999602-3038819",19009,19011,1,2,2,"B","G","+",1,1,"-",1,1,"CTCGC","RNF12","D4","RepR4","S2","MSR","other"
"3703","FJ24-FJ25::chr9:2999602-3038819",19021,19023,1,2,2,"B","G","+",1,1,"-",1,1,"CACGT","RNF12","D4","RepR4","S2","MSR","other"
"3704","FJ24-FJ25::chr9:2999602-3038819",19049,19051,0.652,4855,3165,"B","G","+",1,1,"-",4854,3164,"TCCGT","RNF12","D4","RepR4","S2","MSR","other"
"3705","FJ24-FJ25::chr9:2999602-3038819",19109,19111,1,1,1,"-","G","+",0,0,"-",1,1,"ACGTT","RNF12","D4","RepR4","S2","MSR","other"
"3706","FJ24-FJ25::chr9:2999602-3038819",19283,19285,0,3,0,"-","G","+",0,0,"-",3,0,"TCGTG","RNF12","D4","RepR4","S2","MSR","other"
"3707","FJ24-FJ25::chr9:2999602-3038819",19301,19303,1,1,1,"-","G","+",0,0,"-",1,1,"TCGCC","RNF12","D4","RepR4","S2","MSR","other"
"3708","FJ24-FJ25::chr9:2999602-3038819",19343,19345,0,1,0,"-","G","+",0,0,"-",1,0,"ACGTT","RNF12","D4","RepR4","S2","MSR","other"
"3709","FJ24-FJ25::chr9:2999602-3038819",19535,19537,0.902,51,46,"-","G","+",0,0,"-",51,46,"TCGCA","RNF12","D4","RepR4","S2","MSR","other"
"3710","FJ24-FJ25::chr9:2999602-3038819",19575,19577,1,3,3,"-","G","+",0,0,"-",3,3,"CCGTG","RNF12","D4","RepR4","S2","MSR","other"
"3711","FJ24-FJ25::chr9:2999602-3038819",19635,19637,1,2,2,"-","G","+",0,0,"-",2,2,"ACGTT","RNF12","D4","RepR4","S2","MSR","other"
"3712","FJ24-FJ25::chr9:2999602-3038819",19651,19653,1,2,2,"-","G","+",0,0,"-",2,2,"TCGTC","RNF12","D4","RepR4","S2","MSR","other"
"3713","FJ24-FJ25::chr9:2999602-3038819",19666,19668,1,4,4,"-","G","+",0,0,"-",4,4,"TCGTC","RNF12","D4","RepR4","S2","MSR","other"
"3714","FJ24-FJ25::chr9:2999602-3038819",19721,19723,0.955,22,21,"-","G","+",0,0,"-",22,21,"ACGTC","RNF12","D4","RepR4","S2","MSR","other"
"3715","FJ24-FJ25::chr9:2999602-3038819",19810,19812,1,7,7,"-","G","+",0,0,"-",7,7,"ACGTT","RNF12","D4","RepR4","S2","MSR","other"
"3716","FJ24-FJ25::chr9:2999602-3038819",19826,19828,0.714,7,5,"-","G","+",0,0,"-",7,5,"TCGTC","RNF12","D4","RepR4","S2","MSR","other"
"3717","FJ24-FJ25::chr9:2999602-3038819",19866,19868,0.5,6,3,"-","G","+",0,0,"-",6,3,"CCGTG","RNF12","D4","RepR4","S2","MSR","other"
"3718","FJ24-FJ25::chr9:2999602-3038819",19910,19912,0,7,0,"-","G","+",0,0,"-",7,0,"ACGTT","RNF12","D4","RepR4","S2","MSR","other"
"3719","FJ24-FJ25::chr9:2999602-3038819",19984,19986,0.944,18,17,"-","G","+",0,0,"-",18,17,"CCGTG","RNF12","D4","RepR4","S2","MSR","other"
"3720","FJ24-FJ25::chr9:2999602-3038819",20002,20004,1,9,9,"-","G","+",0,0,"-",9,9,"TCGCC","RNF12","D4","RepR4","S2","MSR","other"
"3721","FJ24-FJ25::chr9:2999602-3038819",20236,20238,0.727,11,8,"-","G","+",0,0,"-",11,8,"TCGCC","RNF12","D4","RepR4","S2","MSR","other"
"3722","FJ24-FJ25::chr9:2999602-3038819",20278,20280,1,2,2,"-","G","+",0,0,"-",2,2,"ACGTT","RNF12","D4","RepR4","S2","MSR","other"
"3723","FJ24-FJ25::chr9:2999602-3038819",20294,20296,0.571,7,4,"B","G","+",2,1,"-",5,3,"TTCGT","RNF12","D4","RepR4","S2","MSR","other"
"3724","FJ24-FJ25::chr9:2999602-3038819",20470,20472,1,4,4,"-","G","+",0,0,"-",4,4,"TCGAC","RNF12","D4","RepR4","S2","MSR","other"
"3725","FJ24-FJ25::chr9:2999602-3038819",20645,20647,0.5,4,2,"-","G","+",0,0,"-",4,2,"TCGCC","RNF12","D4","RepR4","S2","MSR","other"
"3726","FJ24-FJ25::chr9:2999602-3038819",20657,20659,0.5,4,2,"-","G","+",0,0,"-",4,2,"ACGTC","RNF12","D4","RepR4","S2","MSR","other"
"3727","FJ24-FJ25::chr9:2999602-3038819",20685,20687,0.832,143,119,"-","G","+",0,0,"-",143,119,"CCGTG","RNF12","D4","RepR4","S2","MSR","other"
"3728","FJ24-FJ25::chr9:2999602-3038819",20703,20705,0.826,121,100,"-","G","+",0,0,"-",121,100,"TCGCC","RNF12","D4","RepR4","S2","MSR","other"
"3729","FJ24-FJ25::chr9:2999602-3038819",20878,20880,1,4,4,"-","G","+",0,0,"-",4,4,"TCGCC","RNF12","D4","RepR4","S2","MSR","other"
"3730","FJ24-FJ25::chr9:2999602-3038819",20890,20892,1,4,4,"-","G","+",0,0,"-",4,4,"ACGTC","RNF12","D4","RepR4","S2","MSR","other"
"3731","FJ24-FJ25::chr9:2999602-3038819",20918,20920,0.854,4868,4157,"-","G","+",0,0,"-",4868,4157,"CCGTG","RNF12","D4","RepR4","S2","MSR","other"
"3732","FJ24-FJ25::chr9:2999602-3038819",20936,20938,0.832,4876,4056,"-","G","+",0,0,"-",4876,4056,"TCGCC","RNF12","D4","RepR4","S2","MSR","other"
"3733","FJ24-FJ25::chr9:2999602-3038819",20978,20980,0.762,105,80,"B","G","+",1,1,"-",104,79,"CACGT","RNF12","D4","RepR4","S2","MSR","other"
"3734","FJ24-FJ25::chr9:2999602-3038819",20994,20996,0.891,92,82,"B","G","+",2,2,"-",90,80,"TTCGT","RNF12","D4","RepR4","S2","MSR","other"
"3735","FJ24-FJ25::chr9:2999602-3038819",21152,21154,1,1,1,"+","G","+",1,1,"-",0,0,"TCCGT","RNF12","D4","RepR4","S2","MSR","other"
"3736","FJ24-FJ25::chr9:2999602-3038819",21170,21172,0,1,0,"+","G","+",1,0,"-",0,0,"CTCGC","RNF12","D4","RepR4","S2","MSR","other"
"3737","FJ24-FJ25::chr9:2999602-3038819",21228,21230,0.944,18,17,"-","G","+",0,0,"-",18,17,"TCGTC","RNF12","D4","RepR4","S2","MSR","other"
"3738","FJ24-FJ25::chr9:2999602-3038819",21243,21245,0.932,44,41,"-","G","+",0,0,"-",44,41,"TCGTC","RNF12","D4","RepR4","S2","MSR","other"
"3739","FJ24-FJ25::chr9:2999602-3038819",21346,21348,0.5,4,2,"-","G","+",0,0,"-",4,2,"TCGCC","RNF12","D4","RepR4","S2","MSR","other"
"3740","FJ24-FJ25::chr9:2999602-3038819",21404,21406,0.877,57,50,"-","G","+",0,0,"-",57,50,"TCGCC","RNF12","D4","RepR4","S2","MSR","other"
"3741","FJ24-FJ25::chr9:2999602-3038819",21446,21448,0.72,25,18,"B","G","+",1,1,"-",24,17,"CACGT","RNF12","D4","RepR4","S2","MSR","other"
"3742","FJ24-FJ25::chr9:2999602-3038819",21462,21464,0.905,21,19,"B","G","+",1,1,"-",20,18,"TTCGT","RNF12","D4","RepR4","S2","MSR","other"
"3743","FJ24-FJ25::chr9:2999602-3038819",21620,21622,0.664,119,79,"-","G","+",0,0,"-",119,79,"CCGTG","RNF12","D4","RepR4","S2","MSR","other"
"3744","FJ24-FJ25::chr9:2999602-3038819",21680,21682,1,1,1,"-","G","+",0,0,"-",1,1,"ACGTT","RNF12","D4","RepR4","S2","MSR","other"
"3745","FJ24-FJ25::chr9:2999602-3038819",21854,21856,0.5,4,2,"-","G","+",0,0,"-",4,2,"TCGTG","RNF12","D4","RepR4","S2","MSR","other"
"3746","FJ24-FJ25::chr9:2999602-3038819",21872,21874,0.333,3,1,"-","G","+",0,0,"-",3,1,"TCGCC","RNF12","D4","RepR4","S2","MSR","other"
"3747","FJ24-FJ25::chr9:2999602-3038819",22106,22108,0.85,40,34,"-","G","+",0,0,"-",40,34,"TCGCC","RNF12","D4","RepR4","S2","MSR","other"
"3748","FJ24-FJ25::chr9:2999602-3038819",22281,22283,0.861,36,31,"-","G","+",0,0,"-",36,31,"TCGCC","RNF12","D4","RepR4","S2","MSR","other"
"3749","FJ24-FJ25::chr9:2999602-3038819",22458,22460,0,1,0,"-","G","+",0,0,"-",1,0,"TCGCC","RNF12","D4","RepR4","S2","MSR","other"
"3750","FJ24-FJ25::chr9:2999602-3038819",22498,22500,0.87,5209,4534,"-","G","+",0,0,"-",5209,4534,"CCGTG","RNF12","D4","RepR4","S2","MSR","other"
"3751","FJ24-FJ25::chr9:2999602-3038819",22558,22560,0.769,26,20,"B","G","+",2,2,"-",24,18,"CACGT","RNF12","D4","RepR4","S2","MSR","other"
"3752","FJ24-FJ25::chr9:2999602-3038819",22574,22576,0.808,26,21,"B","G","+",2,2,"-",24,19,"TTCGT","RNF12","D4","RepR4","S2","MSR","other"
"3753","FJ24-FJ25::chr9:2999602-3038819",22589,22591,0.75,16,12,"B","G","+",2,2,"-",14,10,"GTCGT","RNF12","D4","RepR4","S2","MSR","other"
"3754","FJ24-FJ25::chr9:2999602-3038819",22632,22634,1,2,2,"-","G","+",0,0,"-",2,2,"TCGCC","RNF12","D4","RepR4","S2","MSR","other"
"3755","FJ24-FJ25::chr9:2999602-3038819",22732,22734,0.78,59,46,"-","G","+",0,0,"-",59,46,"CCGTG","RNF12","D4","RepR4","S2","MSR","other"
"3756","FJ24-FJ25::chr9:2999602-3038819",22792,22794,1,1,1,"-","G","+",0,0,"-",1,1,"ACGTT","RNF12","D4","RepR4","S2","MSR","other"
"3757","FJ24-FJ25::chr9:2999602-3038819",22822,22824,1,1,1,"-","G","+",0,0,"-",1,1,"TCGTC","RNF12","D4","RepR4","S2","MSR","other"
"3758","FJ24-FJ25::chr9:2999602-3038819",22877,22879,0.833,72,60,"-","G","+",0,0,"-",72,60,"ACGTC","RNF12","D4","RepR4","S2","MSR","other"
"3759","FJ24-FJ25::chr9:2999602-3038819",22925,22927,0,1,0,"-","G","+",0,0,"-",1,0,"TCGCC","RNF12","D4","RepR4","S2","MSR","other"
"3760","FJ24-FJ25::chr9:2999602-3038819",22937,22939,1,2,2,"-","G","+",0,0,"-",2,2,"ACGTC","RNF12","D4","RepR4","S2","MSR","other"
"3761","FJ24-FJ25::chr9:2999602-3038819",22965,22967,0.816,2263,1847,"-","G","+",0,0,"-",2263,1847,"CCGTG","RNF12","D4","RepR4","S2","MSR","other"
"3762","FJ24-FJ25::chr9:2999602-3038819",23025,23027,1,2,2,"-","G","+",0,0,"-",2,2,"ACGTT","RNF12","D4","RepR4","S2","MSR","other"
"3763","FJ24-FJ25::chr9:2999602-3038819",23259,23261,1,2,2,"-","G","+",0,0,"-",2,2,"ACGTT","RNF12","D4","RepR4","S2","MSR","other"
"3764","FJ24-FJ25::chr9:2999602-3038819",23451,23453,0.75,16,12,"-","G","+",0,0,"-",16,12,"TCGCA","RNF12","D4","RepR4","S2","MSR","other"
"3765","FJ24-FJ25::chr9:2999602-3038819",23626,23628,0.857,7,6,"-","G","+",0,0,"-",7,6,"TCGCC","RNF12","D4","RepR4","S2","MSR","other"
"3766","FJ24-FJ25::chr9:2999602-3038819",23843,23845,0.667,204,136,"-","G","+",0,0,"-",204,136,"CCGTG","RNF12","D4","RepR4","S2","MSR","other"
"3767","FJ24-FJ25::chr9:2999602-3038819",23903,23905,0.623,53,33,"B","G","+",2,0,"-",51,33,"CACGT","RNF12","D4","RepR4","S2","MSR","other"
"3768","FJ24-FJ25::chr9:2999602-3038819",23934,23936,0.793,92,73,"B","G","+",5,3,"-",87,70,"GTCGT","RNF12","D4","RepR4","S2","MSR","other"
"3769","FJ24-FJ25::chr9:2999602-3038819",24037,24039,1,4,4,"B","G","+",1,1,"-",3,3,"CTCGC","RNF12","D4","RepR4","S2","MSR","other"
"3770","FJ24-FJ25::chr9:2999602-3038819",24049,24051,0.833,6,5,"B","G","+",1,0,"-",5,5,"CACGT","RNF12","D4","RepR4","S2","MSR","other"
"3771","FJ24-FJ25::chr9:2999602-3038819",24077,24079,0.649,4672,3034,"B","G","+",2,2,"-",4670,3032,"TCCGT","RNF12","D4","RepR4","S2","MSR","other"
"3772","FJ24-FJ25::chr9:2999602-3038819",24137,24139,0.667,3,2,"B","G","+",1,1,"-",2,1,"CACGT","RNF12","D4","RepR4","S2","MSR","other"
"3773","FJ24-FJ25::chr9:2999602-3038819",24271,24273,0.667,3,2,"-","G","+",0,0,"-",3,2,"TCGCC","RNF12","D4","RepR4","S2","MSR","other"
"3774","FJ24-FJ25::chr9:2999602-3038819",24283,24285,1,3,3,"-","G","+",0,0,"-",3,3,"ACGTC","RNF12","D4","RepR4","S2","MSR","other"
"3775","FJ24-FJ25::chr9:2999602-3038819",24311,24313,0.873,220,192,"-","G","+",0,0,"-",220,192,"CCGTG","RNF12","D4","RepR4","S2","MSR","other"
"3776","FJ24-FJ25::chr9:2999602-3038819",24329,24331,0.88,183,161,"-","G","+",0,0,"-",183,161,"TCGCC","RNF12","D4","RepR4","S2","MSR","other"
"3777","FJ24-FJ25::chr9:2999602-3038819",24370,24372,1,2,2,"-","G","+",0,0,"-",2,2,"ACGTT","RNF12","D4","RepR4","S2","MSR","other"
"3778","FJ24-FJ25::chr9:2999602-3038819",24504,24506,0.833,6,5,"-","G","+",0,0,"-",6,5,"TCGCC","RNF12","D4","RepR4","S2","MSR","other"
"3779","FJ24-FJ25::chr9:2999602-3038819",24516,24518,1,7,7,"B","G","+",2,2,"-",5,5,"CACGT","RNF12","D4","RepR4","S2","MSR","other"
"3780","FJ24-FJ25::chr9:2999602-3038819",24544,24546,0.86,4853,4175,"B","G","+",2,2,"-",4851,4173,"TCCGT","RNF12","D4","RepR4","S2","MSR","other"
"3781","FJ24-FJ25::chr9:2999602-3038819",24562,24564,0.834,4852,4046,"B","G","+",2,2,"-",4850,4044,"CTCGC","RNF12","D4","RepR4","S2","MSR","other"
"3782","FJ24-FJ25::chr9:2999602-3038819",24604,24606,0.8,100,80,"B","G","+",2,2,"-",98,78,"CACGT","RNF12","D4","RepR4","S2","MSR","other"
"3783","FJ24-FJ25::chr9:2999602-3038819",24620,24622,0.865,74,64,"B","G","+",1,1,"-",73,63,"TTCGA","RNF12","D4","RepR4","S2","MSR","other"
"3784","FJ24-FJ25::chr9:2999602-3038819",24778,24780,0.923,91,84,"B","G","+",8,7,"-",83,77,"TCCGT","RNF12","D4","RepR4","S2","MSR","other"
"3785","FJ24-FJ25::chr9:2999602-3038819",24796,24798,0.889,99,88,"B","G","+",12,11,"-",87,77,"CTCGC","RNF12","D4","RepR4","S2","MSR","other"
"3786","FJ24-FJ25::chr9:2999602-3038819",24838,24840,0.788,283,223,"B","G","+",20,20,"-",263,203,"CACGT","RNF12","D4","RepR4","S2","MSR","other"
"3787","FJ24-FJ25::chr9:2999602-3038819",24854,24856,0.907,290,263,"B","G","+",25,22,"-",265,241,"TTCGT","RNF12","D4","RepR4","S2","MSR","other"
"3788","FJ24-FJ25::chr9:2999602-3038819",24869,24871,0.872,345,301,"B","G","+",25,24,"-",320,277,"GTCGT","RNF12","D4","RepR4","S2","MSR","other"
"3789","FJ24-FJ25::chr9:2999602-3038819",24972,24974,0.833,6,5,"B","G","+",2,2,"-",4,3,"CTCGC","RNF12","D4","RepR4","S2","MSR","other"
"3790","FJ24-FJ25::chr9:2999602-3038819",24984,24986,1,6,6,"B","G","+",1,1,"-",5,5,"CACGT","RNF12","D4","RepR4","S2","MSR","other"
"3791","FJ24-FJ25::chr9:2999602-3038819",25012,25014,0.664,4993,3317,"B","G","+",1,0,"-",4992,3317,"TCCGT","RNF12","D4","RepR4","S2","MSR","other"
"3792","FJ24-FJ25::chr9:2999602-3038819",25206,25208,0,1,0,"-","G","+",0,0,"-",1,0,"TCGCC","RNF12","D4","RepR4","S2","MSR","other"
"3793","FJ24-FJ25::chr9:2999602-3038819",25218,25220,1,1,1,"-","G","+",0,0,"-",1,1,"ACGTC","RNF12","D4","RepR4","S2","MSR","other"
"3794","FJ24-FJ25::chr9:2999602-3038819",25246,25248,0.881,252,222,"B","G","+",1,1,"-",251,221,"TCCGT","RNF12","D4","RepR4","S2","MSR","other"
"3795","FJ24-FJ25::chr9:2999602-3038819",25264,25266,0.877,187,164,"B","G","+",1,1,"-",186,163,"CTCGC","RNF12","D4","RepR4","S2","MSR","other"
"3796","FJ24-FJ25::chr9:2999602-3038819",25439,25441,0.667,3,2,"-","G","+",0,0,"-",3,2,"TCGCC","RNF12","D4","RepR4","S2","MSR","other"
"3797","FJ24-FJ25::chr9:2999602-3038819",25451,25453,1,3,3,"-","G","+",0,0,"-",3,3,"ACGTC","RNF12","D4","RepR4","S2","MSR","other"
"3798","FJ24-FJ25::chr9:2999602-3038819",25479,25481,0.849,119,101,"-","G","+",0,0,"-",119,101,"CCGTG","RNF12","D4","RepR4","S2","MSR","other"
"3799","FJ24-FJ25::chr9:2999602-3038819",25497,25499,0.824,108,89,"-","G","+",0,0,"-",108,89,"TCGCC","RNF12","D4","RepR4","S2","MSR","other"
"3800","FJ24-FJ25::chr9:2999602-3038819",25539,25541,0.6,5,3,"B","G","+",1,1,"-",4,2,"CACGT","RNF12","D4","RepR4","S2","MSR","other"
"3801","FJ24-FJ25::chr9:2999602-3038819",25555,25557,1,2,2,"B","G","+",1,1,"-",1,1,"TTCGA","RNF12","D4","RepR4","S2","MSR","other"
"3802","FJ24-FJ25::chr9:2999602-3038819",25713,25715,1,4,4,"-","G","+",0,0,"-",4,4,"CCGTG","RNF12","D4","RepR4","S2","MSR","other"
"3803","FJ24-FJ25::chr9:2999602-3038819",25731,25733,1,4,4,"-","G","+",0,0,"-",4,4,"TCGCC","RNF12","D4","RepR4","S2","MSR","other"
"3804","FJ24-FJ25::chr9:2999602-3038819",25906,25908,0.778,9,7,"-","G","+",0,0,"-",9,7,"TCGCC","RNF12","D4","RepR4","S2","MSR","other"
"3805","FJ24-FJ25::chr9:2999602-3038819",25918,25920,0.857,7,6,"-","G","+",0,0,"-",7,6,"ACGTC","RNF12","D4","RepR4","S2","MSR","other"
"3806","FJ24-FJ25::chr9:2999602-3038819",25946,25948,0.893,4657,4159,"B","G","+",4,4,"-",4653,4155,"TCCGT","RNF12","D4","RepR4","S2","MSR","other"
"3807","FJ24-FJ25::chr9:2999602-3038819",25964,25966,0.845,4685,3961,"B","G","+",3,3,"-",4682,3958,"CTCGC","RNF12","D4","RepR4","S2","MSR","other"
"3808","FJ24-FJ25::chr9:2999602-3038819",26006,26008,0.966,29,28,"-","G","+",0,0,"-",29,28,"ACGTT","RNF12","D4","RepR4","S2","MSR","other"
"3809","FJ24-FJ25::chr9:2999602-3038819",26198,26200,0.882,51,45,"-","G","+",0,0,"-",51,45,"TCGCC","RNF12","D4","RepR4","S2","MSR","other"
"3810","FJ24-FJ25::chr9:2999602-3038819",26240,26242,0.773,22,17,"-","G","+",0,0,"-",22,17,"ACGTT","RNF12","D4","RepR4","S2","MSR","other"
"3811","FJ24-FJ25::chr9:2999602-3038819",26256,26258,1,16,16,"-","G","+",0,0,"-",16,16,"TCGTC","RNF12","D4","RepR4","S2","MSR","other"
"3812","FJ24-FJ25::chr9:2999602-3038819",26374,26376,0,1,0,"-","G","+",0,0,"-",1,0,"TCGCC","RNF12","D4","RepR4","S2","MSR","other"
"3813","FJ24-FJ25::chr9:2999602-3038819",26414,26416,0.673,101,68,"-","G","+",0,0,"-",101,68,"CCGTG","RNF12","D4","RepR4","S2","MSR","other"
"3814","FJ24-FJ25::chr9:2999602-3038819",26474,26476,0.333,3,1,"-","G","+",0,0,"-",3,1,"ACGTT","RNF12","D4","RepR4","S2","MSR","other"
"3815","FJ24-FJ25::chr9:2999602-3038819",26708,26710,1,4,4,"-","G","+",0,0,"-",4,4,"ACGTT","RNF12","D4","RepR4","S2","MSR","other"
"3816","FJ24-FJ25::chr9:2999602-3038819",26943,26945,1,3,3,"-","G","+",0,0,"-",3,3,"ACGTT","RNF12","D4","RepR4","S2","MSR","other"
"3817","FJ24-FJ25::chr9:2999602-3038819",26959,26961,1,3,3,"-","G","+",0,0,"-",3,3,"TCGTC","RNF12","D4","RepR4","S2","MSR","other"
"3818","FJ24-FJ25::chr9:2999602-3038819",27117,27119,0.788,66,52,"-","G","+",0,0,"-",66,52,"TCGTT","RNF12","D4","RepR4","S2","MSR","other"
"3819","FJ24-FJ25::chr9:2999602-3038819",27177,27179,1,4,4,"-","G","+",0,0,"-",4,4,"ACGTT","RNF12","D4","RepR4","S2","MSR","other"
"3820","FJ24-FJ25::chr9:2999602-3038819",27193,27195,0.667,6,4,"-","G","+",0,0,"-",6,4,"TCGTC","RNF12","D4","RepR4","S2","MSR","other"
"3821","FJ24-FJ25::chr9:2999602-3038819",27208,27210,1,2,2,"-","G","+",0,0,"-",2,2,"TCGTC","RNF12","D4","RepR4","S2","MSR","other"
"3822","FJ24-FJ25::chr9:2999602-3038819",27251,27253,1,1,1,"-","G","+",0,0,"-",1,1,"TCGCC","RNF12","D4","RepR4","S2","MSR","other"
"3823","FJ24-FJ25::chr9:2999602-3038819",27497,27499,1,1,1,"-","G","+",0,0,"-",1,1,"ACGTC","RNF12","D4","RepR4","S2","MSR","other"
"3824","FJ24-FJ25::chr9:2999602-3038819",27910,27912,1,2,2,"-","G","+",0,0,"-",2,2,"ACGTC","RNF12","D4","RepR4","S2","MSR","other"
"3825","FJ24-FJ25::chr9:2999602-3038819",28053,28055,0.693,296,205,"-","G","+",0,0,"-",296,205,"CCGTG","RNF12","D4","RepR4","S2","MSR","other"
"3826","FJ24-FJ25::chr9:2999602-3038819",28247,28249,1,2,2,"-","G","+",0,0,"-",2,2,"TCGCC","RNF12","D4","RepR4","S2","MSR","other"
"3827","FJ24-FJ25::chr9:2999602-3038819",28287,28289,0.853,68,58,"-","G","+",0,0,"-",68,58,"CCGTG","RNF12","D4","RepR4","S2","MSR","other"
"3828","FJ24-FJ25::chr9:2999602-3038819",28347,28349,0.5,2,1,"-","G","+",0,0,"-",2,1,"ACGTT","RNF12","D4","RepR4","S2","MSR","other"
"3829","FJ24-FJ25::chr9:2999602-3038819",28481,28483,1,2,2,"-","G","+",0,0,"-",2,2,"TCGCC","RNF12","D4","RepR4","S2","MSR","other"
"3830","FJ24-FJ25::chr9:2999602-3038819",28521,28523,0.804,3647,2931,"-","G","+",0,0,"-",3647,2931,"CCGTG","RNF12","D4","RepR4","S2","MSR","other"
"3831","FJ24-FJ25::chr9:2999602-3038819",28581,28583,0.857,14,12,"-","G","+",0,0,"-",14,12,"ACGTT","RNF12","D4","RepR4","S2","MSR","other"
"3832","FJ24-FJ25::chr9:2999602-3038819",28597,28599,0.75,4,3,"-","G","+",0,0,"-",4,3,"TCGTC","RNF12","D4","RepR4","S2","MSR","other"
"3833","FJ24-FJ25::chr9:2999602-3038819",28715,28717,1,1,1,"-","G","+",0,0,"-",1,1,"TCGCC","RNF12","D4","RepR4","S2","MSR","other"
"3834","FJ24-FJ25::chr9:2999602-3038819",28727,28729,1,1,1,"-","G","+",0,0,"-",1,1,"ACGTC","RNF12","D4","RepR4","S2","MSR","other"
"3835","FJ24-FJ25::chr9:2999602-3038819",28755,28757,1,12,12,"-","G","+",0,0,"-",12,12,"TCGTT","RNF12","D4","RepR4","S2","MSR","other"
"3836","FJ24-FJ25::chr9:2999602-3038819",28901,28903,1,11,11,"-","G","+",0,0,"-",11,11,"ACGTC","RNF12","D4","RepR4","S2","MSR","other"
"3837","FJ24-FJ25::chr9:2999602-3038819",29049,29051,0.5,6,3,"-","G","+",0,0,"-",6,3,"ACGTT","RNF12","D4","RepR4","S2","MSR","other"
"3838","FJ24-FJ25::chr9:2999602-3038819",29065,29067,0.667,3,2,"-","G","+",0,0,"-",3,2,"TCGTC","RNF12","D4","RepR4","S2","MSR","other"
"3839","FJ24-FJ25::chr9:2999602-3038819",29183,29185,1,2,2,"-","G","+",0,0,"-",2,2,"TCGCC","RNF12","D4","RepR4","S2","MSR","other"
"3840","FJ24-FJ25::chr9:2999602-3038819",29195,29197,1,5,5,"-","G","+",0,0,"-",5,5,"ACGTC","RNF12","D4","RepR4","S2","MSR","other"
"3841","FJ24-FJ25::chr9:2999602-3038819",29223,29225,0.863,3105,2680,"-","G","+",0,0,"-",3105,2680,"CCGTG","RNF12","D4","RepR4","S2","MSR","other"
"3842","FJ24-FJ25::chr9:2999602-3038819",29283,29285,1,5,5,"-","G","+",0,0,"-",5,5,"ACGTT","RNF12","D4","RepR4","S2","MSR","other"
"3843","FJ24-FJ25::chr9:2999602-3038819",29457,29459,0.786,14,11,"-","G","+",0,0,"-",14,11,"CCGTG","RNF12","D4","RepR4","S2","MSR","other"
"3844","FJ24-FJ25::chr9:2999602-3038819",29692,29694,0,2,0,"-","G","+",0,0,"-",2,0,"TCGTG","RNF12","D4","RepR4","S2","MSR","other"
"3845","FJ24-FJ25::chr9:2999602-3038819",29710,29712,1,2,2,"-","G","+",0,0,"-",2,2,"TCGCC","RNF12","D4","RepR4","S2","MSR","other"
"3846","FJ24-FJ25::chr9:2999602-3038819",29944,29946,0.733,15,11,"B","G","+",1,1,"-",14,10,"CTCGC","RNF12","D4","RepR4","S2","MSR","other"
"3847","FJ24-FJ25::chr9:2999602-3038819",29987,29989,1,1,1,"+","G","+",1,1,"-",0,0,"CACGT","RNF12","D4","RepR4","S2","MSR","other"
"3848","FJ24-FJ25::chr9:2999602-3038819",30003,30005,1,1,1,"+","G","+",1,1,"-",0,0,"TTCGT","RNF12","D4","RepR4","S2","MSR","other"
"3849","FJ24-FJ25::chr9:2999602-3038819",30221,30223,0.81,21,17,"-","G","+",0,0,"-",21,17,"ACGTT","RNF12","D4","RepR4","S2","MSR","other"
"3850","FJ24-FJ25::chr9:2999602-3038819",30237,30239,0.9,20,18,"-","G","+",0,0,"-",20,18,"TCGTC","RNF12","D4","RepR4","S2","MSR","other"
"3851","FJ24-FJ25::chr9:2999602-3038819",30252,30254,0.667,18,12,"-","G","+",0,0,"-",18,12,"TCGTC","RNF12","D4","RepR4","S2","MSR","other"
"3852","FJ24-FJ25::chr9:2999602-3038819",30295,30297,1,1,1,"-","G","+",0,0,"-",1,1,"TCGCC","RNF12","D4","RepR4","S2","MSR","other"
"3853","FJ24-FJ25::chr9:2999602-3038819",30395,30397,0.8,5,4,"-","G","+",0,0,"-",5,4,"TCGTT","RNF12","D4","RepR4","S2","MSR","other"
"3854","FJ24-FJ25::chr9:2999602-3038819",30541,30543,1,1,1,"-","G","+",0,0,"-",1,1,"ACGTC","RNF12","D4","RepR4","S2","MSR","other"
"3855","FJ24-FJ25::chr9:2999602-3038819",30690,30692,1,2,2,"B","G","+",1,1,"-",1,1,"CACGT","RNF12","D4","RepR4","S2","MSR","other"
"3856","FJ24-FJ25::chr9:2999602-3038819",30706,30708,1,1,1,"-","G","+",0,0,"-",1,1,"TCGTC","RNF12","D4","RepR4","S2","MSR","other"
"3857","FJ24-FJ25::chr9:2999602-3038819",30824,30826,1,1,1,"+","G","+",1,1,"-",0,0,"CTCGC","RNF12","D4","RepR4","S2","MSR","other"
"3858","FJ24-FJ25::chr9:2999602-3038819",30836,30838,1,1,1,"+","G","+",1,1,"-",0,0,"CACGT","RNF12","D4","RepR4","S2","MSR","other"
"3859","FJ24-FJ25::chr9:2999602-3038819",30882,30884,1,1,1,"-","G","+",0,0,"-",1,1,"TCGCC","RNF12","D4","RepR4","S2","MSR","other"
"3860","FJ24-FJ25::chr9:2999602-3038819",30924,30926,1,4,4,"-","G","+",0,0,"-",4,4,"ACGTT","RNF12","D4","RepR4","S2","MSR","other"
"3861","FJ24-FJ25::chr9:2999602-3038819",30940,30942,1,5,5,"-","G","+",0,0,"-",5,5,"TCGTC","RNF12","D4","RepR4","S2","MSR","other"
"3862","FJ24-FJ25::chr9:2999602-3038819",30955,30957,0.571,7,4,"-","G","+",0,0,"-",7,4,"ACGTC","RNF12","D4","RepR4","S2","MSR","other"
"3863","FJ24-FJ25::chr9:2999602-3038819",31098,31100,0.667,273,182,"-","G","+",0,0,"-",273,182,"CCGTG","RNF12","D4","RepR4","S2","MSR","other"
"3864","FJ24-FJ25::chr9:2999602-3038819",31292,31294,0,1,0,"-","G","+",0,0,"-",1,0,"TCGCC","RNF12","D4","RepR4","S2","MSR","other"
"3865","FJ24-FJ25::chr9:2999602-3038819",31332,31334,0,7,0,"-","G","+",0,0,"-",7,0,"TCGTG","RNF12","D4","RepR4","S2","MSR","other"
"3866","FJ24-FJ25::chr9:2999602-3038819",31350,31352,0.667,3,2,"-","G","+",0,0,"-",3,2,"TCGCC","RNF12","D4","RepR4","S2","MSR","other"
"3867","FJ24-FJ25::chr9:2999602-3038819",31679,31681,0.645,3762,2428,"-","G","+",0,0,"-",3762,2428,"CCGTG","RNF12","D4","RepR4","S2","MSR","other"
"3868","FJ24-FJ25::chr9:2999602-3038819",31739,31741,0.8,5,4,"B","G","+",1,0,"-",4,4,"CACGT","RNF12","D4","RepR4","S2","MSR","other"
"3869","FJ24-FJ25::chr9:2999602-3038819",31755,31757,0.667,3,2,"B","G","+",1,0,"-",2,2,"TTCGT","RNF12","D4","RepR4","S2","MSR","other"
"3870","FJ24-FJ25::chr9:2999602-3038819",31813,31815,1,5,5,"-","G","+",0,0,"-",5,5,"TCGCC","RNF12","D4","RepR4","S2","MSR","other"
"3871","FJ24-FJ25::chr9:2999602-3038819",31873,31875,1,1,1,"-","G","+",0,0,"-",1,1,"TCGCC","RNF12","D4","RepR4","S2","MSR","other"
"3872","FJ24-FJ25::chr9:2999602-3038819",31885,31887,1,1,1,"-","G","+",0,0,"-",1,1,"ACGTC","RNF12","D4","RepR4","S2","MSR","other"
"3873","FJ24-FJ25::chr9:2999602-3038819",31913,31915,0.75,8,6,"-","G","+",0,0,"-",8,6,"TCGTT","RNF12","D4","RepR4","S2","MSR","other"
"3874","FJ24-FJ25::chr9:2999602-3038819",32059,32061,1,7,7,"-","G","+",0,0,"-",7,7,"ACGTC","RNF12","D4","RepR4","S2","MSR","other"
"3875","FJ24-FJ25::chr9:2999602-3038819",32119,32121,1,1,1,"-","G","+",0,0,"-",1,1,"ACGTC","RNF12","D4","RepR4","S2","MSR","other"
"3876","FJ24-FJ25::chr9:2999602-3038819",32207,32209,0.625,8,5,"B","G","+",1,0,"-",7,5,"CACGT","RNF12","D4","RepR4","S2","MSR","other"
"3877","FJ24-FJ25::chr9:2999602-3038819",32223,32225,0.8,5,4,"B","G","+",1,0,"-",4,4,"TTCGT","RNF12","D4","RepR4","S2","MSR","other"
"3878","FJ24-FJ25::chr9:2999602-3038819",32341,32343,1,1,1,"+","G","+",1,1,"-",0,0,"CTCGC","RNF12","D4","RepR4","S2","MSR","other"
"3879","FJ24-FJ25::chr9:2999602-3038819",32353,32355,1,1,1,"+","G","+",1,1,"-",0,0,"CACGT","RNF12","D4","RepR4","S2","MSR","other"
"3880","FJ24-FJ25::chr9:2999602-3038819",32399,32401,1,1,1,"+","G","+",1,1,"-",0,0,"CTCGC","RNF12","D4","RepR4","S2","MSR","other"
"3881","FJ24-FJ25::chr9:2999602-3038819",32587,32589,1,1,1,"+","G","+",1,1,"-",0,0,"CACGT","RNF12","D4","RepR4","S2","MSR","other"
"3882","FJ24-FJ25::chr9:2999602-3038819",32615,32617,0.676,281,190,"-","G","+",0,0,"-",281,190,"CCGTG","RNF12","D4","RepR4","S2","MSR","other"
"3883","FJ24-FJ25::chr9:2999602-3038819",32675,32677,1,2,2,"-","G","+",0,0,"-",2,2,"ACGTT","RNF12","D4","RepR4","S2","MSR","other"
"3884","FJ24-FJ25::chr9:2999602-3038819",32821,32823,0.929,14,13,"+","G","+",14,13,"-",0,0,"CACGT","RNF12","D4","RepR4","S2","MSR","other"
"3885","FJ24-FJ25::chr9:2999602-3038819",32849,32851,0.847,1088,922,"B","G","+",37,34,"-",1051,888,"TCCGT","RNF12","D4","RepR4","S2","MSR","other"
"3886","FJ24-FJ25::chr9:2999602-3038819",32867,32869,0.873,937,818,"-","G","+",0,0,"-",937,818,"TCGCC","RNF12","D4","RepR4","S2","MSR","other"
"3887","FJ24-FJ25::chr9:2999602-3038819",32909,32911,0.909,11,10,"-","G","+",0,0,"-",11,10,"ACGTT","RNF12","D4","RepR4","S2","MSR","other"
"3888","FJ24-FJ25::chr9:2999602-3038819",33043,33045,1,2,2,"-","G","+",0,0,"-",2,2,"TCGCC","RNF12","D4","RepR4","S2","MSR","other"
"3889","FJ24-FJ25::chr9:2999602-3038819",33143,33145,1,3,3,"-","G","+",0,0,"-",3,3,"ACGTT","RNF12","D4","RepR4","S2","MSR","other"
"3890","FJ24-FJ25::chr9:2999602-3038819",33277,33279,0.8,5,4,"B","G","+",1,1,"-",4,3,"CTCGC","RNF12","D4","RepR4","S2","MSR","other"
"3891","FJ24-FJ25::chr9:2999602-3038819",33289,33291,0.6,5,3,"B","G","+",1,0,"-",4,3,"CACGT","RNF12","D4","RepR4","S2","MSR","other"
"3892","FJ24-FJ25::chr9:2999602-3038819",33317,33319,0.807,109,88,"B","G","+",1,1,"-",108,87,"TCCGT","RNF12","D4","RepR4","S2","MSR","other"
"3893","FJ24-FJ25::chr9:2999602-3038819",33335,33337,0.758,66,50,"-","G","+",0,0,"-",66,50,"TCGCC","RNF12","D4","RepR4","S2","MSR","other"
"3894","FJ24-FJ25::chr9:2999602-3038819",33550,33552,0.833,12,10,"-","G","+",0,0,"-",12,10,"CCGTG","RNF12","D4","RepR4","S2","MSR","other"
"3895","FJ24-FJ25::chr9:2999602-3038819",33568,33570,1,10,10,"-","G","+",0,0,"-",10,10,"TCGCC","RNF12","D4","RepR4","S2","MSR","other"
"3896","FJ24-FJ25::chr9:2999602-3038819",33610,33612,0.5,2,1,"B","G","+",1,0,"-",1,1,"CACGT","RNF12","D4","RepR4","S2","MSR","other"
"3897","FJ24-FJ25::chr9:2999602-3038819",33626,33628,1,3,3,"B","G","+",1,1,"-",2,2,"TTCGT","RNF12","D4","RepR4","S2","MSR","other"
"3898","FJ24-FJ25::chr9:2999602-3038819",33784,33786,1,1,1,"+","G","+",1,1,"-",0,0,"TCCGT","RNF12","D4","RepR4","S2","MSR","other"
"3899","FJ24-FJ25::chr9:2999602-3038819",33976,33978,1,21,21,"-","G","+",0,0,"-",21,21,"TCGCT","RNF12","D4","RepR4","S2","MSR","other"
"3900","FJ24-FJ25::chr9:2999602-3038819",34153,34155,0,1,0,"-","G","+",0,0,"-",1,0,"TCGCC","RNF12","D4","RepR4","S2","MSR","other"
"3901","FJ24-FJ25::chr9:2999602-3038819",34193,34195,0.838,2045,1714,"-","G","+",0,0,"-",2045,1714,"CCGTG","RNF12","D4","RepR4","S2","MSR","other"
"3902","FJ24-FJ25::chr9:2999602-3038819",34253,34255,0.8,5,4,"B","G","+",1,1,"-",4,3,"CACGT","RNF12","D4","RepR4","S2","MSR","other"
"3903","FJ24-FJ25::chr9:2999602-3038819",34269,34271,0.8,5,4,"B","G","+",1,1,"-",4,3,"TTCGT","RNF12","D4","RepR4","S2","MSR","other"
"3904","FJ24-FJ25::chr9:2999602-3038819",34445,34447,1,17,17,"-","G","+",0,0,"-",17,17,"TCGCA","RNF12","D4","RepR4","S2","MSR","other"
"3905","FJ24-FJ25::chr9:2999602-3038819",34621,34623,0.871,70,61,"B","G","+",1,1,"-",69,60,"CTCGC","RNF12","D4","RepR4","S2","MSR","other"
"3906","FJ24-FJ25::chr9:2999602-3038819",34633,34635,0.935,62,58,"B","G","+",1,1,"-",61,57,"CACGT","RNF12","D4","RepR4","S2","MSR","other"
"3907","FJ24-FJ25::chr9:2999602-3038819",34679,34681,1,6,6,"-","G","+",0,0,"-",6,6,"TCGCC","RNF12","D4","RepR4","S2","MSR","other"
"3908","FJ24-FJ25::chr9:2999602-3038819",34721,34723,0,2,0,"-","G","+",0,0,"-",2,0,"ACGTT","RNF12","D4","RepR4","S2","MSR","other"
"3909","FJ24-FJ25::chr9:2999602-3038819",34737,34739,1,2,2,"-","G","+",0,0,"-",2,2,"TCGTC","RNF12","D4","RepR4","S2","MSR","other"
"3910","FJ24-FJ25::chr9:2999602-3038819",34752,34754,0.6,5,3,"-","G","+",0,0,"-",5,3,"ACGTC","RNF12","D4","RepR4","S2","MSR","other"
"3911","FJ24-FJ25::chr9:2999602-3038819",34895,34897,0.676,309,209,"-","G","+",0,0,"-",309,209,"CCGTG","RNF12","D4","RepR4","S2","MSR","other"
"3912","FJ24-FJ25::chr9:2999602-3038819",34955,34957,1,2,2,"-","G","+",0,0,"-",2,2,"ACGTT","RNF12","D4","RepR4","S2","MSR","other"
"3913","FJ24-FJ25::chr9:2999602-3038819",35089,35091,1,1,1,"-","G","+",0,0,"-",1,1,"TCGCC","RNF12","D4","RepR4","S2","MSR","other"
"3914","FJ24-FJ25::chr9:2999602-3038819",35101,35103,1,1,1,"-","G","+",0,0,"-",1,1,"ACGTG","RNF12","D4","RepR4","S2","MSR","other"
"3915","FJ24-FJ25::chr9:2999602-3038819",35129,35131,0.333,3,1,"-","G","+",0,0,"-",3,1,"TCGTG","RNF12","D4","RepR4","S2","MSR","other"
"3916","FJ24-FJ25::chr9:2999602-3038819",35147,35149,0.667,3,2,"-","G","+",0,0,"-",3,2,"TCGCC","RNF12","D4","RepR4","S2","MSR","other"
"3917","FJ24-FJ25::chr9:2999602-3038819",35323,35325,0.667,3,2,"-","G","+",0,0,"-",3,2,"TCGCC","RNF12","D4","RepR4","S2","MSR","other"
"3918","FJ24-FJ25::chr9:2999602-3038819",35381,35383,0.8,40,32,"-","G","+",0,0,"-",40,32,"TCGCC","RNF12","D4","RepR4","S2","MSR","other"
"3919","FJ24-FJ25::chr9:2999602-3038819",35423,35425,0.833,6,5,"-","G","+",0,0,"-",6,5,"ACGTT","RNF12","D4","RepR4","S2","MSR","other"
"3920","FJ24-FJ25::chr9:2999602-3038819",35439,35441,0.8,5,4,"-","G","+",0,0,"-",5,4,"TCGTC","RNF12","D4","RepR4","S2","MSR","other"
"3921","FJ24-FJ25::chr9:2999602-3038819",35454,35456,0.867,15,13,"-","G","+",0,0,"-",15,13,"ACGTC","RNF12","D4","RepR4","S2","MSR","other"
"3922","FJ24-FJ25::chr9:2999602-3038819",35557,35559,0.857,7,6,"B","G","+",1,1,"-",6,5,"CTCGC","RNF12","D4","RepR4","S2","MSR","other"
"3923","FJ24-FJ25::chr9:2999602-3038819",35569,35571,1,7,7,"B","G","+",2,2,"-",5,5,"CACGT","RNF12","D4","RepR4","S2","MSR","other"
"3924","FJ24-FJ25::chr9:2999602-3038819",35597,35599,0.539,5420,2923,"-","G","+",0,0,"-",5420,2923,"CCGTG","RNF12","D4","RepR4","S2","MSR","other"
"3925","FJ24-FJ25::chr9:2999602-3038819",35657,35659,1,1,1,"-","G","+",0,0,"-",1,1,"ACGTT","RNF12","D4","RepR4","S2","MSR","other"
"3926","FJ24-FJ25::chr9:2999602-3038819",35791,35793,1,4,4,"-","G","+",0,0,"-",4,4,"TCGCC","RNF12","D4","RepR4","S2","MSR","other"
"3927","FJ24-FJ25::chr9:2999602-3038819",35803,35805,1,3,3,"-","G","+",0,0,"-",3,3,"ACGTC","RNF12","D4","RepR4","S2","MSR","other"
"3928","FJ24-FJ25::chr9:2999602-3038819",35831,35833,0.833,18,15,"-","G","+",0,0,"-",18,15,"CCGTG","RNF12","D4","RepR4","S2","MSR","other"
"3929","FJ24-FJ25::chr9:2999602-3038819",36066,36068,0,2,0,"-","G","+",0,0,"-",2,0,"TCGTG","RNF12","D4","RepR4","S2","MSR","other"
"3930","FJ24-FJ25::chr9:2999602-3038819",36084,36086,1,1,1,"-","G","+",0,0,"-",1,1,"TCGCC","RNF12","D4","RepR4","S2","MSR","other"
"3931","FJ24-FJ25::chr9:2999602-3038819",36126,36128,0.333,3,1,"-","G","+",0,0,"-",3,1,"ACGTT","RNF12","D4","RepR4","S2","MSR","other"
"3932","FJ24-FJ25::chr9:2999602-3038819",36259,36261,1,2,2,"-","G","+",0,0,"-",2,2,"TCGCC","RNF12","D4","RepR4","S2","MSR","other"
"3933","FJ24-FJ25::chr9:2999602-3038819",36299,36301,0.692,65,45,"-","G","+",0,0,"-",65,45,"CCGTG","RNF12","D4","RepR4","S2","MSR","other"
"3934","FJ24-FJ25::chr9:2999602-3038819",36435,36437,1,12,12,"B","G","+",2,2,"-",10,10,"CTCGC","RNF12","D4","RepR4","S2","MSR","other"
"3935","FJ24-FJ25::chr9:2999602-3038819",36447,36449,1,8,8,"B","G","+",4,4,"-",4,4,"CACGT","RNF12","D4","RepR4","S2","MSR","other"
"3936","FJ24-FJ25::chr9:2999602-3038819",36475,36477,0.922,116,107,"B","G","+",3,3,"-",113,104,"TCCGT","RNF12","D4","RepR4","S2","MSR","other"
"3937","FJ24-FJ25::chr9:2999602-3038819",36493,36495,0.787,75,59,"B","G","+",2,2,"-",73,57,"TTCGC","RNF12","D4","RepR4","S2","MSR","other"
"3938","FJ24-FJ25::chr9:2999602-3038819",36668,36670,1,1,1,"-","G","+",0,0,"-",1,1,"TCGCC","RNF12","D4","RepR4","S2","MSR","other"
"3939","FJ24-FJ25::chr9:2999602-3038819",36708,36710,0.806,31,25,"B","G","+",1,0,"-",30,25,"TCCGT","RNF12","D4","RepR4","S2","MSR","other"
"3940","FJ24-FJ25::chr9:2999602-3038819",36726,36728,0.684,19,13,"-","G","+",0,0,"-",19,13,"TCGCC","RNF12","D4","RepR4","S2","MSR","other"
"3941","FJ24-FJ25::chr9:2999602-3038819",36781,36783,1,1,1,"-","G","+",0,0,"-",1,1,"TCGTC","RNF12","D4","RepR4","S2","MSR","other"
"3942","FJ24-FJ25::chr9:2999602-3038819",36939,36941,0.688,16,11,"-","G","+",0,0,"-",16,11,"CCGTG","RNF12","D4","RepR4","S2","MSR","other"
"3943","FJ24-FJ25::chr9:2999602-3038819",36999,37001,1,2,2,"-","G","+",0,0,"-",2,2,"ACGTT","RNF12","D4","RepR4","S2","MSR","other"
"3944","FJ24-FJ25::chr9:2999602-3038819",37173,37175,0,1,0,"-","G","+",0,0,"-",1,0,"TCGTG","RNF12","D4","RepR4","S2","MSR","other"
"3945","FJ24-FJ25::chr9:2999602-3038819",37191,37193,1,1,1,"-","G","+",0,0,"-",1,1,"TCGCC","RNF12","D4","RepR4","S2","MSR","other"
"3946","FJ24-FJ25::chr9:2999602-3038819",37233,37235,1,2,2,"-","G","+",0,0,"-",2,2,"ACGTT","RNF12","D4","RepR4","S2","MSR","other"
"3947","FJ24-FJ25::chr9:2999602-3038819",37319,37321,1,3,3,"B","G","+",1,1,"-",2,2,"CACGT","RNF12","D4","RepR4","S2","MSR","other"
"3948","FJ24-FJ25::chr9:2999602-3038819",37467,37469,1,1,1,"-","G","+",0,0,"-",1,1,"ACGTT","RNF12","D4","RepR4","S2","MSR","other"
"3949","FJ24-FJ25::chr9:2999602-3038819",37613,37615,1,1,1,"+","G","+",1,1,"-",0,0,"CACGT","RNF12","D4","RepR4","S2","MSR","other"
"3950","FJ24-FJ25::chr9:2999602-3038819",37641,37643,0.793,140,111,"B","G","+",1,1,"-",139,110,"TCCGT","RNF12","D4","RepR4","S2","MSR","other"
"3951","FJ24-FJ25::chr9:2999602-3038819",37659,37661,0.815,124,101,"-","G","+",0,0,"-",124,101,"TCGCC","RNF12","D4","RepR4","S2","MSR","other"
"3952","FJ24-FJ25::chr9:2999602-3038819",37701,37703,1,1,1,"-","G","+",0,0,"-",1,1,"ACGTT","RNF12","D4","RepR4","S2","MSR","other"
"3953","FJ24-FJ25::chr9:2999602-3038819",37835,37837,1,3,3,"+","G","+",3,3,"-",0,0,"CTCGC","RNF12","D4","RepR4","S2","MSR","other"
"3954","FJ24-FJ25::chr9:2999602-3038819",37847,37849,1,2,2,"+","G","+",2,2,"-",0,0,"CACGT","RNF12","D4","RepR4","S2","MSR","other"
"3955","FJ24-FJ25::chr9:2999602-3038819",37875,37877,1,1,1,"-","G","+",0,0,"-",1,1,"TCGTG","RNF12","D4","RepR4","S2","MSR","other"
"3956","FJ24-FJ25::chr9:2999602-3038819",37893,37895,0,1,0,"-","G","+",0,0,"-",1,0,"TCGCC","RNF12","D4","RepR4","S2","MSR","other"
"3957","FJ24-FJ25::chr9:2999602-3038819",37935,37937,0.5,2,1,"-","G","+",0,0,"-",2,1,"ACGTT","RNF12","D4","RepR4","S2","MSR","other"
"3958","FJ24-FJ25::chr9:2999602-3038819",38021,38023,1,1,1,"-","G","+",0,0,"-",1,1,"ACGTC","RNF12","D4","RepR4","S2","MSR","other"
"3959","FJ24-FJ25::chr9:2999602-3038819",38200,38202,1,1,1,"-","G","+",0,0,"-",1,1,"ACGTC","RNF12","D4","RepR4","S2","MSR","other"
"3960","FJ24-FJ25::chr9:2999602-3038819",38315,38317,1,2,2,"-","G","+",0,0,"-",2,2,"ACGTC","RNF12","D4","RepR4","S2","MSR","other"
"3961","FJ24-FJ25::chr9:2999602-3038819",38343,38345,0.818,159,130,"-","G","+",0,0,"-",159,130,"CCGTG","RNF12","D4","RepR4","S2","MSR","other"
"3962","FJ24-FJ25::chr9:2999602-3038819",38361,38363,0.851,148,126,"-","G","+",0,0,"-",148,126,"TCGCC","RNF12","D4","RepR4","S2","MSR","other"
"3963","FJ24-FJ25::chr9:2999602-3038819",38403,38405,0.636,11,7,"-","G","+",0,0,"-",11,7,"ACGTT","RNF12","D4","RepR4","S2","MSR","other"
"3964","FJ24-FJ25::chr9:2999602-3038819",38419,38421,0.875,8,7,"-","G","+",0,0,"-",8,7,"TCGTC","RNF12","D4","RepR4","S2","MSR","other"
"3965","FJ24-FJ25::chr9:2999602-3038819",38489,38491,0.933,15,14,"-","G","+",0,0,"-",15,14,"ACGTC","RNF12","D4","RepR4","S2","MSR","other"
"3966","FJ24-FJ25::chr9:2999602-3038819",38537,38539,1,1,1,"+","G","+",1,1,"-",0,0,"CTCGC","RNF12","D4","RepR4","S2","MSR","other"
"3967","FJ24-FJ25::chr9:2999602-3038819",38549,38551,1,1,1,"+","G","+",1,1,"-",0,0,"CACGT","RNF12","D4","RepR4","S2","MSR","other"
"3968","FJ24-FJ25::chr9:2999602-3038819",38637,38639,1,2,2,"-","G","+",0,0,"-",2,2,"ACGTT","RNF12","D4","RepR4","S2","MSR","other"
"3969","FJ24-FJ25::chr9:2999602-3038819",38653,38655,1,1,1,"-","G","+",0,0,"-",1,1,"TCGTC","RNF12","D4","RepR4","S2","MSR","other"
"3970","FJ24-FJ25::chr9:35304805-35306009",436,438,0.833,12,10,"+","G","+",12,10,"-",0,0,"TGCGA","RNF12","D4","RepR4","S2","MSR","other"
"3971","FJ24-FJ25::chr9:35304805-35306009",454,456,0.921,38,35,"B","G","+",35,32,"-",3,3,"CACGG","RNF12","D4","RepR4","S2","MSR","other"
"3972","FJ24-FJ25::chr9:35304805-35306009",482,484,1,5,5,"B","G","+",2,2,"-",3,3,"GACGT","RNF12","D4","RepR4","S2","MSR","other"
"3973","FJ24-FJ25::chr9:35304805-35306009",494,496,1,3,3,"B","G","+",2,2,"-",1,1,"GGCGA","RNF12","D4","RepR4","S2","MSR","other"
"3974","FJ24-FJ25::chr9:35304805-35306009",612,614,0.85,420,357,"+","G","+",420,357,"-",0,0,"GACGA","RNF12","D4","RepR4","S2","MSR","other"
"3975","FJ24-FJ25::chr9:35304805-35306009",628,630,0.7,486,340,"B","G","+",485,339,"-",1,1,"AACGT","RNF12","D4","RepR4","S2","MSR","other"
"3976","FJ24-FJ25::chr9:35304805-35306009",688,690,0.874,1384,1209,"B","G","+",1379,1204,"-",5,5,"CACGG","RNF12","D4","RepR4","S2","MSR","other"
"3977","FJ24-FJ25::chr9:35304805-35306009",716,718,1,8,8,"B","G","+",5,5,"-",3,3,"GACGT","RNF12","D4","RepR4","S2","MSR","other"
"3978","FJ24-FJ25::chr9:35304805-35306009",728,730,0.833,6,5,"B","G","+",4,3,"-",2,2,"GGCGA","RNF12","D4","RepR4","S2","MSR","other"
"3979","FJ24-FJ25::chr9:35304805-35306009",776,778,0.859,92,79,"+","G","+",92,79,"-",0,0,"GACGT","RNF12","D4","RepR4","S2","MSR","other"
"3980","FJ24-FJ25::chr9:35304805-35306009",1063,1065,0.154,13,2,"B","G","+",9,0,"-",4,2,"CCCGG","RNF12","D4","RepR4","S2","MSR","other"
"3981","FJ24-FJ25::chrX:75643946-75646608",2448,2450,0.5,22,11,"-","G","+",0,0,"-",22,11,"CCGGG","RNF12","D4","RepR4","S2","MSR","other"
"3982","FJ24-FJ25::chrX:75643946-75646608",2589,2591,0.667,3,2,"-","G","+",0,0,"-",3,2,"TCGGT","RNF12","D4","RepR4","S2","MSR","other"
"3983","FJ28-FJ29.FJ26-FJ27::chrX:103482701-103483891",480,482,0.938,8373,7858,"+","G","+",8373,7858,"-",0,0,"CACGG","RNF12","D4","RepR4","S2","RE58","RE58_CGI_2"
"3984","FJ28-FJ29.FJ26-FJ27::chrX:103482701-103483891",489,491,0.949,8297,7875,"+","G","+",8297,7875,"-",0,0,"ACCGC","RNF12","D4","RepR4","S2","RE58","RE58_CGI_2"
"3985","FJ28-FJ29.FJ26-FJ27::chrX:103482701-103483891",499,501,0.953,8243,7855,"+","G","+",8243,7855,"-",0,0,"CACGG","RNF12","D4","RepR4","S2","RE58","RE58_CGI_2"
"3986","FJ28-FJ29.FJ26-FJ27::chrX:103482701-103483891",506,508,0.944,8556,8078,"+","G","+",8556,8078,"-",0,0,"AACGA","RNF12","D4","RepR4","S2","RE58","RE58_CGI_2"
"3987","FJ28-FJ29.FJ26-FJ27::chrX:103482701-103483891",530,532,0.944,8954,8452,"+","G","+",8954,8452,"-",0,0,"GCCGT","RNF12","D4","RepR4","S2","RE58","RE58_CGI_2"
"3988","FJ28-FJ29.FJ26-FJ27::chrX:103482701-103483891",537,539,0.956,8899,8510,"+","G","+",8899,8510,"-",0,0,"CACGC","RNF12","D4","RepR4","S2","RE58","RE58_CGI_2"
"3989","FJ28-FJ29.FJ26-FJ27::chrX:103482701-103483891",552,554,0.8,8693,6958,"+","G","+",8693,6958,"-",0,0,"TCCGC","RNF12","D4","RepR4","S2","RE58","RE58_CGI_2"
"3990","FJ28-FJ29.FJ26-FJ27::chrX:103482701-103483891",554,556,0.93,8888,8264,"+","G","+",8888,8264,"-",0,0,"CGCGG","RNF12","D4","RepR4","S2","RE58","RE58_CGI_2"
"3991","FJ28-FJ29.FJ26-FJ27::chrX:103482701-103483891",557,559,0.919,9285,8531,"+","G","+",9285,8531,"-",0,0,"GGCGC","RNF12","D4","RepR4","S2","RE58","RE58_CGI_2"
"3992","FJ28-FJ29.FJ26-FJ27::chrX:103482701-103483891",566,568,0.961,9347,8980,"+","G","+",9347,8980,"-",0,0,"GGCGG","RNF12","D4","RepR4","S2","RE58","RE58_CGI_2"
"3993","FJ28-FJ29.FJ26-FJ27::chrX:103482701-103483891",675,677,0.972,1428,1388,"B","G","+",910,870,"-",518,518,"TACGT","RNF12","D4","RepR4","S2","RE58","RE58_CGI_1"
"3994","FJ28-FJ29.FJ26-FJ27::chrX:103482701-103483891",694,696,0.944,1434,1353,"B","G","+",917,836,"-",517,517,"GACGC","RNF12","D4","RepR4","S2","RE58","RE58_CGI_1"
"3995","FJ28-FJ29.FJ26-FJ27::chrX:103482701-103483891",696,698,0.947,1431,1355,"B","G","+",914,838,"-",517,517,"CGCGT","RNF12","D4","RepR4","S2","RE58","RE58_CGI_1"
"3996","FJ28-FJ29.FJ26-FJ27::chrX:103482701-103483891",715,717,0.932,1391,1296,"B","G","+",883,788,"-",508,508,"TGCGC","RNF12","D4","RepR4","S2","RE58","RE58_CGI_1"
"3997","FJ28-FJ29.FJ26-FJ27::chrX:103482701-103483891",717,719,0.945,1383,1307,"B","G","+",881,805,"-",502,502,"CGCGA","RNF12","D4","RepR4","S2","RE58","RE58_CGI_1"
"3998","FJ28-FJ29.FJ26-FJ27::chrX:103482701-103483891",753,755,0.756,755,571,"B","G","+",412,228,"-",343,343,"AACGT","RNF12","D4","RepR4","S2","RE58","RE58_CGI_1"
"3999","FJ14-FJ15.FJ10-FJ11::chrX:103481327-103482781",433,435,0.481,206,99,"+","G","+",206,99,"-",0,0,"TCCGC","WT","D4","RepR2","S4","RE57","RE57_YY1"
"4000","FJ14-FJ15.FJ10-FJ11::chrX:103481327-103482781",520,522,0.5,110,55,"+","G","+",110,55,"-",0,0,"TGCGT","WT","D4","RepR2","S4","RE57","RE57_YY1"
"4001","FJ14-FJ15.FJ10-FJ11::chrX:103481327-103482781",528,530,0.505,111,56,"+","G","+",111,56,"-",0,0,"ACCGC","WT","D4","RepR2","S4","RE57","RE57_YY1"
"4002","FJ14-FJ15.FJ10-FJ11::chrX:103481327-103482781",546,548,0.565,108,61,"+","G","+",108,61,"-",0,0,"GCCGC","WT","D4","RepR2","S4","RE57","RE57_YY1"
"4003","FJ14-FJ15.FJ10-FJ11::chrX:103481327-103482781",563,565,0.585,106,62,"+","G","+",106,62,"-",0,0,"TACGA","WT","D4","RepR2","S4","RE57","RE57_YY1"
"4004","FJ14-FJ15.FJ10-FJ11::chrX:103481327-103482781",617,619,0.644,135,87,"+","G","+",135,87,"-",0,0,"GTCGA","WT","D4","RepR2","S4","RE57","RE57_YY1"
"4005","FJ14-FJ15.FJ10-FJ11::chrX:103481327-103482781",624,626,0.562,160,90,"+","G","+",160,90,"-",0,0,"CTCGG","WT","D4","RepR2","S4","RE57","RE57_YY1"
"4006","FJ14-FJ15.FJ10-FJ11::chrX:103481327-103482781",637,639,0.682,179,122,"+","G","+",179,122,"-",0,0,"CCCGA","WT","D4","RepR2","S4","RE57","RE57_YY1"
"4007","FJ14-FJ15.FJ10-FJ11::chrX:103481327-103482781",642,644,0.583,180,105,"+","G","+",180,105,"-",0,0,"GCCGC","WT","D4","RepR2","S4","RE57","RE57_YY1"
"4008","FJ14-FJ15.FJ10-FJ11::chrX:103481327-103482781",736,738,0.5,26,13,"+","G","+",26,13,"-",0,0,"CACGC","WT","D4","RepR2","S4","RE57","RE57_CGI"
"4009","FJ14-FJ15.FJ10-FJ11::chrX:103481327-103482781",763,765,0.56,25,14,"+","G","+",25,14,"-",0,0,"TGCGG","WT","D4","RepR2","S4","RE57","RE57_CGI"
"4010","FJ14-FJ15.FJ10-FJ11::chrX:103481327-103482781",770,772,0.542,24,13,"+","G","+",24,13,"-",0,0,"TCCGC","WT","D4","RepR2","S4","RE57","RE57_CGI"
"4011","FJ14-FJ15.FJ10-FJ11::chrX:103481327-103482781",772,774,0.583,24,14,"+","G","+",24,14,"-",0,0,"CGCGC","WT","D4","RepR2","S4","RE57","RE57_CGI"
"4012","FJ14-FJ15.FJ10-FJ11::chrX:103481327-103482781",780,782,0.565,23,13,"+","G","+",23,13,"-",0,0,"ACCGC","WT","D4","RepR2","S4","RE57","RE57_CGI"
"4013","FJ14-FJ15.FJ10-FJ11::chrX:103481327-103482781",792,794,0.696,23,16,"+","G","+",23,16,"-",0,0,"TACGA","WT","D4","RepR2","S4","RE57","RE57_CGI"
"4014","FJ14-FJ15.FJ10-FJ11::chrX:103481327-103482781",817,819,0.583,24,14,"+","G","+",24,14,"-",0,0,"TCCGG","WT","D4","RepR2","S4","RE57","RE57_CGI"
"4015","FJ14-FJ15.FJ10-FJ11::chrX:103481327-103482781",832,834,0.522,23,12,"+","G","+",23,12,"-",0,0,"CCCGC","WT","D4","RepR2","S4","RE57","RE57_CGI"
"4016","FJ14-FJ15.FJ10-FJ11::chrX:103481327-103482781",863,865,1,1,1,"+","G","+",1,1,"-",0,0,"CCCGC","WT","D4","RepR2","S4","RE57","intermediate_RE57"
"4017","FJ14-FJ15.FJ10-FJ11::chrX:103481327-103482781",871,873,1,2,2,"+","G","+",2,2,"-",0,0,"CCCGC","WT","D4","RepR2","S4","RE57","intermediate_RE57"
"4018","FJ14-FJ15.FJ10-FJ11::chrX:103481327-103482781",899,901,1,2,2,"+","G","+",2,2,"-",0,0,"AGCGC","WT","D4","RepR2","S4","RE57","intermediate_RE57"
"4019","FJ14-FJ15.FJ10-FJ11::chrX:103481327-103482781",904,906,1,2,2,"+","G","+",2,2,"-",0,0,"AGCGC","WT","D4","RepR2","S4","RE57","intermediate_RE57"
"4020","FJ14-FJ15.FJ10-FJ11::chrX:103481327-103482781",929,931,0.591,22,13,"+","G","+",22,13,"-",0,0,"TCCGC","WT","D4","RepR2","S4","RE57","RE57_CGI"
"4021","FJ14-FJ15.FJ10-FJ11::chrX:103481327-103482781",941,943,0.773,22,17,"+","G","+",22,17,"-",0,0,"CTCGG","WT","D4","RepR2","S4","RE57","RE57_CGI"
"4022","FJ14-FJ15.FJ10-FJ11::chrX:103481327-103482781",959,961,0.692,26,18,"+","G","+",26,18,"-",0,0,"GGCGT","WT","D4","RepR2","S4","RE57","RE57_CGI"
"4023","FJ14-FJ15.FJ10-FJ11::chrX:103481327-103482781",970,972,0.613,31,19,"+","G","+",31,19,"-",0,0,"CTCGA","WT","D4","RepR2","S4","RE57","RE57_CGI"
"4024","FJ14-FJ15.FJ10-FJ11::chrX:103481327-103482781",980,982,0.676,34,23,"+","G","+",34,23,"-",0,0,"GCCGT","WT","D4","RepR2","S4","RE57","RE57_CGI"
"4025","FJ14-FJ15.FJ10-FJ11::chrX:103481327-103482781",987,989,0.622,37,23,"+","G","+",37,23,"-",0,0,"CACGC","WT","D4","RepR2","S4","RE57","RE57_CGI"
"4026","FJ14-FJ15.FJ10-FJ11::chrX:103481327-103482781",1004,1006,0.681,47,32,"+","G","+",47,32,"-",0,0,"GGCGG","WT","D4","RepR2","S4","RE57","RE57_CGI"
"4027","FJ14-FJ15.FJ10-FJ11::chrX:103481327-103482781",1008,1010,0.688,48,33,"+","G","+",48,33,"-",0,0,"GACGC","WT","D4","RepR2","S4","RE57","RE57_CGI"
"4028","FJ14-FJ15.FJ10-FJ11::chrX:103481327-103482781",1010,1012,0.571,49,28,"+","G","+",49,28,"-",0,0,"CGCGG","WT","D4","RepR2","S4","RE57","RE57_CGI"
"4029","FJ14-FJ15.FJ10-FJ11::chrX:103481327-103482781",1021,1023,0.667,48,32,"+","G","+",48,32,"-",0,0,"CACGC","WT","D4","RepR2","S4","RE57","RE57_CGI"
"4030","FJ24-FJ25.FJ24-FJ25.FJ24-FJ25.FJ24-FJ25.FJ24-FJ25.FJ24-FJ25.FJ24-FJ25.FJ24-FJ25::chrX:75658294-75672942",212,214,0,2,0,"B","G","+",1,0,"-",1,0,"CCCGG","WT","D4","RepR2","S4","MSR","other"
"4031","FJ24-FJ25.FJ24-FJ25.FJ24-FJ25.FJ24-FJ25.FJ24-FJ25.FJ24-FJ25.FJ24-FJ25.FJ24-FJ25::chrX:75658294-75672942",6000,6002,0,1,0,"+","G","+",1,0,"-",0,0,"AACGC","WT","D4","RepR2","S4","MSR","other"
"4032","FJ24-FJ25.FJ24-FJ25.FJ24-FJ25.FJ24-FJ25.FJ24-FJ25.FJ24-FJ25.FJ24-FJ25.FJ24-FJ25::chrX:75658294-75672942",6296,6298,0,1,0,"+","G","+",1,0,"-",0,0,"AACGC","WT","D4","RepR2","S4","MSR","other"
"4033","FJ24-FJ25.FJ24-FJ25.FJ24-FJ25::chrX:75646518-75653780",131,133,0,1,0,"-","G","+",0,0,"-",1,0,"CCGGA","WT","D4","RepR2","S4","MSR","other"
"4034","FJ24-FJ25.FJ24-FJ25.FJ24-FJ25::chrX:75646518-75653780",177,179,1,1,1,"+","G","+",1,1,"-",0,0,"GGCGG","WT","D4","RepR2","S4","MSR","other"
"4035","FJ24-FJ25.FJ24-FJ25.FJ24-FJ25::chrX:75653690-75658384",131,133,0.5,2,1,"-","G","+",0,0,"-",2,1,"CCGGA","WT","D4","RepR2","S4","MSR","other"
"4036","FJ24-FJ25.FJ24-FJ25::chr2:98661834-98663393",429,431,1,1,1,"-","G","+",0,0,"-",1,1,"ACGTT","WT","D4","RepR2","S4","MSR","other"
"4037","FJ24-FJ25.FJ24-FJ25::chr2:98661834-98663393",445,447,1,2,2,"-","G","+",0,0,"-",2,2,"TCGTC","WT","D4","RepR2","S4","MSR","other"
"4038","FJ24-FJ25.FJ24-FJ25::chr2:98661834-98663393",460,462,1,2,2,"-","G","+",0,0,"-",2,2,"TCGTC","WT","D4","RepR2","S4","MSR","other"
"4039","FJ24-FJ25.FJ24-FJ25::chr2:98661834-98663393",515,517,1,8,8,"-","G","+",0,0,"-",8,8,"ACGTC","WT","D4","RepR2","S4","MSR","other"
"4040","FJ24-FJ25.FJ24-FJ25::chr2:98661834-98663393",575,577,1,3,3,"-","G","+",0,0,"-",3,3,"ACGTC","WT","D4","RepR2","S4","MSR","other"
"4041","FJ24-FJ25.FJ24-FJ25::chr2:98661834-98663393",603,605,0.429,7,3,"B","G","+",2,2,"-",5,1,"TCCGT","WT","D4","RepR2","S4","MSR","other"
"4042","FJ24-FJ25.FJ24-FJ25::chr2:98661834-98663393",621,623,0.75,4,3,"B","G","+",2,2,"-",2,1,"CTCGC","WT","D4","RepR2","S4","MSR","other"
"4043","FJ24-FJ25.FJ24-FJ25::chr2:98661834-98663393",730,732,0,1,0,"+","G","+",1,0,"-",0,0,"AACGA","WT","D4","RepR2","S4","MSR","other"
"4044","FJ24-FJ25.FJ24-FJ25::chr2:98661834-98663393",766,768,0,1,0,"+","G","+",1,0,"-",0,0,"TACGT","WT","D4","RepR2","S4","MSR","other"
"4045","FJ24-FJ25.FJ24-FJ25::chr2:98661834-98663393",841,843,1,1,1,"-","G","+",0,0,"-",1,1,"CCGTT","WT","D4","RepR2","S4","MSR","other"
"4046","FJ24-FJ25.FJ24-FJ25::chr2:98661834-98663393",850,852,0,1,0,"+","G","+",1,0,"-",0,0,"AACGA","WT","D4","RepR2","S4","MSR","other"
"4047","FJ24-FJ25.FJ24-FJ25::chr2:98661834-98663393",1021,1023,0.825,217,179,"+","G","+",217,179,"-",0,0,"GACGT","WT","D4","RepR2","S4","MSR","other"
"4048","FJ24-FJ25.FJ24-FJ25::chr2:98661834-98663393",1076,1078,1,2,2,"+","G","+",2,2,"-",0,0,"GACGA","WT","D4","RepR2","S4","MSR","other"
"4049","FJ24-FJ25.FJ24-FJ25::chr2:98661834-98663393",1091,1093,1,2,2,"+","G","+",2,2,"-",0,0,"GACGA","WT","D4","RepR2","S4","MSR","other"
"4050","FJ24-FJ25.FJ24-FJ25::chr2:98661834-98663393",1107,1109,1,2,2,"+","G","+",2,2,"-",0,0,"TACGT","WT","D4","RepR2","S4","MSR","other"
"4051","FJ24-FJ25::chr12:3109471-3110521",554,556,0.333,3,1,"B","G","+",1,1,"-",2,0,"GACGA","WT","D4","RepR2","S4","MSR","other"
"4052","FJ24-FJ25::chr12:47833534-47834522",403,405,0,1,0,"+","G","+",1,0,"-",0,0,"AACGC","WT","D4","RepR2","S4","MSR","other"
"4053","FJ24-FJ25::chr12:67058771-67060356",648,650,1,1,1,"+","G","+",1,1,"-",0,0,"GGCGA","WT","D4","RepR2","S4","MSR","other"
"4054","FJ24-FJ25::chr14:19415282-19420102",457,459,1,1,1,"+","G","+",1,1,"-",0,0,"GGCGA","WT","D4","RepR2","S4","MSR","other"
"4055","FJ24-FJ25::chr14:19415282-19420102",475,477,0.75,4,3,"+","G","+",4,3,"-",0,0,"CACGG","WT","D4","RepR2","S4","MSR","other"
"4056","FJ24-FJ25::chr14:19415282-19420102",691,693,1,3,3,"+","G","+",3,3,"-",0,0,"GGCGA","WT","D4","RepR2","S4","MSR","other"
"4057","FJ24-FJ25::chr14:19415282-19420102",709,711,1,5,5,"+","G","+",5,5,"-",0,0,"CACGG","WT","D4","RepR2","S4","MSR","other"
"4058","FJ24-FJ25::chr14:19415282-19420102",1276,1278,1,1,1,"+","G","+",1,1,"-",0,0,"GGCGA","WT","D4","RepR2","S4","MSR","other"
"4059","FJ24-FJ25::chr14:19415282-19420102",1294,1296,0.667,6,4,"+","G","+",6,4,"-",0,0,"CACGG","WT","D4","RepR2","S4","MSR","other"
"4060","FJ24-FJ25::chr14:19415282-19420102",1744,1746,0.667,3,2,"+","G","+",3,2,"-",0,0,"GGCGA","WT","D4","RepR2","S4","MSR","other"
"4061","FJ24-FJ25::chr14:19415282-19420102",1762,1764,0.5,2,1,"+","G","+",2,1,"-",0,0,"CACGG","WT","D4","RepR2","S4","MSR","other"
"4062","FJ24-FJ25::chr14:19415282-19420102",1861,1863,1,1,1,"+","G","+",1,1,"-",0,0,"GGCGA","WT","D4","RepR2","S4","MSR","other"
"4063","FJ24-FJ25::chr14:19415282-19420102",2022,2024,0.5,4,2,"+","G","+",4,2,"-",0,0,"GACGA","WT","D4","RepR2","S4","MSR","other"
"4064","FJ24-FJ25::chr14:19415282-19420102",2037,2039,1,5,5,"+","G","+",5,5,"-",0,0,"GACGA","WT","D4","RepR2","S4","MSR","other"
"4065","FJ24-FJ25::chr14:19415282-19420102",2053,2055,0.333,3,1,"+","G","+",3,1,"-",0,0,"AACGT","WT","D4","RepR2","S4","MSR","other"
"4066","FJ24-FJ25::chr14:19415282-19420102",2095,2097,1,2,2,"+","G","+",2,2,"-",0,0,"GGCGA","WT","D4","RepR2","S4","MSR","other"
"4067","FJ24-FJ25::chr14:19415282-19420102",2230,2232,0.5,2,1,"+","G","+",2,1,"-",0,0,"CACGG","WT","D4","RepR2","S4","MSR","other"
"4068","FJ24-FJ25::chr14:19415282-19420102",2370,2372,0,1,0,"+","G","+",1,0,"-",0,0,"CTCGA","WT","D4","RepR2","S4","MSR","other"
"4069","FJ24-FJ25::chr14:19415282-19420102",2606,2608,0.5,2,1,"+","G","+",2,1,"-",0,0,"GACGA","WT","D4","RepR2","S4","MSR","other"
"4070","FJ24-FJ25::chr14:19415282-19420102",2621,2623,1,1,1,"+","G","+",1,1,"-",0,0,"GACGA","WT","D4","RepR2","S4","MSR","other"
"4071","FJ24-FJ25::chr14:19415282-19420102",2637,2639,1,1,1,"+","G","+",1,1,"-",0,0,"AACGT","WT","D4","RepR2","S4","MSR","other"
"4072","FJ24-FJ25::chr14:19415282-19420102",2853,2855,1,1,1,"-","G","+",0,0,"-",1,1,"ACGAA","WT","D4","RepR2","S4","MSR","other"
"4073","FJ24-FJ25::chr14:19415282-19420102",2929,2931,0.857,14,12,"+","G","+",14,12,"-",0,0,"CACGG","WT","D4","RepR2","S4","MSR","other"
"4074","FJ24-FJ25::chr14:19415282-19420102",2957,2959,1,1,1,"-","G","+",0,0,"-",1,1,"ACGTG","WT","D4","RepR2","S4","MSR","other"
"4075","FJ24-FJ25::chr14:19415282-19420102",2969,2971,1,1,1,"-","G","+",0,0,"-",1,1,"GCGAG","WT","D4","RepR2","S4","MSR","other"
"4076","FJ24-FJ25::chr14:19415282-19420102",3190,3192,1,2,2,"+","G","+",2,2,"-",0,0,"GACGT","WT","D4","RepR2","S4","MSR","other"
"4077","FJ24-FJ25::chr2:98663241-98664491",474,476,0.857,7,6,"-","G","+",0,0,"-",7,6,"CCGTG","WT","D4","RepR2","S4","MSR","other"
"4078","FJ24-FJ25::chr2:98663241-98664491",533,535,1,5,5,"-","G","+",0,0,"-",5,5,"ACGTT","WT","D4","RepR2","S4","MSR","other"
"4079","FJ24-FJ25::chr2:98663241-98664491",705,707,0,1,0,"-","G","+",0,0,"-",1,0,"CCGTG","WT","D4","RepR2","S4","MSR","other"
"4080","FJ24-FJ25::chr2:98666144-98667732",446,448,1,2,2,"+","G","+",2,2,"-",0,0,"GACGA","WT","D4","RepR2","S4","MSR","other"
"4081","FJ24-FJ25::chr2:98666144-98667732",461,463,1,2,2,"+","G","+",2,2,"-",0,0,"GACGA","WT","D4","RepR2","S4","MSR","other"
"4082","FJ24-FJ25::chr2:98666144-98667732",477,479,1,1,1,"+","G","+",1,1,"-",0,0,"TACGT","WT","D4","RepR2","S4","MSR","other"
"4083","FJ24-FJ25::chr2:98666144-98667732",537,539,0.75,12,9,"+","G","+",12,9,"-",0,0,"CACGG","WT","D4","RepR2","S4","MSR","other"
"4084","FJ24-FJ25::chr2:98666144-98667732",625,627,0.892,65,58,"+","G","+",65,58,"-",0,0,"GACGT","WT","D4","RepR2","S4","MSR","other"
"4085","FJ24-FJ25::chr2:98666144-98667732",680,682,0.932,44,41,"B","G","+",42,39,"-",2,2,"GACGA","WT","D4","RepR2","S4","MSR","other"
"4086","FJ24-FJ25::chr2:98666144-98667732",695,697,0.932,44,41,"B","G","+",42,39,"-",2,2,"GACGA","WT","D4","RepR2","S4","MSR","other"
"4087","FJ24-FJ25::chr2:98666144-98667732",711,713,0.857,42,36,"B","G","+",41,35,"-",1,1,"AACGT","WT","D4","RepR2","S4","MSR","other"
"4088","FJ24-FJ25::chr2:98666144-98667732",753,755,1,8,8,"B","G","+",7,7,"-",1,1,"GGCGA","WT","D4","RepR2","S4","MSR","other"
"4089","FJ24-FJ25::chr2:98666144-98667732",771,773,0.75,8,6,"B","G","+",7,6,"-",1,0,"CACGG","WT","D4","RepR2","S4","MSR","other"
"4090","FJ24-FJ25::chr2:98666144-98667732",799,801,0.667,3,2,"B","G","+",2,2,"-",1,0,"GACGT","WT","D4","RepR2","S4","MSR","other"
"4091","FJ24-FJ25::chr2:98666144-98667732",811,813,1,3,3,"B","G","+",2,2,"-",1,1,"GGCGA","WT","D4","RepR2","S4","MSR","other"
"4092","FJ24-FJ25::chr2:98666144-98667732",859,861,0.833,6,5,"B","G","+",5,4,"-",1,1,"GACGT","WT","D4","RepR2","S4","MSR","other"
"4093","FJ24-FJ25::chr2:98666144-98667732",946,948,0.86,43,37,"B","G","+",40,35,"-",3,2,"GACGA","WT","D4","RepR2","S4","MSR","other"
"4094","FJ24-FJ25::chr2:98666144-98667732",962,964,0.736,53,39,"B","G","+",50,38,"-",3,1,"AACGT","WT","D4","RepR2","S4","MSR","other"
"4095","FJ24-FJ25::chr2:98666144-98667732",1004,1006,0.845,110,93,"B","G","+",106,90,"-",4,3,"GGCGA","WT","D4","RepR2","S4","MSR","other"
"4096","FJ24-FJ25::chr2:98666144-98667732",1022,1024,0.879,107,94,"B","G","+",105,93,"-",2,1,"CACGG","WT","D4","RepR2","S4","MSR","other"
"4097","FJ24-FJ25::chr2:98666144-98667732",1050,1052,0.75,4,3,"B","G","+",1,1,"-",3,2,"GACGT","WT","D4","RepR2","S4","MSR","other"
"4098","FJ24-FJ25::chr2:98666144-98667732",1062,1064,0.75,4,3,"B","G","+",1,1,"-",3,2,"GGCGA","WT","D4","RepR2","S4","MSR","other"
"4099","FJ24-FJ25::chr2:98666144-98667732",1110,1112,0.836,61,51,"B","G","+",60,50,"-",1,1,"GACGT","WT","D4","RepR2","S4","MSR","other"
"4100","FJ24-FJ25::chr4:3089104-3091584",2375,2377,1,1,1,"-","G","+",0,0,"-",1,1,"TCGAG","WT","D4","RepR2","S4","MSR","other"
"4101","FJ24-FJ25::chr4:3089104-3091584",2440,2442,1,2,2,"+","G","+",2,2,"-",0,0,"CTCGA","WT","D4","RepR2","S4","MSR","other"
"4102","FJ24-FJ25::chr9:21878296-21879293",900,902,1,2,2,"-","G","+",0,0,"-",2,2,"CCGCG","WT","D4","RepR2","S4","MSR","other"
"4103","FJ24-FJ25::chr9:21878296-21879293",912,914,1,2,2,"-","G","+",0,0,"-",2,2,"TCGCC","WT","D4","RepR2","S4","MSR","other"
"4104","FJ24-FJ25::chr9:21878296-21879293",915,917,1,2,2,"-","G","+",0,0,"-",2,2,"CCGTT","WT","D4","RepR2","S4","MSR","other"
"4105","FJ24-FJ25::chr9:21878296-21879293",928,930,1,1,1,"-","G","+",0,0,"-",1,1,"GCGCT","WT","D4","RepR2","S4","MSR","other"
"4106","FJ24-FJ25::chr9:2999602-3038819",778,780,0.778,9,7,"-","G","+",0,0,"-",9,7,"CCGTG","WT","D4","RepR2","S4","MSR","other"
"4107","FJ24-FJ25::chr9:2999602-3038819",796,798,1,8,8,"-","G","+",0,0,"-",8,8,"TCGAC","WT","D4","RepR2","S4","MSR","other"
"4108","FJ24-FJ25::chr9:2999602-3038819",838,840,1,1,1,"-","G","+",0,0,"-",1,1,"ACGTT","WT","D4","RepR2","S4","MSR","other"
"4109","FJ24-FJ25::chr9:2999602-3038819",854,856,1,1,1,"-","G","+",0,0,"-",1,1,"TCGTC","WT","D4","RepR2","S4","MSR","other"
"4110","FJ24-FJ25::chr9:2999602-3038819",869,871,1,1,1,"-","G","+",0,0,"-",1,1,"TCGTC","WT","D4","RepR2","S4","MSR","other"
"4111","FJ24-FJ25::chr9:2999602-3038819",972,974,1,1,1,"+","G","+",1,1,"-",0,0,"CTCGC","WT","D4","RepR2","S4","MSR","other"
"4112","FJ24-FJ25::chr9:2999602-3038819",984,986,1,1,1,"+","G","+",1,1,"-",0,0,"CACGT","WT","D4","RepR2","S4","MSR","other"
"4113","FJ24-FJ25::chr9:2999602-3038819",1012,1014,1,5,5,"B","G","+",1,1,"-",4,4,"TCCGT","WT","D4","RepR2","S4","MSR","other"
"4114","FJ24-FJ25::chr9:2999602-3038819",1030,1032,1,2,2,"-","G","+",0,0,"-",2,2,"TCGAC","WT","D4","RepR2","S4","MSR","other"
"4115","FJ24-FJ25::chr9:2999602-3038819",1248,1250,1,1,1,"-","G","+",0,0,"-",1,1,"ACGTT","WT","D4","RepR2","S4","MSR","other"
"4116","FJ24-FJ25::chr9:2999602-3038819",1264,1266,1,1,1,"-","G","+",0,0,"-",1,1,"TCGTC","WT","D4","RepR2","S4","MSR","other"
"4117","FJ24-FJ25::chr9:2999602-3038819",1382,1384,1,2,2,"+","G","+",2,2,"-",0,0,"CTCGC","WT","D4","RepR2","S4","MSR","other"
"4118","FJ24-FJ25::chr9:2999602-3038819",1394,1396,1,2,2,"+","G","+",2,2,"-",0,0,"CACGT","WT","D4","RepR2","S4","MSR","other"
"4119","FJ24-FJ25::chr9:2999602-3038819",1422,1424,0.857,7,6,"B","G","+",2,2,"-",5,4,"TCCGT","WT","D4","RepR2","S4","MSR","other"
"4120","FJ24-FJ25::chr9:2999602-3038819",1440,1442,1,2,2,"-","G","+",0,0,"-",2,2,"TCGCC","WT","D4","RepR2","S4","MSR","other"
"4121","FJ24-FJ25::chr9:2999602-3038819",1716,1718,1,1,1,"-","G","+",0,0,"-",1,1,"ACGTT","WT","D4","RepR2","S4","MSR","other"
"4122","FJ24-FJ25::chr9:2999602-3038819",1732,1734,1,1,1,"-","G","+",0,0,"-",1,1,"TCGTC","WT","D4","RepR2","S4","MSR","other"
"4123","FJ24-FJ25::chr9:2999602-3038819",1890,1892,0.8,5,4,"-","G","+",0,0,"-",5,4,"CCGTG","WT","D4","RepR2","S4","MSR","other"
"4124","FJ24-FJ25::chr9:2999602-3038819",1908,1910,1,4,4,"-","G","+",0,0,"-",4,4,"TCGCC","WT","D4","RepR2","S4","MSR","other"
"4125","FJ24-FJ25::chr9:2999602-3038819",2651,2653,1,1,1,"+","G","+",1,1,"-",0,0,"CACGT","WT","D4","RepR2","S4","MSR","other"
"4126","FJ24-FJ25::chr9:2999602-3038819",2667,2669,1,1,1,"+","G","+",1,1,"-",0,0,"TTCGT","WT","D4","RepR2","S4","MSR","other"
"4127","FJ24-FJ25::chr9:2999602-3038819",3135,3137,1,1,1,"+","G","+",1,1,"-",0,0,"CTCGC","WT","D4","RepR2","S4","MSR","other"
"4128","FJ24-FJ25::chr9:2999602-3038819",3147,3149,0,1,0,"+","G","+",1,0,"-",0,0,"CACGT","WT","D4","RepR2","S4","MSR","other"
"4129","FJ24-FJ25::chr9:2999602-3038819",3175,3177,0.714,7,5,"B","G","+",1,1,"-",6,4,"TCCGT","WT","D4","RepR2","S4","MSR","other"
"4130","FJ24-FJ25::chr9:2999602-3038819",3193,3195,0.6,5,3,"-","G","+",0,0,"-",5,3,"TCGCC","WT","D4","RepR2","S4","MSR","other"
"4131","FJ24-FJ25::chr9:2999602-3038819",3408,3410,1,1,1,"-","G","+",0,0,"-",1,1,"CCGTG","WT","D4","RepR2","S4","MSR","other"
"4132","FJ24-FJ25::chr9:2999602-3038819",3426,3428,1,1,1,"-","G","+",0,0,"-",1,1,"TCGCC","WT","D4","RepR2","S4","MSR","other"
"4133","FJ24-FJ25::chr9:2999602-3038819",3836,3838,1,1,1,"-","G","+",0,0,"-",1,1,"TCGCC","WT","D4","RepR2","S4","MSR","other"
"4134","FJ24-FJ25::chr9:2999602-3038819",3894,3896,0.667,6,4,"-","G","+",0,0,"-",6,4,"TCGCC","WT","D4","RepR2","S4","MSR","other"
"4135","FJ24-FJ25::chr9:2999602-3038819",3936,3938,1,2,2,"-","G","+",0,0,"-",2,2,"ACGTT","WT","D4","RepR2","S4","MSR","other"
"4136","FJ24-FJ25::chr9:2999602-3038819",4520,4522,0.66,94,62,"-","G","+",0,0,"-",94,62,"CCGTG","WT","D4","RepR2","S4","MSR","other"
"4137","FJ24-FJ25::chr9:2999602-3038819",4580,4582,0.75,4,3,"-","G","+",0,0,"-",4,3,"ACGTT","WT","D4","RepR2","S4","MSR","other"
"4138","FJ24-FJ25::chr9:2999602-3038819",4596,4598,0.75,4,3,"-","G","+",0,0,"-",4,3,"TCGTC","WT","D4","RepR2","S4","MSR","other"
"4139","FJ24-FJ25::chr9:2999602-3038819",4611,4613,1,4,4,"-","G","+",0,0,"-",4,4,"TCGTC","WT","D4","RepR2","S4","MSR","other"
"4140","FJ24-FJ25::chr9:2999602-3038819",4754,4756,1,2,2,"-","G","+",0,0,"-",2,2,"CCGTG","WT","D4","RepR2","S4","MSR","other"
"4141","FJ24-FJ25::chr9:2999602-3038819",4987,4989,0.5,4,2,"-","G","+",0,0,"-",4,2,"CCGTG","WT","D4","RepR2","S4","MSR","other"
"4142","FJ24-FJ25::chr9:2999602-3038819",5005,5007,0.5,4,2,"-","G","+",0,0,"-",4,2,"TCGCC","WT","D4","RepR2","S4","MSR","other"
"4143","FJ24-FJ25::chr9:2999602-3038819",5047,5049,0.75,4,3,"-","G","+",0,0,"-",4,3,"ACGTT","WT","D4","RepR2","S4","MSR","other"
"4144","FJ24-FJ25::chr9:2999602-3038819",5063,5065,0.75,4,3,"-","G","+",0,0,"-",4,3,"TCGTC","WT","D4","RepR2","S4","MSR","other"
"4145","FJ24-FJ25::chr9:2999602-3038819",5078,5080,1,4,4,"-","G","+",0,0,"-",4,4,"TCGTC","WT","D4","RepR2","S4","MSR","other"
"4146","FJ24-FJ25::chr9:2999602-3038819",5221,5223,1,2,2,"-","G","+",0,0,"-",2,2,"CCGTG","WT","D4","RepR2","S4","MSR","other"
"4147","FJ24-FJ25::chr9:2999602-3038819",6098,6100,1,4,4,"-","G","+",0,0,"-",4,4,"CCGTG","WT","D4","RepR2","S4","MSR","other"
"4148","FJ24-FJ25::chr9:2999602-3038819",6116,6118,1,2,2,"-","G","+",0,0,"-",2,2,"TCGCC","WT","D4","RepR2","S4","MSR","other"
"4149","FJ24-FJ25::chr9:2999602-3038819",6390,6392,1,1,1,"-","G","+",0,0,"-",1,1,"CCGTG","WT","D4","RepR2","S4","MSR","other"
"4150","FJ24-FJ25::chr9:2999602-3038819",6434,6436,0,1,0,"-","G","+",0,0,"-",1,0,"ACGTT","WT","D4","RepR2","S4","MSR","other"
"4151","FJ24-FJ25::chr9:2999602-3038819",6760,6762,1,1,1,"-","G","+",0,0,"-",1,1,"TCGCC","WT","D4","RepR2","S4","MSR","other"
"4152","FJ24-FJ25::chr9:2999602-3038819",7169,7171,1,1,1,"+","G","+",1,1,"-",0,0,"CTCGC","WT","D4","RepR2","S4","MSR","other"
"4153","FJ24-FJ25::chr9:2999602-3038819",7181,7183,1,1,1,"+","G","+",1,1,"-",0,0,"CACGT","WT","D4","RepR2","S4","MSR","other"
"4154","FJ24-FJ25::chr9:2999602-3038819",7209,7211,0.863,80,69,"B","G","+",1,1,"-",79,68,"TCCGT","WT","D4","RepR2","S4","MSR","other"
"4155","FJ24-FJ25::chr9:2999602-3038819",7227,7229,0.753,77,58,"-","G","+",0,0,"-",77,58,"TCGCC","WT","D4","RepR2","S4","MSR","other"
"4156","FJ24-FJ25::chr9:2999602-3038819",7285,7287,1,1,1,"+","G","+",1,1,"-",0,0,"TTCGT","WT","D4","RepR2","S4","MSR","other"
"4157","FJ24-FJ25::chr9:2999602-3038819",7506,7508,1,1,1,"+","G","+",1,1,"-",0,0,"CACGT","WT","D4","RepR2","S4","MSR","other"
"4158","FJ24-FJ25::chr9:2999602-3038819",7522,7524,1,3,3,"+","G","+",3,3,"-",0,0,"TTCGT","WT","D4","RepR2","S4","MSR","other"
"4159","FJ24-FJ25::chr9:2999602-3038819",7537,7539,1,3,3,"+","G","+",3,3,"-",0,0,"GTCGT","WT","D4","RepR2","S4","MSR","other"
"4160","FJ24-FJ25::chr9:2999602-3038819",7698,7700,0.5,4,2,"-","G","+",0,0,"-",4,2,"TCGCC","WT","D4","RepR2","S4","MSR","other"
"4161","FJ24-FJ25::chr9:2999602-3038819",7799,7801,1,3,3,"-","G","+",0,0,"-",3,3,"CCGTG","WT","D4","RepR2","S4","MSR","other"
"4162","FJ24-FJ25::chr9:2999602-3038819",7817,7819,1,3,3,"-","G","+",0,0,"-",3,3,"TCGCC","WT","D4","RepR2","S4","MSR","other"
"4163","FJ24-FJ25::chr9:2999602-3038819",8032,8034,1,11,11,"-","G","+",0,0,"-",11,11,"CCGTG","WT","D4","RepR2","S4","MSR","other"
"4164","FJ24-FJ25::chr9:2999602-3038819",8050,8052,1,6,6,"-","G","+",0,0,"-",6,6,"TCGCC","WT","D4","RepR2","S4","MSR","other"
"4165","FJ24-FJ25::chr9:2999602-3038819",8517,8519,0.6,5,3,"-","G","+",0,0,"-",5,3,"TCGCC","WT","D4","RepR2","S4","MSR","other"
"4166","FJ24-FJ25::chr9:2999602-3038819",8909,8911,0.86,43,37,"-","G","+",0,0,"-",43,37,"CCGTG","WT","D4","RepR2","S4","MSR","other"
"4167","FJ24-FJ25::chr9:2999602-3038819",8985,8987,1,1,1,"-","G","+",0,0,"-",1,1,"TCGTC","WT","D4","RepR2","S4","MSR","other"
"4168","FJ24-FJ25::chr9:2999602-3038819",9161,9163,0.5,2,1,"-","G","+",0,0,"-",2,1,"TCGCA","WT","D4","RepR2","S4","MSR","other"
"4169","FJ24-FJ25::chr9:2999602-3038819",9691,9693,1,1,1,"-","G","+",0,0,"-",1,1,"ACGTT","WT","D4","RepR2","S4","MSR","other"
"4170","FJ24-FJ25::chr9:2999602-3038819",9984,9986,1,2,2,"-","G","+",0,0,"-",2,2,"CCGTG","WT","D4","RepR2","S4","MSR","other"
"4171","FJ24-FJ25::chr9:2999602-3038819",10002,10004,0.5,2,1,"-","G","+",0,0,"-",2,1,"TCGCC","WT","D4","RepR2","S4","MSR","other"
"4172","FJ24-FJ25::chr9:2999602-3038819",10217,10219,0.897,39,35,"-","G","+",0,0,"-",39,35,"CCGTG","WT","D4","RepR2","S4","MSR","other"
"4173","FJ24-FJ25::chr9:2999602-3038819",10684,10686,1,1,1,"-","G","+",0,0,"-",1,1,"CCGTG","WT","D4","RepR2","S4","MSR","other"
"4174","FJ24-FJ25::chr9:2999602-3038819",10702,10704,0,1,0,"-","G","+",0,0,"-",1,0,"TCGCC","WT","D4","RepR2","S4","MSR","other"
"4175","FJ24-FJ25::chr9:2999602-3038819",11327,11329,0.727,33,24,"-","G","+",0,0,"-",33,24,"CCGTG","WT","D4","RepR2","S4","MSR","other"
"4176","FJ24-FJ25::chr9:2999602-3038819",11387,11389,1,1,1,"+","G","+",1,1,"-",0,0,"CACGT","WT","D4","RepR2","S4","MSR","other"
"4177","FJ24-FJ25::chr9:2999602-3038819",11403,11405,1,1,1,"+","G","+",1,1,"-",0,0,"TTCGT","WT","D4","RepR2","S4","MSR","other"
"4178","FJ24-FJ25::chr9:2999602-3038819",11970,11972,1,3,3,"-","G","+",0,0,"-",3,3,"CCGTG","WT","D4","RepR2","S4","MSR","other"
"4179","FJ24-FJ25::chr9:2999602-3038819",11988,11990,1,3,3,"-","G","+",0,0,"-",3,3,"TCGCC","WT","D4","RepR2","S4","MSR","other"
"4180","FJ24-FJ25::chr9:2999602-3038819",12206,12208,1,1,1,"+","G","+",1,1,"-",0,0,"CACGT","WT","D4","RepR2","S4","MSR","other"
"4181","FJ24-FJ25::chr9:2999602-3038819",12222,12224,1,1,1,"+","G","+",1,1,"-",0,0,"TTCGT","WT","D4","RepR2","S4","MSR","other"
"4182","FJ24-FJ25::chr9:2999602-3038819",12262,12264,1,1,1,"-","G","+",0,0,"-",1,1,"CCGTG","WT","D4","RepR2","S4","MSR","other"
"4183","FJ24-FJ25::chr9:2999602-3038819",12306,12308,0,1,0,"-","G","+",0,0,"-",1,0,"ACGTT","WT","D4","RepR2","S4","MSR","other"
"4184","FJ24-FJ25::chr9:2999602-3038819",13336,13338,1,2,2,"-","G","+",0,0,"-",2,2,"TCGCC","WT","D4","RepR2","S4","MSR","other"
"4185","FJ24-FJ25::chr9:2999602-3038819",13437,13439,1,3,3,"-","G","+",0,0,"-",3,3,"CCGTG","WT","D4","RepR2","S4","MSR","other"
"4186","FJ24-FJ25::chr9:2999602-3038819",13455,13457,1,3,3,"-","G","+",0,0,"-",3,3,"TCGCC","WT","D4","RepR2","S4","MSR","other"
"4187","FJ24-FJ25::chr9:2999602-3038819",13670,13672,0.861,36,31,"-","G","+",0,0,"-",36,31,"CCGTG","WT","D4","RepR2","S4","MSR","other"
"4188","FJ24-FJ25::chr9:2999602-3038819",13904,13906,1,3,3,"-","G","+",0,0,"-",3,3,"CCGTG","WT","D4","RepR2","S4","MSR","other"
"4189","FJ24-FJ25::chr9:2999602-3038819",13922,13924,1,3,3,"-","G","+",0,0,"-",3,3,"TCGCC","WT","D4","RepR2","S4","MSR","other"
"4190","FJ24-FJ25::chr9:2999602-3038819",14839,14841,1,4,4,"-","G","+",0,0,"-",4,4,"CCGTG","WT","D4","RepR2","S4","MSR","other"
"4191","FJ24-FJ25::chr9:2999602-3038819",15851,15853,1,2,2,"-","G","+",0,0,"-",2,2,"TCGCC","WT","D4","RepR2","S4","MSR","other"
"4192","FJ24-FJ25::chr9:2999602-3038819",15951,15953,1,2,2,"-","G","+",0,0,"-",2,2,"CCGTG","WT","D4","RepR2","S4","MSR","other"
"4193","FJ24-FJ25::chr9:2999602-3038819",16202,16204,1,1,1,"-","G","+",0,0,"-",1,1,"TCGCC","WT","D4","RepR2","S4","MSR","other"
"4194","FJ24-FJ25::chr9:2999602-3038819",17079,17081,1,1,1,"-","G","+",0,0,"-",1,1,"TCGCC","WT","D4","RepR2","S4","MSR","other"
"4195","FJ24-FJ25::chr9:2999602-3038819",17471,17473,0.898,88,79,"-","G","+",0,0,"-",88,79,"CCGTG","WT","D4","RepR2","S4","MSR","other"
"4196","FJ24-FJ25::chr9:2999602-3038819",17531,17533,1,1,1,"+","G","+",1,1,"-",0,0,"CACGT","WT","D4","RepR2","S4","MSR","other"
"4197","FJ24-FJ25::chr9:2999602-3038819",17547,17549,1,1,1,"+","G","+",1,1,"-",0,0,"TTCGT","WT","D4","RepR2","S4","MSR","other"
"4198","FJ24-FJ25::chr9:2999602-3038819",17562,17564,1,1,1,"+","G","+",1,1,"-",0,0,"GTCGT","WT","D4","RepR2","S4","MSR","other"
"4199","FJ24-FJ25::chr9:2999602-3038819",17705,17707,0.75,4,3,"-","G","+",0,0,"-",4,3,"CCGTG","WT","D4","RepR2","S4","MSR","other"
"4200","FJ24-FJ25::chr9:2999602-3038819",18348,18350,0.914,105,96,"-","G","+",0,0,"-",105,96,"CCGTG","WT","D4","RepR2","S4","MSR","other"
"4201","FJ24-FJ25::chr9:2999602-3038819",18408,18410,0.6,5,3,"B","G","+",1,0,"-",4,3,"CACGT","WT","D4","RepR2","S4","MSR","other"
"4202","FJ24-FJ25::chr9:2999602-3038819",18424,18426,0.8,5,4,"B","G","+",1,1,"-",4,3,"TTCGT","WT","D4","RepR2","S4","MSR","other"
"4203","FJ24-FJ25::chr9:2999602-3038819",18439,18441,0.8,5,4,"B","G","+",1,1,"-",4,3,"GTCGT","WT","D4","RepR2","S4","MSR","other"
"4204","FJ24-FJ25::chr9:2999602-3038819",18482,18484,0,1,0,"+","G","+",1,0,"-",0,0,"CTCGC","WT","D4","RepR2","S4","MSR","other"
"4205","FJ24-FJ25::chr9:2999602-3038819",18582,18584,0.667,6,4,"-","G","+",0,0,"-",6,4,"CCGTG","WT","D4","RepR2","S4","MSR","other"
"4206","FJ24-FJ25::chr9:2999602-3038819",18727,18729,1,2,2,"B","G","+",1,1,"-",1,1,"CACGT","WT","D4","RepR2","S4","MSR","other"
"4207","FJ24-FJ25::chr9:2999602-3038819",18787,18789,1,1,1,"+","G","+",1,1,"-",0,0,"CACGT","WT","D4","RepR2","S4","MSR","other"
"4208","FJ24-FJ25::chr9:2999602-3038819",18815,18817,1,1,1,"+","G","+",1,1,"-",0,0,"TCCGT","WT","D4","RepR2","S4","MSR","other"
"4209","FJ24-FJ25::chr9:2999602-3038819",18875,18877,0,1,0,"-","G","+",0,0,"-",1,0,"ACGTT","WT","D4","RepR2","S4","MSR","other"
"4210","FJ24-FJ25::chr9:2999602-3038819",18891,18893,0,1,0,"-","G","+",0,0,"-",1,0,"TCGTC","WT","D4","RepR2","S4","MSR","other"
"4211","FJ24-FJ25::chr9:2999602-3038819",18906,18908,0,1,0,"-","G","+",0,0,"-",1,0,"TCGTC","WT","D4","RepR2","S4","MSR","other"
"4212","FJ24-FJ25::chr9:2999602-3038819",19049,19051,0.659,88,58,"-","G","+",0,0,"-",88,58,"CCGTG","WT","D4","RepR2","S4","MSR","other"
"4213","FJ24-FJ25::chr9:2999602-3038819",19984,19986,1,4,4,"-","G","+",0,0,"-",4,4,"CCGTG","WT","D4","RepR2","S4","MSR","other"
"4214","FJ24-FJ25::chr9:2999602-3038819",20002,20004,0.667,3,2,"-","G","+",0,0,"-",3,2,"TCGCC","WT","D4","RepR2","S4","MSR","other"
"4215","FJ24-FJ25::chr9:2999602-3038819",20645,20647,1,1,1,"+","G","+",1,1,"-",0,0,"CTCGC","WT","D4","RepR2","S4","MSR","other"
"4216","FJ24-FJ25::chr9:2999602-3038819",20657,20659,1,1,1,"+","G","+",1,1,"-",0,0,"CACGT","WT","D4","RepR2","S4","MSR","other"
"4217","FJ24-FJ25::chr9:2999602-3038819",20685,20687,1,6,6,"-","G","+",0,0,"-",6,6,"CCGTG","WT","D4","RepR2","S4","MSR","other"
"4218","FJ24-FJ25::chr9:2999602-3038819",20703,20705,1,2,2,"-","G","+",0,0,"-",2,2,"TCGCC","WT","D4","RepR2","S4","MSR","other"
"4219","FJ24-FJ25::chr9:2999602-3038819",20918,20920,0.864,103,89,"-","G","+",0,0,"-",103,89,"CCGTG","WT","D4","RepR2","S4","MSR","other"
"4220","FJ24-FJ25::chr9:2999602-3038819",20936,20938,0.79,100,79,"-","G","+",0,0,"-",100,79,"TCGCC","WT","D4","RepR2","S4","MSR","other"
"4221","FJ24-FJ25::chr9:2999602-3038819",20978,20980,1,4,4,"-","G","+",0,0,"-",4,4,"ACGTT","WT","D4","RepR2","S4","MSR","other"
"4222","FJ24-FJ25::chr9:2999602-3038819",20994,20996,1,3,3,"-","G","+",0,0,"-",3,3,"TCGTC","WT","D4","RepR2","S4","MSR","other"
"4223","FJ24-FJ25::chr9:2999602-3038819",21346,21348,1,1,1,"-","G","+",0,0,"-",1,1,"TCGCC","WT","D4","RepR2","S4","MSR","other"
"4224","FJ24-FJ25::chr9:2999602-3038819",21620,21622,0,1,0,"-","G","+",0,0,"-",1,0,"CCGTG","WT","D4","RepR2","S4","MSR","other"
"4225","FJ24-FJ25::chr9:2999602-3038819",22498,22500,0.867,75,65,"-","G","+",0,0,"-",75,65,"CCGTG","WT","D4","RepR2","S4","MSR","other"
"4226","FJ24-FJ25::chr9:2999602-3038819",22732,22734,0,2,0,"-","G","+",0,0,"-",2,0,"CCGTG","WT","D4","RepR2","S4","MSR","other"
"4227","FJ24-FJ25::chr9:2999602-3038819",22877,22879,0,1,0,"-","G","+",0,0,"-",1,0,"ACGTC","WT","D4","RepR2","S4","MSR","other"
"4228","FJ24-FJ25::chr9:2999602-3038819",22965,22967,0.892,37,33,"-","G","+",0,0,"-",37,33,"CCGTG","WT","D4","RepR2","S4","MSR","other"
"4229","FJ24-FJ25::chr9:2999602-3038819",23843,23845,0.5,2,1,"-","G","+",0,0,"-",2,1,"CCGTG","WT","D4","RepR2","S4","MSR","other"
"4230","FJ24-FJ25::chr9:2999602-3038819",23903,23905,1,1,1,"-","G","+",0,0,"-",1,1,"ACGTT","WT","D4","RepR2","S4","MSR","other"
"4231","FJ24-FJ25::chr9:2999602-3038819",23934,23936,1,1,1,"-","G","+",0,0,"-",1,1,"TCGTC","WT","D4","RepR2","S4","MSR","other"
"4232","FJ24-FJ25::chr9:2999602-3038819",24037,24039,1,1,1,"-","G","+",0,0,"-",1,1,"TCGCC","WT","D4","RepR2","S4","MSR","other"
"4233","FJ24-FJ25::chr9:2999602-3038819",24049,24051,1,2,2,"-","G","+",0,0,"-",2,2,"ACGTC","WT","D4","RepR2","S4","MSR","other"
"4234","FJ24-FJ25::chr9:2999602-3038819",24077,24079,0.711,83,59,"-","G","+",0,0,"-",83,59,"CCGTG","WT","D4","RepR2","S4","MSR","other"
"4235","FJ24-FJ25::chr9:2999602-3038819",24311,24313,0.5,4,2,"-","G","+",0,0,"-",4,2,"CCGTG","WT","D4","RepR2","S4","MSR","other"
"4236","FJ24-FJ25::chr9:2999602-3038819",24329,24331,1,2,2,"-","G","+",0,0,"-",2,2,"TCGCC","WT","D4","RepR2","S4","MSR","other"
"4237","FJ24-FJ25::chr9:2999602-3038819",24504,24506,1,1,1,"-","G","+",0,0,"-",1,1,"TCGCC","WT","D4","RepR2","S4","MSR","other"
"4238","FJ24-FJ25::chr9:2999602-3038819",24544,24546,0.874,95,83,"-","G","+",0,0,"-",95,83,"CCGTG","WT","D4","RepR2","S4","MSR","other"
"4239","FJ24-FJ25::chr9:2999602-3038819",24562,24564,0.798,89,71,"-","G","+",0,0,"-",89,71,"TCGCC","WT","D4","RepR2","S4","MSR","other"
"4240","FJ24-FJ25::chr9:2999602-3038819",24604,24606,1,3,3,"-","G","+",0,0,"-",3,3,"ACGTT","WT","D4","RepR2","S4","MSR","other"
"4241","FJ24-FJ25::chr9:2999602-3038819",24620,24622,1,3,3,"-","G","+",0,0,"-",3,3,"TCGAC","WT","D4","RepR2","S4","MSR","other"
"4242","FJ24-FJ25::chr9:2999602-3038819",24778,24780,0.5,2,1,"B","G","+",1,0,"-",1,1,"TCCGT","WT","D4","RepR2","S4","MSR","other"
"4243","FJ24-FJ25::chr9:2999602-3038819",24796,24798,0.5,2,1,"B","G","+",1,0,"-",1,1,"CTCGC","WT","D4","RepR2","S4","MSR","other"
"4244","FJ24-FJ25::chr9:2999602-3038819",24838,24840,0.4,5,2,"B","G","+",1,0,"-",4,2,"CACGT","WT","D4","RepR2","S4","MSR","other"
"4245","FJ24-FJ25::chr9:2999602-3038819",24854,24856,0.8,5,4,"B","G","+",1,0,"-",4,4,"TTCGT","WT","D4","RepR2","S4","MSR","other"
"4246","FJ24-FJ25::chr9:2999602-3038819",24869,24871,0.8,5,4,"B","G","+",1,0,"-",4,4,"GTCGT","WT","D4","RepR2","S4","MSR","other"
"4247","FJ24-FJ25::chr9:2999602-3038819",25012,25014,0.692,91,63,"-","G","+",0,0,"-",91,63,"CCGTG","WT","D4","RepR2","S4","MSR","other"
"4248","FJ24-FJ25::chr9:2999602-3038819",25246,25248,0.778,9,7,"-","G","+",0,0,"-",9,7,"CCGTG","WT","D4","RepR2","S4","MSR","other"
"4249","FJ24-FJ25::chr9:2999602-3038819",25264,25266,1,6,6,"-","G","+",0,0,"-",6,6,"TCGCC","WT","D4","RepR2","S4","MSR","other"
"4250","FJ24-FJ25::chr9:2999602-3038819",25713,25715,1,1,1,"-","G","+",0,0,"-",1,1,"CCGTG","WT","D4","RepR2","S4","MSR","other"
"4251","FJ24-FJ25::chr9:2999602-3038819",25731,25733,1,1,1,"-","G","+",0,0,"-",1,1,"TCGCC","WT","D4","RepR2","S4","MSR","other"
"4252","FJ24-FJ25::chr9:2999602-3038819",25946,25948,0.759,83,63,"B","G","+",1,1,"-",82,62,"TCCGT","WT","D4","RepR2","S4","MSR","other"
"4253","FJ24-FJ25::chr9:2999602-3038819",25964,25966,0.812,80,65,"-","G","+",0,0,"-",80,65,"TCGCC","WT","D4","RepR2","S4","MSR","other"
"4254","FJ24-FJ25::chr9:2999602-3038819",28053,28055,0.5,8,4,"-","G","+",0,0,"-",8,4,"CCGTG","WT","D4","RepR2","S4","MSR","other"
"4255","FJ24-FJ25::chr9:2999602-3038819",28521,28523,0.86,57,49,"-","G","+",0,0,"-",57,49,"CCGTG","WT","D4","RepR2","S4","MSR","other"
"4256","FJ24-FJ25::chr9:2999602-3038819",28581,28583,1,2,2,"+","G","+",2,2,"-",0,0,"CACGT","WT","D4","RepR2","S4","MSR","other"
"4257","FJ24-FJ25::chr9:2999602-3038819",28597,28599,1,2,2,"+","G","+",2,2,"-",0,0,"TTCGT","WT","D4","RepR2","S4","MSR","other"
"4258","FJ24-FJ25::chr9:2999602-3038819",29223,29225,0.926,54,50,"-","G","+",0,0,"-",54,50,"CCGTG","WT","D4","RepR2","S4","MSR","other"
"4259","FJ24-FJ25::chr9:2999602-3038819",29692,29694,0,1,0,"-","G","+",0,0,"-",1,0,"TCGTG","WT","D4","RepR2","S4","MSR","other"
"4260","FJ24-FJ25::chr9:2999602-3038819",30221,30223,1,1,1,"-","G","+",0,0,"-",1,1,"ACGTT","WT","D4","RepR2","S4","MSR","other"
"4261","FJ24-FJ25::chr9:2999602-3038819",30237,30239,1,1,1,"-","G","+",0,0,"-",1,1,"TCGTC","WT","D4","RepR2","S4","MSR","other"
"4262","FJ24-FJ25::chr9:2999602-3038819",30252,30254,1,1,1,"-","G","+",0,0,"-",1,1,"TCGTC","WT","D4","RepR2","S4","MSR","other"
"4263","FJ24-FJ25::chr9:2999602-3038819",31098,31100,0.333,3,1,"-","G","+",0,0,"-",3,1,"CCGTG","WT","D4","RepR2","S4","MSR","other"
"4264","FJ24-FJ25::chr9:2999602-3038819",31679,31681,0.722,72,52,"-","G","+",0,0,"-",72,52,"CCGTG","WT","D4","RepR2","S4","MSR","other"
"4265","FJ24-FJ25::chr9:2999602-3038819",31739,31741,1,1,1,"-","G","+",0,0,"-",1,1,"ACGTT","WT","D4","RepR2","S4","MSR","other"
"4266","FJ24-FJ25::chr9:2999602-3038819",31755,31757,1,1,1,"-","G","+",0,0,"-",1,1,"TCGTC","WT","D4","RepR2","S4","MSR","other"
"4267","FJ24-FJ25::chr9:2999602-3038819",32575,32577,1,1,1,"-","G","+",0,0,"-",1,1,"TCGCC","WT","D4","RepR2","S4","MSR","other"
"4268","FJ24-FJ25::chr9:2999602-3038819",32587,32589,0,1,0,"-","G","+",0,0,"-",1,0,"ACGTC","WT","D4","RepR2","S4","MSR","other"
"4269","FJ24-FJ25::chr9:2999602-3038819",32615,32617,1,5,5,"-","G","+",0,0,"-",5,5,"CCGTG","WT","D4","RepR2","S4","MSR","other"
"4270","FJ24-FJ25::chr9:2999602-3038819",32849,32851,0.684,19,13,"-","G","+",0,0,"-",19,13,"CCGTG","WT","D4","RepR2","S4","MSR","other"
"4271","FJ24-FJ25::chr9:2999602-3038819",32867,32869,1,12,12,"-","G","+",0,0,"-",12,12,"TCGCC","WT","D4","RepR2","S4","MSR","other"
"4272","FJ24-FJ25::chr9:2999602-3038819",33317,33319,0.833,6,5,"-","G","+",0,0,"-",6,5,"CCGTG","WT","D4","RepR2","S4","MSR","other"
"4273","FJ24-FJ25::chr9:2999602-3038819",33335,33337,0.75,4,3,"-","G","+",0,0,"-",4,3,"TCGCC","WT","D4","RepR2","S4","MSR","other"
"4274","FJ24-FJ25::chr9:2999602-3038819",33976,33978,1,3,3,"-","G","+",0,0,"-",3,3,"TCGCT","WT","D4","RepR2","S4","MSR","other"
"4275","FJ24-FJ25::chr9:2999602-3038819",34193,34195,0.8,50,40,"-","G","+",0,0,"-",50,40,"CCGTG","WT","D4","RepR2","S4","MSR","other"
"4276","FJ24-FJ25::chr9:2999602-3038819",34445,34447,1,1,1,"-","G","+",0,0,"-",1,1,"TCGCA","WT","D4","RepR2","S4","MSR","other"
"4277","FJ24-FJ25::chr9:2999602-3038819",34621,34623,1,2,2,"-","G","+",0,0,"-",2,2,"TCGCC","WT","D4","RepR2","S4","MSR","other"
"4278","FJ24-FJ25::chr9:2999602-3038819",34633,34635,1,2,2,"-","G","+",0,0,"-",2,2,"ACGTC","WT","D4","RepR2","S4","MSR","other"
"4279","FJ24-FJ25::chr9:2999602-3038819",34679,34681,1,2,2,"-","G","+",0,0,"-",2,2,"TCGCC","WT","D4","RepR2","S4","MSR","other"
"4280","FJ24-FJ25::chr9:2999602-3038819",34895,34897,0.333,6,2,"-","G","+",0,0,"-",6,2,"CCGTG","WT","D4","RepR2","S4","MSR","other"
"4281","FJ24-FJ25::chr9:2999602-3038819",35381,35383,1,2,2,"-","G","+",0,0,"-",2,2,"TCGCC","WT","D4","RepR2","S4","MSR","other"
"4282","FJ24-FJ25::chr9:2999602-3038819",35454,35456,1,1,1,"-","G","+",0,0,"-",1,1,"ACGTC","WT","D4","RepR2","S4","MSR","other"
"4283","FJ24-FJ25::chr9:2999602-3038819",35597,35599,0.57,93,53,"-","G","+",0,0,"-",93,53,"CCGTG","WT","D4","RepR2","S4","MSR","other"
"4284","FJ24-FJ25::chr9:2999602-3038819",35803,35805,1,1,1,"+","G","+",1,1,"-",0,0,"CACGT","WT","D4","RepR2","S4","MSR","other"
"4285","FJ24-FJ25::chr9:2999602-3038819",35831,35833,1,1,1,"+","G","+",1,1,"-",0,0,"TCCGT","WT","D4","RepR2","S4","MSR","other"
"4286","FJ24-FJ25::chr9:2999602-3038819",36475,36477,1,4,4,"-","G","+",0,0,"-",4,4,"CCGTG","WT","D4","RepR2","S4","MSR","other"
"4287","FJ24-FJ25::chr9:2999602-3038819",36493,36495,1,1,1,"-","G","+",0,0,"-",1,1,"TCGCC","WT","D4","RepR2","S4","MSR","other"
"4288","FJ24-FJ25::chr9:2999602-3038819",37641,37643,1,4,4,"-","G","+",0,0,"-",4,4,"CCGTG","WT","D4","RepR2","S4","MSR","other"
"4289","FJ24-FJ25::chr9:2999602-3038819",37659,37661,1,3,3,"-","G","+",0,0,"-",3,3,"TCGCC","WT","D4","RepR2","S4","MSR","other"
"4290","FJ24-FJ25::chr9:2999602-3038819",38303,38305,1,1,1,"-","G","+",0,0,"-",1,1,"TCGCC","WT","D4","RepR2","S4","MSR","other"
"4291","FJ24-FJ25::chr9:2999602-3038819",38315,38317,1,1,1,"-","G","+",0,0,"-",1,1,"ACGTC","WT","D4","RepR2","S4","MSR","other"
"4292","FJ24-FJ25::chr9:2999602-3038819",38343,38345,1,5,5,"-","G","+",0,0,"-",5,5,"CCGTG","WT","D4","RepR2","S4","MSR","other"
"4293","FJ24-FJ25::chr9:2999602-3038819",38361,38363,1,4,4,"-","G","+",0,0,"-",4,4,"TCGCC","WT","D4","RepR2","S4","MSR","other"
"4294","FJ24-FJ25::chr9:35304805-35306009",436,438,1,2,2,"+","G","+",2,2,"-",0,0,"TGCGA","WT","D4","RepR2","S4","MSR","other"
"4295","FJ24-FJ25::chr9:35304805-35306009",454,456,1,6,6,"+","G","+",6,6,"-",0,0,"CACGG","WT","D4","RepR2","S4","MSR","other"
"4296","FJ24-FJ25::chr9:35304805-35306009",612,614,1,4,4,"+","G","+",4,4,"-",0,0,"GACGA","WT","D4","RepR2","S4","MSR","other"
"4297","FJ24-FJ25::chr9:35304805-35306009",628,630,0.833,6,5,"+","G","+",6,5,"-",0,0,"AACGT","WT","D4","RepR2","S4","MSR","other"
"4298","FJ24-FJ25::chr9:35304805-35306009",688,690,0.455,11,5,"+","G","+",11,5,"-",0,0,"CACGG","WT","D4","RepR2","S4","MSR","other"
"4299","FJ24-FJ25::chr9:35304805-35306009",776,778,0.75,16,12,"+","G","+",16,12,"-",0,0,"GACGT","WT","D4","RepR2","S4","MSR","other"
"4300","FJ24-FJ25::chrX:75643946-75646608",2589,2591,0,1,0,"-","G","+",0,0,"-",1,0,"TCGGT","WT","D4","RepR2","S4","MSR","other"
"4301","FJ28-FJ29.FJ26-FJ27::chrX:103482701-103483891",480,482,0.792,106,84,"+","G","+",106,84,"-",0,0,"CACGG","WT","D4","RepR2","S4","RE58","RE58_CGI_2"
"4302","FJ28-FJ29.FJ26-FJ27::chrX:103482701-103483891",489,491,0.798,104,83,"+","G","+",104,83,"-",0,0,"ACCGC","WT","D4","RepR2","S4","RE58","RE58_CGI_2"
"4303","FJ28-FJ29.FJ26-FJ27::chrX:103482701-103483891",499,501,0.808,104,84,"+","G","+",104,84,"-",0,0,"CACGG","WT","D4","RepR2","S4","RE58","RE58_CGI_2"
"4304","FJ28-FJ29.FJ26-FJ27::chrX:103482701-103483891",506,508,0.78,109,85,"+","G","+",109,85,"-",0,0,"AACGA","WT","D4","RepR2","S4","RE58","RE58_CGI_2"
"4305","FJ28-FJ29.FJ26-FJ27::chrX:103482701-103483891",530,532,0.786,117,92,"+","G","+",117,92,"-",0,0,"GCCGT","WT","D4","RepR2","S4","RE58","RE58_CGI_2"
"4306","FJ28-FJ29.FJ26-FJ27::chrX:103482701-103483891",537,539,0.833,120,100,"+","G","+",120,100,"-",0,0,"CACGC","WT","D4","RepR2","S4","RE58","RE58_CGI_2"
"4307","FJ28-FJ29.FJ26-FJ27::chrX:103482701-103483891",552,554,0.636,118,75,"+","G","+",118,75,"-",0,0,"TCCGC","WT","D4","RepR2","S4","RE58","RE58_CGI_2"
"4308","FJ28-FJ29.FJ26-FJ27::chrX:103482701-103483891",554,556,0.795,117,93,"+","G","+",117,93,"-",0,0,"CGCGG","WT","D4","RepR2","S4","RE58","RE58_CGI_2"
"4309","FJ28-FJ29.FJ26-FJ27::chrX:103482701-103483891",557,559,0.797,123,98,"+","G","+",123,98,"-",0,0,"GGCGC","WT","D4","RepR2","S4","RE58","RE58_CGI_2"
"4310","FJ28-FJ29.FJ26-FJ27::chrX:103482701-103483891",566,568,0.815,130,106,"+","G","+",130,106,"-",0,0,"GGCGG","WT","D4","RepR2","S4","RE58","RE58_CGI_2"
"4311","FJ28-FJ29.FJ26-FJ27::chrX:103482701-103483891",675,677,0.951,142,135,"B","G","+",93,87,"-",49,48,"TACGT","WT","D4","RepR2","S4","RE58","RE58_CGI_1"
"4312","FJ28-FJ29.FJ26-FJ27::chrX:103482701-103483891",694,696,0.875,144,126,"B","G","+",94,76,"-",50,50,"GACGC","WT","D4","RepR2","S4","RE58","RE58_CGI_1"
"4313","FJ28-FJ29.FJ26-FJ27::chrX:103482701-103483891",696,698,0.881,143,126,"B","G","+",93,76,"-",50,50,"CGCGT","WT","D4","RepR2","S4","RE58","RE58_CGI_1"
"4314","FJ28-FJ29.FJ26-FJ27::chrX:103482701-103483891",715,717,0.85,140,119,"B","G","+",93,72,"-",47,47,"TGCGC","WT","D4","RepR2","S4","RE58","RE58_CGI_1"
"4315","FJ28-FJ29.FJ26-FJ27::chrX:103482701-103483891",717,719,0.853,143,122,"B","G","+",93,72,"-",50,50,"CGCGA","WT","D4","RepR2","S4","RE58","RE58_CGI_1"
"4316","FJ28-FJ29.FJ26-FJ27::chrX:103482701-103483891",753,755,0.513,78,40,"B","G","+",43,5,"-",35,35,"AACGT","WT","D4","RepR2","S4","RE58","RE58_CGI_1"
"4317","FJ14-FJ15.FJ10-FJ11::chrX:103481327-103482781",433,435,0.535,213,114,"+","G","+",213,114,"-",0,0,"TCCGC","WT","D4","RepR3","S7","RE57","RE57_YY1"
"4318","FJ14-FJ15.FJ10-FJ11::chrX:103481327-103482781",520,522,0.457,94,43,"+","G","+",94,43,"-",0,0,"TGCGT","WT","D4","RepR3","S7","RE57","RE57_YY1"
"4319","FJ14-FJ15.FJ10-FJ11::chrX:103481327-103482781",528,530,0.402,92,37,"+","G","+",92,37,"-",0,0,"ACCGC","WT","D4","RepR3","S7","RE57","RE57_YY1"
"4320","FJ14-FJ15.FJ10-FJ11::chrX:103481327-103482781",546,548,0.404,94,38,"+","G","+",94,38,"-",0,0,"GCCGC","WT","D4","RepR3","S7","RE57","RE57_YY1"
"4321","FJ14-FJ15.FJ10-FJ11::chrX:103481327-103482781",563,565,0.456,90,41,"+","G","+",90,41,"-",0,0,"TACGA","WT","D4","RepR3","S7","RE57","RE57_YY1"
"4322","FJ14-FJ15.FJ10-FJ11::chrX:103481327-103482781",617,619,0.507,152,77,"+","G","+",152,77,"-",0,0,"GTCGA","WT","D4","RepR3","S7","RE57","RE57_YY1"
"4323","FJ14-FJ15.FJ10-FJ11::chrX:103481327-103482781",624,626,0.457,184,84,"+","G","+",184,84,"-",0,0,"CTCGG","WT","D4","RepR3","S7","RE57","RE57_YY1"
"4324","FJ14-FJ15.FJ10-FJ11::chrX:103481327-103482781",637,639,0.61,200,122,"+","G","+",200,122,"-",0,0,"CCCGA","WT","D4","RepR3","S7","RE57","RE57_YY1"
"4325","FJ14-FJ15.FJ10-FJ11::chrX:103481327-103482781",642,644,0.473,203,96,"+","G","+",203,96,"-",0,0,"GCCGC","WT","D4","RepR3","S7","RE57","RE57_YY1"
"4326","FJ14-FJ15.FJ10-FJ11::chrX:103481327-103482781",736,738,0,10,0,"+","G","+",10,0,"-",0,0,"CACGC","WT","D4","RepR3","S7","RE57","RE57_CGI"
"4327","FJ14-FJ15.FJ10-FJ11::chrX:103481327-103482781",763,765,0.5,10,5,"+","G","+",10,5,"-",0,0,"TGCGG","WT","D4","RepR3","S7","RE57","RE57_CGI"
"4328","FJ14-FJ15.FJ10-FJ11::chrX:103481327-103482781",770,772,0.5,10,5,"+","G","+",10,5,"-",0,0,"TCCGC","WT","D4","RepR3","S7","RE57","RE57_CGI"
"4329","FJ14-FJ15.FJ10-FJ11::chrX:103481327-103482781",772,774,0.5,10,5,"+","G","+",10,5,"-",0,0,"CGCGC","WT","D4","RepR3","S7","RE57","RE57_CGI"
"4330","FJ14-FJ15.FJ10-FJ11::chrX:103481327-103482781",780,782,0.444,9,4,"+","G","+",9,4,"-",0,0,"ACCGC","WT","D4","RepR3","S7","RE57","RE57_CGI"
"4331","FJ14-FJ15.FJ10-FJ11::chrX:103481327-103482781",792,794,0.4,10,4,"+","G","+",10,4,"-",0,0,"TACGA","WT","D4","RepR3","S7","RE57","RE57_CGI"
"4332","FJ14-FJ15.FJ10-FJ11::chrX:103481327-103482781",817,819,0.5,10,5,"+","G","+",10,5,"-",0,0,"TCCGG","WT","D4","RepR3","S7","RE57","RE57_CGI"
"4333","FJ14-FJ15.FJ10-FJ11::chrX:103481327-103482781",832,834,0.5,10,5,"+","G","+",10,5,"-",0,0,"CCCGC","WT","D4","RepR3","S7","RE57","RE57_CGI"
"4334","FJ14-FJ15.FJ10-FJ11::chrX:103481327-103482781",929,931,0.5,8,4,"+","G","+",8,4,"-",0,0,"TCCGC","WT","D4","RepR3","S7","RE57","RE57_CGI"
"4335","FJ14-FJ15.FJ10-FJ11::chrX:103481327-103482781",941,943,0.417,12,5,"+","G","+",12,5,"-",0,0,"CTCGG","WT","D4","RepR3","S7","RE57","RE57_CGI"
"4336","FJ14-FJ15.FJ10-FJ11::chrX:103481327-103482781",959,961,0.812,16,13,"+","G","+",16,13,"-",0,0,"GGCGT","WT","D4","RepR3","S7","RE57","RE57_CGI"
"4337","FJ14-FJ15.FJ10-FJ11::chrX:103481327-103482781",970,972,0.737,19,14,"+","G","+",19,14,"-",0,0,"CTCGA","WT","D4","RepR3","S7","RE57","RE57_CGI"
"4338","FJ14-FJ15.FJ10-FJ11::chrX:103481327-103482781",980,982,0.741,27,20,"+","G","+",27,20,"-",0,0,"GCCGT","WT","D4","RepR3","S7","RE57","RE57_CGI"
"4339","FJ14-FJ15.FJ10-FJ11::chrX:103481327-103482781",987,989,0.704,27,19,"+","G","+",27,19,"-",0,0,"CACGC","WT","D4","RepR3","S7","RE57","RE57_CGI"
"4340","FJ14-FJ15.FJ10-FJ11::chrX:103481327-103482781",1004,1006,0.697,33,23,"+","G","+",33,23,"-",0,0,"GGCGG","WT","D4","RepR3","S7","RE57","RE57_CGI"
"4341","FJ14-FJ15.FJ10-FJ11::chrX:103481327-103482781",1008,1010,0.541,37,20,"+","G","+",37,20,"-",0,0,"GACGC","WT","D4","RepR3","S7","RE57","RE57_CGI"
"4342","FJ14-FJ15.FJ10-FJ11::chrX:103481327-103482781",1010,1012,0.474,38,18,"+","G","+",38,18,"-",0,0,"CGCGG","WT","D4","RepR3","S7","RE57","RE57_CGI"
"4343","FJ14-FJ15.FJ10-FJ11::chrX:103481327-103482781",1021,1023,0.769,39,30,"+","G","+",39,30,"-",0,0,"CACGC","WT","D4","RepR3","S7","RE57","RE57_CGI"
"4344","FJ24-FJ25.FJ24-FJ25.FJ24-FJ25::chrX:75646518-75653780",131,133,0.5,2,1,"B","G","+",1,1,"-",1,0,"CCCGG","WT","D4","RepR3","S7","MSR","other"
"4345","FJ24-FJ25.FJ24-FJ25.FJ24-FJ25::chrX:75646518-75653780",177,179,0.667,6,4,"B","G","+",5,3,"-",1,1,"GGCGG","WT","D4","RepR3","S7","MSR","other"
"4346","FJ24-FJ25.FJ24-FJ25.FJ24-FJ25::chrX:75646518-75653780",210,212,1,1,1,"-","G","+",0,0,"-",1,1,"ACGCA","WT","D4","RepR3","S7","MSR","other"
"4347","FJ24-FJ25.FJ24-FJ25.FJ24-FJ25::chrX:75646518-75653780",7048,7050,0.667,3,2,"B","G","+",2,2,"-",1,0,"TCCGG","WT","D4","RepR3","S7","MSR","other"
"4348","FJ24-FJ25.FJ24-FJ25.FJ24-FJ25::chrX:75646518-75653780",7189,7191,0,1,0,"-","G","+",0,0,"-",1,0,"TCGGT","WT","D4","RepR3","S7","MSR","other"
"4349","FJ24-FJ25.FJ24-FJ25.FJ24-FJ25::chrX:75653690-75658384",131,133,0.667,3,2,"-","G","+",0,0,"-",3,2,"CCGGA","WT","D4","RepR3","S7","MSR","other"
"4350","FJ24-FJ25.FJ24-FJ25.FJ24-FJ25::chrX:75653690-75658384",177,179,0.5,2,1,"-","G","+",0,0,"-",2,1,"GCGGC","WT","D4","RepR3","S7","MSR","other"
"4351","FJ24-FJ25.FJ24-FJ25.FJ24-FJ25::chrX:75653690-75658384",210,212,1,1,1,"-","G","+",0,0,"-",1,1,"ACGCA","WT","D4","RepR3","S7","MSR","other"
"4352","FJ24-FJ25.FJ24-FJ25.FJ24-FJ25::chrX:75653690-75658384",4482,4484,0,2,0,"+","G","+",2,0,"-",0,0,"TGCGT","WT","D4","RepR3","S7","MSR","other"
"4353","FJ24-FJ25.FJ24-FJ25.FJ24-FJ25::chrX:75653690-75658384",4515,4517,1,2,2,"+","G","+",2,2,"-",0,0,"GCCGC","WT","D4","RepR3","S7","MSR","other"
"4354","FJ24-FJ25.FJ24-FJ25.FJ24-FJ25::chrX:75653690-75658384",4561,4563,0,1,0,"+","G","+",1,0,"-",0,0,"TCCGG","WT","D4","RepR3","S7","MSR","other"
"4355","FJ24-FJ25.FJ24-FJ25::chr11:3099610-3105149",2257,2259,1,1,1,"-","G","+",0,0,"-",1,1,"TCGCC","WT","D4","RepR3","S7","MSR","other"
"4356","FJ24-FJ25.FJ24-FJ25::chr2:98661834-98663393",429,431,0.833,6,5,"-","G","+",0,0,"-",6,5,"ACGTT","WT","D4","RepR3","S7","MSR","other"
"4357","FJ24-FJ25.FJ24-FJ25::chr2:98661834-98663393",445,447,1,7,7,"-","G","+",0,0,"-",7,7,"TCGTC","WT","D4","RepR3","S7","MSR","other"
"4358","FJ24-FJ25.FJ24-FJ25::chr2:98661834-98663393",460,462,0.667,6,4,"-","G","+",0,0,"-",6,4,"TCGTC","WT","D4","RepR3","S7","MSR","other"
"4359","FJ24-FJ25.FJ24-FJ25::chr2:98661834-98663393",515,517,0.8,10,8,"-","G","+",0,0,"-",10,8,"ACGTC","WT","D4","RepR3","S7","MSR","other"
"4360","FJ24-FJ25.FJ24-FJ25::chr2:98661834-98663393",603,605,0.9,10,9,"-","G","+",0,0,"-",10,9,"CCGTG","WT","D4","RepR3","S7","MSR","other"
"4361","FJ24-FJ25.FJ24-FJ25::chr2:98661834-98663393",621,623,0.429,7,3,"-","G","+",0,0,"-",7,3,"TCGCC","WT","D4","RepR3","S7","MSR","other"
"4362","FJ24-FJ25.FJ24-FJ25::chr2:98661834-98663393",841,843,1,1,1,"+","G","+",1,1,"-",0,0,"CCCGT","WT","D4","RepR3","S7","MSR","other"
"4363","FJ24-FJ25.FJ24-FJ25::chr2:98661834-98663393",850,852,1,1,1,"+","G","+",1,1,"-",0,0,"AACGA","WT","D4","RepR3","S7","MSR","other"
"4364","FJ24-FJ25.FJ24-FJ25::chr2:98661834-98663393",992,994,0,1,0,"+","G","+",1,0,"-",0,0,"CTCGG","WT","D4","RepR3","S7","MSR","other"
"4365","FJ24-FJ25.FJ24-FJ25::chr2:98661834-98663393",1021,1023,0.817,356,291,"+","G","+",356,291,"-",0,0,"GACGT","WT","D4","RepR3","S7","MSR","other"
"4366","FJ24-FJ25.FJ24-FJ25::chr2:98661834-98663393",1068,1070,0.5,2,1,"-","G","+",0,0,"-",2,1,"TCGAC","WT","D4","RepR3","S7","MSR","other"
"4367","FJ24-FJ25.FJ24-FJ25::chr2:98661834-98663393",1076,1078,0.875,8,7,"B","G","+",6,6,"-",2,1,"GACGA","WT","D4","RepR3","S7","MSR","other"
"4368","FJ24-FJ25.FJ24-FJ25::chr2:98661834-98663393",1091,1093,1,2,2,"+","G","+",2,2,"-",0,0,"GACGA","WT","D4","RepR3","S7","MSR","other"
"4369","FJ24-FJ25.FJ24-FJ25::chr2:98661834-98663393",1107,1109,1,2,2,"+","G","+",2,2,"-",0,0,"TACGT","WT","D4","RepR3","S7","MSR","other"
"4370","FJ24-FJ25::chr12:3109471-3110521",411,413,0,1,0,"+","G","+",1,0,"-",0,0,"CACGG","WT","D4","RepR3","S7","MSR","other"
"4371","FJ24-FJ25::chr12:3109471-3110521",554,556,1,1,1,"-","G","+",0,0,"-",1,1,"ACGAC","WT","D4","RepR3","S7","MSR","other"
"4372","FJ24-FJ25::chr14:19415282-19420102",457,459,1,7,7,"+","G","+",7,7,"-",0,0,"GGCGA","WT","D4","RepR3","S7","MSR","other"
"4373","FJ24-FJ25::chr14:19415282-19420102",475,477,1,10,10,"+","G","+",10,10,"-",0,0,"CACGG","WT","D4","RepR3","S7","MSR","other"
"4374","FJ24-FJ25::chr14:19415282-19420102",691,693,0.8,10,8,"+","G","+",10,8,"-",0,0,"GGCGA","WT","D4","RepR3","S7","MSR","other"
"4375","FJ24-FJ25::chr14:19415282-19420102",709,711,1,13,13,"+","G","+",13,13,"-",0,0,"CACGG","WT","D4","RepR3","S7","MSR","other"
"4376","FJ24-FJ25::chr14:19415282-19420102",1276,1278,0.556,9,5,"+","G","+",9,5,"-",0,0,"GGCGA","WT","D4","RepR3","S7","MSR","other"
"4377","FJ24-FJ25::chr14:19415282-19420102",1294,1296,0.929,14,13,"+","G","+",14,13,"-",0,0,"CACGG","WT","D4","RepR3","S7","MSR","other"
"4378","FJ24-FJ25::chr14:19415282-19420102",1509,1511,1,4,4,"+","G","+",4,4,"-",0,0,"GGCGA","WT","D4","RepR3","S7","MSR","other"
"4379","FJ24-FJ25::chr14:19415282-19420102",1527,1529,0.667,6,4,"+","G","+",6,4,"-",0,0,"CTCGG","WT","D4","RepR3","S7","MSR","other"
"4380","FJ24-FJ25::chr14:19415282-19420102",1671,1673,1,1,1,"-","G","+",0,0,"-",1,1,"ACGAC","WT","D4","RepR3","S7","MSR","other"
"4381","FJ24-FJ25::chr14:19415282-19420102",1686,1688,1,1,1,"-","G","+",0,0,"-",1,1,"ACGAA","WT","D4","RepR3","S7","MSR","other"
"4382","FJ24-FJ25::chr14:19415282-19420102",2022,2024,1,3,3,"+","G","+",3,3,"-",0,0,"GACGA","WT","D4","RepR3","S7","MSR","other"
"4383","FJ24-FJ25::chr14:19415282-19420102",2037,2039,1,3,3,"+","G","+",3,3,"-",0,0,"GACGA","WT","D4","RepR3","S7","MSR","other"
"4384","FJ24-FJ25::chr14:19415282-19420102",2053,2055,1,3,3,"+","G","+",3,3,"-",0,0,"AACGT","WT","D4","RepR3","S7","MSR","other"
"4385","FJ24-FJ25::chr14:19415282-19420102",2230,2232,0.667,12,8,"+","G","+",12,8,"-",0,0,"CACGG","WT","D4","RepR3","S7","MSR","other"
"4386","FJ24-FJ25::chr14:19415282-19420102",2437,2439,0,2,0,"+","G","+",2,0,"-",0,0,"CTCGA","WT","D4","RepR3","S7","MSR","other"
"4387","FJ24-FJ25::chr14:19415282-19420102",2446,2448,1,6,6,"+","G","+",6,6,"-",0,0,"GGCGA","WT","D4","RepR3","S7","MSR","other"
"4388","FJ24-FJ25::chr14:19415282-19420102",2464,2466,0.5,8,4,"+","G","+",8,4,"-",0,0,"CACGG","WT","D4","RepR3","S7","MSR","other"
"4389","FJ24-FJ25::chr14:19415282-19420102",2606,2608,1,2,2,"B","G","+",1,1,"-",1,1,"GACGA","WT","D4","RepR3","S7","MSR","other"
"4390","FJ24-FJ25::chr14:19415282-19420102",2621,2623,1,1,1,"+","G","+",1,1,"-",0,0,"GACGA","WT","D4","RepR3","S7","MSR","other"
"4391","FJ24-FJ25::chr14:19415282-19420102",2637,2639,1,1,1,"+","G","+",1,1,"-",0,0,"AACGT","WT","D4","RepR3","S7","MSR","other"
"4392","FJ24-FJ25::chr14:19415282-19420102",2929,2931,0.683,41,28,"+","G","+",41,28,"-",0,0,"CACGG","WT","D4","RepR3","S7","MSR","other"
"4393","FJ24-FJ25::chr14:19415282-19420102",3163,3165,1,3,3,"+","G","+",3,3,"-",0,0,"CACGA","WT","D4","RepR3","S7","MSR","other"
"4394","FJ24-FJ25::chr14:19415282-19420102",3495,3497,1,3,3,"+","G","+",3,3,"-",0,0,"GGCGA","WT","D4","RepR3","S7","MSR","other"
"4395","FJ24-FJ25::chr14:19415282-19420102",3513,3515,0.333,3,1,"+","G","+",3,1,"-",0,0,"CACGG","WT","D4","RepR3","S7","MSR","other"
"4396","FJ24-FJ25::chr14:19415282-19420102",3963,3965,1,1,1,"+","G","+",1,1,"-",0,0,"GGCGA","WT","D4","RepR3","S7","MSR","other"
"4397","FJ24-FJ25::chr14:19415282-19420102",3981,3983,1,1,1,"+","G","+",1,1,"-",0,0,"CACGG","WT","D4","RepR3","S7","MSR","other"
"4398","FJ24-FJ25::chr14:19415282-19420102",4332,4334,1,1,1,"+","G","+",1,1,"-",0,0,"CACGA","WT","D4","RepR3","S7","MSR","other"
"4399","FJ24-FJ25::chr2:98663241-98664491",705,707,1,2,2,"-","G","+",0,0,"-",2,2,"CCGTG","WT","D4","RepR3","S7","MSR","other"
"4400","FJ24-FJ25::chr2:98666144-98667732",446,448,0.714,14,10,"-","G","+",0,0,"-",14,10,"ACGAC","WT","D4","RepR3","S7","MSR","other"
"4401","FJ24-FJ25::chr2:98666144-98667732",461,463,0.769,13,10,"-","G","+",0,0,"-",13,10,"ACGAA","WT","D4","RepR3","S7","MSR","other"
"4402","FJ24-FJ25::chr2:98666144-98667732",477,479,0.429,7,3,"B","G","+",1,1,"-",6,2,"TACGT","WT","D4","RepR3","S7","MSR","other"
"4403","FJ24-FJ25::chr2:98666144-98667732",537,539,0.929,14,13,"B","G","+",13,12,"-",1,1,"CACGG","WT","D4","RepR3","S7","MSR","other"
"4404","FJ24-FJ25::chr2:98666144-98667732",577,579,1,1,1,"+","G","+",1,1,"-",0,0,"GGCGA","WT","D4","RepR3","S7","MSR","other"
"4405","FJ24-FJ25::chr2:98666144-98667732",625,627,0.816,76,62,"+","G","+",76,62,"-",0,0,"GACGT","WT","D4","RepR3","S7","MSR","other"
"4406","FJ24-FJ25::chr2:98666144-98667732",680,682,0.775,40,31,"+","G","+",40,31,"-",0,0,"GACGA","WT","D4","RepR3","S7","MSR","other"
"4407","FJ24-FJ25::chr2:98666144-98667732",695,697,0.757,37,28,"+","G","+",37,28,"-",0,0,"GACGA","WT","D4","RepR3","S7","MSR","other"
"4408","FJ24-FJ25::chr2:98666144-98667732",711,713,0.647,34,22,"+","G","+",34,22,"-",0,0,"AACGT","WT","D4","RepR3","S7","MSR","other"
"4409","FJ24-FJ25::chr2:98666144-98667732",753,755,0.889,18,16,"+","G","+",18,16,"-",0,0,"GGCGA","WT","D4","RepR3","S7","MSR","other"
"4410","FJ24-FJ25::chr2:98666144-98667732",771,773,0.826,23,19,"+","G","+",23,19,"-",0,0,"CACGG","WT","D4","RepR3","S7","MSR","other"
"4411","FJ24-FJ25::chr2:98666144-98667732",799,801,1,1,1,"+","G","+",1,1,"-",0,0,"GACGT","WT","D4","RepR3","S7","MSR","other"
"4412","FJ24-FJ25::chr2:98666144-98667732",859,861,1,2,2,"+","G","+",2,2,"-",0,0,"GACGT","WT","D4","RepR3","S7","MSR","other"
"4413","FJ24-FJ25::chr2:98666144-98667732",946,948,0.737,38,28,"B","G","+",35,25,"-",3,3,"GACGA","WT","D4","RepR3","S7","MSR","other"
"4414","FJ24-FJ25::chr2:98666144-98667732",962,964,0.604,48,29,"B","G","+",45,27,"-",3,2,"AACGT","WT","D4","RepR3","S7","MSR","other"
"4415","FJ24-FJ25::chr2:98666144-98667732",1004,1006,0.846,201,170,"+","G","+",201,170,"-",0,0,"GGCGA","WT","D4","RepR3","S7","MSR","other"
"4416","FJ24-FJ25::chr2:98666144-98667732",1022,1024,0.875,200,175,"+","G","+",200,175,"-",0,0,"CACGG","WT","D4","RepR3","S7","MSR","other"
"4417","FJ24-FJ25::chr2:98666144-98667732",1050,1052,1,3,3,"+","G","+",3,3,"-",0,0,"GACGT","WT","D4","RepR3","S7","MSR","other"
"4418","FJ24-FJ25::chr2:98666144-98667732",1062,1064,1,5,5,"+","G","+",5,5,"-",0,0,"GGCGA","WT","D4","RepR3","S7","MSR","other"
"4419","FJ24-FJ25::chr2:98666144-98667732",1110,1112,0.8,95,76,"+","G","+",95,76,"-",0,0,"GACGT","WT","D4","RepR3","S7","MSR","other"
"4420","FJ24-FJ25::chr2:98666144-98667732",1165,1167,0.5,2,1,"+","G","+",2,1,"-",0,0,"GACGA","WT","D4","RepR3","S7","MSR","other"
"4421","FJ24-FJ25::chr8:23095075-23096205",417,419,0,1,0,"+","G","+",1,0,"-",0,0,"GGCGA","WT","D4","RepR3","S7","MSR","other"
"4422","FJ24-FJ25::chr8:23095075-23096205",425,427,1,1,1,"+","G","+",1,1,"-",0,0,"AACGG","WT","D4","RepR3","S7","MSR","other"
"4423","FJ24-FJ25::chr9:2999602-3038819",428,430,1,2,2,"B","G","+",1,1,"-",1,1,"CACGT","WT","D4","RepR3","S7","MSR","other"
"4424","FJ24-FJ25::chr9:2999602-3038819",444,446,1,1,1,"+","G","+",1,1,"-",0,0,"TTCGT","WT","D4","RepR3","S7","MSR","other"
"4425","FJ24-FJ25::chr9:2999602-3038819",604,606,1,1,1,"-","G","+",0,0,"-",1,1,"ACGTT","WT","D4","RepR3","S7","MSR","other"
"4426","FJ24-FJ25::chr9:2999602-3038819",738,740,0,2,0,"-","G","+",0,0,"-",2,0,"TCGCC","WT","D4","RepR3","S7","MSR","other"
"4427","FJ24-FJ25::chr9:2999602-3038819",750,752,0,2,0,"-","G","+",0,0,"-",2,0,"ACGTC","WT","D4","RepR3","S7","MSR","other"
"4428","FJ24-FJ25::chr9:2999602-3038819",778,780,0.75,24,18,"-","G","+",0,0,"-",24,18,"CCGTG","WT","D4","RepR3","S7","MSR","other"
"4429","FJ24-FJ25::chr9:2999602-3038819",796,798,0.571,21,12,"-","G","+",0,0,"-",21,12,"TCGAC","WT","D4","RepR3","S7","MSR","other"
"4430","FJ24-FJ25::chr9:2999602-3038819",854,856,1,2,2,"+","G","+",2,2,"-",0,0,"TTCGT","WT","D4","RepR3","S7","MSR","other"
"4431","FJ24-FJ25::chr9:2999602-3038819",869,871,1,2,2,"+","G","+",2,2,"-",0,0,"GTCGT","WT","D4","RepR3","S7","MSR","other"
"4432","FJ24-FJ25::chr9:2999602-3038819",972,974,1,4,4,"B","G","+",1,1,"-",3,3,"CTCGC","WT","D4","RepR3","S7","MSR","other"
"4433","FJ24-FJ25::chr9:2999602-3038819",984,986,1,3,3,"B","G","+",1,1,"-",2,2,"CACGT","WT","D4","RepR3","S7","MSR","other"
"4434","FJ24-FJ25::chr9:2999602-3038819",1012,1014,0.75,4,3,"B","G","+",1,1,"-",3,2,"TCCGT","WT","D4","RepR3","S7","MSR","other"
"4435","FJ24-FJ25::chr9:2999602-3038819",1030,1032,0,2,0,"-","G","+",0,0,"-",2,0,"TCGAC","WT","D4","RepR3","S7","MSR","other"
"4436","FJ24-FJ25::chr9:2999602-3038819",1382,1384,1,5,5,"B","G","+",3,3,"-",2,2,"CTCGC","WT","D4","RepR3","S7","MSR","other"
"4437","FJ24-FJ25::chr9:2999602-3038819",1394,1396,0.833,6,5,"B","G","+",4,3,"-",2,2,"CACGT","WT","D4","RepR3","S7","MSR","other"
"4438","FJ24-FJ25::chr9:2999602-3038819",1422,1424,1,8,8,"B","G","+",3,3,"-",5,5,"TCCGT","WT","D4","RepR3","S7","MSR","other"
"4439","FJ24-FJ25::chr9:2999602-3038819",1440,1442,1,2,2,"-","G","+",0,0,"-",2,2,"TCGCC","WT","D4","RepR3","S7","MSR","other"
"4440","FJ24-FJ25::chr9:2999602-3038819",1850,1852,1,3,3,"-","G","+",0,0,"-",3,3,"TCGCC","WT","D4","RepR3","S7","MSR","other"
"4441","FJ24-FJ25::chr9:2999602-3038819",1862,1864,1,3,3,"-","G","+",0,0,"-",3,3,"ACGTC","WT","D4","RepR3","S7","MSR","other"
"4442","FJ24-FJ25::chr9:2999602-3038819",1890,1892,0.526,19,10,"B","G","+",1,1,"-",18,9,"TCCGT","WT","D4","RepR3","S7","MSR","other"
"4443","FJ24-FJ25::chr9:2999602-3038819",1908,1910,0.562,16,9,"B","G","+",1,1,"-",15,8,"CTCGC","WT","D4","RepR3","S7","MSR","other"
"4444","FJ24-FJ25::chr9:2999602-3038819",2123,2125,1,1,1,"-","G","+",0,0,"-",1,1,"CCGTG","WT","D4","RepR3","S7","MSR","other"
"4445","FJ24-FJ25::chr9:2999602-3038819",2141,2143,1,1,1,"-","G","+",0,0,"-",1,1,"TCGCC","WT","D4","RepR3","S7","MSR","other"
"4446","FJ24-FJ25::chr9:2999602-3038819",2317,2319,1,1,1,"-","G","+",0,0,"-",1,1,"TCGCC","WT","D4","RepR3","S7","MSR","other"
"4447","FJ24-FJ25::chr9:2999602-3038819",2448,2450,0,2,0,"-","G","+",0,0,"-",2,0,"TCGTC","WT","D4","RepR3","S7","MSR","other"
"4448","FJ24-FJ25::chr9:2999602-3038819",2551,2553,1,3,3,"-","G","+",0,0,"-",3,3,"TCGCC","WT","D4","RepR3","S7","MSR","other"
"4449","FJ24-FJ25::chr9:2999602-3038819",2825,2827,0.6,5,3,"-","G","+",0,0,"-",5,3,"CCGTG","WT","D4","RepR3","S7","MSR","other"
"4450","FJ24-FJ25::chr9:2999602-3038819",3175,3177,1,11,11,"-","G","+",0,0,"-",11,11,"CCGTG","WT","D4","RepR3","S7","MSR","other"
"4451","FJ24-FJ25::chr9:2999602-3038819",3193,3195,0.875,8,7,"-","G","+",0,0,"-",8,7,"TCGCC","WT","D4","RepR3","S7","MSR","other"
"4452","FJ24-FJ25::chr9:2999602-3038819",3408,3410,1,2,2,"-","G","+",0,0,"-",2,2,"CCGTG","WT","D4","RepR3","S7","MSR","other"
"4453","FJ24-FJ25::chr9:2999602-3038819",3426,3428,1,3,3,"-","G","+",0,0,"-",3,3,"TCGCC","WT","D4","RepR3","S7","MSR","other"
"4454","FJ24-FJ25::chr9:2999602-3038819",3836,3838,0,1,0,"-","G","+",0,0,"-",1,0,"TCGCC","WT","D4","RepR3","S7","MSR","other"
"4455","FJ24-FJ25::chr9:2999602-3038819",3894,3896,1,1,1,"-","G","+",0,0,"-",1,1,"TCGCC","WT","D4","RepR3","S7","MSR","other"
"4456","FJ24-FJ25::chr9:2999602-3038819",4303,4305,1,1,1,"-","G","+",0,0,"-",1,1,"TCGCC","WT","D4","RepR3","S7","MSR","other"
"4457","FJ24-FJ25::chr9:2999602-3038819",4520,4522,0.665,173,115,"-","G","+",0,0,"-",173,115,"CCGTG","WT","D4","RepR3","S7","MSR","other"
"4458","FJ24-FJ25::chr9:2999602-3038819",4580,4582,1,2,2,"B","G","+",1,1,"-",1,1,"CACGT","WT","D4","RepR3","S7","MSR","other"
"4459","FJ24-FJ25::chr9:2999602-3038819",4596,4598,1,2,2,"B","G","+",1,1,"-",1,1,"TTCGT","WT","D4","RepR3","S7","MSR","other"
"4460","FJ24-FJ25::chr9:2999602-3038819",4611,4613,1,2,2,"B","G","+",1,1,"-",1,1,"GTCGT","WT","D4","RepR3","S7","MSR","other"
"4461","FJ24-FJ25::chr9:2999602-3038819",4754,4756,0.636,11,7,"B","G","+",1,1,"-",10,6,"TCCGT","WT","D4","RepR3","S7","MSR","other"
"4462","FJ24-FJ25::chr9:2999602-3038819",4987,4989,0.778,18,14,"-","G","+",0,0,"-",18,14,"CCGTG","WT","D4","RepR3","S7","MSR","other"
"4463","FJ24-FJ25::chr9:2999602-3038819",5005,5007,0.5,16,8,"-","G","+",0,0,"-",16,8,"TCGCC","WT","D4","RepR3","S7","MSR","other"
"4464","FJ24-FJ25::chr9:2999602-3038819",5047,5049,1,1,1,"-","G","+",0,0,"-",1,1,"ACGTT","WT","D4","RepR3","S7","MSR","other"
"4465","FJ24-FJ25::chr9:2999602-3038819",5063,5065,1,1,1,"-","G","+",0,0,"-",1,1,"TCGTC","WT","D4","RepR3","S7","MSR","other"
"4466","FJ24-FJ25::chr9:2999602-3038819",5078,5080,1,1,1,"-","G","+",0,0,"-",1,1,"TCGTC","WT","D4","RepR3","S7","MSR","other"
"4467","FJ24-FJ25::chr9:2999602-3038819",5193,5195,1,1,1,"+","G","+",1,1,"-",0,0,"CACGT","WT","D4","RepR3","S7","MSR","other"
"4468","FJ24-FJ25::chr9:2999602-3038819",5221,5223,0.615,13,8,"B","G","+",1,1,"-",12,7,"ACCGT","WT","D4","RepR3","S7","MSR","other"
"4469","FJ24-FJ25::chr9:2999602-3038819",5707,5709,0.5,4,2,"-","G","+",0,0,"-",4,2,"TCGCA","WT","D4","RepR3","S7","MSR","other"
"4470","FJ24-FJ25::chr9:2999602-3038819",6098,6100,1,4,4,"-","G","+",0,0,"-",4,4,"CCGTG","WT","D4","RepR3","S7","MSR","other"
"4471","FJ24-FJ25::chr9:2999602-3038819",6116,6118,1,3,3,"-","G","+",0,0,"-",3,3,"TCGCC","WT","D4","RepR3","S7","MSR","other"
"4472","FJ24-FJ25::chr9:2999602-3038819",6508,6510,1,1,1,"-","G","+",0,0,"-",1,1,"CCGTG","WT","D4","RepR3","S7","MSR","other"
"4473","FJ24-FJ25::chr9:2999602-3038819",6526,6528,1,1,1,"-","G","+",0,0,"-",1,1,"TCGCC","WT","D4","RepR3","S7","MSR","other"
"4474","FJ24-FJ25::chr9:2999602-3038819",6760,6762,1,4,4,"-","G","+",0,0,"-",4,4,"TCGCC","WT","D4","RepR3","S7","MSR","other"
"4475","FJ24-FJ25::chr9:2999602-3038819",7169,7171,0,2,0,"-","G","+",0,0,"-",2,0,"TCGCC","WT","D4","RepR3","S7","MSR","other"
"4476","FJ24-FJ25::chr9:2999602-3038819",7181,7183,0,2,0,"-","G","+",0,0,"-",2,0,"ACGTC","WT","D4","RepR3","S7","MSR","other"
"4477","FJ24-FJ25::chr9:2999602-3038819",7209,7211,0.798,163,130,"-","G","+",0,0,"-",163,130,"CCGTG","WT","D4","RepR3","S7","MSR","other"
"4478","FJ24-FJ25::chr9:2999602-3038819",7227,7229,0.796,162,129,"-","G","+",0,0,"-",162,129,"TCGCC","WT","D4","RepR3","S7","MSR","other"
"4479","FJ24-FJ25::chr9:2999602-3038819",7269,7271,1,4,4,"B","G","+",2,2,"-",2,2,"CACGT","WT","D4","RepR3","S7","MSR","other"
"4480","FJ24-FJ25::chr9:2999602-3038819",7285,7287,1,4,4,"B","G","+",2,2,"-",2,2,"TTCGT","WT","D4","RepR3","S7","MSR","other"
"4481","FJ24-FJ25::chr9:2999602-3038819",7698,7700,0.636,11,7,"-","G","+",0,0,"-",11,7,"TCGCC","WT","D4","RepR3","S7","MSR","other"
"4482","FJ24-FJ25::chr9:2999602-3038819",7799,7801,0.286,7,2,"-","G","+",0,0,"-",7,2,"CCGTG","WT","D4","RepR3","S7","MSR","other"
"4483","FJ24-FJ25::chr9:2999602-3038819",7817,7819,0.5,6,3,"-","G","+",0,0,"-",6,3,"TCGCC","WT","D4","RepR3","S7","MSR","other"
"4484","FJ24-FJ25::chr9:2999602-3038819",8032,8034,0.905,21,19,"-","G","+",0,0,"-",21,19,"CCGTG","WT","D4","RepR3","S7","MSR","other"
"4485","FJ24-FJ25::chr9:2999602-3038819",8050,8052,0.812,16,13,"-","G","+",0,0,"-",16,13,"TCGCC","WT","D4","RepR3","S7","MSR","other"
"4486","FJ24-FJ25::chr9:2999602-3038819",8692,8694,1,1,1,"-","G","+",0,0,"-",1,1,"TCGCT","WT","D4","RepR3","S7","MSR","other"
"4487","FJ24-FJ25::chr9:2999602-3038819",8909,8911,0.857,98,84,"-","G","+",0,0,"-",98,84,"CCGTG","WT","D4","RepR3","S7","MSR","other"
"4488","FJ24-FJ25::chr9:2999602-3038819",9883,9885,0.636,11,7,"-","G","+",0,0,"-",11,7,"TCGCC","WT","D4","RepR3","S7","MSR","other"
"4489","FJ24-FJ25::chr9:2999602-3038819",9984,9986,0.636,11,7,"-","G","+",0,0,"-",11,7,"CCGTG","WT","D4","RepR3","S7","MSR","other"
"4490","FJ24-FJ25::chr9:2999602-3038819",10002,10004,0.909,11,10,"-","G","+",0,0,"-",11,10,"TCGCC","WT","D4","RepR3","S7","MSR","other"
"4491","FJ24-FJ25::chr9:2999602-3038819",10217,10219,0.838,74,62,"-","G","+",0,0,"-",74,62,"CCGTG","WT","D4","RepR3","S7","MSR","other"
"4492","FJ24-FJ25::chr9:2999602-3038819",10451,10453,0.688,16,11,"-","G","+",0,0,"-",16,11,"CCGTG","WT","D4","RepR3","S7","MSR","other"
"4493","FJ24-FJ25::chr9:2999602-3038819",10469,10471,0.8,10,8,"-","G","+",0,0,"-",10,8,"TCGCC","WT","D4","RepR3","S7","MSR","other"
"4494","FJ24-FJ25::chr9:2999602-3038819",10684,10686,1,1,1,"-","G","+",0,0,"-",1,1,"CCGTG","WT","D4","RepR3","S7","MSR","other"
"4495","FJ24-FJ25::chr9:2999602-3038819",11327,11329,0.805,87,70,"-","G","+",0,0,"-",87,70,"CCGTG","WT","D4","RepR3","S7","MSR","other"
"4496","FJ24-FJ25::chr9:2999602-3038819",11970,11972,0.5,4,2,"-","G","+",0,0,"-",4,2,"CCGTG","WT","D4","RepR3","S7","MSR","other"
"4497","FJ24-FJ25::chr9:2999602-3038819",11988,11990,0.5,2,1,"-","G","+",0,0,"-",2,1,"TCGCC","WT","D4","RepR3","S7","MSR","other"
"4498","FJ24-FJ25::chr9:2999602-3038819",12116,12118,1,1,1,"-","G","+",0,0,"-",1,1,"ACGTC","WT","D4","RepR3","S7","MSR","other"
"4499","FJ24-FJ25::chr9:2999602-3038819",12632,12634,0.429,7,3,"-","G","+",0,0,"-",7,3,"TCGCC","WT","D4","RepR3","S7","MSR","other"
"4500","FJ24-FJ25::chr9:2999602-3038819",13336,13338,0.571,14,8,"-","G","+",0,0,"-",14,8,"TCGCC","WT","D4","RepR3","S7","MSR","other"
"4501","FJ24-FJ25::chr9:2999602-3038819",13437,13439,1,4,4,"-","G","+",0,0,"-",4,4,"CCGTG","WT","D4","RepR3","S7","MSR","other"
"4502","FJ24-FJ25::chr9:2999602-3038819",13455,13457,0.833,6,5,"-","G","+",0,0,"-",6,5,"TCGCC","WT","D4","RepR3","S7","MSR","other"
"4503","FJ24-FJ25::chr9:2999602-3038819",13670,13672,0.724,87,63,"-","G","+",0,0,"-",87,63,"CCGTG","WT","D4","RepR3","S7","MSR","other"
"4504","FJ24-FJ25::chr9:2999602-3038819",13730,13732,0,2,0,"-","G","+",0,0,"-",2,0,"ACGTT","WT","D4","RepR3","S7","MSR","other"
"4505","FJ24-FJ25::chr9:2999602-3038819",13864,13866,1,1,1,"-","G","+",0,0,"-",1,1,"TCGCC","WT","D4","RepR3","S7","MSR","other"
"4506","FJ24-FJ25::chr9:2999602-3038819",13904,13906,1,10,10,"-","G","+",0,0,"-",10,10,"CCGTG","WT","D4","RepR3","S7","MSR","other"
"4507","FJ24-FJ25::chr9:2999602-3038819",13922,13924,1,7,7,"-","G","+",0,0,"-",7,7,"TCGCC","WT","D4","RepR3","S7","MSR","other"
"4508","FJ24-FJ25::chr9:2999602-3038819",14197,14199,0,1,0,"+","G","+",1,0,"-",0,0,"CACGT","WT","D4","RepR3","S7","MSR","other"
"4509","FJ24-FJ25::chr9:2999602-3038819",14213,14215,0,1,0,"+","G","+",1,0,"-",0,0,"TTCGT","WT","D4","RepR3","S7","MSR","other"
"4510","FJ24-FJ25::chr9:2999602-3038819",14623,14625,1,1,1,"-","G","+",0,0,"-",1,1,"TCGCC","WT","D4","RepR3","S7","MSR","other"
"4511","FJ24-FJ25::chr9:2999602-3038819",14665,14667,0,1,0,"+","G","+",1,0,"-",0,0,"CACGT","WT","D4","RepR3","S7","MSR","other"
"4512","FJ24-FJ25::chr9:2999602-3038819",14681,14683,0,1,0,"+","G","+",1,0,"-",0,0,"TTCGT","WT","D4","RepR3","S7","MSR","other"
"4513","FJ24-FJ25::chr9:2999602-3038819",14839,14841,0.333,3,1,"-","G","+",0,0,"-",3,1,"CCGTG","WT","D4","RepR3","S7","MSR","other"
"4514","FJ24-FJ25::chr9:2999602-3038819",15325,15327,0.5,2,1,"-","G","+",0,0,"-",2,1,"TCGCC","WT","D4","RepR3","S7","MSR","other"
"4515","FJ24-FJ25::chr9:2999602-3038819",15500,15502,1,2,2,"-","G","+",0,0,"-",2,2,"TCGCT","WT","D4","RepR3","S7","MSR","other"
"4516","FJ24-FJ25::chr9:2999602-3038819",15777,15779,1,2,2,"-","G","+",0,0,"-",2,2,"ACGTT","WT","D4","RepR3","S7","MSR","other"
"4517","FJ24-FJ25::chr9:2999602-3038819",15793,15795,1,2,2,"-","G","+",0,0,"-",2,2,"TCGTC","WT","D4","RepR3","S7","MSR","other"
"4518","FJ24-FJ25::chr9:2999602-3038819",15808,15810,1,2,2,"-","G","+",0,0,"-",2,2,"TCGTC","WT","D4","RepR3","S7","MSR","other"
"4519","FJ24-FJ25::chr9:2999602-3038819",15851,15853,1,1,1,"-","G","+",0,0,"-",1,1,"TCGCC","WT","D4","RepR3","S7","MSR","other"
"4520","FJ24-FJ25::chr9:2999602-3038819",15951,15953,1,2,2,"-","G","+",0,0,"-",2,2,"CCGTG","WT","D4","RepR3","S7","MSR","other"
"4521","FJ24-FJ25::chr9:2999602-3038819",16011,16013,1,1,1,"-","G","+",0,0,"-",1,1,"ACGTT","WT","D4","RepR3","S7","MSR","other"
"4522","FJ24-FJ25::chr9:2999602-3038819",16041,16043,1,1,1,"-","G","+",0,0,"-",1,1,"TCGTC","WT","D4","RepR3","S7","MSR","other"
"4523","FJ24-FJ25::chr9:2999602-3038819",16202,16204,0.667,3,2,"-","G","+",0,0,"-",3,2,"TCGCC","WT","D4","RepR3","S7","MSR","other"
"4524","FJ24-FJ25::chr9:2999602-3038819",16377,16379,1,2,2,"-","G","+",0,0,"-",2,2,"TCGCC","WT","D4","RepR3","S7","MSR","other"
"4525","FJ24-FJ25::chr9:2999602-3038819",16419,16421,1,1,1,"-","G","+",0,0,"-",1,1,"ACGTT","WT","D4","RepR3","S7","MSR","other"
"4526","FJ24-FJ25::chr9:2999602-3038819",16593,16595,1,1,1,"-","G","+",0,0,"-",1,1,"CCGTG","WT","D4","RepR3","S7","MSR","other"
"4527","FJ24-FJ25::chr9:2999602-3038819",17471,17473,0.827,191,158,"-","G","+",0,0,"-",191,158,"CCGTG","WT","D4","RepR3","S7","MSR","other"
"4528","FJ24-FJ25::chr9:2999602-3038819",17531,17533,0.143,7,1,"B","G","+",3,0,"-",4,1,"CACGT","WT","D4","RepR3","S7","MSR","other"
"4529","FJ24-FJ25::chr9:2999602-3038819",17547,17549,1,4,4,"B","G","+",3,3,"-",1,1,"TTCGT","WT","D4","RepR3","S7","MSR","other"
"4530","FJ24-FJ25::chr9:2999602-3038819",17562,17564,0.571,7,4,"B","G","+",3,1,"-",4,3,"GTCGT","WT","D4","RepR3","S7","MSR","other"
"4531","FJ24-FJ25::chr9:2999602-3038819",17605,17607,0,1,0,"-","G","+",0,0,"-",1,0,"TCGCC","WT","D4","RepR3","S7","MSR","other"
"4532","FJ24-FJ25::chr9:2999602-3038819",17705,17707,0.857,7,6,"-","G","+",0,0,"-",7,6,"CCGTG","WT","D4","RepR3","S7","MSR","other"
"4533","FJ24-FJ25::chr9:2999602-3038819",17956,17958,0,3,0,"-","G","+",0,0,"-",3,0,"TCGCC","WT","D4","RepR3","S7","MSR","other"
"4534","FJ24-FJ25::chr9:2999602-3038819",18348,18350,0.811,169,137,"-","G","+",0,0,"-",169,137,"CCGTG","WT","D4","RepR3","S7","MSR","other"
"4535","FJ24-FJ25::chr9:2999602-3038819",18408,18410,0.5,2,1,"-","G","+",0,0,"-",2,1,"ACGTT","WT","D4","RepR3","S7","MSR","other"
"4536","FJ24-FJ25::chr9:2999602-3038819",18424,18426,0.6,5,3,"B","G","+",2,0,"-",3,3,"TTCGT","WT","D4","RepR3","S7","MSR","other"
"4537","FJ24-FJ25::chr9:2999602-3038819",18439,18441,0.75,4,3,"B","G","+",2,2,"-",2,1,"GTCGT","WT","D4","RepR3","S7","MSR","other"
"4538","FJ24-FJ25::chr9:2999602-3038819",18582,18584,0.4,5,2,"-","G","+",0,0,"-",5,2,"CCGTG","WT","D4","RepR3","S7","MSR","other"
"4539","FJ24-FJ25::chr9:2999602-3038819",18727,18729,0.5,6,3,"-","G","+",0,0,"-",6,3,"ACGTC","WT","D4","RepR3","S7","MSR","other"
"4540","FJ24-FJ25::chr9:2999602-3038819",18815,18817,0.5,2,1,"-","G","+",0,0,"-",2,1,"CCGTG","WT","D4","RepR3","S7","MSR","other"
"4541","FJ24-FJ25::chr9:2999602-3038819",18833,18835,1,2,2,"-","G","+",0,0,"-",2,2,"TCGCA","WT","D4","RepR3","S7","MSR","other"
"4542","FJ24-FJ25::chr9:2999602-3038819",18875,18877,0.667,3,2,"-","G","+",0,0,"-",3,2,"ACGTT","WT","D4","RepR3","S7","MSR","other"
"4543","FJ24-FJ25::chr9:2999602-3038819",18891,18893,1,3,3,"-","G","+",0,0,"-",3,3,"TCGTC","WT","D4","RepR3","S7","MSR","other"
"4544","FJ24-FJ25::chr9:2999602-3038819",18906,18908,0.5,2,1,"-","G","+",0,0,"-",2,1,"TCGTC","WT","D4","RepR3","S7","MSR","other"
"4545","FJ24-FJ25::chr9:2999602-3038819",19049,19051,0.576,205,118,"-","G","+",0,0,"-",205,118,"CCGTG","WT","D4","RepR3","S7","MSR","other"
"4546","FJ24-FJ25::chr9:2999602-3038819",19535,19537,0.5,4,2,"-","G","+",0,0,"-",4,2,"TCGCA","WT","D4","RepR3","S7","MSR","other"
"4547","FJ24-FJ25::chr9:2999602-3038819",19721,19723,0.5,2,1,"-","G","+",0,0,"-",2,1,"ACGTC","WT","D4","RepR3","S7","MSR","other"
"4548","FJ24-FJ25::chr9:2999602-3038819",19984,19986,0.5,2,1,"-","G","+",0,0,"-",2,1,"CCGTG","WT","D4","RepR3","S7","MSR","other"
"4549","FJ24-FJ25::chr9:2999602-3038819",20002,20004,1,2,2,"-","G","+",0,0,"-",2,2,"TCGCC","WT","D4","RepR3","S7","MSR","other"
"4550","FJ24-FJ25::chr9:2999602-3038819",20685,20687,0.8,10,8,"-","G","+",0,0,"-",10,8,"CCGTG","WT","D4","RepR3","S7","MSR","other"
"4551","FJ24-FJ25::chr9:2999602-3038819",20703,20705,1,8,8,"-","G","+",0,0,"-",8,8,"TCGCC","WT","D4","RepR3","S7","MSR","other"
"4552","FJ24-FJ25::chr9:2999602-3038819",20918,20920,0.793,222,176,"-","G","+",0,0,"-",222,176,"CCGTG","WT","D4","RepR3","S7","MSR","other"
"4553","FJ24-FJ25::chr9:2999602-3038819",20936,20938,0.75,216,162,"-","G","+",0,0,"-",216,162,"TCGCC","WT","D4","RepR3","S7","MSR","other"
"4554","FJ24-FJ25::chr9:2999602-3038819",20978,20980,1,2,2,"-","G","+",0,0,"-",2,2,"ACGTT","WT","D4","RepR3","S7","MSR","other"
"4555","FJ24-FJ25::chr9:2999602-3038819",20994,20996,1,1,1,"-","G","+",0,0,"-",1,1,"TCGTC","WT","D4","RepR3","S7","MSR","other"
"4556","FJ24-FJ25::chr9:2999602-3038819",21346,21348,1,1,1,"-","G","+",0,0,"-",1,1,"TCGCC","WT","D4","RepR3","S7","MSR","other"
"4557","FJ24-FJ25::chr9:2999602-3038819",21404,21406,1,2,2,"-","G","+",0,0,"-",2,2,"TCGCC","WT","D4","RepR3","S7","MSR","other"
"4558","FJ24-FJ25::chr9:2999602-3038819",21620,21622,0.75,4,3,"-","G","+",0,0,"-",4,3,"CCGTG","WT","D4","RepR3","S7","MSR","other"
"4559","FJ24-FJ25::chr9:2999602-3038819",22498,22500,0.773,194,150,"-","G","+",0,0,"-",194,150,"CCGTG","WT","D4","RepR3","S7","MSR","other"
"4560","FJ24-FJ25::chr9:2999602-3038819",22558,22560,1,2,2,"-","G","+",0,0,"-",2,2,"ACGTT","WT","D4","RepR3","S7","MSR","other"
"4561","FJ24-FJ25::chr9:2999602-3038819",22574,22576,1,2,2,"-","G","+",0,0,"-",2,2,"TCGTC","WT","D4","RepR3","S7","MSR","other"
"4562","FJ24-FJ25::chr9:2999602-3038819",22589,22591,1,1,1,"-","G","+",0,0,"-",1,1,"TCGTC","WT","D4","RepR3","S7","MSR","other"
"4563","FJ24-FJ25::chr9:2999602-3038819",22732,22734,1,3,3,"-","G","+",0,0,"-",3,3,"CCGTG","WT","D4","RepR3","S7","MSR","other"
"4564","FJ24-FJ25::chr9:2999602-3038819",22877,22879,0.8,5,4,"-","G","+",0,0,"-",5,4,"ACGTC","WT","D4","RepR3","S7","MSR","other"
"4565","FJ24-FJ25::chr9:2999602-3038819",22965,22967,0.796,108,86,"-","G","+",0,0,"-",108,86,"CCGTG","WT","D4","RepR3","S7","MSR","other"
"4566","FJ24-FJ25::chr9:2999602-3038819",23451,23453,1,2,2,"-","G","+",0,0,"-",2,2,"TCGCA","WT","D4","RepR3","S7","MSR","other"
"4567","FJ24-FJ25::chr9:2999602-3038819",23843,23845,0.571,7,4,"-","G","+",0,0,"-",7,4,"CCGTG","WT","D4","RepR3","S7","MSR","other"
"4568","FJ24-FJ25::chr9:2999602-3038819",23903,23905,0,1,0,"+","G","+",1,0,"-",0,0,"CACGT","WT","D4","RepR3","S7","MSR","other"
"4569","FJ24-FJ25::chr9:2999602-3038819",23934,23936,1,1,1,"+","G","+",1,1,"-",0,0,"GTCGT","WT","D4","RepR3","S7","MSR","other"
"4570","FJ24-FJ25::chr9:2999602-3038819",24077,24079,0.573,178,102,"-","G","+",0,0,"-",178,102,"CCGTG","WT","D4","RepR3","S7","MSR","other"
"4571","FJ24-FJ25::chr9:2999602-3038819",24311,24313,0.944,18,17,"-","G","+",0,0,"-",18,17,"CCGTG","WT","D4","RepR3","S7","MSR","other"
"4572","FJ24-FJ25::chr9:2999602-3038819",24329,24331,0.643,14,9,"-","G","+",0,0,"-",14,9,"TCGCC","WT","D4","RepR3","S7","MSR","other"
"4573","FJ24-FJ25::chr9:2999602-3038819",24504,24506,1,1,1,"+","G","+",1,1,"-",0,0,"CTCGC","WT","D4","RepR3","S7","MSR","other"
"4574","FJ24-FJ25::chr9:2999602-3038819",24516,24518,1,1,1,"+","G","+",1,1,"-",0,0,"CACGT","WT","D4","RepR3","S7","MSR","other"
"4575","FJ24-FJ25::chr9:2999602-3038819",24544,24546,0.833,198,165,"B","G","+",1,0,"-",197,165,"TCCGT","WT","D4","RepR3","S7","MSR","other"
"4576","FJ24-FJ25::chr9:2999602-3038819",24562,24564,0.736,193,142,"B","G","+",1,1,"-",192,141,"CTCGC","WT","D4","RepR3","S7","MSR","other"
"4577","FJ24-FJ25::chr9:2999602-3038819",24604,24606,1,1,1,"-","G","+",0,0,"-",1,1,"ACGTT","WT","D4","RepR3","S7","MSR","other"
"4578","FJ24-FJ25::chr9:2999602-3038819",24620,24622,1,1,1,"-","G","+",0,0,"-",1,1,"TCGAC","WT","D4","RepR3","S7","MSR","other"
"4579","FJ24-FJ25::chr9:2999602-3038819",24778,24780,0.667,3,2,"B","G","+",2,1,"-",1,1,"TCCGT","WT","D4","RepR3","S7","MSR","other"
"4580","FJ24-FJ25::chr9:2999602-3038819",24796,24798,1,2,2,"+","G","+",2,2,"-",0,0,"CTCGC","WT","D4","RepR3","S7","MSR","other"
"4581","FJ24-FJ25::chr9:2999602-3038819",24838,24840,0.571,7,4,"B","G","+",3,2,"-",4,2,"CACGT","WT","D4","RepR3","S7","MSR","other"
"4582","FJ24-FJ25::chr9:2999602-3038819",24854,24856,1,7,7,"B","G","+",3,3,"-",4,4,"TTCGT","WT","D4","RepR3","S7","MSR","other"
"4583","FJ24-FJ25::chr9:2999602-3038819",24869,24871,1,7,7,"B","G","+",3,3,"-",4,4,"GTCGT","WT","D4","RepR3","S7","MSR","other"
"4584","FJ24-FJ25::chr9:2999602-3038819",24984,24986,1,2,2,"-","G","+",0,0,"-",2,2,"ACGTC","WT","D4","RepR3","S7","MSR","other"
"4585","FJ24-FJ25::chr9:2999602-3038819",25012,25014,0.67,212,142,"-","G","+",0,0,"-",212,142,"CCGTG","WT","D4","RepR3","S7","MSR","other"
"4586","FJ24-FJ25::chr9:2999602-3038819",25246,25248,0.737,19,14,"-","G","+",0,0,"-",19,14,"CCGTG","WT","D4","RepR3","S7","MSR","other"
"4587","FJ24-FJ25::chr9:2999602-3038819",25264,25266,0.667,18,12,"-","G","+",0,0,"-",18,12,"TCGCC","WT","D4","RepR3","S7","MSR","other"
"4588","FJ24-FJ25::chr9:2999602-3038819",25479,25481,1,3,3,"-","G","+",0,0,"-",3,3,"CCGTG","WT","D4","RepR3","S7","MSR","other"
"4589","FJ24-FJ25::chr9:2999602-3038819",25497,25499,1,2,2,"-","G","+",0,0,"-",2,2,"TCGCC","WT","D4","RepR3","S7","MSR","other"
"4590","FJ24-FJ25::chr9:2999602-3038819",25713,25715,1,1,1,"-","G","+",0,0,"-",1,1,"CCGTG","WT","D4","RepR3","S7","MSR","other"
"4591","FJ24-FJ25::chr9:2999602-3038819",25731,25733,1,1,1,"-","G","+",0,0,"-",1,1,"TCGCC","WT","D4","RepR3","S7","MSR","other"
"4592","FJ24-FJ25::chr9:2999602-3038819",25946,25948,0.888,169,150,"-","G","+",0,0,"-",169,150,"CCGTG","WT","D4","RepR3","S7","MSR","other"
"4593","FJ24-FJ25::chr9:2999602-3038819",25964,25966,0.792,168,133,"-","G","+",0,0,"-",168,133,"TCGCC","WT","D4","RepR3","S7","MSR","other"
"4594","FJ24-FJ25::chr9:2999602-3038819",26414,26416,0.333,3,1,"-","G","+",0,0,"-",3,1,"CCGTG","WT","D4","RepR3","S7","MSR","other"
"4595","FJ24-FJ25::chr9:2999602-3038819",27117,27119,0.5,4,2,"-","G","+",0,0,"-",4,2,"TCGTT","WT","D4","RepR3","S7","MSR","other"
"4596","FJ24-FJ25::chr9:2999602-3038819",28053,28055,0.75,16,12,"-","G","+",0,0,"-",16,12,"CCGTG","WT","D4","RepR3","S7","MSR","other"
"4597","FJ24-FJ25::chr9:2999602-3038819",28287,28289,0,2,0,"-","G","+",0,0,"-",2,0,"CCGTG","WT","D4","RepR3","S7","MSR","other"
"4598","FJ24-FJ25::chr9:2999602-3038819",28521,28523,0.789,123,97,"-","G","+",0,0,"-",123,97,"CCGTG","WT","D4","RepR3","S7","MSR","other"
"4599","FJ24-FJ25::chr9:2999602-3038819",28901,28903,1,1,1,"-","G","+",0,0,"-",1,1,"ACGTC","WT","D4","RepR3","S7","MSR","other"
"4600","FJ24-FJ25::chr9:2999602-3038819",29223,29225,0.846,117,99,"-","G","+",0,0,"-",117,99,"CCGTG","WT","D4","RepR3","S7","MSR","other"
"4601","FJ24-FJ25::chr9:2999602-3038819",29417,29419,1,2,2,"-","G","+",0,0,"-",2,2,"TCGCC","WT","D4","RepR3","S7","MSR","other"
"4602","FJ24-FJ25::chr9:2999602-3038819",29429,29431,1,2,2,"-","G","+",0,0,"-",2,2,"ACGTC","WT","D4","RepR3","S7","MSR","other"
"4603","FJ24-FJ25::chr9:2999602-3038819",29457,29459,1,4,4,"-","G","+",0,0,"-",4,4,"CCGTG","WT","D4","RepR3","S7","MSR","other"
"4604","FJ24-FJ25::chr9:2999602-3038819",31098,31100,0.556,18,10,"-","G","+",0,0,"-",18,10,"CCGTG","WT","D4","RepR3","S7","MSR","other"
"4605","FJ24-FJ25::chr9:2999602-3038819",31679,31681,0.554,157,87,"-","G","+",0,0,"-",157,87,"CCGTG","WT","D4","RepR3","S7","MSR","other"
"4606","FJ24-FJ25::chr9:2999602-3038819",31913,31915,1,1,1,"-","G","+",0,0,"-",1,1,"TCGTT","WT","D4","RepR3","S7","MSR","other"
"4607","FJ24-FJ25::chr9:2999602-3038819",32107,32109,1,2,2,"+","G","+",2,2,"-",0,0,"CTCGC","WT","D4","RepR3","S7","MSR","other"
"4608","FJ24-FJ25::chr9:2999602-3038819",32119,32121,1,2,2,"+","G","+",2,2,"-",0,0,"CACGT","WT","D4","RepR3","S7","MSR","other"
"4609","FJ24-FJ25::chr9:2999602-3038819",32575,32577,1,1,1,"-","G","+",0,0,"-",1,1,"TCGCC","WT","D4","RepR3","S7","MSR","other"
"4610","FJ24-FJ25::chr9:2999602-3038819",32587,32589,1,1,1,"-","G","+",0,0,"-",1,1,"ACGTC","WT","D4","RepR3","S7","MSR","other"
"4611","FJ24-FJ25::chr9:2999602-3038819",32615,32617,0.4,10,4,"-","G","+",0,0,"-",10,4,"CCGTG","WT","D4","RepR3","S7","MSR","other"
"4612","FJ24-FJ25::chr9:2999602-3038819",32849,32851,0.736,53,39,"B","G","+",2,2,"-",51,37,"TCCGT","WT","D4","RepR3","S7","MSR","other"
"4613","FJ24-FJ25::chr9:2999602-3038819",32867,32869,0.705,44,31,"-","G","+",0,0,"-",44,31,"TCGCC","WT","D4","RepR3","S7","MSR","other"
"4614","FJ24-FJ25::chr9:2999602-3038819",33043,33045,1,2,2,"-","G","+",0,0,"-",2,2,"TCGCC","WT","D4","RepR3","S7","MSR","other"
"4615","FJ24-FJ25::chr9:2999602-3038819",33277,33279,1,3,3,"-","G","+",0,0,"-",3,3,"TCGCC","WT","D4","RepR3","S7","MSR","other"
"4616","FJ24-FJ25::chr9:2999602-3038819",33289,33291,1,1,1,"-","G","+",0,0,"-",1,1,"ACGTC","WT","D4","RepR3","S7","MSR","other"
"4617","FJ24-FJ25::chr9:2999602-3038819",33317,33319,0.933,15,14,"-","G","+",0,0,"-",15,14,"CCGTG","WT","D4","RepR3","S7","MSR","other"
"4618","FJ24-FJ25::chr9:2999602-3038819",33335,33337,1,11,11,"-","G","+",0,0,"-",11,11,"TCGCC","WT","D4","RepR3","S7","MSR","other"
"4619","FJ24-FJ25::chr9:2999602-3038819",34193,34195,0.976,82,80,"-","G","+",0,0,"-",82,80,"CCGTG","WT","D4","RepR3","S7","MSR","other"
"4620","FJ24-FJ25::chr9:2999602-3038819",34445,34447,1,2,2,"-","G","+",0,0,"-",2,2,"TCGCA","WT","D4","RepR3","S7","MSR","other"
"4621","FJ24-FJ25::chr9:2999602-3038819",34621,34623,0.636,11,7,"B","G","+",1,1,"-",10,6,"CTCGC","WT","D4","RepR3","S7","MSR","other"
"4622","FJ24-FJ25::chr9:2999602-3038819",34633,34635,0.714,7,5,"B","G","+",1,1,"-",6,4,"CACGT","WT","D4","RepR3","S7","MSR","other"
"4623","FJ24-FJ25::chr9:2999602-3038819",34855,34857,1,1,1,"-","G","+",0,0,"-",1,1,"TCGCC","WT","D4","RepR3","S7","MSR","other"
"4624","FJ24-FJ25::chr9:2999602-3038819",34895,34897,1,4,4,"-","G","+",0,0,"-",4,4,"CCGTG","WT","D4","RepR3","S7","MSR","other"
"4625","FJ24-FJ25::chr9:2999602-3038819",35597,35599,0.549,215,118,"-","G","+",0,0,"-",215,118,"CCGTG","WT","D4","RepR3","S7","MSR","other"
"4626","FJ24-FJ25::chr9:2999602-3038819",35831,35833,1,1,1,"-","G","+",0,0,"-",1,1,"CCGTG","WT","D4","RepR3","S7","MSR","other"
"4627","FJ24-FJ25::chr9:2999602-3038819",36299,36301,1,3,3,"-","G","+",0,0,"-",3,3,"CCGTG","WT","D4","RepR3","S7","MSR","other"
"4628","FJ24-FJ25::chr9:2999602-3038819",36475,36477,0.727,11,8,"-","G","+",0,0,"-",11,8,"CCGTG","WT","D4","RepR3","S7","MSR","other"
"4629","FJ24-FJ25::chr9:2999602-3038819",36493,36495,0.667,6,4,"-","G","+",0,0,"-",6,4,"TCGCC","WT","D4","RepR3","S7","MSR","other"
"4630","FJ24-FJ25::chr9:2999602-3038819",36668,36670,1,1,1,"-","G","+",0,0,"-",1,1,"TCGCC","WT","D4","RepR3","S7","MSR","other"
"4631","FJ24-FJ25::chr9:2999602-3038819",36680,36682,1,1,1,"-","G","+",0,0,"-",1,1,"ACGTC","WT","D4","RepR3","S7","MSR","other"
"4632","FJ24-FJ25::chr9:2999602-3038819",36708,36710,0,2,0,"-","G","+",0,0,"-",2,0,"CCGTG","WT","D4","RepR3","S7","MSR","other"
"4633","FJ24-FJ25::chr9:2999602-3038819",36726,36728,1,2,2,"-","G","+",0,0,"-",2,2,"TCGCC","WT","D4","RepR3","S7","MSR","other"
"4634","FJ24-FJ25::chr9:2999602-3038819",37641,37643,0.625,8,5,"-","G","+",0,0,"-",8,5,"CCGTG","WT","D4","RepR3","S7","MSR","other"
"4635","FJ24-FJ25::chr9:2999602-3038819",37659,37661,0.875,8,7,"-","G","+",0,0,"-",8,7,"TCGCC","WT","D4","RepR3","S7","MSR","other"
"4636","FJ24-FJ25::chr9:2999602-3038819",37701,37703,0,1,0,"-","G","+",0,0,"-",1,0,"ACGTT","WT","D4","RepR3","S7","MSR","other"
"4637","FJ24-FJ25::chr9:2999602-3038819",38343,38345,0.75,12,9,"-","G","+",0,0,"-",12,9,"CCGTG","WT","D4","RepR3","S7","MSR","other"
"4638","FJ24-FJ25::chr9:2999602-3038819",38361,38363,0.545,11,6,"-","G","+",0,0,"-",11,6,"TCGCC","WT","D4","RepR3","S7","MSR","other"
"4639","FJ24-FJ25::chr9:2999602-3038819",38403,38405,1,2,2,"-","G","+",0,0,"-",2,2,"ACGTT","WT","D4","RepR3","S7","MSR","other"
"4640","FJ24-FJ25::chr9:35304805-35306009",436,438,1,5,5,"+","G","+",5,5,"-",0,0,"TGCGA","WT","D4","RepR3","S7","MSR","other"
"4641","FJ24-FJ25::chr9:35304805-35306009",454,456,1,6,6,"+","G","+",6,6,"-",0,0,"CACGG","WT","D4","RepR3","S7","MSR","other"
"4642","FJ24-FJ25::chr9:35304805-35306009",612,614,0.778,9,7,"B","G","+",8,6,"-",1,1,"GACGA","WT","D4","RepR3","S7","MSR","other"
"4643","FJ24-FJ25::chr9:35304805-35306009",628,630,0.889,9,8,"+","G","+",9,8,"-",0,0,"AACGT","WT","D4","RepR3","S7","MSR","other"
"4644","FJ24-FJ25::chr9:35304805-35306009",688,690,0.794,34,27,"B","G","+",31,24,"-",3,3,"CACGG","WT","D4","RepR3","S7","MSR","other"
"4645","FJ24-FJ25::chr9:35304805-35306009",716,718,1,4,4,"B","G","+",1,1,"-",3,3,"GACGT","WT","D4","RepR3","S7","MSR","other"
"4646","FJ24-FJ25::chr9:35304805-35306009",728,730,1,4,4,"B","G","+",2,2,"-",2,2,"GGCGA","WT","D4","RepR3","S7","MSR","other"
"4647","FJ24-FJ25::chr9:35304805-35306009",776,778,0.875,16,14,"+","G","+",16,14,"-",0,0,"GACGT","WT","D4","RepR3","S7","MSR","other"
"4648","FJ24-FJ25::chrX:75643946-75646608",2448,2450,0,3,0,"-","G","+",0,0,"-",3,0,"CCGGG","WT","D4","RepR3","S7","MSR","other"
"4649","FJ24-FJ25::chrX:75643946-75646608",2589,2591,1,2,2,"-","G","+",0,0,"-",2,2,"TCGGT","WT","D4","RepR3","S7","MSR","other"
"4650","FJ28-FJ29.FJ26-FJ27::chrX:103482701-103483891",480,482,0.707,75,53,"+","G","+",75,53,"-",0,0,"CACGG","WT","D4","RepR3","S7","RE58","RE58_CGI_2"
"4651","FJ28-FJ29.FJ26-FJ27::chrX:103482701-103483891",489,491,0.737,76,56,"+","G","+",76,56,"-",0,0,"ACCGC","WT","D4","RepR3","S7","RE58","RE58_CGI_2"
"4652","FJ28-FJ29.FJ26-FJ27::chrX:103482701-103483891",499,501,0.803,76,61,"+","G","+",76,61,"-",0,0,"CACGG","WT","D4","RepR3","S7","RE58","RE58_CGI_2"
"4653","FJ28-FJ29.FJ26-FJ27::chrX:103482701-103483891",506,508,0.741,81,60,"+","G","+",81,60,"-",0,0,"AACGA","WT","D4","RepR3","S7","RE58","RE58_CGI_2"
"4654","FJ28-FJ29.FJ26-FJ27::chrX:103482701-103483891",530,532,0.723,94,68,"+","G","+",94,68,"-",0,0,"GCCGT","WT","D4","RepR3","S7","RE58","RE58_CGI_2"
"4655","FJ28-FJ29.FJ26-FJ27::chrX:103482701-103483891",537,539,0.826,92,76,"+","G","+",92,76,"-",0,0,"CACGC","WT","D4","RepR3","S7","RE58","RE58_CGI_2"
"4656","FJ28-FJ29.FJ26-FJ27::chrX:103482701-103483891",552,554,0.522,92,48,"+","G","+",92,48,"-",0,0,"TCCGC","WT","D4","RepR3","S7","RE58","RE58_CGI_2"
"4657","FJ28-FJ29.FJ26-FJ27::chrX:103482701-103483891",554,556,0.717,92,66,"+","G","+",92,66,"-",0,0,"CGCGG","WT","D4","RepR3","S7","RE58","RE58_CGI_2"
"4658","FJ28-FJ29.FJ26-FJ27::chrX:103482701-103483891",557,559,0.586,99,58,"+","G","+",99,58,"-",0,0,"GGCGC","WT","D4","RepR3","S7","RE58","RE58_CGI_2"
"4659","FJ28-FJ29.FJ26-FJ27::chrX:103482701-103483891",566,568,0.765,115,88,"+","G","+",115,88,"-",0,0,"GGCGG","WT","D4","RepR3","S7","RE58","RE58_CGI_2"
"4660","FJ28-FJ29.FJ26-FJ27::chrX:103482701-103483891",675,677,0.962,104,100,"B","G","+",70,66,"-",34,34,"TACGT","WT","D4","RepR3","S7","RE58","RE58_CGI_1"
"4661","FJ28-FJ29.FJ26-FJ27::chrX:103482701-103483891",694,696,0.838,105,88,"B","G","+",73,56,"-",32,32,"GACGC","WT","D4","RepR3","S7","RE58","RE58_CGI_1"
"4662","FJ28-FJ29.FJ26-FJ27::chrX:103482701-103483891",696,698,0.896,106,95,"B","G","+",72,61,"-",34,34,"CGCGT","WT","D4","RepR3","S7","RE58","RE58_CGI_1"
"4663","FJ28-FJ29.FJ26-FJ27::chrX:103482701-103483891",715,717,0.858,106,91,"B","G","+",72,57,"-",34,34,"TGCGC","WT","D4","RepR3","S7","RE58","RE58_CGI_1"
"4664","FJ28-FJ29.FJ26-FJ27::chrX:103482701-103483891",717,719,0.868,106,92,"B","G","+",72,58,"-",34,34,"CGCGA","WT","D4","RepR3","S7","RE58","RE58_CGI_1"
"4665","FJ28-FJ29.FJ26-FJ27::chrX:103482701-103483891",753,755,0.444,63,28,"B","G","+",41,6,"-",22,22,"AACGT","WT","D4","RepR3","S7","RE58","RE58_CGI_1"
"4666","FJ14-FJ15.FJ10-FJ11::chrX:103481327-103482781",433,435,0.424,9213,3904,"+","G","+",9213,3904,"-",0,0,"TCCGC","WT","D4","RepR4","S1","RE57","RE57_YY1"
"4667","FJ14-FJ15.FJ10-FJ11::chrX:103481327-103482781",520,522,0.553,1972,1090,"+","G","+",1972,1090,"-",0,0,"TGCGT","WT","D4","RepR4","S1","RE57","RE57_YY1"
"4668","FJ14-FJ15.FJ10-FJ11::chrX:103481327-103482781",528,530,0.559,1884,1054,"+","G","+",1884,1054,"-",0,0,"ACCGC","WT","D4","RepR4","S1","RE57","RE57_YY1"
"4669","FJ14-FJ15.FJ10-FJ11::chrX:103481327-103482781",546,548,0.613,1536,942,"+","G","+",1536,942,"-",0,0,"GCCGC","WT","D4","RepR4","S1","RE57","RE57_YY1"
"4670","FJ14-FJ15.FJ10-FJ11::chrX:103481327-103482781",563,565,0.648,1596,1034,"+","G","+",1596,1034,"-",0,0,"TACGA","WT","D4","RepR4","S1","RE57","RE57_YY1"
"4671","FJ14-FJ15.FJ10-FJ11::chrX:103481327-103482781",617,619,0.583,3098,1807,"+","G","+",3098,1807,"-",0,0,"GTCGA","WT","D4","RepR4","S1","RE57","RE57_YY1"
"4672","FJ14-FJ15.FJ10-FJ11::chrX:103481327-103482781",624,626,0.527,3511,1850,"+","G","+",3511,1850,"-",0,0,"CTCGG","WT","D4","RepR4","S1","RE57","RE57_YY1"
"4673","FJ14-FJ15.FJ10-FJ11::chrX:103481327-103482781",637,639,0.593,3652,2165,"+","G","+",3652,2165,"-",0,0,"CCCGA","WT","D4","RepR4","S1","RE57","RE57_YY1"
"4674","FJ14-FJ15.FJ10-FJ11::chrX:103481327-103482781",642,644,0.483,3661,1768,"+","G","+",3661,1768,"-",0,0,"GCCGC","WT","D4","RepR4","S1","RE57","RE57_YY1"
"4675","FJ14-FJ15.FJ10-FJ11::chrX:103481327-103482781",736,738,0.272,1758,478,"+","G","+",1758,478,"-",0,0,"CACGC","WT","D4","RepR4","S1","RE57","RE57_CGI"
"4676","FJ14-FJ15.FJ10-FJ11::chrX:103481327-103482781",763,765,0.402,736,296,"+","G","+",736,296,"-",0,0,"TGCGG","WT","D4","RepR4","S1","RE57","RE57_CGI"
"4677","FJ14-FJ15.FJ10-FJ11::chrX:103481327-103482781",770,772,0.494,603,298,"+","G","+",603,298,"-",0,0,"TCCGC","WT","D4","RepR4","S1","RE57","RE57_CGI"
"4678","FJ14-FJ15.FJ10-FJ11::chrX:103481327-103482781",772,774,0.492,565,278,"+","G","+",565,278,"-",0,0,"CGCGC","WT","D4","RepR4","S1","RE57","RE57_CGI"
"4679","FJ14-FJ15.FJ10-FJ11::chrX:103481327-103482781",780,782,0.448,498,223,"+","G","+",498,223,"-",0,0,"ACCGC","WT","D4","RepR4","S1","RE57","RE57_CGI"
"4680","FJ14-FJ15.FJ10-FJ11::chrX:103481327-103482781",792,794,0.498,448,223,"+","G","+",448,223,"-",0,0,"TACGA","WT","D4","RepR4","S1","RE57","RE57_CGI"
"4681","FJ14-FJ15.FJ10-FJ11::chrX:103481327-103482781",817,819,0.65,140,91,"+","G","+",140,91,"-",0,0,"TCCGG","WT","D4","RepR4","S1","RE57","RE57_CGI"
"4682","FJ14-FJ15.FJ10-FJ11::chrX:103481327-103482781",832,834,0.664,119,79,"+","G","+",119,79,"-",0,0,"CCCGC","WT","D4","RepR4","S1","RE57","RE57_CGI"
"4683","FJ14-FJ15.FJ10-FJ11::chrX:103481327-103482781",856,858,0.446,56,25,"+","G","+",56,25,"-",0,0,"GGCGA","WT","D4","RepR4","S1","RE57","intermediate_RE57"
"4684","FJ14-FJ15.FJ10-FJ11::chrX:103481327-103482781",863,865,0.558,77,43,"+","G","+",77,43,"-",0,0,"CCCGC","WT","D4","RepR4","S1","RE57","intermediate_RE57"
"4685","FJ14-FJ15.FJ10-FJ11::chrX:103481327-103482781",871,873,0.49,98,48,"+","G","+",98,48,"-",0,0,"CCCGC","WT","D4","RepR4","S1","RE57","intermediate_RE57"
"4686","FJ14-FJ15.FJ10-FJ11::chrX:103481327-103482781",899,901,0.424,184,78,"+","G","+",184,78,"-",0,0,"AGCGC","WT","D4","RepR4","S1","RE57","intermediate_RE57"
"4687","FJ14-FJ15.FJ10-FJ11::chrX:103481327-103482781",904,906,0.412,204,84,"+","G","+",204,84,"-",0,0,"AGCGC","WT","D4","RepR4","S1","RE57","intermediate_RE57"
"4688","FJ14-FJ15.FJ10-FJ11::chrX:103481327-103482781",929,931,0.542,552,299,"+","G","+",552,299,"-",0,0,"TCCGC","WT","D4","RepR4","S1","RE57","RE57_CGI"
"4689","FJ14-FJ15.FJ10-FJ11::chrX:103481327-103482781",941,943,0.525,753,395,"+","G","+",753,395,"-",0,0,"CTCGG","WT","D4","RepR4","S1","RE57","RE57_CGI"
"4690","FJ14-FJ15.FJ10-FJ11::chrX:103481327-103482781",959,961,0.613,1040,638,"+","G","+",1040,638,"-",0,0,"GGCGT","WT","D4","RepR4","S1","RE57","RE57_CGI"
"4691","FJ14-FJ15.FJ10-FJ11::chrX:103481327-103482781",970,972,0.568,1264,718,"+","G","+",1264,718,"-",0,0,"CTCGA","WT","D4","RepR4","S1","RE57","RE57_CGI"
"4692","FJ14-FJ15.FJ10-FJ11::chrX:103481327-103482781",980,982,0.594,1408,837,"+","G","+",1408,837,"-",0,0,"GCCGT","WT","D4","RepR4","S1","RE57","RE57_CGI"
"4693","FJ14-FJ15.FJ10-FJ11::chrX:103481327-103482781",987,989,0.568,1521,864,"+","G","+",1521,864,"-",0,0,"CACGC","WT","D4","RepR4","S1","RE57","RE57_CGI"
"4694","FJ14-FJ15.FJ10-FJ11::chrX:103481327-103482781",1004,1006,0.547,1752,959,"+","G","+",1752,959,"-",0,0,"GGCGG","WT","D4","RepR4","S1","RE57","RE57_CGI"
"4695","FJ14-FJ15.FJ10-FJ11::chrX:103481327-103482781",1008,1010,0.499,1790,893,"+","G","+",1790,893,"-",0,0,"GACGC","WT","D4","RepR4","S1","RE57","RE57_CGI"
"4696","FJ14-FJ15.FJ10-FJ11::chrX:103481327-103482781",1010,1012,0.393,1726,679,"+","G","+",1726,679,"-",0,0,"CGCGG","WT","D4","RepR4","S1","RE57","RE57_CGI"
"4697","FJ14-FJ15.FJ10-FJ11::chrX:103481327-103482781",1021,1023,0.564,1838,1037,"+","G","+",1838,1037,"-",0,0,"CACGC","WT","D4","RepR4","S1","RE57","RE57_CGI"
"4698","FJ24-FJ25.FJ24-FJ25.FJ24-FJ25.FJ24-FJ25.FJ24-FJ25.FJ24-FJ25.FJ24-FJ25.FJ24-FJ25::chrX:75658294-75672942",71,73,0.103,29,3,"B","G","+",22,0,"-",7,3,"ACCGA","WT","D4","RepR4","S1","MSR","other"
"4699","FJ24-FJ25.FJ24-FJ25.FJ24-FJ25.FJ24-FJ25.FJ24-FJ25.FJ24-FJ25.FJ24-FJ25.FJ24-FJ25::chrX:75658294-75672942",212,214,0.35,60,21,"B","G","+",38,13,"-",22,8,"CCCGG","WT","D4","RepR4","S1","MSR","other"
"4700","FJ24-FJ25.FJ24-FJ25.FJ24-FJ25.FJ24-FJ25.FJ24-FJ25.FJ24-FJ25.FJ24-FJ25.FJ24-FJ25::chrX:75658294-75672942",6000,6002,0,2,0,"+","G","+",2,0,"-",0,0,"AACGC","WT","D4","RepR4","S1","MSR","other"
"4701","FJ24-FJ25.FJ24-FJ25.FJ24-FJ25.FJ24-FJ25.FJ24-FJ25.FJ24-FJ25.FJ24-FJ25.FJ24-FJ25::chrX:75658294-75672942",6296,6298,0,2,0,"+","G","+",2,0,"-",0,0,"AACGC","WT","D4","RepR4","S1","MSR","other"
"4702","FJ24-FJ25.FJ24-FJ25.FJ24-FJ25.FJ24-FJ25.FJ24-FJ25.FJ24-FJ25.FJ24-FJ25.FJ24-FJ25::chrX:75658294-75672942",9329,9331,0,1,0,"+","G","+",1,0,"-",0,0,"AACGC","WT","D4","RepR4","S1","MSR","other"
"4703","FJ24-FJ25.FJ24-FJ25.FJ24-FJ25::chrX:75646518-75653780",17,19,0,2,0,"-","G","+",0,0,"-",2,0,"TCGGT","WT","D4","RepR4","S1","MSR","other"
"4704","FJ24-FJ25.FJ24-FJ25.FJ24-FJ25::chrX:75646518-75653780",131,133,0.713,87,62,"B","G","+",33,23,"-",54,39,"CCCGG","WT","D4","RepR4","S1","MSR","other"
"4705","FJ24-FJ25.FJ24-FJ25.FJ24-FJ25::chrX:75646518-75653780",177,179,0.591,132,78,"B","G","+",110,64,"-",22,14,"GGCGG","WT","D4","RepR4","S1","MSR","other"
"4706","FJ24-FJ25.FJ24-FJ25.FJ24-FJ25::chrX:75646518-75653780",210,212,0.333,6,2,"-","G","+",0,0,"-",6,2,"ACGCA","WT","D4","RepR4","S1","MSR","other"
"4707","FJ24-FJ25.FJ24-FJ25.FJ24-FJ25::chrX:75646518-75653780",7048,7050,0.347,49,17,"B","G","+",12,5,"-",37,12,"TCCGG","WT","D4","RepR4","S1","MSR","other"
"4708","FJ24-FJ25.FJ24-FJ25.FJ24-FJ25::chrX:75646518-75653780",7189,7191,0.25,12,3,"B","G","+",2,2,"-",10,1,"GTCGG","WT","D4","RepR4","S1","MSR","other"
"4709","FJ24-FJ25.FJ24-FJ25.FJ24-FJ25::chrX:75653690-75658384",17,19,0,1,0,"-","G","+",0,0,"-",1,0,"TCGGT","WT","D4","RepR4","S1","MSR","other"
"4710","FJ24-FJ25.FJ24-FJ25.FJ24-FJ25::chrX:75653690-75658384",131,133,0.614,101,62,"B","G","+",36,23,"-",65,39,"CCCGG","WT","D4","RepR4","S1","MSR","other"
"4711","FJ24-FJ25.FJ24-FJ25.FJ24-FJ25::chrX:75653690-75658384",177,179,0.65,103,67,"B","G","+",83,56,"-",20,11,"GGCGG","WT","D4","RepR4","S1","MSR","other"
"4712","FJ24-FJ25.FJ24-FJ25.FJ24-FJ25::chrX:75653690-75658384",210,212,0.667,12,8,"B","G","+",2,0,"-",10,8,"CACGC","WT","D4","RepR4","S1","MSR","other"
"4713","FJ24-FJ25.FJ24-FJ25.FJ24-FJ25::chrX:75653690-75658384",1091,1093,1,2,2,"+","G","+",2,2,"-",0,0,"TGCGT","WT","D4","RepR4","S1","MSR","other"
"4714","FJ24-FJ25.FJ24-FJ25.FJ24-FJ25::chrX:75653690-75658384",4482,4484,0.5,6,3,"B","G","+",5,3,"-",1,0,"TGCGT","WT","D4","RepR4","S1","MSR","other"
"4715","FJ24-FJ25.FJ24-FJ25.FJ24-FJ25::chrX:75653690-75658384",4515,4517,0.676,108,73,"B","G","+",20,18,"-",88,55,"GCCGC","WT","D4","RepR4","S1","MSR","other"
"4716","FJ24-FJ25.FJ24-FJ25.FJ24-FJ25::chrX:75653690-75658384",4561,4563,0.66,103,68,"B","G","+",79,53,"-",24,15,"TCCGG","WT","D4","RepR4","S1","MSR","other"
"4717","FJ24-FJ25.FJ24-FJ25::chr11:3099610-3105149",1675,1677,0.7,10,7,"-","G","+",0,0,"-",10,7,"TCGCC","WT","D4","RepR4","S1","MSR","other"
"4718","FJ24-FJ25.FJ24-FJ25::chr11:3099610-3105149",1950,1952,0,1,0,"-","G","+",0,0,"-",1,0,"ACGTT","WT","D4","RepR4","S1","MSR","other"
"4719","FJ24-FJ25.FJ24-FJ25::chr11:3099610-3105149",2257,2259,1,2,2,"-","G","+",0,0,"-",2,2,"TCGCC","WT","D4","RepR4","S1","MSR","other"
"4720","FJ24-FJ25.FJ24-FJ25::chr11:3099610-3105149",3539,3541,0,1,0,"-","G","+",0,0,"-",1,0,"ACGTT","WT","D4","RepR4","S1","MSR","other"
"4721","FJ24-FJ25.FJ24-FJ25::chr11:3099610-3105149",4757,4759,0,1,0,"-","G","+",0,0,"-",1,0,"TCGGG","WT","D4","RepR4","S1","MSR","other"
"4722","FJ24-FJ25.FJ24-FJ25::chr11:3099610-3105149",5123,5125,1,1,1,"-","G","+",0,0,"-",1,1,"TCGTC","WT","D4","RepR4","S1","MSR","other"
"4723","FJ24-FJ25.FJ24-FJ25::chr11:3099610-3105149",5159,5161,0,1,0,"-","G","+",0,0,"-",1,0,"CCGCC","WT","D4","RepR4","S1","MSR","other"
"4724","FJ24-FJ25.FJ24-FJ25::chr11:3099610-3105149",5187,5189,0,3,0,"B","G","+",2,0,"-",1,0,"GGCGC","WT","D4","RepR4","S1","MSR","other"
"4725","FJ24-FJ25.FJ24-FJ25::chr11:3099610-3105149",5227,5229,0.667,3,2,"B","G","+",2,2,"-",1,0,"TGCGC","WT","D4","RepR4","S1","MSR","other"
"4726","FJ24-FJ25.FJ24-FJ25::chr11:3099610-3105149",5272,5274,1,1,1,"+","G","+",1,1,"-",0,0,"CCCGT","WT","D4","RepR4","S1","MSR","other"
"4727","FJ24-FJ25.FJ24-FJ25::chr2:98661834-98663393",429,431,0.686,1058,726,"B","G","+",13,11,"-",1045,715,"CACGT","WT","D4","RepR4","S1","MSR","other"
"4728","FJ24-FJ25.FJ24-FJ25::chr2:98661834-98663393",445,447,0.813,1267,1030,"B","G","+",13,11,"-",1254,1019,"TTCGT","WT","D4","RepR4","S1","MSR","other"
"4729","FJ24-FJ25.FJ24-FJ25::chr2:98661834-98663393",460,462,0.78,1298,1013,"B","G","+",8,5,"-",1290,1008,"GTCGT","WT","D4","RepR4","S1","MSR","other"
"4730","FJ24-FJ25.FJ24-FJ25::chr2:98661834-98663393",515,517,0.814,1420,1156,"B","G","+",1,1,"-",1419,1155,"CACGT","WT","D4","RepR4","S1","MSR","other"
"4731","FJ24-FJ25.FJ24-FJ25::chr2:98661834-98663393",575,577,0.744,39,29,"B","G","+",6,6,"-",33,23,"CACGT","WT","D4","RepR4","S1","MSR","other"
"4732","FJ24-FJ25.FJ24-FJ25::chr2:98661834-98663393",603,605,0.8,260,208,"B","G","+",18,18,"-",242,190,"TCCGT","WT","D4","RepR4","S1","MSR","other"
"4733","FJ24-FJ25.FJ24-FJ25::chr2:98661834-98663393",621,623,0.803,229,184,"B","G","+",20,16,"-",209,168,"CTCGC","WT","D4","RepR4","S1","MSR","other"
"4734","FJ24-FJ25.FJ24-FJ25::chr2:98661834-98663393",663,665,0.75,4,3,"-","G","+",0,0,"-",4,3,"ACGTA","WT","D4","RepR4","S1","MSR","other"
"4735","FJ24-FJ25.FJ24-FJ25::chr2:98661834-98663393",721,723,0.885,26,23,"B","G","+",17,14,"-",9,9,"CCCGT","WT","D4","RepR4","S1","MSR","other"
"4736","FJ24-FJ25.FJ24-FJ25::chr2:98661834-98663393",730,732,0.848,33,28,"B","G","+",21,17,"-",12,11,"AACGA","WT","D4","RepR4","S1","MSR","other"
"4737","FJ24-FJ25.FJ24-FJ25::chr2:98661834-98663393",766,768,0.15,20,3,"+","G","+",20,3,"-",0,0,"TACGT","WT","D4","RepR4","S1","MSR","other"
"4738","FJ24-FJ25.FJ24-FJ25::chr2:98661834-98663393",794,796,0.333,3,1,"+","G","+",3,1,"-",0,0,"TTCGA","WT","D4","RepR4","S1","MSR","other"
"4739","FJ24-FJ25.FJ24-FJ25::chr2:98661834-98663393",841,843,0.806,31,25,"B","G","+",7,7,"-",24,18,"CCCGT","WT","D4","RepR4","S1","MSR","other"
"4740","FJ24-FJ25.FJ24-FJ25::chr2:98661834-98663393",850,852,0.714,21,15,"B","G","+",5,5,"-",16,10,"AACGA","WT","D4","RepR4","S1","MSR","other"
"4741","FJ24-FJ25.FJ24-FJ25::chr2:98661834-98663393",959,961,0.833,6,5,"B","G","+",5,5,"-",1,0,"GCCGG","WT","D4","RepR4","S1","MSR","other"
"4742","FJ24-FJ25.FJ24-FJ25::chr2:98661834-98663393",969,971,0.5,6,3,"B","G","+",5,3,"-",1,0,"AACGT","WT","D4","RepR4","S1","MSR","other"
"4743","FJ24-FJ25.FJ24-FJ25::chr2:98661834-98663393",992,994,0,6,0,"+","G","+",6,0,"-",0,0,"CTCGG","WT","D4","RepR4","S1","MSR","other"
"4744","FJ24-FJ25.FJ24-FJ25::chr2:98661834-98663393",1021,1023,0.778,7629,5935,"B","G","+",7628,5934,"-",1,1,"GACGT","WT","D4","RepR4","S1","MSR","other"
"4745","FJ24-FJ25.FJ24-FJ25::chr2:98661834-98663393",1068,1070,0.647,34,22,"B","G","+",31,20,"-",3,2,"ATCGA","WT","D4","RepR4","S1","MSR","other"
"4746","FJ24-FJ25.FJ24-FJ25::chr2:98661834-98663393",1076,1078,0.776,765,594,"B","G","+",753,582,"-",12,12,"GACGA","WT","D4","RepR4","S1","MSR","other"
"4747","FJ24-FJ25.FJ24-FJ25::chr2:98661834-98663393",1091,1093,0.788,562,443,"B","G","+",547,430,"-",15,13,"GACGA","WT","D4","RepR4","S1","MSR","other"
"4748","FJ24-FJ25.FJ24-FJ25::chr2:98661834-98663393",1107,1109,0.811,477,387,"B","G","+",466,378,"-",11,9,"TACGT","WT","D4","RepR4","S1","MSR","other"
"4749","FJ24-FJ25.FJ24-FJ25::chr2:98661834-98663393",1195,1197,0,1,0,"+","G","+",1,0,"-",0,0,"ATCGT","WT","D4","RepR4","S1","MSR","other"
"4750","FJ24-FJ25::chr12:3109471-3110521",411,413,0.5,14,7,"B","G","+",12,5,"-",2,2,"CACGG","WT","D4","RepR4","S1","MSR","other"
"4751","FJ24-FJ25::chr12:3109471-3110521",439,441,0.901,101,91,"B","G","+",98,88,"-",3,3,"GACGT","WT","D4","RepR4","S1","MSR","other"
"4752","FJ24-FJ25::chr12:3109471-3110521",451,453,0.837,129,108,"B","G","+",126,105,"-",3,3,"GGCGA","WT","D4","RepR4","S1","MSR","other"
"4753","FJ24-FJ25::chr12:3109471-3110521",554,556,0.759,133,101,"B","G","+",129,97,"-",4,4,"GACGA","WT","D4","RepR4","S1","MSR","other"
"4754","FJ24-FJ25::chr12:3109471-3110521",627,629,1,10,10,"+","G","+",10,10,"-",0,0,"GGCGA","WT","D4","RepR4","S1","MSR","other"
"4755","FJ24-FJ25::chr12:3109471-3110521",645,647,0,2,0,"+","G","+",2,0,"-",0,0,"CACGG","WT","D4","RepR4","S1","MSR","other"
"4756","FJ24-FJ25::chr12:67058771-67060356",648,650,0.615,13,8,"+","G","+",13,8,"-",0,0,"GGCGA","WT","D4","RepR4","S1","MSR","other"
"4757","FJ24-FJ25::chr12:67058771-67060356",706,708,1,1,1,"-","G","+",0,0,"-",1,1,"GCGAG","WT","D4","RepR4","S1","MSR","other"
"4758","FJ24-FJ25::chr12:67058771-67060356",1117,1119,1,1,1,"+","G","+",1,1,"-",0,0,"GGCGA","WT","D4","RepR4","S1","MSR","other"
"4759","FJ24-FJ25::chr12:74803437-74804905",495,497,0,2,0,"-","G","+",0,0,"-",2,0,"TCGCC","WT","D4","RepR4","S1","MSR","other"
"4760","FJ24-FJ25::chr12:74803437-74804905",728,730,1,1,1,"+","G","+",1,1,"-",0,0,"CTCGC","WT","D4","RepR4","S1","MSR","other"
"4761","FJ24-FJ25::chr12:74803437-74804905",825,827,0.0952,21,2,"-","G","+",0,0,"-",21,2,"ACGTT","WT","D4","RepR4","S1","MSR","other"
"4762","FJ24-FJ25::chr12:74803437-74804905",883,885,0,1,0,"-","G","+",0,0,"-",1,0,"ACGTT","WT","D4","RepR4","S1","MSR","other"
"4763","FJ24-FJ25::chr12:74803437-74804905",941,943,1,1,1,"-","G","+",0,0,"-",1,1,"ACGTT","WT","D4","RepR4","S1","MSR","other"
"4764","FJ24-FJ25::chr12:74803437-74804905",999,1001,1,1,1,"-","G","+",0,0,"-",1,1,"ACGTT","WT","D4","RepR4","S1","MSR","other"
"4765","FJ24-FJ25::chr12:74803437-74804905",1016,1018,0.5,2,1,"-","G","+",0,0,"-",2,1,"TCGCC","WT","D4","RepR4","S1","MSR","other"
"4766","FJ24-FJ25::chr12:74803437-74804905",1058,1060,1,1,1,"-","G","+",0,0,"-",1,1,"ACGTT","WT","D4","RepR4","S1","MSR","other"
"4767","FJ24-FJ25::chr13:77438509-77439457",415,417,0.855,55,47,"B","G","+",13,9,"-",42,38,"TTCGT","WT","D4","RepR4","S1","MSR","other"
"4768","FJ24-FJ25::chr13:77438509-77439457",430,432,0.836,55,46,"B","G","+",14,11,"-",41,35,"GTCGT","WT","D4","RepR4","S1","MSR","other"
"4769","FJ24-FJ25::chr14:19415282-19420102",357,359,0.833,6,5,"-","G","+",0,0,"-",6,5,"CCGAC","WT","D4","RepR4","S1","MSR","other"
"4770","FJ24-FJ25::chr14:19415282-19420102",457,459,0.72,168,121,"B","G","+",166,119,"-",2,2,"GGCGA","WT","D4","RepR4","S1","MSR","other"
"4771","FJ24-FJ25::chr14:19415282-19420102",475,477,0.705,234,165,"B","G","+",232,163,"-",2,2,"CACGG","WT","D4","RepR4","S1","MSR","other"
"4772","FJ24-FJ25::chr14:19415282-19420102",503,505,1,4,4,"B","G","+",2,2,"-",2,2,"GACGT","WT","D4","RepR4","S1","MSR","other"
"4773","FJ24-FJ25::chr14:19415282-19420102",515,517,1,2,2,"+","G","+",2,2,"-",0,0,"GTCGA","WT","D4","RepR4","S1","MSR","other"
"4774","FJ24-FJ25::chr14:19415282-19420102",618,620,0.839,161,135,"B","G","+",149,123,"-",12,12,"GACGA","WT","D4","RepR4","S1","MSR","other"
"4775","FJ24-FJ25::chr14:19415282-19420102",633,635,0.886,79,70,"B","G","+",67,58,"-",12,12,"GACGA","WT","D4","RepR4","S1","MSR","other"
"4776","FJ24-FJ25::chr14:19415282-19420102",691,693,0.76,154,117,"+","G","+",154,117,"-",0,0,"GGCGA","WT","D4","RepR4","S1","MSR","other"
"4777","FJ24-FJ25::chr14:19415282-19420102",709,711,0.775,200,155,"+","G","+",200,155,"-",0,0,"CACGG","WT","D4","RepR4","S1","MSR","other"
"4778","FJ24-FJ25::chr14:19415282-19420102",809,811,1,4,4,"+","G","+",4,4,"-",0,0,"GTCGA","WT","D4","RepR4","S1","MSR","other"
"4779","FJ24-FJ25::chr14:19415282-19420102",852,854,1,1,1,"+","G","+",1,1,"-",0,0,"GACGA","WT","D4","RepR4","S1","MSR","other"
"4780","FJ24-FJ25::chr14:19415282-19420102",883,885,1,1,1,"+","G","+",1,1,"-",0,0,"AACGT","WT","D4","RepR4","S1","MSR","other"
"4781","FJ24-FJ25::chr14:19415282-19420102",963,965,0.867,15,13,"+","G","+",15,13,"-",0,0,"CTCGT","WT","D4","RepR4","S1","MSR","other"
"4782","FJ24-FJ25::chr14:19415282-19420102",1060,1062,0.8,5,4,"B","G","+",4,3,"-",1,1,"CACGA","WT","D4","RepR4","S1","MSR","other"
"4783","FJ24-FJ25::chr14:19415282-19420102",1219,1221,0.667,3,2,"+","G","+",3,2,"-",0,0,"GACGA","WT","D4","RepR4","S1","MSR","other"
"4784","FJ24-FJ25::chr14:19415282-19420102",1276,1278,0.728,250,182,"+","G","+",250,182,"-",0,0,"GGCGA","WT","D4","RepR4","S1","MSR","other"
"4785","FJ24-FJ25::chr14:19415282-19420102",1294,1296,0.72,400,288,"B","G","+",399,288,"-",1,0,"CACGG","WT","D4","RepR4","S1","MSR","other"
"4786","FJ24-FJ25::chr14:19415282-19420102",1322,1324,0,6,0,"B","G","+",5,0,"-",1,0,"GACGT","WT","D4","RepR4","S1","MSR","other"
"4787","FJ24-FJ25::chr14:19415282-19420102",1334,1336,0.4,5,2,"+","G","+",5,2,"-",0,0,"GACGA","WT","D4","RepR4","S1","MSR","other"
"4788","FJ24-FJ25::chr14:19415282-19420102",1436,1438,0.636,11,7,"B","G","+",9,5,"-",2,2,"GACGA","WT","D4","RepR4","S1","MSR","other"
"4789","FJ24-FJ25::chr14:19415282-19420102",1451,1453,0.889,9,8,"B","G","+",7,6,"-",2,2,"GACGA","WT","D4","RepR4","S1","MSR","other"
"4790","FJ24-FJ25::chr14:19415282-19420102",1509,1511,0.665,161,107,"+","G","+",161,107,"-",0,0,"GGCGA","WT","D4","RepR4","S1","MSR","other"
"4791","FJ24-FJ25::chr14:19415282-19420102",1527,1529,0.734,233,171,"+","G","+",233,171,"-",0,0,"CTCGG","WT","D4","RepR4","S1","MSR","other"
"4792","FJ24-FJ25::chr14:19415282-19420102",1628,1630,0.222,9,2,"B","G","+",6,2,"-",3,0,"AGCGA","WT","D4","RepR4","S1","MSR","other"
"4793","FJ24-FJ25::chr14:19415282-19420102",1671,1673,0.895,76,68,"B","G","+",35,28,"-",41,40,"GACGA","WT","D4","RepR4","S1","MSR","other"
"4794","FJ24-FJ25::chr14:19415282-19420102",1686,1688,0.875,80,70,"B","G","+",40,32,"-",40,38,"GACGA","WT","D4","RepR4","S1","MSR","other"
"4795","FJ24-FJ25::chr14:19415282-19420102",1702,1704,0.633,60,38,"B","G","+",36,21,"-",24,17,"AACGT","WT","D4","RepR4","S1","MSR","other"
"4796","FJ24-FJ25::chr14:19415282-19420102",1744,1746,0.717,46,33,"+","G","+",46,33,"-",0,0,"GGCGA","WT","D4","RepR4","S1","MSR","other"
"4797","FJ24-FJ25::chr14:19415282-19420102",1762,1764,0.794,34,27,"+","G","+",34,27,"-",0,0,"CACGG","WT","D4","RepR4","S1","MSR","other"
"4798","FJ24-FJ25::chr14:19415282-19420102",1819,1821,0.6,5,3,"B","G","+",4,3,"-",1,0,"ATCGT","WT","D4","RepR4","S1","MSR","other"
"4799","FJ24-FJ25::chr14:19415282-19420102",1861,1863,0.624,85,53,"B","G","+",84,53,"-",1,0,"GGCGA","WT","D4","RepR4","S1","MSR","other"
"4800","FJ24-FJ25::chr14:19415282-19420102",1879,1881,0.657,70,46,"+","G","+",70,46,"-",0,0,"CACGG","WT","D4","RepR4","S1","MSR","other"
"4801","FJ24-FJ25::chr14:19415282-19420102",1939,1941,0,4,0,"B","G","+",2,0,"-",2,0,"GTCGA","WT","D4","RepR4","S1","MSR","other"
"4802","FJ24-FJ25::chr14:19415282-19420102",2022,2024,0.815,867,707,"B","G","+",814,661,"-",53,46,"GACGA","WT","D4","RepR4","S1","MSR","other"
"4803","FJ24-FJ25::chr14:19415282-19420102",2037,2039,0.887,693,615,"B","G","+",642,569,"-",51,46,"GACGA","WT","D4","RepR4","S1","MSR","other"
"4804","FJ24-FJ25::chr14:19415282-19420102",2053,2055,0.712,622,443,"B","G","+",580,412,"-",42,31,"AACGT","WT","D4","RepR4","S1","MSR","other"
"4805","FJ24-FJ25::chr14:19415282-19420102",2095,2097,0.753,73,55,"B","G","+",72,54,"-",1,1,"GGCGA","WT","D4","RepR4","S1","MSR","other"
"4806","FJ24-FJ25::chr14:19415282-19420102",2170,2172,0,1,0,"-","G","+",0,0,"-",1,0,"TCGTG","WT","D4","RepR4","S1","MSR","other"
"4807","FJ24-FJ25::chr14:19415282-19420102",2230,2232,0.762,512,390,"B","G","+",508,386,"-",4,4,"CACGG","WT","D4","RepR4","S1","MSR","other"
"4808","FJ24-FJ25::chr14:19415282-19420102",2370,2372,0.0152,66,1,"+","G","+",66,1,"-",0,0,"CTCGA","WT","D4","RepR4","S1","MSR","other"
"4809","FJ24-FJ25::chr14:19415282-19420102",2404,2406,0.6,15,9,"+","G","+",15,9,"-",0,0,"AACGT","WT","D4","RepR4","S1","MSR","other"
"4810","FJ24-FJ25::chr14:19415282-19420102",2437,2439,0,6,0,"+","G","+",6,0,"-",0,0,"CTCGA","WT","D4","RepR4","S1","MSR","other"
"4811","FJ24-FJ25::chr14:19415282-19420102",2446,2448,0.792,24,19,"+","G","+",24,19,"-",0,0,"GGCGA","WT","D4","RepR4","S1","MSR","other"
"4812","FJ24-FJ25::chr14:19415282-19420102",2464,2466,0.885,26,23,"+","G","+",26,23,"-",0,0,"CACGG","WT","D4","RepR4","S1","MSR","other"
"4813","FJ24-FJ25::chr14:19415282-19420102",2491,2493,1,2,2,"+","G","+",2,2,"-",0,0,"GACGG","WT","D4","RepR4","S1","MSR","other"
"4814","FJ24-FJ25::chr14:19415282-19420102",2503,2505,1,9,9,"+","G","+",9,9,"-",0,0,"GGCGA","WT","D4","RepR4","S1","MSR","other"
"4815","FJ24-FJ25::chr14:19415282-19420102",2606,2608,0.747,308,230,"B","G","+",295,217,"-",13,13,"GACGA","WT","D4","RepR4","S1","MSR","other"
"4816","FJ24-FJ25::chr14:19415282-19420102",2621,2623,0.806,160,129,"B","G","+",148,119,"-",12,10,"GACGA","WT","D4","RepR4","S1","MSR","other"
"4817","FJ24-FJ25::chr14:19415282-19420102",2637,2639,0.709,110,78,"B","G","+",107,78,"-",3,0,"AACGT","WT","D4","RepR4","S1","MSR","other"
"4818","FJ24-FJ25::chr14:19415282-19420102",2678,2680,0.818,11,9,"+","G","+",11,9,"-",0,0,"GGCGA","WT","D4","RepR4","S1","MSR","other"
"4819","FJ24-FJ25::chr14:19415282-19420102",2853,2855,0.808,26,21,"B","G","+",24,19,"-",2,2,"GACGA","WT","D4","RepR4","S1","MSR","other"
"4820","FJ24-FJ25::chr14:19415282-19420102",2929,2931,0.46,3088,1421,"B","G","+",3087,1420,"-",1,1,"CACGG","WT","D4","RepR4","S1","MSR","other"
"4821","FJ24-FJ25::chr14:19415282-19420102",2957,2959,0.429,7,3,"B","G","+",6,2,"-",1,1,"GACGT","WT","D4","RepR4","S1","MSR","other"
"4822","FJ24-FJ25::chr14:19415282-19420102",2969,2971,0.8,5,4,"+","G","+",5,4,"-",0,0,"GGCGA","WT","D4","RepR4","S1","MSR","other"
"4823","FJ24-FJ25::chr14:19415282-19420102",3072,3074,0.5,4,2,"B","G","+",2,2,"-",2,0,"GACGA","WT","D4","RepR4","S1","MSR","other"
"4824","FJ24-FJ25::chr14:19415282-19420102",3087,3089,0.75,4,3,"B","G","+",2,1,"-",2,2,"GACGG","WT","D4","RepR4","S1","MSR","other"
"4825","FJ24-FJ25::chr14:19415282-19420102",3103,3105,1,3,3,"B","G","+",2,2,"-",1,1,"AACGT","WT","D4","RepR4","S1","MSR","other"
"4826","FJ24-FJ25::chr14:19415282-19420102",3163,3165,0.895,19,17,"B","G","+",18,16,"-",1,1,"CACGA","WT","D4","RepR4","S1","MSR","other"
"4827","FJ24-FJ25::chr14:19415282-19420102",3190,3192,1,1,1,"-","G","+",0,0,"-",1,1,"ACGTG","WT","D4","RepR4","S1","MSR","other"
"4828","FJ24-FJ25::chr14:19415282-19420102",3305,3307,0.844,32,27,"B","G","+",18,15,"-",14,12,"GACGA","WT","D4","RepR4","S1","MSR","other"
"4829","FJ24-FJ25::chr14:19415282-19420102",3320,3322,0.759,29,22,"B","G","+",18,13,"-",11,9,"GACGA","WT","D4","RepR4","S1","MSR","other"
"4830","FJ24-FJ25::chr14:19415282-19420102",3336,3338,0.76,25,19,"B","G","+",17,11,"-",8,8,"AACGT","WT","D4","RepR4","S1","MSR","other"
"4831","FJ24-FJ25::chr14:19415282-19420102",3386,3388,0.571,7,4,"B","G","+",6,3,"-",1,1,"AACGG","WT","D4","RepR4","S1","MSR","other"
"4832","FJ24-FJ25::chr14:19415282-19420102",3396,3398,0.857,7,6,"+","G","+",7,6,"-",0,0,"CACGG","WT","D4","RepR4","S1","MSR","other"
"4833","FJ24-FJ25::chr14:19415282-19420102",3416,3418,0,2,0,"+","G","+",2,0,"-",0,0,"CACGT","WT","D4","RepR4","S1","MSR","other"
"4834","FJ24-FJ25::chr14:19415282-19420102",3495,3497,0.914,35,32,"B","G","+",19,16,"-",16,16,"GGCGA","WT","D4","RepR4","S1","MSR","other"
"4835","FJ24-FJ25::chr14:19415282-19420102",3513,3515,0.7,40,28,"B","G","+",25,15,"-",15,13,"CACGG","WT","D4","RepR4","S1","MSR","other"
"4836","FJ24-FJ25::chr14:19415282-19420102",3541,3543,0.833,6,5,"B","G","+",2,1,"-",4,4,"GACGT","WT","D4","RepR4","S1","MSR","other"
"4837","FJ24-FJ25::chr14:19415282-19420102",3553,3555,1,8,8,"B","G","+",4,4,"-",4,4,"GGCGA","WT","D4","RepR4","S1","MSR","other"
"4838","FJ24-FJ25::chr14:19415282-19420102",3656,3658,1,12,12,"B","G","+",4,4,"-",8,8,"GACGA","WT","D4","RepR4","S1","MSR","other"
"4839","FJ24-FJ25::chr14:19415282-19420102",3671,3673,0.923,13,12,"B","G","+",3,3,"-",10,9,"GACGA","WT","D4","RepR4","S1","MSR","other"
"4840","FJ24-FJ25::chr14:19415282-19420102",3687,3689,0.923,13,12,"B","G","+",5,5,"-",8,7,"AACGT","WT","D4","RepR4","S1","MSR","other"
"4841","FJ24-FJ25::chr14:19415282-19420102",3729,3731,1,5,5,"+","G","+",5,5,"-",0,0,"GGCGA","WT","D4","RepR4","S1","MSR","other"
"4842","FJ24-FJ25::chr14:19415282-19420102",3905,3907,1,8,8,"B","G","+",6,6,"-",2,2,"GACGA","WT","D4","RepR4","S1","MSR","other"
"4843","FJ24-FJ25::chr14:19415282-19420102",3921,3923,0.571,7,4,"B","G","+",5,2,"-",2,2,"AACGT","WT","D4","RepR4","S1","MSR","other"
"4844","FJ24-FJ25::chr14:19415282-19420102",3963,3965,0.286,7,2,"+","G","+",7,2,"-",0,0,"GGCGA","WT","D4","RepR4","S1","MSR","other"
"4845","FJ24-FJ25::chr14:19415282-19420102",3981,3983,0.364,11,4,"+","G","+",11,4,"-",0,0,"CACGG","WT","D4","RepR4","S1","MSR","other"
"4846","FJ24-FJ25::chr14:19415282-19420102",4124,4126,0.611,18,11,"B","G","+",17,10,"-",1,1,"GACGA","WT","D4","RepR4","S1","MSR","other"
"4847","FJ24-FJ25::chr14:19415282-19420102",4155,4157,0.125,8,1,"+","G","+",8,1,"-",0,0,"AACGT","WT","D4","RepR4","S1","MSR","other"
"4848","FJ24-FJ25::chr14:19415282-19420102",4166,4168,0,4,0,"+","G","+",4,0,"-",0,0,"TGCGA","WT","D4","RepR4","S1","MSR","other"
"4849","FJ24-FJ25::chr14:19415282-19420102",4272,4274,0,1,0,"+","G","+",1,0,"-",0,0,"AACGT","WT","D4","RepR4","S1","MSR","other"
"4850","FJ24-FJ25::chr14:19415282-19420102",4332,4334,0.66,50,33,"+","G","+",50,33,"-",0,0,"CACGA","WT","D4","RepR4","S1","MSR","other"
"4851","FJ24-FJ25::chr18:55939070-55940046",480,482,1,4,4,"-","G","+",0,0,"-",4,4,"TCGCC","WT","D4","RepR4","S1","MSR","other"
"4852","FJ24-FJ25::chr18:55939070-55940046",492,494,1,1,1,"-","G","+",0,0,"-",1,1,"ACGTG","WT","D4","RepR4","S1","MSR","other"
"4853","FJ24-FJ25::chr2:98663241-98664491",474,476,0.692,26,18,"-","G","+",0,0,"-",26,18,"CCGTG","WT","D4","RepR4","S1","MSR","other"
"4854","FJ24-FJ25::chr2:98663241-98664491",533,535,0.85,20,17,"-","G","+",0,0,"-",20,17,"ACGTT","WT","D4","RepR4","S1","MSR","other"
"4855","FJ24-FJ25::chr2:98663241-98664491",665,667,0.8,5,4,"-","G","+",0,0,"-",5,4,"TCGTC","WT","D4","RepR4","S1","MSR","other"
"4856","FJ24-FJ25::chr2:98663241-98664491",705,707,0.667,57,38,"B","G","+",1,1,"-",56,37,"TCCGT","WT","D4","RepR4","S1","MSR","other"
"4857","FJ24-FJ25::chr2:98663241-98664491",723,725,0.839,56,47,"B","G","+",1,0,"-",55,47,"CTCGC","WT","D4","RepR4","S1","MSR","other"
"4858","FJ24-FJ25::chr2:98663241-98664491",796,798,0.875,8,7,"B","G","+",1,1,"-",7,6,"GTCGT","WT","D4","RepR4","S1","MSR","other"
"4859","FJ24-FJ25::chr2:98666144-98667732",117,119,1,11,11,"B","G","+",8,8,"-",3,3,"GCCGG","WT","D4","RepR4","S1","MSR","other"
"4860","FJ24-FJ25::chr2:98666144-98667732",127,129,1,9,9,"B","G","+",7,7,"-",2,2,"AACGA","WT","D4","RepR4","S1","MSR","other"
"4861","FJ24-FJ25::chr2:98666144-98667732",239,241,0.889,9,8,"B","G","+",3,2,"-",6,6,"CCCGT","WT","D4","RepR4","S1","MSR","other"
"4862","FJ24-FJ25::chr2:98666144-98667732",248,250,1,13,13,"B","G","+",8,8,"-",5,5,"AACGA","WT","D4","RepR4","S1","MSR","other"
"4863","FJ24-FJ25::chr2:98666144-98667732",358,360,0.929,14,13,"B","G","+",7,7,"-",7,6,"GCCGG","WT","D4","RepR4","S1","MSR","other"
"4864","FJ24-FJ25::chr2:98666144-98667732",368,370,0.857,7,6,"B","G","+",5,5,"-",2,1,"AACGT","WT","D4","RepR4","S1","MSR","other"
"4865","FJ24-FJ25::chr2:98666144-98667732",446,448,0.838,684,573,"B","G","+",453,371,"-",231,202,"GACGA","WT","D4","RepR4","S1","MSR","other"
"4866","FJ24-FJ25::chr2:98666144-98667732",461,463,0.866,813,704,"B","G","+",606,519,"-",207,185,"GACGA","WT","D4","RepR4","S1","MSR","other"
"4867","FJ24-FJ25::chr2:98666144-98667732",477,479,0.824,865,713,"B","G","+",775,640,"-",90,73,"TACGT","WT","D4","RepR4","S1","MSR","other"
"4868","FJ24-FJ25::chr2:98666144-98667732",537,539,0.769,1055,811,"B","G","+",1028,787,"-",27,24,"CACGG","WT","D4","RepR4","S1","MSR","other"
"4869","FJ24-FJ25::chr2:98666144-98667732",565,567,0.854,48,41,"B","G","+",29,22,"-",19,19,"GACGT","WT","D4","RepR4","S1","MSR","other"
"4870","FJ24-FJ25::chr2:98666144-98667732",577,579,0.864,44,38,"B","G","+",31,26,"-",13,12,"GGCGA","WT","D4","RepR4","S1","MSR","other"
"4871","FJ24-FJ25::chr2:98666144-98667732",625,627,0.836,14300,11956,"B","G","+",14295,11951,"-",5,5,"GACGT","WT","D4","RepR4","S1","MSR","other"
"4872","FJ24-FJ25::chr2:98666144-98667732",680,682,0.814,12830,10439,"B","G","+",12810,10420,"-",20,19,"GACGA","WT","D4","RepR4","S1","MSR","other"
"4873","FJ24-FJ25::chr2:98666144-98667732",695,697,0.85,12757,10843,"B","G","+",12738,10826,"-",19,17,"GACGA","WT","D4","RepR4","S1","MSR","other"
"4874","FJ24-FJ25::chr2:98666144-98667732",711,713,0.708,12450,8810,"B","G","+",12435,8797,"-",15,13,"AACGT","WT","D4","RepR4","S1","MSR","other"
"4875","FJ24-FJ25::chr2:98666144-98667732",753,755,0.823,2541,2092,"B","G","+",2533,2086,"-",8,6,"GGCGA","WT","D4","RepR4","S1","MSR","other"
"4876","FJ24-FJ25::chr2:98666144-98667732",771,773,0.811,2399,1946,"B","G","+",2244,1808,"-",155,138,"CACGG","WT","D4","RepR4","S1","MSR","other"
"4877","FJ24-FJ25::chr2:98666144-98667732",799,801,0.929,168,156,"B","G","+",23,15,"-",145,141,"GACGT","WT","D4","RepR4","S1","MSR","other"
"4878","FJ24-FJ25::chr2:98666144-98667732",811,813,0.871,147,128,"B","G","+",27,16,"-",120,112,"GGCGA","WT","D4","RepR4","S1","MSR","other"
"4879","FJ24-FJ25::chr2:98666144-98667732",859,861,0.812,96,78,"B","G","+",83,69,"-",13,9,"GACGT","WT","D4","RepR4","S1","MSR","other"
"4880","FJ24-FJ25::chr2:98666144-98667732",946,948,0.846,13042,11037,"B","G","+",12967,10965,"-",75,72,"GACGA","WT","D4","RepR4","S1","MSR","other"
"4881","FJ24-FJ25::chr2:98666144-98667732",962,964,0.685,14926,10221,"B","G","+",14857,10172,"-",69,49,"AACGT","WT","D4","RepR4","S1","MSR","other"
"4882","FJ24-FJ25::chr2:98666144-98667732",1004,1006,0.795,20889,16597,"B","G","+",20805,16517,"-",84,80,"GGCGA","WT","D4","RepR4","S1","MSR","other"
"4883","FJ24-FJ25::chr2:98666144-98667732",1022,1024,0.802,20688,16593,"B","G","+",20620,16528,"-",68,65,"CACGG","WT","D4","RepR4","S1","MSR","other"
"4884","FJ24-FJ25::chr2:98666144-98667732",1050,1052,0.915,118,108,"B","G","+",80,72,"-",38,36,"GACGT","WT","D4","RepR4","S1","MSR","other"
"4885","FJ24-FJ25::chr2:98666144-98667732",1062,1064,0.767,116,89,"B","G","+",96,71,"-",20,18,"GGCGA","WT","D4","RepR4","S1","MSR","other"
"4886","FJ24-FJ25::chr2:98666144-98667732",1110,1112,0.795,6943,5519,"B","G","+",6929,5506,"-",14,13,"GACGT","WT","D4","RepR4","S1","MSR","other"
"4887","FJ24-FJ25::chr2:98666144-98667732",1165,1167,0.759,345,262,"B","G","+",335,253,"-",10,9,"GACGA","WT","D4","RepR4","S1","MSR","other"
"4888","FJ24-FJ25::chr2:98666144-98667732",1180,1182,0.814,102,83,"B","G","+",96,77,"-",6,6,"GACGA","WT","D4","RepR4","S1","MSR","other"
"4889","FJ24-FJ25::chr3:56575034-56576151",474,476,1,1,1,"-","G","+",0,0,"-",1,1,"ACGTT","WT","D4","RepR4","S1","MSR","other"
"4890","FJ24-FJ25::chr3:56575034-56576151",649,651,0.5,2,1,"B","G","+",1,1,"-",1,0,"CACGT","WT","D4","RepR4","S1","MSR","other"
"4891","FJ24-FJ25::chr3:56575034-56576151",666,668,1,3,3,"B","G","+",1,1,"-",2,2,"CTCGC","WT","D4","RepR4","S1","MSR","other"
"4892","FJ24-FJ25::chr3:56575034-56576151",741,743,0,1,0,"-","G","+",0,0,"-",1,0,"TCGCT","WT","D4","RepR4","S1","MSR","other"
"4893","FJ24-FJ25::chr3:99980694-99981794",509,511,1,2,2,"-","G","+",0,0,"-",2,2,"ACGTT","WT","D4","RepR4","S1","MSR","other"
"4894","FJ24-FJ25::chr3:99980694-99981794",526,528,1,1,1,"-","G","+",0,0,"-",1,1,"TCGCC","WT","D4","RepR4","S1","MSR","other"
"4895","FJ24-FJ25::chr4:3089104-3091584",663,665,0,1,0,"+","G","+",1,0,"-",0,0,"AACGT","WT","D4","RepR4","S1","MSR","other"
"4896","FJ24-FJ25::chr4:3089104-3091584",997,999,0.75,4,3,"+","G","+",4,3,"-",0,0,"GGCGA","WT","D4","RepR4","S1","MSR","other"
"4897","FJ24-FJ25::chr4:3089104-3091584",1104,1106,0.583,12,7,"+","G","+",12,7,"-",0,0,"GACGT","WT","D4","RepR4","S1","MSR","other"
"4898","FJ24-FJ25::chr4:3089104-3091584",1116,1118,0.538,13,7,"+","G","+",13,7,"-",0,0,"GGCGA","WT","D4","RepR4","S1","MSR","other"
"4899","FJ24-FJ25::chr4:3089104-3091584",1132,1134,0,8,0,"+","G","+",8,0,"-",0,0,"AACGT","WT","D4","RepR4","S1","MSR","other"
"4900","FJ24-FJ25::chr4:3089104-3091584",1195,1197,1,1,1,"+","G","+",1,1,"-",0,0,"ACCGT","WT","D4","RepR4","S1","MSR","other"
"4901","FJ24-FJ25::chr4:3089104-3091584",1237,1239,1,1,1,"+","G","+",1,1,"-",0,0,"GGCGA","WT","D4","RepR4","S1","MSR","other"
"4902","FJ24-FJ25::chr4:3089104-3091584",1254,1256,0,1,0,"+","G","+",1,0,"-",0,0,"AACGT","WT","D4","RepR4","S1","MSR","other"
"4903","FJ24-FJ25::chr4:3089104-3091584",1564,1566,0,2,0,"+","G","+",2,0,"-",0,0,"AACGC","WT","D4","RepR4","S1","MSR","other"
"4904","FJ24-FJ25::chr4:3089104-3091584",1590,1592,1,2,2,"+","G","+",2,2,"-",0,0,"GTCGA","WT","D4","RepR4","S1","MSR","other"
"4905","FJ24-FJ25::chr4:3089104-3091584",1607,1609,0,2,0,"+","G","+",2,0,"-",0,0,"AACGT","WT","D4","RepR4","S1","MSR","other"
"4906","FJ24-FJ25::chr4:3089104-3091584",2375,2377,0.636,22,14,"B","G","+",1,0,"-",21,14,"TTCGA","WT","D4","RepR4","S1","MSR","other"
"4907","FJ24-FJ25::chr4:3089104-3091584",2440,2442,1,2,2,"+","G","+",2,2,"-",0,0,"CTCGA","WT","D4","RepR4","S1","MSR","other"
"4908","FJ24-FJ25::chr4:70377716-70378654",463,465,0.545,11,6,"+","G","+",11,6,"-",0,0,"GGCGA","WT","D4","RepR4","S1","MSR","other"
"4909","FJ24-FJ25::chr4:70377716-70378654",481,483,0.4,10,4,"+","G","+",10,4,"-",0,0,"CACGG","WT","D4","RepR4","S1","MSR","other"
"4910","FJ24-FJ25::chr5:104156087-104156938",131,133,0,1,0,"+","G","+",1,0,"-",0,0,"TCCGC","WT","D4","RepR4","S1","MSR","other"
"4911","FJ24-FJ25::chr5:114922054-114923002",434,436,1,2,2,"B","G","+",1,1,"-",1,1,"CACGT","WT","D4","RepR4","S1","MSR","other"
"4912","FJ24-FJ25::chr5:114922054-114923002",451,453,0,1,0,"+","G","+",1,0,"-",0,0,"CTCGC","WT","D4","RepR4","S1","MSR","other"
"4913","FJ24-FJ25::chr8:23095075-23096205",332,334,1,2,2,"+","G","+",2,2,"-",0,0,"TGCGT","WT","D4","RepR4","S1","MSR","other"
"4914","FJ24-FJ25::chr8:23095075-23096205",354,356,0,2,0,"+","G","+",2,0,"-",0,0,"TGCGT","WT","D4","RepR4","S1","MSR","other"
"4915","FJ24-FJ25::chr8:23095075-23096205",417,419,1,3,3,"B","G","+",1,1,"-",2,2,"GGCGA","WT","D4","RepR4","S1","MSR","other"
"4916","FJ24-FJ25::chr8:23095075-23096205",425,427,1,3,3,"B","G","+",1,1,"-",2,2,"AACGG","WT","D4","RepR4","S1","MSR","other"
"4917","FJ24-FJ25::chr8:23095075-23096205",492,494,0,1,0,"+","G","+",1,0,"-",0,0,"AACGT","WT","D4","RepR4","S1","MSR","other"
"4918","FJ24-FJ25::chr8:23095075-23096205",593,595,0,1,0,"-","G","+",0,0,"-",1,0,"GCGAT","WT","D4","RepR4","S1","MSR","other"
"4919","FJ24-FJ25::chr8:23095075-23096205",710,712,1,2,2,"-","G","+",0,0,"-",2,2,"GCGAG","WT","D4","RepR4","S1","MSR","other"
"4920","FJ24-FJ25::chr9:21878296-21879293",900,902,0.5,2,1,"+","G","+",2,1,"-",0,0,"GCCGC","WT","D4","RepR4","S1","MSR","other"
"4921","FJ24-FJ25::chr9:21878296-21879293",902,904,0,2,0,"B","G","+",1,0,"-",1,0,"CGCGC","WT","D4","RepR4","S1","MSR","other"
"4922","FJ24-FJ25::chr9:21878296-21879293",912,914,0.5,4,2,"B","G","+",3,2,"-",1,0,"TTCGC","WT","D4","RepR4","S1","MSR","other"
"4923","FJ24-FJ25::chr9:21878296-21879293",915,917,1,3,3,"+","G","+",3,3,"-",0,0,"GCCGT","WT","D4","RepR4","S1","MSR","other"
"4924","FJ24-FJ25::chr9:21878296-21879293",928,930,0.75,4,3,"+","G","+",4,3,"-",0,0,"GGCGC","WT","D4","RepR4","S1","MSR","other"
"4925","FJ24-FJ25::chr9:21878296-21879293",967,969,0.25,4,1,"+","G","+",4,1,"-",0,0,"TGCGC","WT","D4","RepR4","S1","MSR","other"
"4926","FJ24-FJ25::chr9:2999602-3038819",428,430,0.5,8,4,"-","G","+",0,0,"-",8,4,"ACGTT","WT","D4","RepR4","S1","MSR","other"
"4927","FJ24-FJ25::chr9:2999602-3038819",444,446,0.875,8,7,"-","G","+",0,0,"-",8,7,"TCGTC","WT","D4","RepR4","S1","MSR","other"
"4928","FJ24-FJ25::chr9:2999602-3038819",604,606,0.634,41,26,"B","G","+",1,1,"-",40,25,"CACGT","WT","D4","RepR4","S1","MSR","other"
"4929","FJ24-FJ25::chr9:2999602-3038819",620,622,0.95,20,19,"B","G","+",1,0,"-",19,19,"TTCGT","WT","D4","RepR4","S1","MSR","other"
"4930","FJ24-FJ25::chr9:2999602-3038819",738,740,0.96,25,24,"B","G","+",9,9,"-",16,15,"CTCGC","WT","D4","RepR4","S1","MSR","other"
"4931","FJ24-FJ25::chr9:2999602-3038819",750,752,0.966,29,28,"B","G","+",12,11,"-",17,17,"CACGT","WT","D4","RepR4","S1","MSR","other"
"4932","FJ24-FJ25::chr9:2999602-3038819",778,780,0.747,1642,1227,"B","G","+",11,11,"-",1631,1216,"TCCGT","WT","D4","RepR4","S1","MSR","other"
"4933","FJ24-FJ25::chr9:2999602-3038819",796,798,0.716,1466,1049,"B","G","+",3,2,"-",1463,1047,"CTCGA","WT","D4","RepR4","S1","MSR","other"
"4934","FJ24-FJ25::chr9:2999602-3038819",838,840,0.694,209,145,"B","G","+",4,3,"-",205,142,"CACGT","WT","D4","RepR4","S1","MSR","other"
"4935","FJ24-FJ25::chr9:2999602-3038819",854,856,0.8,195,156,"B","G","+",9,4,"-",186,152,"TTCGT","WT","D4","RepR4","S1","MSR","other"
"4936","FJ24-FJ25::chr9:2999602-3038819",866,868,0.765,85,65,"B","G","+",9,5,"-",76,60,"CACGT","WT","D4","RepR4","S1","MSR","other"
"4937","FJ24-FJ25::chr9:2999602-3038819",869,871,0.732,179,131,"B","G","+",12,12,"-",167,119,"GTCGT","WT","D4","RepR4","S1","MSR","other"
"4938","FJ24-FJ25::chr9:2999602-3038819",972,974,0.806,124,100,"B","G","+",9,9,"-",115,91,"CTCGC","WT","D4","RepR4","S1","MSR","other"
"4939","FJ24-FJ25::chr9:2999602-3038819",984,986,0.86,100,86,"B","G","+",12,12,"-",88,74,"CACGT","WT","D4","RepR4","S1","MSR","other"
"4940","FJ24-FJ25::chr9:2999602-3038819",1012,1014,0.803,66,53,"B","G","+",6,6,"-",60,47,"TCCGT","WT","D4","RepR4","S1","MSR","other"
"4941","FJ24-FJ25::chr9:2999602-3038819",1030,1032,0.703,37,26,"-","G","+",0,0,"-",37,26,"TCGAC","WT","D4","RepR4","S1","MSR","other"
"4942","FJ24-FJ25::chr9:2999602-3038819",1072,1074,0.75,4,3,"-","G","+",0,0,"-",4,3,"ACGTT","WT","D4","RepR4","S1","MSR","other"
"4943","FJ24-FJ25::chr9:2999602-3038819",1103,1105,0.75,4,3,"-","G","+",0,0,"-",4,3,"TCGTC","WT","D4","RepR4","S1","MSR","other"
"4944","FJ24-FJ25::chr9:2999602-3038819",1158,1160,0.773,22,17,"-","G","+",0,0,"-",22,17,"ACGTC","WT","D4","RepR4","S1","MSR","other"
"4945","FJ24-FJ25::chr9:2999602-3038819",1248,1250,0.681,47,32,"-","G","+",0,0,"-",47,32,"ACGTT","WT","D4","RepR4","S1","MSR","other"
"4946","FJ24-FJ25::chr9:2999602-3038819",1264,1266,0.838,37,31,"-","G","+",0,0,"-",37,31,"TCGTC","WT","D4","RepR4","S1","MSR","other"
"4947","FJ24-FJ25::chr9:2999602-3038819",1382,1384,0.68,50,34,"B","G","+",9,9,"-",41,25,"CTCGC","WT","D4","RepR4","S1","MSR","other"
"4948","FJ24-FJ25::chr9:2999602-3038819",1394,1396,0.836,55,46,"B","G","+",13,13,"-",42,33,"CACGT","WT","D4","RepR4","S1","MSR","other"
"4949","FJ24-FJ25::chr9:2999602-3038819",1422,1424,0.519,158,82,"B","G","+",11,9,"-",147,73,"TCCGT","WT","D4","RepR4","S1","MSR","other"
"4950","FJ24-FJ25::chr9:2999602-3038819",1440,1442,0.705,44,31,"B","G","+",2,0,"-",42,31,"ATCGC","WT","D4","RepR4","S1","MSR","other"
"4951","FJ24-FJ25::chr9:2999602-3038819",1459,1461,0,40,0,"-","G","+",0,0,"-",40,0,"ACGGT","WT","D4","RepR4","S1","MSR","other"
"4952","FJ24-FJ25::chr9:2999602-3038819",1616,1618,1,4,4,"-","G","+",0,0,"-",4,4,"TCGCC","WT","D4","RepR4","S1","MSR","other"
"4953","FJ24-FJ25::chr9:2999602-3038819",1674,1676,0.79,81,64,"-","G","+",0,0,"-",81,64,"TCGCC","WT","D4","RepR4","S1","MSR","other"
"4954","FJ24-FJ25::chr9:2999602-3038819",1716,1718,0.667,135,90,"B","G","+",2,2,"-",133,88,"CACGT","WT","D4","RepR4","S1","MSR","other"
"4955","FJ24-FJ25::chr9:2999602-3038819",1732,1734,0.851,141,120,"B","G","+",5,4,"-",136,116,"TTCGT","WT","D4","RepR4","S1","MSR","other"
"4956","FJ24-FJ25::chr9:2999602-3038819",1850,1852,0.833,60,50,"B","G","+",1,1,"-",59,49,"CTCGC","WT","D4","RepR4","S1","MSR","other"
"4957","FJ24-FJ25::chr9:2999602-3038819",1862,1864,0.904,52,47,"B","G","+",2,2,"-",50,45,"CACGT","WT","D4","RepR4","S1","MSR","other"
"4958","FJ24-FJ25::chr9:2999602-3038819",1890,1892,0.765,196,150,"B","G","+",3,1,"-",193,149,"TCCGT","WT","D4","RepR4","S1","MSR","other"
"4959","FJ24-FJ25::chr9:2999602-3038819",1908,1910,0.799,134,107,"B","G","+",2,2,"-",132,105,"CTCGC","WT","D4","RepR4","S1","MSR","other"
"4960","FJ24-FJ25::chr9:2999602-3038819",1949,1951,0,2,0,"-","G","+",0,0,"-",2,0,"ACGTT","WT","D4","RepR4","S1","MSR","other"
"4961","FJ24-FJ25::chr9:2999602-3038819",2083,2085,0.667,6,4,"B","G","+",2,2,"-",4,2,"CTCGC","WT","D4","RepR4","S1","MSR","other"
"4962","FJ24-FJ25::chr9:2999602-3038819",2095,2097,0.667,6,4,"B","G","+",2,2,"-",4,2,"CACGT","WT","D4","RepR4","S1","MSR","other"
"4963","FJ24-FJ25::chr9:2999602-3038819",2123,2125,0.579,57,33,"B","G","+",3,2,"-",54,31,"TCCGT","WT","D4","RepR4","S1","MSR","other"
"4964","FJ24-FJ25::chr9:2999602-3038819",2141,2143,0.659,44,29,"B","G","+",2,2,"-",42,27,"CTCGC","WT","D4","RepR4","S1","MSR","other"
"4965","FJ24-FJ25::chr9:2999602-3038819",2183,2185,0.364,11,4,"B","G","+",2,0,"-",9,4,"CACGT","WT","D4","RepR4","S1","MSR","other"
"4966","FJ24-FJ25::chr9:2999602-3038819",2199,2201,0.923,13,12,"B","G","+",3,3,"-",10,9,"TTCGT","WT","D4","RepR4","S1","MSR","other"
"4967","FJ24-FJ25::chr9:2999602-3038819",2357,2359,0.9,10,9,"B","G","+",3,3,"-",7,6,"TCCGT","WT","D4","RepR4","S1","MSR","other"
"4968","FJ24-FJ25::chr9:2999602-3038819",2375,2377,1,9,9,"B","G","+",3,3,"-",6,6,"CTCGC","WT","D4","RepR4","S1","MSR","other"
"4969","FJ24-FJ25::chr9:2999602-3038819",2433,2435,0.95,20,19,"-","G","+",0,0,"-",20,19,"TCGTC","WT","D4","RepR4","S1","MSR","other"
"4970","FJ24-FJ25::chr9:2999602-3038819",2448,2450,0.76,75,57,"-","G","+",0,0,"-",75,57,"TCGTC","WT","D4","RepR4","S1","MSR","other"
"4971","FJ24-FJ25::chr9:2999602-3038819",2551,2553,0.667,21,14,"-","G","+",0,0,"-",21,14,"TCGCC","WT","D4","RepR4","S1","MSR","other"
"4972","FJ24-FJ25::chr9:2999602-3038819",2609,2611,0.651,86,56,"-","G","+",0,0,"-",86,56,"TCGCC","WT","D4","RepR4","S1","MSR","other"
"4973","FJ24-FJ25::chr9:2999602-3038819",2651,2653,0.938,16,15,"B","G","+",1,1,"-",15,14,"CACGT","WT","D4","RepR4","S1","MSR","other"
"4974","FJ24-FJ25::chr9:2999602-3038819",2667,2669,0.933,15,14,"B","G","+",1,1,"-",14,13,"TTCGT","WT","D4","RepR4","S1","MSR","other"
"4975","FJ24-FJ25::chr9:2999602-3038819",2825,2827,0.542,249,135,"-","G","+",0,0,"-",249,135,"CCGTG","WT","D4","RepR4","S1","MSR","other"
"4976","FJ24-FJ25::chr9:2999602-3038819",2885,2887,1,1,1,"-","G","+",0,0,"-",1,1,"ACGTT","WT","D4","RepR4","S1","MSR","other"
"4977","FJ24-FJ25::chr9:2999602-3038819",3001,3003,1,1,1,"-","G","+",0,0,"-",1,1,"ACGTT","WT","D4","RepR4","S1","MSR","other"
"4978","FJ24-FJ25::chr9:2999602-3038819",3135,3137,0.625,8,5,"B","G","+",3,3,"-",5,2,"CTCGC","WT","D4","RepR4","S1","MSR","other"
"4979","FJ24-FJ25::chr9:2999602-3038819",3147,3149,0.667,9,6,"B","G","+",4,4,"-",5,2,"CACGT","WT","D4","RepR4","S1","MSR","other"
"4980","FJ24-FJ25::chr9:2999602-3038819",3175,3177,0.73,178,130,"B","G","+",4,2,"-",174,128,"TCCGT","WT","D4","RepR4","S1","MSR","other"
"4981","FJ24-FJ25::chr9:2999602-3038819",3193,3195,0.763,135,103,"B","G","+",3,3,"-",132,100,"CTCGC","WT","D4","RepR4","S1","MSR","other"
"4982","FJ24-FJ25::chr9:2999602-3038819",3234,3236,1,3,3,"-","G","+",0,0,"-",3,3,"ACGTT","WT","D4","RepR4","S1","MSR","other"
"4983","FJ24-FJ25::chr9:2999602-3038819",3380,3382,1,1,1,"-","G","+",0,0,"-",1,1,"ACGTC","WT","D4","RepR4","S1","MSR","other"
"4984","FJ24-FJ25::chr9:2999602-3038819",3408,3410,0.878,49,43,"-","G","+",0,0,"-",49,43,"CCGTG","WT","D4","RepR4","S1","MSR","other"
"4985","FJ24-FJ25::chr9:2999602-3038819",3426,3428,0.776,49,38,"-","G","+",0,0,"-",49,38,"TCGCC","WT","D4","RepR4","S1","MSR","other"
"4986","FJ24-FJ25::chr9:2999602-3038819",3468,3470,1,7,7,"B","G","+",3,3,"-",4,4,"CACGT","WT","D4","RepR4","S1","MSR","other"
"4987","FJ24-FJ25::chr9:2999602-3038819",3484,3486,0.875,8,7,"B","G","+",4,3,"-",4,4,"TTCGT","WT","D4","RepR4","S1","MSR","other"
"4988","FJ24-FJ25::chr9:2999602-3038819",3642,3644,0.533,15,8,"B","G","+",1,1,"-",14,7,"TCCGT","WT","D4","RepR4","S1","MSR","other"
"4989","FJ24-FJ25::chr9:2999602-3038819",3660,3662,0.538,13,7,"B","G","+",2,2,"-",11,5,"CTCGC","WT","D4","RepR4","S1","MSR","other"
"4990","FJ24-FJ25::chr9:2999602-3038819",3718,3720,1,2,2,"-","G","+",0,0,"-",2,2,"TCGTC","WT","D4","RepR4","S1","MSR","other"
"4991","FJ24-FJ25::chr9:2999602-3038819",3733,3735,0.836,55,46,"B","G","+",3,3,"-",52,43,"GTCGT","WT","D4","RepR4","S1","MSR","other"
"4992","FJ24-FJ25::chr9:2999602-3038819",3836,3838,0.8,15,12,"B","G","+",3,3,"-",12,9,"CTCGC","WT","D4","RepR4","S1","MSR","other"
"4993","FJ24-FJ25::chr9:2999602-3038819",3894,3896,0.721,165,119,"-","G","+",0,0,"-",165,119,"TCGCC","WT","D4","RepR4","S1","MSR","other"
"4994","FJ24-FJ25::chr9:2999602-3038819",3936,3938,0.71,62,44,"-","G","+",0,0,"-",62,44,"ACGTT","WT","D4","RepR4","S1","MSR","other"
"4995","FJ24-FJ25::chr9:2999602-3038819",4128,4130,0.82,122,100,"-","G","+",0,0,"-",122,100,"TCGCC","WT","D4","RepR4","S1","MSR","other"
"4996","FJ24-FJ25::chr9:2999602-3038819",4187,4189,1,1,1,"-","G","+",0,0,"-",1,1,"TCGTC","WT","D4","RepR4","S1","MSR","other"
"4997","FJ24-FJ25::chr9:2999602-3038819",4303,4305,0.676,111,75,"-","G","+",0,0,"-",111,75,"TCGCC","WT","D4","RepR4","S1","MSR","other"
"4998","FJ24-FJ25::chr9:2999602-3038819",4346,4348,0.667,6,4,"-","G","+",0,0,"-",6,4,"ACGTT","WT","D4","RepR4","S1","MSR","other"
"4999","FJ24-FJ25::chr9:2999602-3038819",4362,4364,0.5,4,2,"-","G","+",0,0,"-",4,2,"TCGTC","WT","D4","RepR4","S1","MSR","other"
"5000","FJ24-FJ25::chr9:2999602-3038819",4374,4376,0,2,0,"-","G","+",0,0,"-",2,0,"ACGTT","WT","D4","RepR4","S1","MSR","other"
"5001","FJ24-FJ25::chr9:2999602-3038819",4480,4482,1,1,1,"-","G","+",0,0,"-",1,1,"TCGCC","WT","D4","RepR4","S1","MSR","other"
"5002","FJ24-FJ25::chr9:2999602-3038819",4520,4522,0.563,10320,5807,"-","G","+",0,0,"-",10320,5807,"CCGTG","WT","D4","RepR4","S1","MSR","other"
"5003","FJ24-FJ25::chr9:2999602-3038819",4580,4582,0.714,553,395,"B","G","+",16,15,"-",537,380,"CACGT","WT","D4","RepR4","S1","MSR","other"
"5004","FJ24-FJ25::chr9:2999602-3038819",4596,4598,0.855,517,442,"B","G","+",26,25,"-",491,417,"TTCGT","WT","D4","RepR4","S1","MSR","other"
"5005","FJ24-FJ25::chr9:2999602-3038819",4611,4613,0.825,583,481,"B","G","+",30,29,"-",553,452,"GTCGT","WT","D4","RepR4","S1","MSR","other"
"5006","FJ24-FJ25::chr9:2999602-3038819",4654,4656,0.211,19,4,"B","G","+",2,0,"-",17,4,"CTCGC","WT","D4","RepR4","S1","MSR","other"
"5007","FJ24-FJ25::chr9:2999602-3038819",4754,4756,0.578,154,89,"B","G","+",1,0,"-",153,89,"TCCGT","WT","D4","RepR4","S1","MSR","other"
"5008","FJ24-FJ25::chr9:2999602-3038819",4814,4816,0.7,10,7,"B","G","+",2,2,"-",8,5,"CACGT","WT","D4","RepR4","S1","MSR","other"
"5009","FJ24-FJ25::chr9:2999602-3038819",4844,4846,0.875,8,7,"-","G","+",0,0,"-",8,7,"TCGTC","WT","D4","RepR4","S1","MSR","other"
"5010","FJ24-FJ25::chr9:2999602-3038819",4899,4901,0.538,13,7,"-","G","+",0,0,"-",13,7,"ACGTC","WT","D4","RepR4","S1","MSR","other"
"5011","FJ24-FJ25::chr9:2999602-3038819",4947,4949,1,1,1,"+","G","+",1,1,"-",0,0,"TTCGC","WT","D4","RepR4","S1","MSR","other"
"5012","FJ24-FJ25::chr9:2999602-3038819",4959,4961,1,3,3,"+","G","+",3,3,"-",0,0,"CACGT","WT","D4","RepR4","S1","MSR","other"
"5013","FJ24-FJ25::chr9:2999602-3038819",4987,4989,0.776,822,638,"B","G","+",4,4,"-",818,634,"TCCGT","WT","D4","RepR4","S1","MSR","other"
"5014","FJ24-FJ25::chr9:2999602-3038819",5005,5007,0.652,833,543,"B","G","+",5,4,"-",828,539,"CTCGC","WT","D4","RepR4","S1","MSR","other"
"5015","FJ24-FJ25::chr9:2999602-3038819",5047,5049,0.689,472,325,"B","G","+",1,0,"-",471,325,"CACGT","WT","D4","RepR4","S1","MSR","other"
"5016","FJ24-FJ25::chr9:2999602-3038819",5063,5065,0.856,438,375,"B","G","+",1,1,"-",437,374,"TTCGT","WT","D4","RepR4","S1","MSR","other"
"5017","FJ24-FJ25::chr9:2999602-3038819",5078,5080,0.825,521,430,"B","G","+",4,4,"-",517,426,"GTCGT","WT","D4","RepR4","S1","MSR","other"
"5018","FJ24-FJ25::chr9:2999602-3038819",5181,5183,0.857,7,6,"B","G","+",5,4,"-",2,2,"CTCGC","WT","D4","RepR4","S1","MSR","other"
"5019","FJ24-FJ25::chr9:2999602-3038819",5193,5195,0.714,7,5,"B","G","+",6,4,"-",1,1,"CACGT","WT","D4","RepR4","S1","MSR","other"
"5020","FJ24-FJ25::chr9:2999602-3038819",5221,5223,0.757,177,134,"B","G","+",6,0,"-",171,134,"ACCGT","WT","D4","RepR4","S1","MSR","other"
"5021","FJ24-FJ25::chr9:2999602-3038819",5455,5457,0,5,0,"-","G","+",0,0,"-",5,0,"TCGTG","WT","D4","RepR4","S1","MSR","other"
"5022","FJ24-FJ25::chr9:2999602-3038819",5515,5517,1,1,1,"-","G","+",0,0,"-",1,1,"ACGTT","WT","D4","RepR4","S1","MSR","other"
"5023","FJ24-FJ25::chr9:2999602-3038819",5707,5709,0.75,56,42,"B","G","+",1,0,"-",55,42,"CTCGC","WT","D4","RepR4","S1","MSR","other"
"5024","FJ24-FJ25::chr9:2999602-3038819",6098,6100,0.823,62,51,"-","G","+",0,0,"-",62,51,"CCGTG","WT","D4","RepR4","S1","MSR","other"
"5025","FJ24-FJ25::chr9:2999602-3038819",6116,6118,0.667,36,24,"-","G","+",0,0,"-",36,24,"TCGCC","WT","D4","RepR4","S1","MSR","other"
"5026","FJ24-FJ25::chr9:2999602-3038819",6158,6160,0.5,4,2,"-","G","+",0,0,"-",4,2,"ACGTT","WT","D4","RepR4","S1","MSR","other"
"5027","FJ24-FJ25::chr9:2999602-3038819",6174,6176,1,2,2,"-","G","+",0,0,"-",2,2,"TCGTC","WT","D4","RepR4","S1","MSR","other"
"5028","FJ24-FJ25::chr9:2999602-3038819",6189,6191,1,1,1,"-","G","+",0,0,"-",1,1,"TCGTC","WT","D4","RepR4","S1","MSR","other"
"5029","FJ24-FJ25::chr9:2999602-3038819",6244,6246,1,10,10,"B","G","+",1,1,"-",9,9,"CACGT","WT","D4","RepR4","S1","MSR","other"
"5030","FJ24-FJ25::chr9:2999602-3038819",6334,6336,1,4,4,"B","G","+",1,1,"-",3,3,"CACGT","WT","D4","RepR4","S1","MSR","other"
"5031","FJ24-FJ25::chr9:2999602-3038819",6350,6352,1,3,3,"B","G","+",1,1,"-",2,2,"TTCGT","WT","D4","RepR4","S1","MSR","other"
"5032","FJ24-FJ25::chr9:2999602-3038819",6390,6392,0.88,50,44,"-","G","+",0,0,"-",50,44,"CCGTG","WT","D4","RepR4","S1","MSR","other"
"5033","FJ24-FJ25::chr9:2999602-3038819",6434,6436,0.0204,49,1,"-","G","+",0,0,"-",49,1,"ACGTT","WT","D4","RepR4","S1","MSR","other"
"5034","FJ24-FJ25::chr9:2999602-3038819",6508,6510,0.737,19,14,"-","G","+",0,0,"-",19,14,"CCGTG","WT","D4","RepR4","S1","MSR","other"
"5035","FJ24-FJ25::chr9:2999602-3038819",6526,6528,0.769,13,10,"-","G","+",0,0,"-",13,10,"TCGCC","WT","D4","RepR4","S1","MSR","other"
"5036","FJ24-FJ25::chr9:2999602-3038819",6702,6704,0,1,0,"-","G","+",0,0,"-",1,0,"TCGCC","WT","D4","RepR4","S1","MSR","other"
"5037","FJ24-FJ25::chr9:2999602-3038819",6760,6762,0.691,434,300,"-","G","+",0,0,"-",434,300,"TCGCC","WT","D4","RepR4","S1","MSR","other"
"5038","FJ24-FJ25::chr9:2999602-3038819",6802,6804,0.667,15,10,"-","G","+",0,0,"-",15,10,"ACGTT","WT","D4","RepR4","S1","MSR","other"
"5039","FJ24-FJ25::chr9:2999602-3038819",6818,6820,0.87,23,20,"-","G","+",0,0,"-",23,20,"TCGTC","WT","D4","RepR4","S1","MSR","other"
"5040","FJ24-FJ25::chr9:2999602-3038819",6994,6996,0,1,0,"-","G","+",0,0,"-",1,0,"TCGAC","WT","D4","RepR4","S1","MSR","other"
"5041","FJ24-FJ25::chr9:2999602-3038819",7051,7053,1,8,8,"B","G","+",1,1,"-",7,7,"TTCGT","WT","D4","RepR4","S1","MSR","other"
"5042","FJ24-FJ25::chr9:2999602-3038819",7169,7171,0.742,31,23,"B","G","+",4,4,"-",27,19,"CTCGC","WT","D4","RepR4","S1","MSR","other"
"5043","FJ24-FJ25::chr9:2999602-3038819",7181,7183,0.794,34,27,"B","G","+",5,5,"-",29,22,"CACGT","WT","D4","RepR4","S1","MSR","other"
"5044","FJ24-FJ25::chr9:2999602-3038819",7209,7211,0.753,11497,8654,"B","G","+",9,9,"-",11488,8645,"TCCGT","WT","D4","RepR4","S1","MSR","other"
"5045","FJ24-FJ25::chr9:2999602-3038819",7227,7229,0.725,11598,8409,"B","G","+",9,9,"-",11589,8400,"CTCGC","WT","D4","RepR4","S1","MSR","other"
"5046","FJ24-FJ25::chr9:2999602-3038819",7269,7271,0.603,194,117,"B","G","+",4,4,"-",190,113,"CACGT","WT","D4","RepR4","S1","MSR","other"
"5047","FJ24-FJ25::chr9:2999602-3038819",7285,7287,0.819,116,95,"B","G","+",2,2,"-",114,93,"TTCGT","WT","D4","RepR4","S1","MSR","other"
"5048","FJ24-FJ25::chr9:2999602-3038819",7444,7446,1,1,1,"+","G","+",1,1,"-",0,0,"TTCGG","WT","D4","RepR4","S1","MSR","other"
"5049","FJ24-FJ25::chr9:2999602-3038819",7463,7465,1,1,1,"-","G","+",0,0,"-",1,1,"TCGCC","WT","D4","RepR4","S1","MSR","other"
"5050","FJ24-FJ25::chr9:2999602-3038819",7506,7508,0.8,10,8,"B","G","+",5,3,"-",5,5,"CACGT","WT","D4","RepR4","S1","MSR","other"
"5051","FJ24-FJ25::chr9:2999602-3038819",7522,7524,0.889,18,16,"B","G","+",11,10,"-",7,6,"TTCGT","WT","D4","RepR4","S1","MSR","other"
"5052","FJ24-FJ25::chr9:2999602-3038819",7537,7539,0.9,30,27,"B","G","+",14,13,"-",16,14,"GTCGT","WT","D4","RepR4","S1","MSR","other"
"5053","FJ24-FJ25::chr9:2999602-3038819",7698,7700,0.743,1703,1266,"B","G","+",1,1,"-",1702,1265,"CTCGC","WT","D4","RepR4","S1","MSR","other"
"5054","FJ24-FJ25::chr9:2999602-3038819",7799,7801,0.732,355,260,"B","G","+",1,1,"-",354,259,"TCCGT","WT","D4","RepR4","S1","MSR","other"
"5055","FJ24-FJ25::chr9:2999602-3038819",7817,7819,0.667,372,248,"B","G","+",1,1,"-",371,247,"CTCGC","WT","D4","RepR4","S1","MSR","other"
"5056","FJ24-FJ25::chr9:2999602-3038819",7859,7861,0.5,18,9,"-","G","+",0,0,"-",18,9,"ACGTT","WT","D4","RepR4","S1","MSR","other"
"5057","FJ24-FJ25::chr9:2999602-3038819",7992,7994,0.6,5,3,"-","G","+",0,0,"-",5,3,"TCGCC","WT","D4","RepR4","S1","MSR","other"
"5058","FJ24-FJ25::chr9:2999602-3038819",8004,8006,0.4,5,2,"-","G","+",0,0,"-",5,2,"ACGTC","WT","D4","RepR4","S1","MSR","other"
"5059","FJ24-FJ25::chr9:2999602-3038819",8032,8034,0.755,314,237,"B","G","+",3,3,"-",311,234,"TCCGT","WT","D4","RepR4","S1","MSR","other"
"5060","FJ24-FJ25::chr9:2999602-3038819",8050,8052,0.768,224,172,"B","G","+",3,3,"-",221,169,"CTCGC","WT","D4","RepR4","S1","MSR","other"
"5061","FJ24-FJ25::chr9:2999602-3038819",8091,8093,0.333,3,1,"-","G","+",0,0,"-",3,1,"ACGTT","WT","D4","RepR4","S1","MSR","other"
"5062","FJ24-FJ25::chr9:2999602-3038819",8265,8267,0.5,2,1,"-","G","+",0,0,"-",2,1,"TCGTG","WT","D4","RepR4","S1","MSR","other"
"5063","FJ24-FJ25::chr9:2999602-3038819",8283,8285,1,1,1,"-","G","+",0,0,"-",1,1,"TCGCC","WT","D4","RepR4","S1","MSR","other"
"5064","FJ24-FJ25::chr9:2999602-3038819",8325,8327,0.667,6,4,"-","G","+",0,0,"-",6,4,"ACGTT","WT","D4","RepR4","S1","MSR","other"
"5065","FJ24-FJ25::chr9:2999602-3038819",8517,8519,0.765,405,310,"-","G","+",0,0,"-",405,310,"TCGCC","WT","D4","RepR4","S1","MSR","other"
"5066","FJ24-FJ25::chr9:2999602-3038819",8692,8694,0.881,42,37,"-","G","+",0,0,"-",42,37,"TCGCT","WT","D4","RepR4","S1","MSR","other"
"5067","FJ24-FJ25::chr9:2999602-3038819",8869,8871,1,1,1,"+","G","+",1,1,"-",0,0,"CTCGC","WT","D4","RepR4","S1","MSR","other"
"5068","FJ24-FJ25::chr9:2999602-3038819",8909,8911,0.819,5698,4669,"-","G","+",0,0,"-",5698,4669,"CCGTG","WT","D4","RepR4","S1","MSR","other"
"5069","FJ24-FJ25::chr9:2999602-3038819",8969,8971,0.812,16,13,"B","G","+",4,4,"-",12,9,"CACGT","WT","D4","RepR4","S1","MSR","other"
"5070","FJ24-FJ25::chr9:2999602-3038819",8985,8987,0.909,11,10,"B","G","+",4,4,"-",7,6,"TTCGT","WT","D4","RepR4","S1","MSR","other"
"5071","FJ24-FJ25::chr9:2999602-3038819",9161,9163,0.613,93,57,"-","G","+",0,0,"-",93,57,"TCGCA","WT","D4","RepR4","S1","MSR","other"
"5072","FJ24-FJ25::chr9:2999602-3038819",9220,9222,0.75,4,3,"-","G","+",0,0,"-",4,3,"TCGTC","WT","D4","RepR4","S1","MSR","other"
"5073","FJ24-FJ25::chr9:2999602-3038819",9470,9472,0,2,0,"+","G","+",2,0,"-",0,0,"TTCGT","WT","D4","RepR4","S1","MSR","other"
"5074","FJ24-FJ25::chr9:2999602-3038819",9648,9650,1,4,4,"-","G","+",0,0,"-",4,4,"TCGCC","WT","D4","RepR4","S1","MSR","other"
"5075","FJ24-FJ25::chr9:2999602-3038819",9691,9693,0.857,14,12,"B","G","+",4,4,"-",10,8,"CACGT","WT","D4","RepR4","S1","MSR","other"
"5076","FJ24-FJ25::chr9:2999602-3038819",9707,9709,0.824,34,28,"B","G","+",21,19,"-",13,9,"TTCGT","WT","D4","RepR4","S1","MSR","other"
"5077","FJ24-FJ25::chr9:2999602-3038819",9722,9724,0.909,33,30,"B","G","+",20,19,"-",13,11,"GTCGT","WT","D4","RepR4","S1","MSR","other"
"5078","FJ24-FJ25::chr9:2999602-3038819",9883,9885,0.749,1331,997,"-","G","+",0,0,"-",1331,997,"TCGCC","WT","D4","RepR4","S1","MSR","other"
"5079","FJ24-FJ25::chr9:2999602-3038819",9984,9986,0.761,238,181,"B","G","+",2,2,"-",236,179,"TCCGT","WT","D4","RepR4","S1","MSR","other"
"5080","FJ24-FJ25::chr9:2999602-3038819",10002,10004,0.75,244,183,"B","G","+",2,2,"-",242,181,"CTCGC","WT","D4","RepR4","S1","MSR","other"
"5081","FJ24-FJ25::chr9:2999602-3038819",10044,10046,0.737,19,14,"B","G","+",1,1,"-",18,13,"CACGT","WT","D4","RepR4","S1","MSR","other"
"5082","FJ24-FJ25::chr9:2999602-3038819",10177,10179,0,1,0,"-","G","+",0,0,"-",1,0,"TCGCC","WT","D4","RepR4","S1","MSR","other"
"5083","FJ24-FJ25::chr9:2999602-3038819",10189,10191,0,1,0,"-","G","+",0,0,"-",1,0,"ACGTC","WT","D4","RepR4","S1","MSR","other"
"5084","FJ24-FJ25::chr9:2999602-3038819",10217,10219,0.784,4306,3374,"-","G","+",0,0,"-",4306,3374,"CCGTG","WT","D4","RepR4","S1","MSR","other"
"5085","FJ24-FJ25::chr9:2999602-3038819",10277,10279,0.571,14,8,"-","G","+",0,0,"-",14,8,"ACGTT","WT","D4","RepR4","S1","MSR","other"
"5086","FJ24-FJ25::chr9:2999602-3038819",10411,10413,1,7,7,"B","G","+",3,3,"-",4,4,"CTCGC","WT","D4","RepR4","S1","MSR","other"
"5087","FJ24-FJ25::chr9:2999602-3038819",10423,10425,1,8,8,"B","G","+",4,4,"-",4,4,"CACGT","WT","D4","RepR4","S1","MSR","other"
"5088","FJ24-FJ25::chr9:2999602-3038819",10451,10453,0.767,240,184,"B","G","+",2,2,"-",238,182,"TCCGT","WT","D4","RepR4","S1","MSR","other"
"5089","FJ24-FJ25::chr9:2999602-3038819",10469,10471,0.749,179,134,"B","G","+",2,2,"-",177,132,"CTCGC","WT","D4","RepR4","S1","MSR","other"
"5090","FJ24-FJ25::chr9:2999602-3038819",10644,10646,1,2,2,"-","G","+",0,0,"-",2,2,"TCGCC","WT","D4","RepR4","S1","MSR","other"
"5091","FJ24-FJ25::chr9:2999602-3038819",10684,10686,0.694,36,25,"-","G","+",0,0,"-",36,25,"CCGTG","WT","D4","RepR4","S1","MSR","other"
"5092","FJ24-FJ25::chr9:2999602-3038819",10702,10704,0.659,41,27,"-","G","+",0,0,"-",41,27,"TCGCC","WT","D4","RepR4","S1","MSR","other"
"5093","FJ24-FJ25::chr9:2999602-3038819",10744,10746,0.75,16,12,"B","G","+",2,2,"-",14,10,"CACGT","WT","D4","RepR4","S1","MSR","other"
"5094","FJ24-FJ25::chr9:2999602-3038819",10760,10762,0.846,13,11,"B","G","+",3,1,"-",10,10,"TTCGT","WT","D4","RepR4","S1","MSR","other"
"5095","FJ24-FJ25::chr9:2999602-3038819",10918,10920,0,11,0,"-","G","+",0,0,"-",11,0,"CCGTG","WT","D4","RepR4","S1","MSR","other"
"5096","FJ24-FJ25::chr9:2999602-3038819",10994,10996,0.833,6,5,"B","G","+",2,1,"-",4,4,"TTCGT","WT","D4","RepR4","S1","MSR","other"
"5097","FJ24-FJ25::chr9:2999602-3038819",11009,11011,0.8,5,4,"-","G","+",0,0,"-",5,4,"TCGTC","WT","D4","RepR4","S1","MSR","other"
"5098","FJ24-FJ25::chr9:2999602-3038819",11110,11112,0.878,41,36,"-","G","+",0,0,"-",41,36,"TCGCT","WT","D4","RepR4","S1","MSR","other"
"5099","FJ24-FJ25::chr9:2999602-3038819",11153,11155,1,1,1,"+","G","+",1,1,"-",0,0,"CACGT","WT","D4","RepR4","S1","MSR","other"
"5100","FJ24-FJ25::chr9:2999602-3038819",11327,11329,0.775,4681,3630,"-","G","+",0,0,"-",4681,3630,"CCGTG","WT","D4","RepR4","S1","MSR","other"
"5101","FJ24-FJ25::chr9:2999602-3038819",11387,11389,0.562,16,9,"B","G","+",3,3,"-",13,6,"CACGT","WT","D4","RepR4","S1","MSR","other"
"5102","FJ24-FJ25::chr9:2999602-3038819",11403,11405,0.867,15,13,"B","G","+",4,3,"-",11,10,"TTCGT","WT","D4","RepR4","S1","MSR","other"
"5103","FJ24-FJ25::chr9:2999602-3038819",11579,11581,0.781,64,50,"-","G","+",0,0,"-",64,50,"TCGCA","WT","D4","RepR4","S1","MSR","other"
"5104","FJ24-FJ25::chr9:2999602-3038819",11796,11798,1,1,1,"-","G","+",0,0,"-",1,1,"ACGTT","WT","D4","RepR4","S1","MSR","other"
"5105","FJ24-FJ25::chr9:2999602-3038819",11812,11814,1,1,1,"-","G","+",0,0,"-",1,1,"TCGTC","WT","D4","RepR4","S1","MSR","other"
"5106","FJ24-FJ25::chr9:2999602-3038819",11970,11972,0.729,70,51,"-","G","+",0,0,"-",70,51,"CCGTG","WT","D4","RepR4","S1","MSR","other"
"5107","FJ24-FJ25::chr9:2999602-3038819",11988,11990,0.667,39,26,"-","G","+",0,0,"-",39,26,"TCGCC","WT","D4","RepR4","S1","MSR","other"
"5108","FJ24-FJ25::chr9:2999602-3038819",12030,12032,0.5,6,3,"B","G","+",1,1,"-",5,2,"CACGT","WT","D4","RepR4","S1","MSR","other"
"5109","FJ24-FJ25::chr9:2999602-3038819",12046,12048,0.429,7,3,"-","G","+",0,0,"-",7,3,"TCGTC","WT","D4","RepR4","S1","MSR","other"
"5110","FJ24-FJ25::chr9:2999602-3038819",12061,12063,0.444,9,4,"B","G","+",1,1,"-",8,3,"GTCGT","WT","D4","RepR4","S1","MSR","other"
"5111","FJ24-FJ25::chr9:2999602-3038819",12116,12118,1,6,6,"B","G","+",1,1,"-",5,5,"CACGT","WT","D4","RepR4","S1","MSR","other"
"5112","FJ24-FJ25::chr9:2999602-3038819",12206,12208,0.25,4,1,"-","G","+",0,0,"-",4,1,"ACGTT","WT","D4","RepR4","S1","MSR","other"
"5113","FJ24-FJ25::chr9:2999602-3038819",12222,12224,1,5,5,"-","G","+",0,0,"-",5,5,"TCGTC","WT","D4","RepR4","S1","MSR","other"
"5114","FJ24-FJ25::chr9:2999602-3038819",12262,12264,0.636,11,7,"-","G","+",0,0,"-",11,7,"CCGTG","WT","D4","RepR4","S1","MSR","other"
"5115","FJ24-FJ25::chr9:2999602-3038819",12306,12308,0,8,0,"-","G","+",0,0,"-",8,0,"ACGTT","WT","D4","RepR4","S1","MSR","other"
"5116","FJ24-FJ25::chr9:2999602-3038819",12380,12382,1,11,11,"-","G","+",0,0,"-",11,11,"CCGTG","WT","D4","RepR4","S1","MSR","other"
"5117","FJ24-FJ25::chr9:2999602-3038819",12398,12400,0.8,5,4,"-","G","+",0,0,"-",5,4,"TCGCC","WT","D4","RepR4","S1","MSR","other"
"5118","FJ24-FJ25::chr9:2999602-3038819",12632,12634,0.668,340,227,"-","G","+",0,0,"-",340,227,"TCGCC","WT","D4","RepR4","S1","MSR","other"
"5119","FJ24-FJ25::chr9:2999602-3038819",12674,12676,0.625,16,10,"B","G","+",1,1,"-",15,9,"CACGT","WT","D4","RepR4","S1","MSR","other"
"5120","FJ24-FJ25::chr9:2999602-3038819",12690,12692,0.7,20,14,"B","G","+",3,3,"-",17,11,"TTCGT","WT","D4","RepR4","S1","MSR","other"
"5121","FJ24-FJ25::chr9:2999602-3038819",12866,12868,0.857,7,6,"-","G","+",0,0,"-",7,6,"TCGAC","WT","D4","RepR4","S1","MSR","other"
"5122","FJ24-FJ25::chr9:2999602-3038819",13082,13084,1,2,2,"B","G","+",1,1,"-",1,1,"TTCGG","WT","D4","RepR4","S1","MSR","other"
"5123","FJ24-FJ25::chr9:2999602-3038819",13101,13103,0.667,3,2,"-","G","+",0,0,"-",3,2,"TCGCC","WT","D4","RepR4","S1","MSR","other"
"5124","FJ24-FJ25::chr9:2999602-3038819",13144,13146,0.812,16,13,"B","G","+",10,8,"-",6,5,"CACGT","WT","D4","RepR4","S1","MSR","other"
"5125","FJ24-FJ25::chr9:2999602-3038819",13160,13162,0.88,25,22,"B","G","+",15,14,"-",10,8,"TTCGT","WT","D4","RepR4","S1","MSR","other"
"5126","FJ24-FJ25::chr9:2999602-3038819",13175,13177,0.85,40,34,"B","G","+",15,13,"-",25,21,"GTCGT","WT","D4","RepR4","S1","MSR","other"
"5127","FJ24-FJ25::chr9:2999602-3038819",13336,13338,0.734,1411,1035,"-","G","+",0,0,"-",1411,1035,"TCGCC","WT","D4","RepR4","S1","MSR","other"
"5128","FJ24-FJ25::chr9:2999602-3038819",13437,13439,0.737,251,185,"-","G","+",0,0,"-",251,185,"CCGTG","WT","D4","RepR4","S1","MSR","other"
"5129","FJ24-FJ25::chr9:2999602-3038819",13455,13457,0.629,256,161,"-","G","+",0,0,"-",256,161,"TCGCC","WT","D4","RepR4","S1","MSR","other"
"5130","FJ24-FJ25::chr9:2999602-3038819",13497,13499,0.5,24,12,"-","G","+",0,0,"-",24,12,"ACGTT","WT","D4","RepR4","S1","MSR","other"
"5131","FJ24-FJ25::chr9:2999602-3038819",13630,13632,1,3,3,"B","G","+",1,1,"-",2,2,"CTCGC","WT","D4","RepR4","S1","MSR","other"
"5132","FJ24-FJ25::chr9:2999602-3038819",13642,13644,0.75,8,6,"B","G","+",3,2,"-",5,4,"CACGT","WT","D4","RepR4","S1","MSR","other"
"5133","FJ24-FJ25::chr9:2999602-3038819",13670,13672,0.79,4422,3492,"B","G","+",3,3,"-",4419,3489,"TCCGT","WT","D4","RepR4","S1","MSR","other"
"5134","FJ24-FJ25::chr9:2999602-3038819",13730,13732,0.714,7,5,"-","G","+",0,0,"-",7,5,"ACGTT","WT","D4","RepR4","S1","MSR","other"
"5135","FJ24-FJ25::chr9:2999602-3038819",13864,13866,0.5,4,2,"B","G","+",2,0,"-",2,2,"CTCGC","WT","D4","RepR4","S1","MSR","other"
"5136","FJ24-FJ25::chr9:2999602-3038819",13876,13878,0.667,3,2,"B","G","+",1,0,"-",2,2,"CACGT","WT","D4","RepR4","S1","MSR","other"
"5137","FJ24-FJ25::chr9:2999602-3038819",13904,13906,0.743,214,159,"B","G","+",1,0,"-",213,159,"TCCGT","WT","D4","RepR4","S1","MSR","other"
"5138","FJ24-FJ25::chr9:2999602-3038819",13922,13924,0.76,150,114,"-","G","+",0,0,"-",150,114,"TCGCC","WT","D4","RepR4","S1","MSR","other"
"5139","FJ24-FJ25::chr9:2999602-3038819",13963,13965,1,1,1,"-","G","+",0,0,"-",1,1,"ACGTT","WT","D4","RepR4","S1","MSR","other"
"5140","FJ24-FJ25::chr9:2999602-3038819",14097,14099,0.5,2,1,"-","G","+",0,0,"-",2,1,"TCGCC","WT","D4","RepR4","S1","MSR","other"
"5141","FJ24-FJ25::chr9:2999602-3038819",14109,14111,1,2,2,"-","G","+",0,0,"-",2,2,"ACGTC","WT","D4","RepR4","S1","MSR","other"
"5142","FJ24-FJ25::chr9:2999602-3038819",14137,14139,0.609,23,14,"-","G","+",0,0,"-",23,14,"CCGTG","WT","D4","RepR4","S1","MSR","other"
"5143","FJ24-FJ25::chr9:2999602-3038819",14155,14157,0.516,31,16,"-","G","+",0,0,"-",31,16,"TCGCC","WT","D4","RepR4","S1","MSR","other"
"5144","FJ24-FJ25::chr9:2999602-3038819",14197,14199,0.533,15,8,"B","G","+",1,1,"-",14,7,"CACGT","WT","D4","RepR4","S1","MSR","other"
"5145","FJ24-FJ25::chr9:2999602-3038819",14213,14215,0.842,19,16,"B","G","+",1,1,"-",18,15,"TTCGT","WT","D4","RepR4","S1","MSR","other"
"5146","FJ24-FJ25::chr9:2999602-3038819",14371,14373,0.833,6,5,"-","G","+",0,0,"-",6,5,"CCGTG","WT","D4","RepR4","S1","MSR","other"
"5147","FJ24-FJ25::chr9:2999602-3038819",14389,14391,0.5,6,3,"-","G","+",0,0,"-",6,3,"TCGCC","WT","D4","RepR4","S1","MSR","other"
"5148","FJ24-FJ25::chr9:2999602-3038819",14447,14449,0.75,8,6,"-","G","+",0,0,"-",8,6,"TCGTC","WT","D4","RepR4","S1","MSR","other"
"5149","FJ24-FJ25::chr9:2999602-3038819",14462,14464,0.729,59,43,"-","G","+",0,0,"-",59,43,"TCGTC","WT","D4","RepR4","S1","MSR","other"
"5150","FJ24-FJ25::chr9:2999602-3038819",14565,14567,0.81,21,17,"B","G","+",2,2,"-",19,15,"CTCGC","WT","D4","RepR4","S1","MSR","other"
"5151","FJ24-FJ25::chr9:2999602-3038819",14623,14625,0.857,112,96,"B","G","+",2,1,"-",110,95,"CTCGC","WT","D4","RepR4","S1","MSR","other"
"5152","FJ24-FJ25::chr9:2999602-3038819",14665,14667,0.757,37,28,"B","G","+",3,3,"-",34,25,"CACGT","WT","D4","RepR4","S1","MSR","other"
"5153","FJ24-FJ25::chr9:2999602-3038819",14681,14683,0.853,34,29,"B","G","+",3,3,"-",31,26,"TTCGT","WT","D4","RepR4","S1","MSR","other"
"5154","FJ24-FJ25::chr9:2999602-3038819",14839,14841,0.562,267,150,"-","G","+",0,0,"-",267,150,"CCGTG","WT","D4","RepR4","S1","MSR","other"
"5155","FJ24-FJ25::chr9:2999602-3038819",14899,14901,0.6,5,3,"-","G","+",0,0,"-",5,3,"ACGTT","WT","D4","RepR4","S1","MSR","other"
"5156","FJ24-FJ25::chr9:2999602-3038819",15073,15075,0.667,3,2,"-","G","+",0,0,"-",3,2,"TCGTG","WT","D4","RepR4","S1","MSR","other"
"5157","FJ24-FJ25::chr9:2999602-3038819",15091,15093,1,2,2,"-","G","+",0,0,"-",2,2,"TCGCC","WT","D4","RepR4","S1","MSR","other"
"5158","FJ24-FJ25::chr9:2999602-3038819",15133,15135,0.556,9,5,"-","G","+",0,0,"-",9,5,"ACGTT","WT","D4","RepR4","S1","MSR","other"
"5159","FJ24-FJ25::chr9:2999602-3038819",15325,15327,0.707,116,82,"B","G","+",4,4,"-",112,78,"CTCGC","WT","D4","RepR4","S1","MSR","other"
"5160","FJ24-FJ25::chr9:2999602-3038819",15384,15386,0.667,3,2,"-","G","+",0,0,"-",3,2,"TCGTC","WT","D4","RepR4","S1","MSR","other"
"5161","FJ24-FJ25::chr9:2999602-3038819",15500,15502,0.757,70,53,"-","G","+",0,0,"-",70,53,"TCGCT","WT","D4","RepR4","S1","MSR","other"
"5162","FJ24-FJ25::chr9:2999602-3038819",15543,15545,1,1,1,"-","G","+",0,0,"-",1,1,"ACGTT","WT","D4","RepR4","S1","MSR","other"
"5163","FJ24-FJ25::chr9:2999602-3038819",15559,15561,1,1,1,"-","G","+",0,0,"-",1,1,"TCGTC","WT","D4","RepR4","S1","MSR","other"
"5164","FJ24-FJ25::chr9:2999602-3038819",15777,15779,0.659,91,60,"B","G","+",24,16,"-",67,44,"CACGT","WT","D4","RepR4","S1","MSR","other"
"5165","FJ24-FJ25::chr9:2999602-3038819",15793,15795,0.862,94,81,"B","G","+",33,30,"-",61,51,"TTCGT","WT","D4","RepR4","S1","MSR","other"
"5166","FJ24-FJ25::chr9:2999602-3038819",15808,15810,0.833,96,80,"B","G","+",34,33,"-",62,47,"GTCGT","WT","D4","RepR4","S1","MSR","other"
"5167","FJ24-FJ25::chr9:2999602-3038819",15851,15853,0.524,21,11,"B","G","+",2,0,"-",19,11,"CTCGC","WT","D4","RepR4","S1","MSR","other"
"5168","FJ24-FJ25::chr9:2999602-3038819",15951,15953,0.695,82,57,"-","G","+",0,0,"-",82,57,"CCGTG","WT","D4","RepR4","S1","MSR","other"
"5169","FJ24-FJ25::chr9:2999602-3038819",16011,16013,0.5,8,4,"-","G","+",0,0,"-",8,4,"ACGTT","WT","D4","RepR4","S1","MSR","other"
"5170","FJ24-FJ25::chr9:2999602-3038819",16041,16043,0.333,6,2,"-","G","+",0,0,"-",6,2,"TCGTC","WT","D4","RepR4","S1","MSR","other"
"5171","FJ24-FJ25::chr9:2999602-3038819",16202,16204,0.707,150,106,"-","G","+",0,0,"-",150,106,"TCGCC","WT","D4","RepR4","S1","MSR","other"
"5172","FJ24-FJ25::chr9:2999602-3038819",16261,16263,0,3,0,"-","G","+",0,0,"-",3,0,"TCGTC","WT","D4","RepR4","S1","MSR","other"
"5173","FJ24-FJ25::chr9:2999602-3038819",16377,16379,0.71,176,125,"B","G","+",1,1,"-",175,124,"CTCGC","WT","D4","RepR4","S1","MSR","other"
"5174","FJ24-FJ25::chr9:2999602-3038819",16419,16421,0.514,35,18,"B","G","+",2,1,"-",33,17,"CACGT","WT","D4","RepR4","S1","MSR","other"
"5175","FJ24-FJ25::chr9:2999602-3038819",16435,16437,0.676,37,25,"B","G","+",2,2,"-",35,23,"TTCGT","WT","D4","RepR4","S1","MSR","other"
"5176","FJ24-FJ25::chr9:2999602-3038819",16593,16595,0.566,226,128,"-","G","+",0,0,"-",226,128,"CCGTG","WT","D4","RepR4","S1","MSR","other"
"5177","FJ24-FJ25::chr9:2999602-3038819",16653,16655,0,1,0,"-","G","+",0,0,"-",1,0,"ACGTT","WT","D4","RepR4","S1","MSR","other"
"5178","FJ24-FJ25::chr9:2999602-3038819",16827,16829,0,6,0,"-","G","+",0,0,"-",6,0,"TCGTG","WT","D4","RepR4","S1","MSR","other"
"5179","FJ24-FJ25::chr9:2999602-3038819",16845,16847,1,1,1,"-","G","+",0,0,"-",1,1,"TCGCC","WT","D4","RepR4","S1","MSR","other"
"5180","FJ24-FJ25::chr9:2999602-3038819",16887,16889,0.5,10,5,"-","G","+",0,0,"-",10,5,"ACGTT","WT","D4","RepR4","S1","MSR","other"
"5181","FJ24-FJ25::chr9:2999602-3038819",17079,17081,0.746,118,88,"-","G","+",0,0,"-",118,88,"TCGCC","WT","D4","RepR4","S1","MSR","other"
"5182","FJ24-FJ25::chr9:2999602-3038819",17138,17140,0.75,4,3,"-","G","+",0,0,"-",4,3,"TCGTC","WT","D4","RepR4","S1","MSR","other"
"5183","FJ24-FJ25::chr9:2999602-3038819",17254,17256,0.636,66,42,"-","G","+",0,0,"-",66,42,"TCGCT","WT","D4","RepR4","S1","MSR","other"
"5184","FJ24-FJ25::chr9:2999602-3038819",17297,17299,1,3,3,"-","G","+",0,0,"-",3,3,"ACGTT","WT","D4","RepR4","S1","MSR","other"
"5185","FJ24-FJ25::chr9:2999602-3038819",17313,17315,0,1,0,"-","G","+",0,0,"-",1,0,"TCGTC","WT","D4","RepR4","S1","MSR","other"
"5186","FJ24-FJ25::chr9:2999602-3038819",17325,17327,1,1,1,"-","G","+",0,0,"-",1,1,"ACGTT","WT","D4","RepR4","S1","MSR","other"
"5187","FJ24-FJ25::chr9:2999602-3038819",17431,17433,1,1,1,"-","G","+",0,0,"-",1,1,"TCGCC","WT","D4","RepR4","S1","MSR","other"
"5188","FJ24-FJ25::chr9:2999602-3038819",17471,17473,0.797,7929,6317,"B","G","+",1,1,"-",7928,6316,"TCCGT","WT","D4","RepR4","S1","MSR","other"
"5189","FJ24-FJ25::chr9:2999602-3038819",17531,17533,0.714,210,150,"B","G","+",41,39,"-",169,111,"CACGT","WT","D4","RepR4","S1","MSR","other"
"5190","FJ24-FJ25::chr9:2999602-3038819",17547,17549,0.856,229,196,"B","G","+",58,51,"-",171,145,"TTCGT","WT","D4","RepR4","S1","MSR","other"
"5191","FJ24-FJ25::chr9:2999602-3038819",17562,17564,0.825,234,193,"B","G","+",59,55,"-",175,138,"GTCGT","WT","D4","RepR4","S1","MSR","other"
"5192","FJ24-FJ25::chr9:2999602-3038819",17605,17607,0.619,63,39,"B","G","+",6,0,"-",57,39,"CTCGC","WT","D4","RepR4","S1","MSR","other"
"5193","FJ24-FJ25::chr9:2999602-3038819",17705,17707,0.535,202,108,"-","G","+",0,0,"-",202,108,"CCGTG","WT","D4","RepR4","S1","MSR","other"
"5194","FJ24-FJ25::chr9:2999602-3038819",17765,17767,0.5,12,6,"-","G","+",0,0,"-",12,6,"ACGTT","WT","D4","RepR4","S1","MSR","other"
"5195","FJ24-FJ25::chr9:2999602-3038819",17795,17797,0.25,4,1,"-","G","+",0,0,"-",4,1,"TCGTC","WT","D4","RepR4","S1","MSR","other"
"5196","FJ24-FJ25::chr9:2999602-3038819",17956,17958,0.795,308,245,"B","G","+",1,0,"-",307,245,"CTCGC","WT","D4","RepR4","S1","MSR","other"
"5197","FJ24-FJ25::chr9:2999602-3038819",18131,18133,0.726,84,61,"-","G","+",0,0,"-",84,61,"TCGCC","WT","D4","RepR4","S1","MSR","other"
"5198","FJ24-FJ25::chr9:2999602-3038819",18174,18176,0.583,12,7,"B","G","+",1,1,"-",11,6,"CACGT","WT","D4","RepR4","S1","MSR","other"
"5199","FJ24-FJ25::chr9:2999602-3038819",18190,18192,0.556,9,5,"B","G","+",1,1,"-",8,4,"TTCGT","WT","D4","RepR4","S1","MSR","other"
"5200","FJ24-FJ25::chr9:2999602-3038819",18202,18204,0,1,0,"-","G","+",0,0,"-",1,0,"ACGTT","WT","D4","RepR4","S1","MSR","other"
"5201","FJ24-FJ25::chr9:2999602-3038819",18308,18310,1,1,1,"-","G","+",0,0,"-",1,1,"TCGCC","WT","D4","RepR4","S1","MSR","other"
"5202","FJ24-FJ25::chr9:2999602-3038819",18348,18350,0.763,9721,7418,"B","G","+",1,1,"-",9720,7417,"TCCGT","WT","D4","RepR4","S1","MSR","other"
"5203","FJ24-FJ25::chr9:2999602-3038819",18408,18410,0.677,671,454,"B","G","+",32,29,"-",639,425,"CACGT","WT","D4","RepR4","S1","MSR","other"
"5204","FJ24-FJ25::chr9:2999602-3038819",18424,18426,0.841,621,522,"B","G","+",41,36,"-",580,486,"TTCGT","WT","D4","RepR4","S1","MSR","other"
"5205","FJ24-FJ25::chr9:2999602-3038819",18439,18441,0.804,682,548,"B","G","+",40,37,"-",642,511,"GTCGT","WT","D4","RepR4","S1","MSR","other"
"5206","FJ24-FJ25::chr9:2999602-3038819",18482,18484,0.412,34,14,"B","G","+",1,0,"-",33,14,"CTCGC","WT","D4","RepR4","S1","MSR","other"
"5207","FJ24-FJ25::chr9:2999602-3038819",18542,18544,1,2,2,"-","G","+",0,0,"-",2,2,"TCGCG","WT","D4","RepR4","S1","MSR","other"
"5208","FJ24-FJ25::chr9:2999602-3038819",18544,18546,0,2,0,"-","G","+",0,0,"-",2,0,"GCGAT","WT","D4","RepR4","S1","MSR","other"
"5209","FJ24-FJ25::chr9:2999602-3038819",18582,18584,0.534,204,109,"-","G","+",0,0,"-",204,109,"CCGTG","WT","D4","RepR4","S1","MSR","other"
"5210","FJ24-FJ25::chr9:2999602-3038819",18642,18644,0.429,14,6,"-","G","+",0,0,"-",14,6,"ACGTT","WT","D4","RepR4","S1","MSR","other"
"5211","FJ24-FJ25::chr9:2999602-3038819",18672,18674,0.769,13,10,"-","G","+",0,0,"-",13,10,"TCGTC","WT","D4","RepR4","S1","MSR","other"
"5212","FJ24-FJ25::chr9:2999602-3038819",18727,18729,0.771,157,121,"B","G","+",3,3,"-",154,118,"CACGT","WT","D4","RepR4","S1","MSR","other"
"5213","FJ24-FJ25::chr9:2999602-3038819",18775,18777,1,8,8,"+","G","+",8,8,"-",0,0,"TTCGC","WT","D4","RepR4","S1","MSR","other"
"5214","FJ24-FJ25::chr9:2999602-3038819",18787,18789,0.857,7,6,"+","G","+",7,6,"-",0,0,"CACGT","WT","D4","RepR4","S1","MSR","other"
"5215","FJ24-FJ25::chr9:2999602-3038819",18815,18817,0.757,70,53,"B","G","+",2,2,"-",68,51,"TCCGT","WT","D4","RepR4","S1","MSR","other"
"5216","FJ24-FJ25::chr9:2999602-3038819",18833,18835,0.738,65,48,"B","G","+",3,3,"-",62,45,"CTCGC","WT","D4","RepR4","S1","MSR","other"
"5217","FJ24-FJ25::chr9:2999602-3038819",18875,18877,0.661,496,328,"-","G","+",0,0,"-",496,328,"ACGTT","WT","D4","RepR4","S1","MSR","other"
"5218","FJ24-FJ25::chr9:2999602-3038819",18891,18893,0.84,443,372,"-","G","+",0,0,"-",443,372,"TCGTC","WT","D4","RepR4","S1","MSR","other"
"5219","FJ24-FJ25::chr9:2999602-3038819",18906,18908,0.81,547,443,"B","G","+",3,2,"-",544,441,"GTCGT","WT","D4","RepR4","S1","MSR","other"
"5220","FJ24-FJ25::chr9:2999602-3038819",19009,19011,0.727,11,8,"-","G","+",0,0,"-",11,8,"TCGCC","WT","D4","RepR4","S1","MSR","other"
"5221","FJ24-FJ25::chr9:2999602-3038819",19021,19023,0.889,18,16,"-","G","+",0,0,"-",18,16,"ACGTC","WT","D4","RepR4","S1","MSR","other"
"5222","FJ24-FJ25::chr9:2999602-3038819",19049,19051,0.547,10861,5941,"B","G","+",1,1,"-",10860,5940,"TCCGT","WT","D4","RepR4","S1","MSR","other"
"5223","FJ24-FJ25::chr9:2999602-3038819",19109,19111,0.8,10,8,"B","G","+",1,1,"-",9,7,"CACGT","WT","D4","RepR4","S1","MSR","other"
"5224","FJ24-FJ25::chr9:2999602-3038819",19283,19285,0.143,7,1,"-","G","+",0,0,"-",7,1,"TCGTG","WT","D4","RepR4","S1","MSR","other"
"5225","FJ24-FJ25::chr9:2999602-3038819",19301,19303,0.5,2,1,"B","G","+",1,1,"-",1,0,"CTCGC","WT","D4","RepR4","S1","MSR","other"
"5226","FJ24-FJ25::chr9:2999602-3038819",19343,19345,0.4,5,2,"B","G","+",1,1,"-",4,1,"CACGT","WT","D4","RepR4","S1","MSR","other"
"5227","FJ24-FJ25::chr9:2999602-3038819",19535,19537,0.724,98,71,"-","G","+",0,0,"-",98,71,"TCGCA","WT","D4","RepR4","S1","MSR","other"
"5228","FJ24-FJ25::chr9:2999602-3038819",19575,19577,0.6,15,9,"-","G","+",0,0,"-",15,9,"CCGTG","WT","D4","RepR4","S1","MSR","other"
"5229","FJ24-FJ25::chr9:2999602-3038819",19593,19595,1,8,8,"-","G","+",0,0,"-",8,8,"TCGCC","WT","D4","RepR4","S1","MSR","other"
"5230","FJ24-FJ25::chr9:2999602-3038819",19635,19637,0.273,11,3,"-","G","+",0,0,"-",11,3,"ACGTT","WT","D4","RepR4","S1","MSR","other"
"5231","FJ24-FJ25::chr9:2999602-3038819",19651,19653,0.667,9,6,"-","G","+",0,0,"-",9,6,"TCGTC","WT","D4","RepR4","S1","MSR","other"
"5232","FJ24-FJ25::chr9:2999602-3038819",19663,19665,0.5,4,2,"-","G","+",0,0,"-",4,2,"ACGTC","WT","D4","RepR4","S1","MSR","other"
"5233","FJ24-FJ25::chr9:2999602-3038819",19666,19668,0.667,12,8,"-","G","+",0,0,"-",12,8,"TCGTC","WT","D4","RepR4","S1","MSR","other"
"5234","FJ24-FJ25::chr9:2999602-3038819",19721,19723,0.912,68,62,"-","G","+",0,0,"-",68,62,"ACGTC","WT","D4","RepR4","S1","MSR","other"
"5235","FJ24-FJ25::chr9:2999602-3038819",19810,19812,0.333,3,1,"-","G","+",0,0,"-",3,1,"ACGTT","WT","D4","RepR4","S1","MSR","other"
"5236","FJ24-FJ25::chr9:2999602-3038819",19826,19828,1,3,3,"-","G","+",0,0,"-",3,3,"TCGTC","WT","D4","RepR4","S1","MSR","other"
"5237","FJ24-FJ25::chr9:2999602-3038819",19866,19868,0.4,10,4,"-","G","+",0,0,"-",10,4,"CCGTG","WT","D4","RepR4","S1","MSR","other"
"5238","FJ24-FJ25::chr9:2999602-3038819",19910,19912,0,7,0,"-","G","+",0,0,"-",7,0,"ACGTT","WT","D4","RepR4","S1","MSR","other"
"5239","FJ24-FJ25::chr9:2999602-3038819",19984,19986,0.829,35,29,"-","G","+",0,0,"-",35,29,"CCGTG","WT","D4","RepR4","S1","MSR","other"
"5240","FJ24-FJ25::chr9:2999602-3038819",20002,20004,0.684,19,13,"-","G","+",0,0,"-",19,13,"TCGCC","WT","D4","RepR4","S1","MSR","other"
"5241","FJ24-FJ25::chr9:2999602-3038819",20236,20238,0.659,41,27,"-","G","+",0,0,"-",41,27,"TCGCC","WT","D4","RepR4","S1","MSR","other"
"5242","FJ24-FJ25::chr9:2999602-3038819",20278,20280,0.462,13,6,"B","G","+",2,1,"-",11,5,"CACGT","WT","D4","RepR4","S1","MSR","other"
"5243","FJ24-FJ25::chr9:2999602-3038819",20294,20296,0.714,21,15,"B","G","+",2,1,"-",19,14,"TTCGT","WT","D4","RepR4","S1","MSR","other"
"5244","FJ24-FJ25::chr9:2999602-3038819",20470,20472,0.818,11,9,"-","G","+",0,0,"-",11,9,"TCGAC","WT","D4","RepR4","S1","MSR","other"
"5245","FJ24-FJ25::chr9:2999602-3038819",20527,20529,0.75,12,9,"B","G","+",3,1,"-",9,8,"TTCGT","WT","D4","RepR4","S1","MSR","other"
"5246","FJ24-FJ25::chr9:2999602-3038819",20645,20647,1,16,16,"-","G","+",0,0,"-",16,16,"TCGCC","WT","D4","RepR4","S1","MSR","other"
"5247","FJ24-FJ25::chr9:2999602-3038819",20657,20659,1,14,14,"-","G","+",0,0,"-",14,14,"ACGTC","WT","D4","RepR4","S1","MSR","other"
"5248","FJ24-FJ25::chr9:2999602-3038819",20685,20687,0.77,243,187,"B","G","+",3,3,"-",240,184,"TCCGT","WT","D4","RepR4","S1","MSR","other"
"5249","FJ24-FJ25::chr9:2999602-3038819",20703,20705,0.764,191,146,"B","G","+",3,3,"-",188,143,"CTCGC","WT","D4","RepR4","S1","MSR","other"
"5250","FJ24-FJ25::chr9:2999602-3038819",20744,20746,1,2,2,"-","G","+",0,0,"-",2,2,"ACGTT","WT","D4","RepR4","S1","MSR","other"
"5251","FJ24-FJ25::chr9:2999602-3038819",20878,20880,0.889,9,8,"-","G","+",0,0,"-",9,8,"TCGCC","WT","D4","RepR4","S1","MSR","other"
"5252","FJ24-FJ25::chr9:2999602-3038819",20890,20892,0.875,16,14,"B","G","+",5,5,"-",11,9,"CACGT","WT","D4","RepR4","S1","MSR","other"
"5253","FJ24-FJ25::chr9:2999602-3038819",20918,20920,0.767,11788,9043,"B","G","+",6,6,"-",11782,9037,"TCCGT","WT","D4","RepR4","S1","MSR","other"
"5254","FJ24-FJ25::chr9:2999602-3038819",20936,20938,0.736,11877,8744,"B","G","+",4,3,"-",11873,8741,"CTCGC","WT","D4","RepR4","S1","MSR","other"
"5255","FJ24-FJ25::chr9:2999602-3038819",20978,20980,0.683,372,254,"B","G","+",1,0,"-",371,254,"CACGT","WT","D4","RepR4","S1","MSR","other"
"5256","FJ24-FJ25::chr9:2999602-3038819",20994,20996,0.822,342,281,"B","G","+",2,1,"-",340,280,"TTCGT","WT","D4","RepR4","S1","MSR","other"
"5257","FJ24-FJ25::chr9:2999602-3038819",21152,21154,0.75,4,3,"B","G","+",1,1,"-",3,2,"TCCGT","WT","D4","RepR4","S1","MSR","other"
"5258","FJ24-FJ25::chr9:2999602-3038819",21170,21172,0.889,9,8,"B","G","+",3,2,"-",6,6,"CTCGC","WT","D4","RepR4","S1","MSR","other"
"5259","FJ24-FJ25::chr9:2999602-3038819",21228,21230,0.894,66,59,"B","G","+",1,1,"-",65,58,"TTCGT","WT","D4","RepR4","S1","MSR","other"
"5260","FJ24-FJ25::chr9:2999602-3038819",21243,21245,0.769,134,103,"B","G","+",1,1,"-",133,102,"GTCGT","WT","D4","RepR4","S1","MSR","other"
"5261","FJ24-FJ25::chr9:2999602-3038819",21346,21348,0.75,28,21,"-","G","+",0,0,"-",28,21,"TCGCC","WT","D4","RepR4","S1","MSR","other"
"5262","FJ24-FJ25::chr9:2999602-3038819",21404,21406,0.752,165,124,"-","G","+",0,0,"-",165,124,"TCGCC","WT","D4","RepR4","S1","MSR","other"
"5263","FJ24-FJ25::chr9:2999602-3038819",21446,21448,0.606,132,80,"B","G","+",2,2,"-",130,78,"CACGT","WT","D4","RepR4","S1","MSR","other"
"5264","FJ24-FJ25::chr9:2999602-3038819",21462,21464,0.768,125,96,"B","G","+",2,1,"-",123,95,"TTCGT","WT","D4","RepR4","S1","MSR","other"
"5265","FJ24-FJ25::chr9:2999602-3038819",21620,21622,0.614,319,196,"-","G","+",0,0,"-",319,196,"CCGTG","WT","D4","RepR4","S1","MSR","other"
"5266","FJ24-FJ25::chr9:2999602-3038819",21680,21682,0.5,2,1,"-","G","+",0,0,"-",2,1,"ACGTT","WT","D4","RepR4","S1","MSR","other"
"5267","FJ24-FJ25::chr9:2999602-3038819",21854,21856,0.75,8,6,"-","G","+",0,0,"-",8,6,"TCGTG","WT","D4","RepR4","S1","MSR","other"
"5268","FJ24-FJ25::chr9:2999602-3038819",21872,21874,1,5,5,"-","G","+",0,0,"-",5,5,"TCGCC","WT","D4","RepR4","S1","MSR","other"
"5269","FJ24-FJ25::chr9:2999602-3038819",21914,21916,0.583,12,7,"B","G","+",2,1,"-",10,6,"CACGT","WT","D4","RepR4","S1","MSR","other"
"5270","FJ24-FJ25::chr9:2999602-3038819",22106,22108,0.7,120,84,"-","G","+",0,0,"-",120,84,"TCGCC","WT","D4","RepR4","S1","MSR","other"
"5271","FJ24-FJ25::chr9:2999602-3038819",22165,22167,1,4,4,"-","G","+",0,0,"-",4,4,"TCGTC","WT","D4","RepR4","S1","MSR","other"
"5272","FJ24-FJ25::chr9:2999602-3038819",22281,22283,0.685,108,74,"-","G","+",0,0,"-",108,74,"TCGCC","WT","D4","RepR4","S1","MSR","other"
"5273","FJ24-FJ25::chr9:2999602-3038819",22324,22326,0.625,8,5,"-","G","+",0,0,"-",8,5,"ACGTT","WT","D4","RepR4","S1","MSR","other"
"5274","FJ24-FJ25::chr9:2999602-3038819",22340,22342,0.429,7,3,"-","G","+",0,0,"-",7,3,"TCGTC","WT","D4","RepR4","S1","MSR","other"
"5275","FJ24-FJ25::chr9:2999602-3038819",22458,22460,1,1,1,"-","G","+",0,0,"-",1,1,"TCGCC","WT","D4","RepR4","S1","MSR","other"
"5276","FJ24-FJ25::chr9:2999602-3038819",22498,22500,0.794,11931,9470,"-","G","+",0,0,"-",11931,9470,"CCGTG","WT","D4","RepR4","S1","MSR","other"
"5277","FJ24-FJ25::chr9:2999602-3038819",22558,22560,0.628,43,27,"B","G","+",7,5,"-",36,22,"CACGT","WT","D4","RepR4","S1","MSR","other"
"5278","FJ24-FJ25::chr9:2999602-3038819",22574,22576,0.881,42,37,"B","G","+",8,6,"-",34,31,"TTCGT","WT","D4","RepR4","S1","MSR","other"
"5279","FJ24-FJ25::chr9:2999602-3038819",22589,22591,0.915,47,43,"B","G","+",8,7,"-",39,36,"GTCGT","WT","D4","RepR4","S1","MSR","other"
"5280","FJ24-FJ25::chr9:2999602-3038819",22632,22634,0.538,13,7,"-","G","+",0,0,"-",13,7,"TCGCC","WT","D4","RepR4","S1","MSR","other"
"5281","FJ24-FJ25::chr9:2999602-3038819",22732,22734,0.521,144,75,"-","G","+",0,0,"-",144,75,"CCGTG","WT","D4","RepR4","S1","MSR","other"
"5282","FJ24-FJ25::chr9:2999602-3038819",22792,22794,1,2,2,"-","G","+",0,0,"-",2,2,"ACGTT","WT","D4","RepR4","S1","MSR","other"
"5283","FJ24-FJ25::chr9:2999602-3038819",22822,22824,1,1,1,"-","G","+",0,0,"-",1,1,"TCGTC","WT","D4","RepR4","S1","MSR","other"
"5284","FJ24-FJ25::chr9:2999602-3038819",22877,22879,0.72,161,116,"-","G","+",0,0,"-",161,116,"ACGTC","WT","D4","RepR4","S1","MSR","other"
"5285","FJ24-FJ25::chr9:2999602-3038819",22925,22927,1,3,3,"-","G","+",0,0,"-",3,3,"TCGCC","WT","D4","RepR4","S1","MSR","other"
"5286","FJ24-FJ25::chr9:2999602-3038819",22937,22939,0.75,4,3,"-","G","+",0,0,"-",4,3,"ACGTC","WT","D4","RepR4","S1","MSR","other"
"5287","FJ24-FJ25::chr9:2999602-3038819",22965,22967,0.758,4966,3762,"-","G","+",0,0,"-",4966,3762,"CCGTG","WT","D4","RepR4","S1","MSR","other"
"5288","FJ24-FJ25::chr9:2999602-3038819",23025,23027,0.6,5,3,"B","G","+",1,1,"-",4,2,"CACGT","WT","D4","RepR4","S1","MSR","other"
"5289","FJ24-FJ25::chr9:2999602-3038819",23199,23201,0.25,4,1,"-","G","+",0,0,"-",4,1,"TCGTG","WT","D4","RepR4","S1","MSR","other"
"5290","FJ24-FJ25::chr9:2999602-3038819",23217,23219,1,1,1,"-","G","+",0,0,"-",1,1,"TCGCC","WT","D4","RepR4","S1","MSR","other"
"5291","FJ24-FJ25::chr9:2999602-3038819",23451,23453,0.731,78,57,"-","G","+",0,0,"-",78,57,"TCGCA","WT","D4","RepR4","S1","MSR","other"
"5292","FJ24-FJ25::chr9:2999602-3038819",23626,23628,0.545,11,6,"-","G","+",0,0,"-",11,6,"TCGCC","WT","D4","RepR4","S1","MSR","other"
"5293","FJ24-FJ25::chr9:2999602-3038819",23669,23671,1,2,2,"-","G","+",0,0,"-",2,2,"ACGTT","WT","D4","RepR4","S1","MSR","other"
"5294","FJ24-FJ25::chr9:2999602-3038819",23685,23687,0.5,2,1,"-","G","+",0,0,"-",2,1,"TCGTC","WT","D4","RepR4","S1","MSR","other"
"5295","FJ24-FJ25::chr9:2999602-3038819",23843,23845,0.667,465,310,"-","G","+",0,0,"-",465,310,"CCGTG","WT","D4","RepR4","S1","MSR","other"
"5296","FJ24-FJ25::chr9:2999602-3038819",23903,23905,0.562,208,117,"B","G","+",10,6,"-",198,111,"CACGT","WT","D4","RepR4","S1","MSR","other"
"5297","FJ24-FJ25::chr9:2999602-3038819",23934,23936,0.632,296,187,"B","G","+",18,16,"-",278,171,"GTCGT","WT","D4","RepR4","S1","MSR","other"
"5298","FJ24-FJ25::chr9:2999602-3038819",24037,24039,0.765,17,13,"B","G","+",2,1,"-",15,12,"CTCGC","WT","D4","RepR4","S1","MSR","other"
"5299","FJ24-FJ25::chr9:2999602-3038819",24049,24051,0.824,17,14,"B","G","+",2,2,"-",15,12,"CACGT","WT","D4","RepR4","S1","MSR","other"
"5300","FJ24-FJ25::chr9:2999602-3038819",24077,24079,0.543,10831,5886,"B","G","+",2,1,"-",10829,5885,"TCCGT","WT","D4","RepR4","S1","MSR","other"
"5301","FJ24-FJ25::chr9:2999602-3038819",24137,24139,0.625,8,5,"B","G","+",2,1,"-",6,4,"CACGT","WT","D4","RepR4","S1","MSR","other"
"5302","FJ24-FJ25::chr9:2999602-3038819",24271,24273,0.625,8,5,"B","G","+",4,3,"-",4,2,"CTCGC","WT","D4","RepR4","S1","MSR","other"
"5303","FJ24-FJ25::chr9:2999602-3038819",24283,24285,0.857,7,6,"B","G","+",3,2,"-",4,4,"CACGT","WT","D4","RepR4","S1","MSR","other"
"5304","FJ24-FJ25::chr9:2999602-3038819",24311,24313,0.768,306,235,"B","G","+",6,4,"-",300,231,"TCCGT","WT","D4","RepR4","S1","MSR","other"
"5305","FJ24-FJ25::chr9:2999602-3038819",24329,24331,0.716,257,184,"B","G","+",4,4,"-",253,180,"CTCGC","WT","D4","RepR4","S1","MSR","other"
"5306","FJ24-FJ25::chr9:2999602-3038819",24370,24372,0.571,7,4,"-","G","+",0,0,"-",7,4,"ACGTT","WT","D4","RepR4","S1","MSR","other"
"5307","FJ24-FJ25::chr9:2999602-3038819",24504,24506,0.714,35,25,"B","G","+",10,9,"-",25,16,"CTCGC","WT","D4","RepR4","S1","MSR","other"
"5308","FJ24-FJ25::chr9:2999602-3038819",24516,24518,0.676,37,25,"B","G","+",10,10,"-",27,15,"CACGT","WT","D4","RepR4","S1","MSR","other"
"5309","FJ24-FJ25::chr9:2999602-3038819",24544,24546,0.767,11605,8905,"B","G","+",9,8,"-",11596,8897,"TCCGT","WT","D4","RepR4","S1","MSR","other"
"5310","FJ24-FJ25::chr9:2999602-3038819",24562,24564,0.727,11645,8471,"B","G","+",9,8,"-",11636,8463,"CTCGC","WT","D4","RepR4","S1","MSR","other"
"5311","FJ24-FJ25::chr9:2999602-3038819",24604,24606,0.624,476,297,"B","G","+",2,2,"-",474,295,"CACGT","WT","D4","RepR4","S1","MSR","other"
"5312","FJ24-FJ25::chr9:2999602-3038819",24620,24622,0.871,371,323,"B","G","+",3,1,"-",368,322,"TTCGA","WT","D4","RepR4","S1","MSR","other"
"5313","FJ24-FJ25::chr9:2999602-3038819",24778,24780,0.848,461,391,"B","G","+",14,12,"-",447,379,"TCCGT","WT","D4","RepR4","S1","MSR","other"
"5314","FJ24-FJ25::chr9:2999602-3038819",24796,24798,0.795,498,396,"B","G","+",21,21,"-",477,375,"CTCGC","WT","D4","RepR4","S1","MSR","other"
"5315","FJ24-FJ25::chr9:2999602-3038819",24838,24840,0.672,1343,902,"B","G","+",53,41,"-",1290,861,"CACGT","WT","D4","RepR4","S1","MSR","other"
"5316","FJ24-FJ25::chr9:2999602-3038819",24854,24856,0.861,1313,1131,"B","G","+",67,63,"-",1246,1068,"TTCGT","WT","D4","RepR4","S1","MSR","other"
"5317","FJ24-FJ25::chr9:2999602-3038819",24869,24871,0.794,1442,1145,"B","G","+",70,64,"-",1372,1081,"GTCGT","WT","D4","RepR4","S1","MSR","other"
"5318","FJ24-FJ25::chr9:2999602-3038819",24972,24974,0.778,9,7,"B","G","+",2,2,"-",7,5,"CTCGC","WT","D4","RepR4","S1","MSR","other"
"5319","FJ24-FJ25::chr9:2999602-3038819",24984,24986,1,9,9,"B","G","+",1,1,"-",8,8,"CACGT","WT","D4","RepR4","S1","MSR","other"
"5320","FJ24-FJ25::chr9:2999602-3038819",25012,25014,0.545,11190,6099,"B","G","+",1,1,"-",11189,6098,"TCCGT","WT","D4","RepR4","S1","MSR","other"
"5321","FJ24-FJ25::chr9:2999602-3038819",25072,25074,1,1,1,"-","G","+",0,0,"-",1,1,"ACGTT","WT","D4","RepR4","S1","MSR","other"
"5322","FJ24-FJ25::chr9:2999602-3038819",25206,25208,0.75,4,3,"-","G","+",0,0,"-",4,3,"TCGCC","WT","D4","RepR4","S1","MSR","other"
"5323","FJ24-FJ25::chr9:2999602-3038819",25218,25220,0.6,5,3,"-","G","+",0,0,"-",5,3,"ACGTC","WT","D4","RepR4","S1","MSR","other"
"5324","FJ24-FJ25::chr9:2999602-3038819",25246,25248,0.764,339,259,"B","G","+",2,2,"-",337,257,"TCCGT","WT","D4","RepR4","S1","MSR","other"
"5325","FJ24-FJ25::chr9:2999602-3038819",25264,25266,0.73,248,181,"B","G","+",2,2,"-",246,179,"CTCGC","WT","D4","RepR4","S1","MSR","other"
"5326","FJ24-FJ25::chr9:2999602-3038819",25439,25441,0.4,5,2,"B","G","+",3,1,"-",2,1,"CTCGC","WT","D4","RepR4","S1","MSR","other"
"5327","FJ24-FJ25::chr9:2999602-3038819",25451,25453,0.571,7,4,"B","G","+",5,3,"-",2,1,"CACGT","WT","D4","RepR4","S1","MSR","other"
"5328","FJ24-FJ25::chr9:2999602-3038819",25479,25481,0.753,198,149,"B","G","+",6,4,"-",192,145,"TCCGT","WT","D4","RepR4","S1","MSR","other"
"5329","FJ24-FJ25::chr9:2999602-3038819",25497,25499,0.66,200,132,"B","G","+",3,3,"-",197,129,"CTCGC","WT","D4","RepR4","S1","MSR","other"
"5330","FJ24-FJ25::chr9:2999602-3038819",25539,25541,0.75,12,9,"B","G","+",1,0,"-",11,9,"CACGT","WT","D4","RepR4","S1","MSR","other"
"5331","FJ24-FJ25::chr9:2999602-3038819",25555,25557,0.889,9,8,"-","G","+",0,0,"-",9,8,"TCGAC","WT","D4","RepR4","S1","MSR","other"
"5332","FJ24-FJ25::chr9:2999602-3038819",25713,25715,0.778,18,14,"-","G","+",0,0,"-",18,14,"CCGTG","WT","D4","RepR4","S1","MSR","other"
"5333","FJ24-FJ25::chr9:2999602-3038819",25731,25733,0.75,16,12,"-","G","+",0,0,"-",16,12,"TCGCC","WT","D4","RepR4","S1","MSR","other"
"5334","FJ24-FJ25::chr9:2999602-3038819",25906,25908,0.6,15,9,"-","G","+",0,0,"-",15,9,"TCGCC","WT","D4","RepR4","S1","MSR","other"
"5335","FJ24-FJ25::chr9:2999602-3038819",25918,25920,0.737,19,14,"B","G","+",2,2,"-",17,12,"CACGT","WT","D4","RepR4","S1","MSR","other"
"5336","FJ24-FJ25::chr9:2999602-3038819",25946,25948,0.785,10858,8522,"B","G","+",4,3,"-",10854,8519,"TCCGT","WT","D4","RepR4","S1","MSR","other"
"5337","FJ24-FJ25::chr9:2999602-3038819",25964,25966,0.733,10936,8015,"B","G","+",3,3,"-",10933,8012,"CTCGC","WT","D4","RepR4","S1","MSR","other"
"5338","FJ24-FJ25::chr9:2999602-3038819",26006,26008,0.591,88,52,"B","G","+",2,1,"-",86,51,"CACGT","WT","D4","RepR4","S1","MSR","other"
"5339","FJ24-FJ25::chr9:2999602-3038819",26140,26142,0.444,9,4,"-","G","+",0,0,"-",9,4,"TCGCC","WT","D4","RepR4","S1","MSR","other"
"5340","FJ24-FJ25::chr9:2999602-3038819",26198,26200,0.717,106,76,"B","G","+",1,1,"-",105,75,"CTCGC","WT","D4","RepR4","S1","MSR","other"
"5341","FJ24-FJ25::chr9:2999602-3038819",26240,26242,0.589,73,43,"B","G","+",1,1,"-",72,42,"CACGT","WT","D4","RepR4","S1","MSR","other"
"5342","FJ24-FJ25::chr9:2999602-3038819",26256,26258,0.836,67,56,"B","G","+",3,3,"-",64,53,"TTCGT","WT","D4","RepR4","S1","MSR","other"
"5343","FJ24-FJ25::chr9:2999602-3038819",26374,26376,0.333,3,1,"-","G","+",0,0,"-",3,1,"TCGCC","WT","D4","RepR4","S1","MSR","other"
"5344","FJ24-FJ25::chr9:2999602-3038819",26414,26416,0.602,274,165,"B","G","+",1,1,"-",273,164,"TCCGT","WT","D4","RepR4","S1","MSR","other"
"5345","FJ24-FJ25::chr9:2999602-3038819",26474,26476,0.5,2,1,"-","G","+",0,0,"-",2,1,"ACGTT","WT","D4","RepR4","S1","MSR","other"
"5346","FJ24-FJ25::chr9:2999602-3038819",26608,26610,1,1,1,"+","G","+",1,1,"-",0,0,"CTCGC","WT","D4","RepR4","S1","MSR","other"
"5347","FJ24-FJ25::chr9:2999602-3038819",26620,26622,1,1,1,"+","G","+",1,1,"-",0,0,"CACGT","WT","D4","RepR4","S1","MSR","other"
"5348","FJ24-FJ25::chr9:2999602-3038819",26648,26650,0.5,8,4,"B","G","+",1,1,"-",7,3,"TTCGT","WT","D4","RepR4","S1","MSR","other"
"5349","FJ24-FJ25::chr9:2999602-3038819",26666,26668,0.75,4,3,"-","G","+",0,0,"-",4,3,"TCGCC","WT","D4","RepR4","S1","MSR","other"
"5350","FJ24-FJ25::chr9:2999602-3038819",26708,26710,0.818,11,9,"-","G","+",0,0,"-",11,9,"ACGTT","WT","D4","RepR4","S1","MSR","other"
"5351","FJ24-FJ25::chr9:2999602-3038819",27117,27119,0.751,185,139,"-","G","+",0,0,"-",185,139,"TCGTT","WT","D4","RepR4","S1","MSR","other"
"5352","FJ24-FJ25::chr9:2999602-3038819",27177,27179,1,5,5,"B","G","+",1,1,"-",4,4,"CACGT","WT","D4","RepR4","S1","MSR","other"
"5353","FJ24-FJ25::chr9:2999602-3038819",27193,27195,0.571,7,4,"-","G","+",0,0,"-",7,4,"TCGTC","WT","D4","RepR4","S1","MSR","other"
"5354","FJ24-FJ25::chr9:2999602-3038819",27208,27210,0.667,6,4,"-","G","+",0,0,"-",6,4,"TCGTC","WT","D4","RepR4","S1","MSR","other"
"5355","FJ24-FJ25::chr9:2999602-3038819",27251,27253,0,2,0,"-","G","+",0,0,"-",2,0,"TCGCC","WT","D4","RepR4","S1","MSR","other"
"5356","FJ24-FJ25::chr9:2999602-3038819",27311,27313,1,1,1,"+","G","+",1,1,"-",0,0,"CTCGC","WT","D4","RepR4","S1","MSR","other"
"5357","FJ24-FJ25::chr9:2999602-3038819",27323,27325,1,1,1,"+","G","+",1,1,"-",0,0,"CACGT","WT","D4","RepR4","S1","MSR","other"
"5358","FJ24-FJ25::chr9:2999602-3038819",27645,27647,0.429,7,3,"-","G","+",0,0,"-",7,3,"ACGTT","WT","D4","RepR4","S1","MSR","other"
"5359","FJ24-FJ25::chr9:2999602-3038819",27661,27663,1,3,3,"-","G","+",0,0,"-",3,3,"TCGTC","WT","D4","RepR4","S1","MSR","other"
"5360","FJ24-FJ25::chr9:2999602-3038819",27779,27781,1,1,1,"+","G","+",1,1,"-",0,0,"CTCGT","WT","D4","RepR4","S1","MSR","other"
"5361","FJ24-FJ25::chr9:2999602-3038819",27791,27793,1,1,1,"+","G","+",1,1,"-",0,0,"CACGT","WT","D4","RepR4","S1","MSR","other"
"5362","FJ24-FJ25::chr9:2999602-3038819",27837,27839,0,1,0,"-","G","+",0,0,"-",1,0,"TCGCC","WT","D4","RepR4","S1","MSR","other"
"5363","FJ24-FJ25::chr9:2999602-3038819",27879,27881,0.5,2,1,"-","G","+",0,0,"-",2,1,"ACGTT","WT","D4","RepR4","S1","MSR","other"
"5364","FJ24-FJ25::chr9:2999602-3038819",27895,27897,1,3,3,"-","G","+",0,0,"-",3,3,"TCGTC","WT","D4","RepR4","S1","MSR","other"
"5365","FJ24-FJ25::chr9:2999602-3038819",27910,27912,0.75,8,6,"-","G","+",0,0,"-",8,6,"ACGTC","WT","D4","RepR4","S1","MSR","other"
"5366","FJ24-FJ25::chr9:2999602-3038819",28013,28015,1,1,1,"-","G","+",0,0,"-",1,1,"TCGCC","WT","D4","RepR4","S1","MSR","other"
"5367","FJ24-FJ25::chr9:2999602-3038819",28025,28027,1,1,1,"-","G","+",0,0,"-",1,1,"ACGTC","WT","D4","RepR4","S1","MSR","other"
"5368","FJ24-FJ25::chr9:2999602-3038819",28053,28055,0.578,669,387,"-","G","+",0,0,"-",669,387,"CCGTG","WT","D4","RepR4","S1","MSR","other"
"5369","FJ24-FJ25::chr9:2999602-3038819",28113,28115,0,1,0,"-","G","+",0,0,"-",1,0,"ACGTT","WT","D4","RepR4","S1","MSR","other"
"5370","FJ24-FJ25::chr9:2999602-3038819",28287,28289,0.556,214,119,"-","G","+",0,0,"-",214,119,"CCGTG","WT","D4","RepR4","S1","MSR","other"
"5371","FJ24-FJ25::chr9:2999602-3038819",28347,28349,0.5,4,2,"-","G","+",0,0,"-",4,2,"ACGTT","WT","D4","RepR4","S1","MSR","other"
"5372","FJ24-FJ25::chr9:2999602-3038819",28481,28483,1,1,1,"+","G","+",1,1,"-",0,0,"CTCGC","WT","D4","RepR4","S1","MSR","other"
"5373","FJ24-FJ25::chr9:2999602-3038819",28521,28523,0.726,7617,5531,"B","G","+",1,1,"-",7616,5530,"TCCGT","WT","D4","RepR4","S1","MSR","other"
"5374","FJ24-FJ25::chr9:2999602-3038819",28581,28583,0.567,30,17,"-","G","+",0,0,"-",30,17,"ACGTT","WT","D4","RepR4","S1","MSR","other"
"5375","FJ24-FJ25::chr9:2999602-3038819",28597,28599,1,21,21,"-","G","+",0,0,"-",21,21,"TCGTC","WT","D4","RepR4","S1","MSR","other"
"5376","FJ24-FJ25::chr9:2999602-3038819",28755,28757,0.786,28,22,"-","G","+",0,0,"-",28,22,"TCGTT","WT","D4","RepR4","S1","MSR","other"
"5377","FJ24-FJ25::chr9:2999602-3038819",28815,28817,1,3,3,"-","G","+",0,0,"-",3,3,"ACGTT","WT","D4","RepR4","S1","MSR","other"
"5378","FJ24-FJ25::chr9:2999602-3038819",28901,28903,0.839,31,26,"-","G","+",0,0,"-",31,26,"ACGTC","WT","D4","RepR4","S1","MSR","other"
"5379","FJ24-FJ25::chr9:2999602-3038819",28961,28963,1,1,1,"+","G","+",1,1,"-",0,0,"CACGT","WT","D4","RepR4","S1","MSR","other"
"5380","FJ24-FJ25::chr9:2999602-3038819",29049,29051,0.824,17,14,"B","G","+",1,1,"-",16,13,"CACGT","WT","D4","RepR4","S1","MSR","other"
"5381","FJ24-FJ25::chr9:2999602-3038819",29065,29067,0.875,8,7,"B","G","+",1,1,"-",7,6,"TTCGT","WT","D4","RepR4","S1","MSR","other"
"5382","FJ24-FJ25::chr9:2999602-3038819",29183,29185,1,1,1,"-","G","+",0,0,"-",1,1,"TCGCC","WT","D4","RepR4","S1","MSR","other"
"5383","FJ24-FJ25::chr9:2999602-3038819",29195,29197,1,6,6,"-","G","+",0,0,"-",6,6,"ACGTC","WT","D4","RepR4","S1","MSR","other"
"5384","FJ24-FJ25::chr9:2999602-3038819",29223,29225,0.796,6693,5325,"-","G","+",0,0,"-",6693,5325,"CCGTG","WT","D4","RepR4","S1","MSR","other"
"5385","FJ24-FJ25::chr9:2999602-3038819",29283,29285,0.727,11,8,"-","G","+",0,0,"-",11,8,"ACGTT","WT","D4","RepR4","S1","MSR","other"
"5386","FJ24-FJ25::chr9:2999602-3038819",29417,29419,0.6,5,3,"B","G","+",2,2,"-",3,1,"CTCGC","WT","D4","RepR4","S1","MSR","other"
"5387","FJ24-FJ25::chr9:2999602-3038819",29429,29431,0.571,7,4,"B","G","+",2,2,"-",5,2,"CACGT","WT","D4","RepR4","S1","MSR","other"
"5388","FJ24-FJ25::chr9:2999602-3038819",29457,29459,0.634,41,26,"B","G","+",1,0,"-",40,26,"TCCGT","WT","D4","RepR4","S1","MSR","other"
"5389","FJ24-FJ25::chr9:2999602-3038819",29517,29519,1,2,2,"-","G","+",0,0,"-",2,2,"ACGTT","WT","D4","RepR4","S1","MSR","other"
"5390","FJ24-FJ25::chr9:2999602-3038819",29692,29694,0.167,6,1,"-","G","+",0,0,"-",6,1,"TCGTG","WT","D4","RepR4","S1","MSR","other"
"5391","FJ24-FJ25::chr9:2999602-3038819",29710,29712,1,3,3,"-","G","+",0,0,"-",3,3,"TCGCC","WT","D4","RepR4","S1","MSR","other"
"5392","FJ24-FJ25::chr9:2999602-3038819",29752,29754,1,3,3,"-","G","+",0,0,"-",3,3,"ACGTT","WT","D4","RepR4","S1","MSR","other"
"5393","FJ24-FJ25::chr9:2999602-3038819",29944,29946,0.8,25,20,"-","G","+",0,0,"-",25,20,"TCGCC","WT","D4","RepR4","S1","MSR","other"
"5394","FJ24-FJ25::chr9:2999602-3038819",29987,29989,1,1,1,"-","G","+",0,0,"-",1,1,"ACGTT","WT","D4","RepR4","S1","MSR","other"
"5395","FJ24-FJ25::chr9:2999602-3038819",30003,30005,1,1,1,"-","G","+",0,0,"-",1,1,"TCGTC","WT","D4","RepR4","S1","MSR","other"
"5396","FJ24-FJ25::chr9:2999602-3038819",30133,30135,1,1,1,"+","G","+",1,1,"-",0,0,"CACGT","WT","D4","RepR4","S1","MSR","other"
"5397","FJ24-FJ25::chr9:2999602-3038819",30221,30223,0.569,51,29,"B","G","+",1,0,"-",50,29,"CACGT","WT","D4","RepR4","S1","MSR","other"
"5398","FJ24-FJ25::chr9:2999602-3038819",30237,30239,0.694,49,34,"-","G","+",0,0,"-",49,34,"TCGTC","WT","D4","RepR4","S1","MSR","other"
"5399","FJ24-FJ25::chr9:2999602-3038819",30252,30254,0.581,43,25,"B","G","+",2,1,"-",41,24,"GTCGT","WT","D4","RepR4","S1","MSR","other"
"5400","FJ24-FJ25::chr9:2999602-3038819",30295,30297,0.5,2,1,"-","G","+",0,0,"-",2,1,"TCGCC","WT","D4","RepR4","S1","MSR","other"
"5401","FJ24-FJ25::chr9:2999602-3038819",30355,30357,0,1,0,"-","G","+",0,0,"-",1,0,"TCGCC","WT","D4","RepR4","S1","MSR","other"
"5402","FJ24-FJ25::chr9:2999602-3038819",30367,30369,0,1,0,"-","G","+",0,0,"-",1,0,"ACGTC","WT","D4","RepR4","S1","MSR","other"
"5403","FJ24-FJ25::chr9:2999602-3038819",30395,30397,0.833,12,10,"-","G","+",0,0,"-",12,10,"TCGTT","WT","D4","RepR4","S1","MSR","other"
"5404","FJ24-FJ25::chr9:2999602-3038819",30455,30457,0,1,0,"-","G","+",0,0,"-",1,0,"ACGTT","WT","D4","RepR4","S1","MSR","other"
"5405","FJ24-FJ25::chr9:2999602-3038819",30486,30488,0,1,0,"-","G","+",0,0,"-",1,0,"TCGTC","WT","D4","RepR4","S1","MSR","other"
"5406","FJ24-FJ25::chr9:2999602-3038819",30541,30543,1,2,2,"B","G","+",1,1,"-",1,1,"CACGT","WT","D4","RepR4","S1","MSR","other"
"5407","FJ24-FJ25::chr9:2999602-3038819",30602,30604,1,1,1,"-","G","+",0,0,"-",1,1,"ACGTC","WT","D4","RepR4","S1","MSR","other"
"5408","FJ24-FJ25::chr9:2999602-3038819",30690,30692,0.667,9,6,"B","G","+",2,1,"-",7,5,"CACGT","WT","D4","RepR4","S1","MSR","other"
"5409","FJ24-FJ25::chr9:2999602-3038819",30706,30708,0.857,7,6,"B","G","+",1,1,"-",6,5,"TTCGT","WT","D4","RepR4","S1","MSR","other"
"5410","FJ24-FJ25::chr9:2999602-3038819",30824,30826,1,1,1,"+","G","+",1,1,"-",0,0,"CTCGC","WT","D4","RepR4","S1","MSR","other"
"5411","FJ24-FJ25::chr9:2999602-3038819",30836,30838,1,1,1,"+","G","+",1,1,"-",0,0,"CACGT","WT","D4","RepR4","S1","MSR","other"
"5412","FJ24-FJ25::chr9:2999602-3038819",30882,30884,1,3,3,"B","G","+",1,1,"-",2,2,"CTCGC","WT","D4","RepR4","S1","MSR","other"
"5413","FJ24-FJ25::chr9:2999602-3038819",30924,30926,0.471,17,8,"-","G","+",0,0,"-",17,8,"ACGTT","WT","D4","RepR4","S1","MSR","other"
"5414","FJ24-FJ25::chr9:2999602-3038819",30940,30942,0.684,19,13,"-","G","+",0,0,"-",19,13,"TCGTC","WT","D4","RepR4","S1","MSR","other"
"5415","FJ24-FJ25::chr9:2999602-3038819",30955,30957,0.6,20,12,"-","G","+",0,0,"-",20,12,"ACGTC","WT","D4","RepR4","S1","MSR","other"
"5416","FJ24-FJ25::chr9:2999602-3038819",31058,31060,0,2,0,"-","G","+",0,0,"-",2,0,"TCGCC","WT","D4","RepR4","S1","MSR","other"
"5417","FJ24-FJ25::chr9:2999602-3038819",31098,31100,0.587,608,357,"-","G","+",0,0,"-",608,357,"CCGTG","WT","D4","RepR4","S1","MSR","other"
"5418","FJ24-FJ25::chr9:2999602-3038819",31158,31160,0.5,2,1,"-","G","+",0,0,"-",2,1,"ACGTT","WT","D4","RepR4","S1","MSR","other"
"5419","FJ24-FJ25::chr9:2999602-3038819",31292,31294,0.429,7,3,"-","G","+",0,0,"-",7,3,"TCGCC","WT","D4","RepR4","S1","MSR","other"
"5420","FJ24-FJ25::chr9:2999602-3038819",31304,31306,0.25,4,1,"-","G","+",0,0,"-",4,1,"ACGTG","WT","D4","RepR4","S1","MSR","other"
"5421","FJ24-FJ25::chr9:2999602-3038819",31332,31334,0.25,4,1,"-","G","+",0,0,"-",4,1,"TCGTG","WT","D4","RepR4","S1","MSR","other"
"5422","FJ24-FJ25::chr9:2999602-3038819",31639,31641,0,4,0,"-","G","+",0,0,"-",4,0,"TCGCC","WT","D4","RepR4","S1","MSR","other"
"5423","FJ24-FJ25::chr9:2999602-3038819",31679,31681,0.55,8623,4743,"-","G","+",0,0,"-",8623,4743,"CCGTG","WT","D4","RepR4","S1","MSR","other"
"5424","FJ24-FJ25::chr9:2999602-3038819",31739,31741,0.581,31,18,"B","G","+",6,4,"-",25,14,"CACGT","WT","D4","RepR4","S1","MSR","other"
"5425","FJ24-FJ25::chr9:2999602-3038819",31755,31757,0.864,22,19,"B","G","+",6,6,"-",16,13,"TTCGT","WT","D4","RepR4","S1","MSR","other"
"5426","FJ24-FJ25::chr9:2999602-3038819",31813,31815,0.75,4,3,"-","G","+",0,0,"-",4,3,"TCGCC","WT","D4","RepR4","S1","MSR","other"
"5427","FJ24-FJ25::chr9:2999602-3038819",31885,31887,1,1,1,"+","G","+",1,1,"-",0,0,"CACGT","WT","D4","RepR4","S1","MSR","other"
"5428","FJ24-FJ25::chr9:2999602-3038819",31913,31915,0.625,16,10,"B","G","+",1,0,"-",15,10,"TTCGT","WT","D4","RepR4","S1","MSR","other"
"5429","FJ24-FJ25::chr9:2999602-3038819",31973,31975,1,3,3,"-","G","+",0,0,"-",3,3,"ACGTT","WT","D4","RepR4","S1","MSR","other"
"5430","FJ24-FJ25::chr9:2999602-3038819",32004,32006,0,2,0,"-","G","+",0,0,"-",2,0,"TCGTC","WT","D4","RepR4","S1","MSR","other"
"5431","FJ24-FJ25::chr9:2999602-3038819",32059,32061,1,6,6,"-","G","+",0,0,"-",6,6,"ACGTC","WT","D4","RepR4","S1","MSR","other"
"5432","FJ24-FJ25::chr9:2999602-3038819",32119,32121,1,2,2,"+","G","+",2,2,"-",0,0,"CACGT","WT","D4","RepR4","S1","MSR","other"
"5433","FJ24-FJ25::chr9:2999602-3038819",32207,32209,0.737,19,14,"B","G","+",3,3,"-",16,11,"CACGT","WT","D4","RepR4","S1","MSR","other"
"5434","FJ24-FJ25::chr9:2999602-3038819",32223,32225,0.75,16,12,"B","G","+",3,3,"-",13,9,"TTCGT","WT","D4","RepR4","S1","MSR","other"
"5435","FJ24-FJ25::chr9:2999602-3038819",32399,32401,0.5,2,1,"B","G","+",1,0,"-",1,1,"CTCGC","WT","D4","RepR4","S1","MSR","other"
"5436","FJ24-FJ25::chr9:2999602-3038819",32441,32443,0.75,8,6,"B","G","+",2,2,"-",6,4,"CACGT","WT","D4","RepR4","S1","MSR","other"
"5437","FJ24-FJ25::chr9:2999602-3038819",32457,32459,1,4,4,"-","G","+",0,0,"-",4,4,"TCGTC","WT","D4","RepR4","S1","MSR","other"
"5438","FJ24-FJ25::chr9:2999602-3038819",32472,32474,0.5,4,2,"-","G","+",0,0,"-",4,2,"ACGTC","WT","D4","RepR4","S1","MSR","other"
"5439","FJ24-FJ25::chr9:2999602-3038819",32615,32617,0.614,691,424,"-","G","+",0,0,"-",691,424,"CCGTG","WT","D4","RepR4","S1","MSR","other"
"5440","FJ24-FJ25::chr9:2999602-3038819",32675,32677,0.571,7,4,"-","G","+",0,0,"-",7,4,"ACGTT","WT","D4","RepR4","S1","MSR","other"
"5441","FJ24-FJ25::chr9:2999602-3038819",32821,32823,0.895,38,34,"+","G","+",38,34,"-",0,0,"CACGT","WT","D4","RepR4","S1","MSR","other"
"5442","FJ24-FJ25::chr9:2999602-3038819",32849,32851,0.78,2508,1956,"B","G","+",82,68,"-",2426,1888,"TCCGT","WT","D4","RepR4","S1","MSR","other"
"5443","FJ24-FJ25::chr9:2999602-3038819",32867,32869,0.785,2278,1789,"-","G","+",0,0,"-",2278,1789,"TCGCC","WT","D4","RepR4","S1","MSR","other"
"5444","FJ24-FJ25::chr9:2999602-3038819",32909,32911,0.739,46,34,"-","G","+",0,0,"-",46,34,"ACGTT","WT","D4","RepR4","S1","MSR","other"
"5445","FJ24-FJ25::chr9:2999602-3038819",33043,33045,1,3,3,"-","G","+",0,0,"-",3,3,"TCGCC","WT","D4","RepR4","S1","MSR","other"
"5446","FJ24-FJ25::chr9:2999602-3038819",33143,33145,1,6,6,"B","G","+",1,1,"-",5,5,"CACGT","WT","D4","RepR4","S1","MSR","other"
"5447","FJ24-FJ25::chr9:2999602-3038819",33277,33279,0.625,8,5,"B","G","+",1,1,"-",7,4,"CTCGC","WT","D4","RepR4","S1","MSR","other"
"5448","FJ24-FJ25::chr9:2999602-3038819",33289,33291,0.667,6,4,"B","G","+",1,1,"-",5,3,"CACGT","WT","D4","RepR4","S1","MSR","other"
"5449","FJ24-FJ25::chr9:2999602-3038819",33317,33319,0.73,178,130,"B","G","+",4,3,"-",174,127,"TCCGT","WT","D4","RepR4","S1","MSR","other"
"5450","FJ24-FJ25::chr9:2999602-3038819",33335,33337,0.752,121,91,"B","G","+",3,3,"-",118,88,"CTCGC","WT","D4","RepR4","S1","MSR","other"
"5451","FJ24-FJ25::chr9:2999602-3038819",33376,33378,1,1,1,"-","G","+",0,0,"-",1,1,"ACGTT","WT","D4","RepR4","S1","MSR","other"
"5452","FJ24-FJ25::chr9:2999602-3038819",33550,33552,0.6,20,12,"B","G","+",1,1,"-",19,11,"TCCGT","WT","D4","RepR4","S1","MSR","other"
"5453","FJ24-FJ25::chr9:2999602-3038819",33568,33570,0.737,19,14,"B","G","+",1,1,"-",18,13,"CTCGC","WT","D4","RepR4","S1","MSR","other"
"5454","FJ24-FJ25::chr9:2999602-3038819",33610,33612,0.2,15,3,"B","G","+",5,2,"-",10,1,"CACGT","WT","D4","RepR4","S1","MSR","other"
"5455","FJ24-FJ25::chr9:2999602-3038819",33626,33628,0.857,14,12,"B","G","+",7,7,"-",7,5,"TTCGT","WT","D4","RepR4","S1","MSR","other"
"5456","FJ24-FJ25::chr9:2999602-3038819",33744,33746,1,1,1,"+","G","+",1,1,"-",0,0,"CTCGC","WT","D4","RepR4","S1","MSR","other"
"5457","FJ24-FJ25::chr9:2999602-3038819",33784,33786,1,8,8,"B","G","+",5,5,"-",3,3,"TCCGT","WT","D4","RepR4","S1","MSR","other"
"5458","FJ24-FJ25::chr9:2999602-3038819",33802,33804,1,7,7,"B","G","+",5,5,"-",2,2,"CTCGC","WT","D4","RepR4","S1","MSR","other"
"5459","FJ24-FJ25::chr9:2999602-3038819",33860,33862,1,4,4,"-","G","+",0,0,"-",4,4,"TCGTC","WT","D4","RepR4","S1","MSR","other"
"5460","FJ24-FJ25::chr9:2999602-3038819",33875,33877,0.714,7,5,"-","G","+",0,0,"-",7,5,"TCGTC","WT","D4","RepR4","S1","MSR","other"
"5461","FJ24-FJ25::chr9:2999602-3038819",33976,33978,0.8,30,24,"-","G","+",0,0,"-",30,24,"TCGCT","WT","D4","RepR4","S1","MSR","other"
"5462","FJ24-FJ25::chr9:2999602-3038819",34019,34021,1,2,2,"B","G","+",1,1,"-",1,1,"CACGT","WT","D4","RepR4","S1","MSR","other"
"5463","FJ24-FJ25::chr9:2999602-3038819",34035,34037,0.5,2,1,"B","G","+",1,1,"-",1,0,"TTCGT","WT","D4","RepR4","S1","MSR","other"
"5464","FJ24-FJ25::chr9:2999602-3038819",34047,34049,0,1,0,"+","G","+",1,0,"-",0,0,"CACGT","WT","D4","RepR4","S1","MSR","other"
"5465","FJ24-FJ25::chr9:2999602-3038819",34193,34195,0.787,4615,3632,"-","G","+",0,0,"-",4615,3632,"CCGTG","WT","D4","RepR4","S1","MSR","other"
"5466","FJ24-FJ25::chr9:2999602-3038819",34253,34255,0.683,41,28,"B","G","+",4,4,"-",37,24,"CACGT","WT","D4","RepR4","S1","MSR","other"
"5467","FJ24-FJ25::chr9:2999602-3038819",34269,34271,0.905,21,19,"B","G","+",4,4,"-",17,15,"TTCGT","WT","D4","RepR4","S1","MSR","other"
"5468","FJ24-FJ25::chr9:2999602-3038819",34445,34447,0.829,82,68,"-","G","+",0,0,"-",82,68,"TCGCA","WT","D4","RepR4","S1","MSR","other"
"5469","FJ24-FJ25::chr9:2999602-3038819",34621,34623,0.77,226,174,"B","G","+",1,1,"-",225,173,"CTCGC","WT","D4","RepR4","S1","MSR","other"
"5470","FJ24-FJ25::chr9:2999602-3038819",34633,34635,0.769,199,153,"B","G","+",1,1,"-",198,152,"CACGT","WT","D4","RepR4","S1","MSR","other"
"5471","FJ24-FJ25::chr9:2999602-3038819",34679,34681,0.8,20,16,"-","G","+",0,0,"-",20,16,"TCGCC","WT","D4","RepR4","S1","MSR","other"
"5472","FJ24-FJ25::chr9:2999602-3038819",34721,34723,0.857,7,6,"-","G","+",0,0,"-",7,6,"ACGTT","WT","D4","RepR4","S1","MSR","other"
"5473","FJ24-FJ25::chr9:2999602-3038819",34737,34739,0.5,6,3,"-","G","+",0,0,"-",6,3,"TCGTC","WT","D4","RepR4","S1","MSR","other"
"5474","FJ24-FJ25::chr9:2999602-3038819",34752,34754,0.846,13,11,"-","G","+",0,0,"-",13,11,"ACGTC","WT","D4","RepR4","S1","MSR","other"
"5475","FJ24-FJ25::chr9:2999602-3038819",34855,34857,0.75,4,3,"-","G","+",0,0,"-",4,3,"TCGCC","WT","D4","RepR4","S1","MSR","other"
"5476","FJ24-FJ25::chr9:2999602-3038819",34867,34869,0.8,5,4,"B","G","+",1,1,"-",4,3,"CACGT","WT","D4","RepR4","S1","MSR","other"
"5477","FJ24-FJ25::chr9:2999602-3038819",34895,34897,0.594,710,422,"B","G","+",1,1,"-",709,421,"TCCGT","WT","D4","RepR4","S1","MSR","other"
"5478","FJ24-FJ25::chr9:2999602-3038819",34955,34957,0,1,0,"-","G","+",0,0,"-",1,0,"ACGTT","WT","D4","RepR4","S1","MSR","other"
"5479","FJ24-FJ25::chr9:2999602-3038819",35089,35091,1,6,6,"-","G","+",0,0,"-",6,6,"TCGCC","WT","D4","RepR4","S1","MSR","other"
"5480","FJ24-FJ25::chr9:2999602-3038819",35101,35103,1,5,5,"-","G","+",0,0,"-",5,5,"ACGTG","WT","D4","RepR4","S1","MSR","other"
"5481","FJ24-FJ25::chr9:2999602-3038819",35129,35131,0,5,0,"-","G","+",0,0,"-",5,0,"TCGTG","WT","D4","RepR4","S1","MSR","other"
"5482","FJ24-FJ25::chr9:2999602-3038819",35147,35149,0.5,2,1,"-","G","+",0,0,"-",2,1,"TCGCC","WT","D4","RepR4","S1","MSR","other"
"5483","FJ24-FJ25::chr9:2999602-3038819",35189,35191,1,1,1,"-","G","+",0,0,"-",1,1,"ACGTT","WT","D4","RepR4","S1","MSR","other"
"5484","FJ24-FJ25::chr9:2999602-3038819",35323,35325,0.8,5,4,"B","G","+",1,1,"-",4,3,"CTCGC","WT","D4","RepR4","S1","MSR","other"
"5485","FJ24-FJ25::chr9:2999602-3038819",35381,35383,0.714,77,55,"-","G","+",0,0,"-",77,55,"TCGCC","WT","D4","RepR4","S1","MSR","other"
"5486","FJ24-FJ25::chr9:2999602-3038819",35423,35425,0.64,25,16,"-","G","+",0,0,"-",25,16,"ACGTT","WT","D4","RepR4","S1","MSR","other"
"5487","FJ24-FJ25::chr9:2999602-3038819",35439,35441,0.818,22,18,"-","G","+",0,0,"-",22,18,"TCGTC","WT","D4","RepR4","S1","MSR","other"
"5488","FJ24-FJ25::chr9:2999602-3038819",35454,35456,0.86,43,37,"-","G","+",0,0,"-",43,37,"ACGTC","WT","D4","RepR4","S1","MSR","other"
"5489","FJ24-FJ25::chr9:2999602-3038819",35557,35559,0.65,20,13,"-","G","+",0,0,"-",20,13,"TCGCC","WT","D4","RepR4","S1","MSR","other"
"5490","FJ24-FJ25::chr9:2999602-3038819",35569,35571,0.826,23,19,"-","G","+",0,0,"-",23,19,"ACGTC","WT","D4","RepR4","S1","MSR","other"
"5491","FJ24-FJ25::chr9:2999602-3038819",35597,35599,0.448,12756,5713,"B","G","+",1,1,"-",12755,5712,"TCCGT","WT","D4","RepR4","S1","MSR","other"
"5492","FJ24-FJ25::chr9:2999602-3038819",35657,35659,0.9,10,9,"-","G","+",0,0,"-",10,9,"ACGTT","WT","D4","RepR4","S1","MSR","other"
"5493","FJ24-FJ25::chr9:2999602-3038819",35791,35793,0.714,7,5,"-","G","+",0,0,"-",7,5,"TCGCC","WT","D4","RepR4","S1","MSR","other"
"5494","FJ24-FJ25::chr9:2999602-3038819",35803,35805,0.571,7,4,"-","G","+",0,0,"-",7,4,"ACGTC","WT","D4","RepR4","S1","MSR","other"
"5495","FJ24-FJ25::chr9:2999602-3038819",35831,35833,0.61,41,25,"-","G","+",0,0,"-",41,25,"CCGTG","WT","D4","RepR4","S1","MSR","other"
"5496","FJ24-FJ25::chr9:2999602-3038819",35891,35893,1,3,3,"-","G","+",0,0,"-",3,3,"ACGTT","WT","D4","RepR4","S1","MSR","other"
"5497","FJ24-FJ25::chr9:2999602-3038819",36066,36068,0.5,6,3,"-","G","+",0,0,"-",6,3,"TCGTG","WT","D4","RepR4","S1","MSR","other"
"5498","FJ24-FJ25::chr9:2999602-3038819",36084,36086,1,3,3,"-","G","+",0,0,"-",3,3,"TCGCC","WT","D4","RepR4","S1","MSR","other"
"5499","FJ24-FJ25::chr9:2999602-3038819",36126,36128,0,2,0,"-","G","+",0,0,"-",2,0,"ACGTT","WT","D4","RepR4","S1","MSR","other"
"5500","FJ24-FJ25::chr9:2999602-3038819",36259,36261,0.8,5,4,"-","G","+",0,0,"-",5,4,"TCGCC","WT","D4","RepR4","S1","MSR","other"
"5501","FJ24-FJ25::chr9:2999602-3038819",36299,36301,0.613,199,122,"-","G","+",0,0,"-",199,122,"CCGTG","WT","D4","RepR4","S1","MSR","other"
"5502","FJ24-FJ25::chr9:2999602-3038819",36435,36437,0.8,5,4,"-","G","+",0,0,"-",5,4,"TCGCC","WT","D4","RepR4","S1","MSR","other"
"5503","FJ24-FJ25::chr9:2999602-3038819",36447,36449,1,6,6,"B","G","+",3,3,"-",3,3,"CACGT","WT","D4","RepR4","S1","MSR","other"
"5504","FJ24-FJ25::chr9:2999602-3038819",36475,36477,0.691,97,67,"B","G","+",5,5,"-",92,62,"TCCGT","WT","D4","RepR4","S1","MSR","other"
"5505","FJ24-FJ25::chr9:2999602-3038819",36493,36495,0.862,65,56,"B","G","+",3,3,"-",62,53,"TTCGC","WT","D4","RepR4","S1","MSR","other"
"5506","FJ24-FJ25::chr9:2999602-3038819",36534,36536,0.5,2,1,"+","G","+",2,1,"-",0,0,"CACGT","WT","D4","RepR4","S1","MSR","other"
"5507","FJ24-FJ25::chr9:2999602-3038819",36668,36670,1,1,1,"-","G","+",0,0,"-",1,1,"TCGCC","WT","D4","RepR4","S1","MSR","other"
"5508","FJ24-FJ25::chr9:2999602-3038819",36680,36682,1,1,1,"-","G","+",0,0,"-",1,1,"ACGTC","WT","D4","RepR4","S1","MSR","other"
"5509","FJ24-FJ25::chr9:2999602-3038819",36708,36710,0.794,63,50,"-","G","+",0,0,"-",63,50,"CCGTG","WT","D4","RepR4","S1","MSR","other"
"5510","FJ24-FJ25::chr9:2999602-3038819",36726,36728,0.431,51,22,"-","G","+",0,0,"-",51,22,"TCGCC","WT","D4","RepR4","S1","MSR","other"
"5511","FJ24-FJ25::chr9:2999602-3038819",36767,36769,0.75,8,6,"B","G","+",1,1,"-",7,5,"CACGT","WT","D4","RepR4","S1","MSR","other"
"5512","FJ24-FJ25::chr9:2999602-3038819",36781,36783,1,4,4,"-","G","+",0,0,"-",4,4,"TCGTC","WT","D4","RepR4","S1","MSR","other"
"5513","FJ24-FJ25::chr9:2999602-3038819",36939,36941,0.227,44,10,"-","G","+",0,0,"-",44,10,"CCGTG","WT","D4","RepR4","S1","MSR","other"
"5514","FJ24-FJ25::chr9:2999602-3038819",36999,37001,1,1,1,"-","G","+",0,0,"-",1,1,"ACGTT","WT","D4","RepR4","S1","MSR","other"
"5515","FJ24-FJ25::chr9:2999602-3038819",37173,37175,0.5,2,1,"-","G","+",0,0,"-",2,1,"TCGTG","WT","D4","RepR4","S1","MSR","other"
"5516","FJ24-FJ25::chr9:2999602-3038819",37191,37193,0,2,0,"-","G","+",0,0,"-",2,0,"TCGCC","WT","D4","RepR4","S1","MSR","other"
"5517","FJ24-FJ25::chr9:2999602-3038819",37233,37235,1,1,1,"-","G","+",0,0,"-",1,1,"ACGTT","WT","D4","RepR4","S1","MSR","other"
"5518","FJ24-FJ25::chr9:2999602-3038819",37319,37321,1,1,1,"-","G","+",0,0,"-",1,1,"ACGTC","WT","D4","RepR4","S1","MSR","other"
"5519","FJ24-FJ25::chr9:2999602-3038819",37467,37469,0.714,7,5,"B","G","+",1,1,"-",6,4,"CACGT","WT","D4","RepR4","S1","MSR","other"
"5520","FJ24-FJ25::chr9:2999602-3038819",37483,37485,1,5,5,"B","G","+",1,1,"-",4,4,"TTCGT","WT","D4","RepR4","S1","MSR","other"
"5521","FJ24-FJ25::chr9:2999602-3038819",37498,37500,1,4,4,"B","G","+",1,1,"-",3,3,"GACGT","WT","D4","RepR4","S1","MSR","other"
"5522","FJ24-FJ25::chr9:2999602-3038819",37601,37603,1,1,1,"+","G","+",1,1,"-",0,0,"CTCGC","WT","D4","RepR4","S1","MSR","other"
"5523","FJ24-FJ25::chr9:2999602-3038819",37613,37615,1,3,3,"+","G","+",3,3,"-",0,0,"CACGT","WT","D4","RepR4","S1","MSR","other"
"5524","FJ24-FJ25::chr9:2999602-3038819",37641,37643,0.743,397,295,"B","G","+",3,3,"-",394,292,"TCCGT","WT","D4","RepR4","S1","MSR","other"
"5525","FJ24-FJ25::chr9:2999602-3038819",37659,37661,0.723,350,253,"-","G","+",0,0,"-",350,253,"TCGCC","WT","D4","RepR4","S1","MSR","other"
"5526","FJ24-FJ25::chr9:2999602-3038819",37701,37703,0.4,5,2,"-","G","+",0,0,"-",5,2,"ACGTT","WT","D4","RepR4","S1","MSR","other"
"5527","FJ24-FJ25::chr9:2999602-3038819",37835,37837,1,1,1,"+","G","+",1,1,"-",0,0,"CTCGC","WT","D4","RepR4","S1","MSR","other"
"5528","FJ24-FJ25::chr9:2999602-3038819",37847,37849,1,1,1,"+","G","+",1,1,"-",0,0,"CACGT","WT","D4","RepR4","S1","MSR","other"
"5529","FJ24-FJ25::chr9:2999602-3038819",37875,37877,0,1,0,"-","G","+",0,0,"-",1,0,"TCGTG","WT","D4","RepR4","S1","MSR","other"
"5530","FJ24-FJ25::chr9:2999602-3038819",37893,37895,1,1,1,"-","G","+",0,0,"-",1,1,"TCGCC","WT","D4","RepR4","S1","MSR","other"
"5531","FJ24-FJ25::chr9:2999602-3038819",37935,37937,1,1,1,"-","G","+",0,0,"-",1,1,"ACGTT","WT","D4","RepR4","S1","MSR","other"
"5532","FJ24-FJ25::chr9:2999602-3038819",38021,38023,1,4,4,"-","G","+",0,0,"-",4,4,"ACGTC","WT","D4","RepR4","S1","MSR","other"
"5533","FJ24-FJ25::chr9:2999602-3038819",38069,38071,1,2,2,"+","G","+",2,2,"-",0,0,"CTCGC","WT","D4","RepR4","S1","MSR","other"
"5534","FJ24-FJ25::chr9:2999602-3038819",38081,38083,1,2,2,"+","G","+",2,2,"-",0,0,"CACGT","WT","D4","RepR4","S1","MSR","other"
"5535","FJ24-FJ25::chr9:2999602-3038819",38127,38129,1,1,1,"+","G","+",1,1,"-",0,0,"CTCGC","WT","D4","RepR4","S1","MSR","other"
"5536","FJ24-FJ25::chr9:2999602-3038819",38169,38171,0.333,6,2,"B","G","+",2,0,"-",4,2,"CACGT","WT","D4","RepR4","S1","MSR","other"
"5537","FJ24-FJ25::chr9:2999602-3038819",38185,38187,0.833,6,5,"B","G","+",2,2,"-",4,3,"TTCGT","WT","D4","RepR4","S1","MSR","other"
"5538","FJ24-FJ25::chr9:2999602-3038819",38200,38202,0.333,3,1,"-","G","+",0,0,"-",3,1,"ACGTC","WT","D4","RepR4","S1","MSR","other"
"5539","FJ24-FJ25::chr9:2999602-3038819",38303,38305,1,2,2,"+","G","+",2,2,"-",0,0,"CTCGC","WT","D4","RepR4","S1","MSR","other"
"5540","FJ24-FJ25::chr9:2999602-3038819",38315,38317,1,4,4,"+","G","+",4,4,"-",0,0,"CACGT","WT","D4","RepR4","S1","MSR","other"
"5541","FJ24-FJ25::chr9:2999602-3038819",38343,38345,0.706,337,238,"B","G","+",6,4,"-",331,234,"TCCGT","WT","D4","RepR4","S1","MSR","other"
"5542","FJ24-FJ25::chr9:2999602-3038819",38361,38363,0.721,301,217,"B","G","+",3,3,"-",298,214,"CTCGC","WT","D4","RepR4","S1","MSR","other"
"5543","FJ24-FJ25::chr9:2999602-3038819",38403,38405,0.75,16,12,"B","G","+",2,1,"-",14,11,"CACGT","WT","D4","RepR4","S1","MSR","other"
"5544","FJ24-FJ25::chr9:2999602-3038819",38419,38421,0.9,10,9,"B","G","+",1,1,"-",9,8,"TTCGT","WT","D4","RepR4","S1","MSR","other"
"5545","FJ24-FJ25::chr9:2999602-3038819",38489,38491,0.811,37,30,"-","G","+",0,0,"-",37,30,"ACGTC","WT","D4","RepR4","S1","MSR","other"
"5546","FJ24-FJ25::chr9:2999602-3038819",38537,38539,1,1,1,"+","G","+",1,1,"-",0,0,"CTCGC","WT","D4","RepR4","S1","MSR","other"
"5547","FJ24-FJ25::chr9:2999602-3038819",38549,38551,1,4,4,"-","G","+",0,0,"-",4,4,"ACGTC","WT","D4","RepR4","S1","MSR","other"
"5548","FJ24-FJ25::chr9:2999602-3038819",38637,38639,0.462,13,6,"B","G","+",1,1,"-",12,5,"CACGT","WT","D4","RepR4","S1","MSR","other"
"5549","FJ24-FJ25::chr9:2999602-3038819",38653,38655,0.5,6,3,"B","G","+",1,1,"-",5,2,"TTCGT","WT","D4","RepR4","S1","MSR","other"
"5550","FJ24-FJ25::chr9:35304805-35306009",436,438,0.78,50,39,"+","G","+",50,39,"-",0,0,"TGCGA","WT","D4","RepR4","S1","MSR","other"
"5551","FJ24-FJ25::chr9:35304805-35306009",454,456,0.689,90,62,"+","G","+",90,62,"-",0,0,"CACGG","WT","D4","RepR4","S1","MSR","other"
"5552","FJ24-FJ25::chr9:35304805-35306009",482,484,0.909,11,10,"+","G","+",11,10,"-",0,0,"GACGT","WT","D4","RepR4","S1","MSR","other"
"5553","FJ24-FJ25::chr9:35304805-35306009",494,496,0.727,11,8,"+","G","+",11,8,"-",0,0,"GGCGA","WT","D4","RepR4","S1","MSR","other"
"5554","FJ24-FJ25::chr9:35304805-35306009",612,614,0.797,2176,1734,"B","G","+",2169,1730,"-",7,4,"GACGA","WT","D4","RepR4","S1","MSR","other"
"5555","FJ24-FJ25::chr9:35304805-35306009",628,630,0.64,2319,1485,"B","G","+",2313,1482,"-",6,3,"AACGT","WT","D4","RepR4","S1","MSR","other"
"5556","FJ24-FJ25::chr9:35304805-35306009",688,690,0.782,4506,3522,"B","G","+",4484,3500,"-",22,22,"CACGG","WT","D4","RepR4","S1","MSR","other"
"5557","FJ24-FJ25::chr9:35304805-35306009",716,718,0.875,32,28,"B","G","+",13,9,"-",19,19,"GACGT","WT","D4","RepR4","S1","MSR","other"
"5558","FJ24-FJ25::chr9:35304805-35306009",728,730,0.913,23,21,"B","G","+",12,10,"-",11,11,"GGCGA","WT","D4","RepR4","S1","MSR","other"
"5559","FJ24-FJ25::chr9:35304805-35306009",776,778,0.761,109,83,"B","G","+",108,82,"-",1,1,"GACGT","WT","D4","RepR4","S1","MSR","other"
"5560","FJ24-FJ25::chr9:35304805-35306009",1063,1065,0.0417,24,1,"B","G","+",17,0,"-",7,1,"CCCGG","WT","D4","RepR4","S1","MSR","other"
"5561","FJ24-FJ25::chrX:75643946-75646608",2448,2450,0.239,46,11,"B","G","+",8,2,"-",38,9,"TCCGG","WT","D4","RepR4","S1","MSR","other"
"5562","FJ24-FJ25::chrX:75643946-75646608",2589,2591,0,4,0,"-","G","+",0,0,"-",4,0,"TCGGT","WT","D4","RepR4","S1","MSR","other"
"5563","FJ28-FJ29.FJ26-FJ27::chrX:103482701-103483891",480,482,0.693,47387,32824,"+","G","+",47387,32824,"-",0,0,"CACGG","WT","D4","RepR4","S1","RE58","RE58_CGI_2"
"5564","FJ28-FJ29.FJ26-FJ27::chrX:103482701-103483891",489,491,0.77,47091,36258,"+","G","+",47091,36258,"-",0,0,"ACCGC","WT","D4","RepR4","S1","RE58","RE58_CGI_2"
"5565","FJ28-FJ29.FJ26-FJ27::chrX:103482701-103483891",499,501,0.763,47276,36053,"+","G","+",47276,36053,"-",0,0,"CACGG","WT","D4","RepR4","S1","RE58","RE58_CGI_2"
"5566","FJ28-FJ29.FJ26-FJ27::chrX:103482701-103483891",506,508,0.74,47912,35475,"+","G","+",47912,35475,"-",0,0,"AACGA","WT","D4","RepR4","S1","RE58","RE58_CGI_2"
"5567","FJ28-FJ29.FJ26-FJ27::chrX:103482701-103483891",530,532,0.735,48393,35546,"+","G","+",48393,35546,"-",0,0,"GCCGT","WT","D4","RepR4","S1","RE58","RE58_CGI_2"
"5568","FJ28-FJ29.FJ26-FJ27::chrX:103482701-103483891",537,539,0.793,48022,38069,"+","G","+",48022,38069,"-",0,0,"CACGC","WT","D4","RepR4","S1","RE58","RE58_CGI_2"
"5569","FJ28-FJ29.FJ26-FJ27::chrX:103482701-103483891",552,554,0.571,47573,27156,"+","G","+",47573,27156,"-",0,0,"TCCGC","WT","D4","RepR4","S1","RE58","RE58_CGI_2"
"5570","FJ28-FJ29.FJ26-FJ27::chrX:103482701-103483891",554,556,0.691,47900,33087,"+","G","+",47900,33087,"-",0,0,"CGCGG","WT","D4","RepR4","S1","RE58","RE58_CGI_2"
"5571","FJ28-FJ29.FJ26-FJ27::chrX:103482701-103483891",557,559,0.65,48546,31532,"+","G","+",48546,31532,"-",0,0,"GGCGC","WT","D4","RepR4","S1","RE58","RE58_CGI_2"
"5572","FJ28-FJ29.FJ26-FJ27::chrX:103482701-103483891",566,568,0.76,48785,37085,"+","G","+",48785,37085,"-",0,0,"GGCGG","WT","D4","RepR4","S1","RE58","RE58_CGI_2"
"5573","FJ28-FJ29.FJ26-FJ27::chrX:103482701-103483891",675,677,0.936,4502,4216,"B","G","+",3288,3002,"-",1214,1214,"TACGT","WT","D4","RepR4","S1","RE58","RE58_CGI_1"
"5574","FJ28-FJ29.FJ26-FJ27::chrX:103482701-103483891",694,696,0.777,4470,3474,"B","G","+",3309,2315,"-",1161,1159,"GACGC","WT","D4","RepR4","S1","RE58","RE58_CGI_1"
"5575","FJ28-FJ29.FJ26-FJ27::chrX:103482701-103483891",696,698,0.796,4492,3577,"B","G","+",3317,2403,"-",1175,1174,"CGCGT","WT","D4","RepR4","S1","RE58","RE58_CGI_1"
"5576","FJ28-FJ29.FJ26-FJ27::chrX:103482701-103483891",715,717,0.783,4180,3272,"B","G","+",3046,2139,"-",1134,1133,"TGCGC","WT","D4","RepR4","S1","RE58","RE58_CGI_1"
"5577","FJ28-FJ29.FJ26-FJ27::chrX:103482701-103483891",717,719,0.733,4088,2998,"B","G","+",2996,1906,"-",1092,1092,"CGCGA","WT","D4","RepR4","S1","RE58","RE58_CGI_1"
"5578","FJ28-FJ29.FJ26-FJ27::chrX:103482701-103483891",753,755,0.381,2172,827,"B","G","+",1654,309,"-",518,518,"AACGT","WT","D4","RepR4","S1","RE58","RE58_CGI_1"
