"","X","chrom","start","end","ratio","totalC","methC","strand","next.","Plus","totalC_plus","methC_plus","Minus","totalC_minus","methC_minus","localSeq","cell_line","condition","replicate","sample_number","KD","region","amplicon"
"1",15163,"FJ14-FJ15.FJ10-FJ11::chrX:103481327-103482781",433,435,0.643,17238,11087,"+","G","+",17238,11087,"-",0,0,"TCCGC","TS54","-dTAG","RepR1","S20","Xist","RE57","RE57_YY1"
"2",15164,"FJ14-FJ15.FJ10-FJ11::chrX:103481327-103482781",520,522,0.619,12531,7762,"+","G","+",12531,7762,"-",0,0,"TGCGT","TS54","-dTAG","RepR1","S20","Xist","RE57","RE57_YY1"
"3",15165,"FJ14-FJ15.FJ10-FJ11::chrX:103481327-103482781",528,530,0.651,12706,8268,"+","G","+",12706,8268,"-",0,0,"ACCGC","TS54","-dTAG","RepR1","S20","Xist","RE57","RE57_YY1"
"4",15166,"FJ14-FJ15.FJ10-FJ11::chrX:103481327-103482781",546,548,0.633,13525,8568,"+","G","+",13525,8568,"-",0,0,"GCCGC","TS54","-dTAG","RepR1","S20","Xist","RE57","RE57_YY1"
"5",15167,"FJ14-FJ15.FJ10-FJ11::chrX:103481327-103482781",563,565,0.721,13596,9797,"+","G","+",13596,9797,"-",0,0,"TACGA","TS54","-dTAG","RepR1","S20","Xist","RE57","RE57_YY1"
"6",15168,"FJ14-FJ15.FJ10-FJ11::chrX:103481327-103482781",617,619,0.75,13845,10385,"+","G","+",13845,10385,"-",0,0,"GTCGA","TS54","-dTAG","RepR1","S20","Xist","RE57","RE57_YY1"
"7",15169,"FJ14-FJ15.FJ10-FJ11::chrX:103481327-103482781",624,626,0.708,13843,9794,"+","G","+",13843,9794,"-",0,0,"CTCGG","TS54","-dTAG","RepR1","S20","Xist","RE57","RE57_YY1"
"8",15170,"FJ14-FJ15.FJ10-FJ11::chrX:103481327-103482781",637,639,0.789,13898,10964,"+","G","+",13898,10964,"-",0,0,"CCCGA","TS54","-dTAG","RepR1","S20","Xist","RE57","RE57_YY1"
"9",15171,"FJ14-FJ15.FJ10-FJ11::chrX:103481327-103482781",642,644,0.568,13978,7936,"+","G","+",13978,7936,"-",0,0,"GCCGC","TS54","-dTAG","RepR1","S20","Xist","RE57","RE57_YY1"
"10",15172,"FJ14-FJ15.FJ10-FJ11::chrX:103481327-103482781",736,738,0.37,1935,715,"+","G","+",1935,715,"-",0,0,"CACGC","TS54","-dTAG","RepR1","S20","Xist","RE57","RE57_CGI"
"11",15173,"FJ14-FJ15.FJ10-FJ11::chrX:103481327-103482781",763,765,0.696,1282,892,"+","G","+",1282,892,"-",0,0,"TGCGG","TS54","-dTAG","RepR1","S20","Xist","RE57","RE57_CGI"
"12",15174,"FJ14-FJ15.FJ10-FJ11::chrX:103481327-103482781",770,772,0.767,1315,1009,"+","G","+",1315,1009,"-",0,0,"TCCGC","TS54","-dTAG","RepR1","S20","Xist","RE57","RE57_CGI"
"13",15175,"FJ14-FJ15.FJ10-FJ11::chrX:103481327-103482781",772,774,0.812,1293,1050,"+","G","+",1293,1050,"-",0,0,"CGCGC","TS54","-dTAG","RepR1","S20","Xist","RE57","RE57_CGI"
"14",15176,"FJ14-FJ15.FJ10-FJ11::chrX:103481327-103482781",780,782,0.799,1286,1027,"+","G","+",1286,1027,"-",0,0,"ACCGC","TS54","-dTAG","RepR1","S20","Xist","RE57","RE57_CGI"
"15",15177,"FJ14-FJ15.FJ10-FJ11::chrX:103481327-103482781",792,794,0.882,1181,1042,"+","G","+",1181,1042,"-",0,0,"TACGA","TS54","-dTAG","RepR1","S20","Xist","RE57","RE57_CGI"
"16",15178,"FJ14-FJ15.FJ10-FJ11::chrX:103481327-103482781",817,819,0.849,997,846,"+","G","+",997,846,"-",0,0,"TCCGG","TS54","-dTAG","RepR1","S20","Xist","RE57","RE57_CGI"
"17",15179,"FJ14-FJ15.FJ10-FJ11::chrX:103481327-103482781",832,834,0.756,980,741,"+","G","+",980,741,"-",0,0,"CCCGC","TS54","-dTAG","RepR1","S20","Xist","RE57","RE57_CGI"
"18",15180,"FJ14-FJ15.FJ10-FJ11::chrX:103481327-103482781",856,858,0.698,86,60,"+","G","+",86,60,"-",0,0,"GGCGA","TS54","-dTAG","RepR1","S20","Xist","RE57","intermediate_RE57"
"19",15181,"FJ14-FJ15.FJ10-FJ11::chrX:103481327-103482781",863,865,0.773,88,68,"+","G","+",88,68,"-",0,0,"CCCGC","TS54","-dTAG","RepR1","S20","Xist","RE57","intermediate_RE57"
"20",15182,"FJ14-FJ15.FJ10-FJ11::chrX:103481327-103482781",871,873,0.702,104,73,"+","G","+",104,73,"-",0,0,"CCCGC","TS54","-dTAG","RepR1","S20","Xist","RE57","intermediate_RE57"
"21",15183,"FJ14-FJ15.FJ10-FJ11::chrX:103481327-103482781",899,901,0.81,116,94,"+","G","+",116,94,"-",0,0,"AGCGC","TS54","-dTAG","RepR1","S20","Xist","RE57","intermediate_RE57"
"22",15184,"FJ14-FJ15.FJ10-FJ11::chrX:103481327-103482781",904,906,0.593,140,83,"+","G","+",140,83,"-",0,0,"AGCGC","TS54","-dTAG","RepR1","S20","Xist","RE57","intermediate_RE57"
"23",15185,"FJ14-FJ15.FJ10-FJ11::chrX:103481327-103482781",929,931,0.664,1362,905,"+","G","+",1362,905,"-",0,0,"TCCGC","TS54","-dTAG","RepR1","S20","Xist","RE57","RE57_CGI"
"24",15186,"FJ14-FJ15.FJ10-FJ11::chrX:103481327-103482781",941,943,0.76,1386,1053,"+","G","+",1386,1053,"-",0,0,"CTCGG","TS54","-dTAG","RepR1","S20","Xist","RE57","RE57_CGI"
"25",15187,"FJ14-FJ15.FJ10-FJ11::chrX:103481327-103482781",959,961,0.898,1442,1295,"+","G","+",1442,1295,"-",0,0,"GGCGT","TS54","-dTAG","RepR1","S20","Xist","RE57","RE57_CGI"
"26",15188,"FJ14-FJ15.FJ10-FJ11::chrX:103481327-103482781",970,972,0.861,1456,1254,"+","G","+",1456,1254,"-",0,0,"CTCGA","TS54","-dTAG","RepR1","S20","Xist","RE57","RE57_CGI"
"27",15189,"FJ14-FJ15.FJ10-FJ11::chrX:103481327-103482781",980,982,0.886,1490,1320,"+","G","+",1490,1320,"-",0,0,"GCCGT","TS54","-dTAG","RepR1","S20","Xist","RE57","RE57_CGI"
"28",15190,"FJ14-FJ15.FJ10-FJ11::chrX:103481327-103482781",987,989,0.853,1528,1303,"+","G","+",1528,1303,"-",0,0,"CACGC","TS54","-dTAG","RepR1","S20","Xist","RE57","RE57_CGI"
"29",15191,"FJ14-FJ15.FJ10-FJ11::chrX:103481327-103482781",1004,1006,0.823,1555,1279,"+","G","+",1555,1279,"-",0,0,"GGCGG","TS54","-dTAG","RepR1","S20","Xist","RE57","RE57_CGI"
"30",15192,"FJ14-FJ15.FJ10-FJ11::chrX:103481327-103482781",1008,1010,0.82,1586,1301,"+","G","+",1586,1301,"-",0,0,"GACGC","TS54","-dTAG","RepR1","S20","Xist","RE57","RE57_CGI"
"31",15193,"FJ14-FJ15.FJ10-FJ11::chrX:103481327-103482781",1010,1012,0.682,1576,1075,"+","G","+",1576,1075,"-",0,0,"CGCGG","TS54","-dTAG","RepR1","S20","Xist","RE57","RE57_CGI"
"32",15194,"FJ14-FJ15.FJ10-FJ11::chrX:103481327-103482781",1021,1023,0.854,1579,1349,"+","G","+",1579,1349,"-",0,0,"CACGC","TS54","-dTAG","RepR1","S20","Xist","RE57","RE57_CGI"
"33",15195,"FJ24-FJ25.FJ24-FJ25.FJ24-FJ25.FJ24-FJ25.FJ24-FJ25.FJ24-FJ25.FJ24-FJ25.FJ24-FJ25::chrX:75658294-75672942",212,214,0,1,0,"+","G","+",1,0,"-",0,0,"CCCGG","TS54","-dTAG","RepR1","S20","Xist","MSR","other"
"34",15196,"FJ24-FJ25.FJ24-FJ25.FJ24-FJ25::chrX:75646518-75653780",131,133,1,2,2,"-","G","+",0,0,"-",2,2,"CCGGA","TS54","-dTAG","RepR1","S20","Xist","MSR","other"
"35",15197,"FJ24-FJ25.FJ24-FJ25.FJ24-FJ25::chrX:75646518-75653780",7048,7050,1,1,1,"+","G","+",1,1,"-",0,0,"TCCGG","TS54","-dTAG","RepR1","S20","Xist","MSR","other"
"36",15198,"FJ24-FJ25.FJ24-FJ25.FJ24-FJ25::chrX:75653690-75658384",4482,4484,1,1,1,"+","G","+",1,1,"-",0,0,"TGCGT","TS54","-dTAG","RepR1","S20","Xist","MSR","other"
"37",15199,"FJ24-FJ25.FJ24-FJ25.FJ24-FJ25::chrX:75653690-75658384",4515,4517,1,1,1,"+","G","+",1,1,"-",0,0,"GCCGC","TS54","-dTAG","RepR1","S20","Xist","MSR","other"
"38",15200,"FJ24-FJ25.FJ24-FJ25::chr2:98661834-98663393",429,431,0.621,190,118,"-","G","+",0,0,"-",190,118,"ACGTT","TS54","-dTAG","RepR1","S20","Xist","MSR","other"
"39",15201,"FJ24-FJ25.FJ24-FJ25::chr2:98661834-98663393",445,447,0.852,210,179,"-","G","+",0,0,"-",210,179,"TCGTC","TS54","-dTAG","RepR1","S20","Xist","MSR","other"
"40",15202,"FJ24-FJ25.FJ24-FJ25::chr2:98661834-98663393",460,462,0.726,226,164,"-","G","+",0,0,"-",226,164,"TCGTC","TS54","-dTAG","RepR1","S20","Xist","MSR","other"
"41",15203,"FJ24-FJ25.FJ24-FJ25::chr2:98661834-98663393",515,517,0.811,233,189,"-","G","+",0,0,"-",233,189,"ACGTC","TS54","-dTAG","RepR1","S20","Xist","MSR","other"
"42",15204,"FJ24-FJ25.FJ24-FJ25::chr2:98661834-98663393",575,577,0.833,6,5,"-","G","+",0,0,"-",6,5,"ACGTC","TS54","-dTAG","RepR1","S20","Xist","MSR","other"
"43",15205,"FJ24-FJ25.FJ24-FJ25::chr2:98661834-98663393",603,605,0,2,0,"-","G","+",0,0,"-",2,0,"CCGTG","TS54","-dTAG","RepR1","S20","Xist","MSR","other"
"44",15206,"FJ24-FJ25.FJ24-FJ25::chr2:98661834-98663393",621,623,1,3,3,"-","G","+",0,0,"-",3,3,"TCGCC","TS54","-dTAG","RepR1","S20","Xist","MSR","other"
"45",15207,"FJ24-FJ25.FJ24-FJ25::chr2:98661834-98663393",1021,1023,0.736,208,153,"+","G","+",208,153,"-",0,0,"GACGT","TS54","-dTAG","RepR1","S20","Xist","MSR","other"
"46",15208,"FJ24-FJ25.FJ24-FJ25::chr2:98661834-98663393",1068,1070,1,2,2,"+","G","+",2,2,"-",0,0,"ATCGA","TS54","-dTAG","RepR1","S20","Xist","MSR","other"
"47",15209,"FJ24-FJ25.FJ24-FJ25::chr2:98661834-98663393",1076,1078,0.705,105,74,"+","G","+",105,74,"-",0,0,"GACGA","TS54","-dTAG","RepR1","S20","Xist","MSR","other"
"48",15210,"FJ24-FJ25.FJ24-FJ25::chr2:98661834-98663393",1091,1093,0.843,89,75,"+","G","+",89,75,"-",0,0,"GACGA","TS54","-dTAG","RepR1","S20","Xist","MSR","other"
"49",15211,"FJ24-FJ25.FJ24-FJ25::chr2:98661834-98663393",1107,1109,0.842,95,80,"+","G","+",95,80,"-",0,0,"TACGT","TS54","-dTAG","RepR1","S20","Xist","MSR","other"
"50",15212,"FJ24-FJ25::chr12:3109471-3110521",439,441,1,3,3,"+","G","+",3,3,"-",0,0,"GACGT","TS54","-dTAG","RepR1","S20","Xist","MSR","other"
"51",15213,"FJ24-FJ25::chr12:3109471-3110521",451,453,1,4,4,"+","G","+",4,4,"-",0,0,"GGCGA","TS54","-dTAG","RepR1","S20","Xist","MSR","other"
"52",15214,"FJ24-FJ25::chr12:3109471-3110521",554,556,0.312,16,5,"B","G","+",15,5,"-",1,0,"GACGA","TS54","-dTAG","RepR1","S20","Xist","MSR","other"
"53",15215,"FJ24-FJ25::chr12:3109471-3110521",627,629,0.667,3,2,"+","G","+",3,2,"-",0,0,"GGCGA","TS54","-dTAG","RepR1","S20","Xist","MSR","other"
"54",15216,"FJ24-FJ25::chr12:3109471-3110521",645,647,1,1,1,"+","G","+",1,1,"-",0,0,"CACGG","TS54","-dTAG","RepR1","S20","Xist","MSR","other"
"55",15217,"FJ24-FJ25::chr14:19415282-19420102",457,459,0,2,0,"+","G","+",2,0,"-",0,0,"GGCGA","TS54","-dTAG","RepR1","S20","Xist","MSR","other"
"56",15218,"FJ24-FJ25::chr14:19415282-19420102",475,477,0.667,3,2,"+","G","+",3,2,"-",0,0,"CACGG","TS54","-dTAG","RepR1","S20","Xist","MSR","other"
"57",15219,"FJ24-FJ25::chr14:19415282-19420102",618,620,0.579,19,11,"+","G","+",19,11,"-",0,0,"GACGA","TS54","-dTAG","RepR1","S20","Xist","MSR","other"
"58",15220,"FJ24-FJ25::chr14:19415282-19420102",633,635,0.667,15,10,"+","G","+",15,10,"-",0,0,"GACGA","TS54","-dTAG","RepR1","S20","Xist","MSR","other"
"59",15221,"FJ24-FJ25::chr14:19415282-19420102",691,693,0.917,12,11,"+","G","+",12,11,"-",0,0,"GGCGA","TS54","-dTAG","RepR1","S20","Xist","MSR","other"
"60",15222,"FJ24-FJ25::chr14:19415282-19420102",709,711,0.909,11,10,"+","G","+",11,10,"-",0,0,"CACGG","TS54","-dTAG","RepR1","S20","Xist","MSR","other"
"61",15223,"FJ24-FJ25::chr14:19415282-19420102",852,854,0,1,0,"+","G","+",1,0,"-",0,0,"GACGA","TS54","-dTAG","RepR1","S20","Xist","MSR","other"
"62",15224,"FJ24-FJ25::chr14:19415282-19420102",883,885,0,1,0,"+","G","+",1,0,"-",0,0,"AACGT","TS54","-dTAG","RepR1","S20","Xist","MSR","other"
"63",15225,"FJ24-FJ25::chr14:19415282-19420102",963,965,1,3,3,"+","G","+",3,3,"-",0,0,"CTCGT","TS54","-dTAG","RepR1","S20","Xist","MSR","other"
"64",15226,"FJ24-FJ25::chr14:19415282-19420102",1219,1221,1,1,1,"+","G","+",1,1,"-",0,0,"GACGA","TS54","-dTAG","RepR1","S20","Xist","MSR","other"
"65",15227,"FJ24-FJ25::chr14:19415282-19420102",1276,1278,1,1,1,"+","G","+",1,1,"-",0,0,"GGCGA","TS54","-dTAG","RepR1","S20","Xist","MSR","other"
"66",15228,"FJ24-FJ25::chr14:19415282-19420102",1294,1296,1,3,3,"+","G","+",3,3,"-",0,0,"CACGG","TS54","-dTAG","RepR1","S20","Xist","MSR","other"
"67",15229,"FJ24-FJ25::chr14:19415282-19420102",1509,1511,1,2,2,"+","G","+",2,2,"-",0,0,"GGCGA","TS54","-dTAG","RepR1","S20","Xist","MSR","other"
"68",15230,"FJ24-FJ25::chr14:19415282-19420102",1527,1529,0.5,4,2,"+","G","+",4,2,"-",0,0,"CTCGG","TS54","-dTAG","RepR1","S20","Xist","MSR","other"
"69",15231,"FJ24-FJ25::chr14:19415282-19420102",1628,1630,1,1,1,"+","G","+",1,1,"-",0,0,"AGCGA","TS54","-dTAG","RepR1","S20","Xist","MSR","other"
"70",15232,"FJ24-FJ25::chr14:19415282-19420102",1671,1673,0.643,14,9,"+","G","+",14,9,"-",0,0,"GACGA","TS54","-dTAG","RepR1","S20","Xist","MSR","other"
"71",15233,"FJ24-FJ25::chr14:19415282-19420102",1686,1688,0.917,12,11,"+","G","+",12,11,"-",0,0,"GACGA","TS54","-dTAG","RepR1","S20","Xist","MSR","other"
"72",15234,"FJ24-FJ25::chr14:19415282-19420102",1702,1704,0.5,12,6,"+","G","+",12,6,"-",0,0,"AACGT","TS54","-dTAG","RepR1","S20","Xist","MSR","other"
"73",15235,"FJ24-FJ25::chr14:19415282-19420102",1744,1746,1,11,11,"+","G","+",11,11,"-",0,0,"GGCGA","TS54","-dTAG","RepR1","S20","Xist","MSR","other"
"74",15236,"FJ24-FJ25::chr14:19415282-19420102",1762,1764,0.857,7,6,"+","G","+",7,6,"-",0,0,"CACGG","TS54","-dTAG","RepR1","S20","Xist","MSR","other"
"75",15237,"FJ24-FJ25::chr14:19415282-19420102",2022,2024,0.71,131,93,"B","G","+",129,92,"-",2,1,"GACGA","TS54","-dTAG","RepR1","S20","Xist","MSR","other"
"76",15238,"FJ24-FJ25::chr14:19415282-19420102",2037,2039,0.857,126,108,"B","G","+",125,108,"-",1,0,"GACGA","TS54","-dTAG","RepR1","S20","Xist","MSR","other"
"77",15239,"FJ24-FJ25::chr14:19415282-19420102",2053,2055,0.67,109,73,"+","G","+",109,73,"-",0,0,"AACGT","TS54","-dTAG","RepR1","S20","Xist","MSR","other"
"78",15240,"FJ24-FJ25::chr14:19415282-19420102",2095,2097,0.882,34,30,"+","G","+",34,30,"-",0,0,"GGCGA","TS54","-dTAG","RepR1","S20","Xist","MSR","other"
"79",15241,"FJ24-FJ25::chr14:19415282-19420102",2153,2155,1,1,1,"+","G","+",1,1,"-",0,0,"GACGA","TS54","-dTAG","RepR1","S20","Xist","MSR","other"
"80",15242,"FJ24-FJ25::chr14:19415282-19420102",2230,2232,0.636,11,7,"+","G","+",11,7,"-",0,0,"CACGG","TS54","-dTAG","RepR1","S20","Xist","MSR","other"
"81",15243,"FJ24-FJ25::chr14:19415282-19420102",2370,2372,0,8,0,"+","G","+",8,0,"-",0,0,"CTCGA","TS54","-dTAG","RepR1","S20","Xist","MSR","other"
"82",15244,"FJ24-FJ25::chr14:19415282-19420102",2404,2406,0.778,9,7,"+","G","+",9,7,"-",0,0,"AACGT","TS54","-dTAG","RepR1","S20","Xist","MSR","other"
"83",15245,"FJ24-FJ25::chr14:19415282-19420102",2437,2439,0.5,2,1,"+","G","+",2,1,"-",0,0,"CTCGA","TS54","-dTAG","RepR1","S20","Xist","MSR","other"
"84",15246,"FJ24-FJ25::chr14:19415282-19420102",2446,2448,0.875,8,7,"+","G","+",8,7,"-",0,0,"GGCGA","TS54","-dTAG","RepR1","S20","Xist","MSR","other"
"85",15247,"FJ24-FJ25::chr14:19415282-19420102",2464,2466,0.625,8,5,"+","G","+",8,5,"-",0,0,"CACGG","TS54","-dTAG","RepR1","S20","Xist","MSR","other"
"86",15248,"FJ24-FJ25::chr14:19415282-19420102",2606,2608,0.775,40,31,"B","G","+",39,30,"-",1,1,"GACGA","TS54","-dTAG","RepR1","S20","Xist","MSR","other"
"87",15249,"FJ24-FJ25::chr14:19415282-19420102",2621,2623,0.8,30,24,"+","G","+",30,24,"-",0,0,"GACGA","TS54","-dTAG","RepR1","S20","Xist","MSR","other"
"88",15250,"FJ24-FJ25::chr14:19415282-19420102",2637,2639,0.652,23,15,"+","G","+",23,15,"-",0,0,"AACGT","TS54","-dTAG","RepR1","S20","Xist","MSR","other"
"89",15251,"FJ24-FJ25::chr14:19415282-19420102",2678,2680,0.5,10,5,"+","G","+",10,5,"-",0,0,"GGCGA","TS54","-dTAG","RepR1","S20","Xist","MSR","other"
"90",15252,"FJ24-FJ25::chr14:19415282-19420102",2853,2855,0.842,19,16,"+","G","+",19,16,"-",0,0,"GACGA","TS54","-dTAG","RepR1","S20","Xist","MSR","other"
"91",15253,"FJ24-FJ25::chr14:19415282-19420102",2929,2931,0.469,64,30,"+","G","+",64,30,"-",0,0,"CACGG","TS54","-dTAG","RepR1","S20","Xist","MSR","other"
"92",15254,"FJ24-FJ25::chr14:19415282-19420102",3072,3074,1,1,1,"+","G","+",1,1,"-",0,0,"GACGA","TS54","-dTAG","RepR1","S20","Xist","MSR","other"
"93",15255,"FJ24-FJ25::chr14:19415282-19420102",3087,3089,1,1,1,"+","G","+",1,1,"-",0,0,"GACGG","TS54","-dTAG","RepR1","S20","Xist","MSR","other"
"94",15256,"FJ24-FJ25::chr14:19415282-19420102",3103,3105,1,1,1,"+","G","+",1,1,"-",0,0,"AACGT","TS54","-dTAG","RepR1","S20","Xist","MSR","other"
"95",15257,"FJ24-FJ25::chr14:19415282-19420102",3163,3165,1,1,1,"+","G","+",1,1,"-",0,0,"CACGA","TS54","-dTAG","RepR1","S20","Xist","MSR","other"
"96",15258,"FJ24-FJ25::chr14:19415282-19420102",3305,3307,0.375,8,3,"+","G","+",8,3,"-",0,0,"GACGA","TS54","-dTAG","RepR1","S20","Xist","MSR","other"
"97",15259,"FJ24-FJ25::chr14:19415282-19420102",3320,3322,0.714,7,5,"+","G","+",7,5,"-",0,0,"GACGA","TS54","-dTAG","RepR1","S20","Xist","MSR","other"
"98",15260,"FJ24-FJ25::chr14:19415282-19420102",3336,3338,0.25,8,2,"+","G","+",8,2,"-",0,0,"AACGT","TS54","-dTAG","RepR1","S20","Xist","MSR","other"
"99",15261,"FJ24-FJ25::chr14:19415282-19420102",3386,3388,1,1,1,"+","G","+",1,1,"-",0,0,"AACGG","TS54","-dTAG","RepR1","S20","Xist","MSR","other"
"100",15262,"FJ24-FJ25::chr14:19415282-19420102",3396,3398,1,7,7,"+","G","+",7,7,"-",0,0,"CACGG","TS54","-dTAG","RepR1","S20","Xist","MSR","other"
"101",15263,"FJ24-FJ25::chr14:19415282-19420102",3416,3418,1,1,1,"+","G","+",1,1,"-",0,0,"CACGT","TS54","-dTAG","RepR1","S20","Xist","MSR","other"
"102",15264,"FJ24-FJ25::chr14:19415282-19420102",3495,3497,1,2,2,"+","G","+",2,2,"-",0,0,"GGCGA","TS54","-dTAG","RepR1","S20","Xist","MSR","other"
"103",15265,"FJ24-FJ25::chr14:19415282-19420102",3513,3515,1,1,1,"+","G","+",1,1,"-",0,0,"CACGG","TS54","-dTAG","RepR1","S20","Xist","MSR","other"
"104",15266,"FJ24-FJ25::chr14:19415282-19420102",3656,3658,1,1,1,"+","G","+",1,1,"-",0,0,"GACGA","TS54","-dTAG","RepR1","S20","Xist","MSR","other"
"105",15267,"FJ24-FJ25::chr14:19415282-19420102",3671,3673,1,1,1,"+","G","+",1,1,"-",0,0,"GACGA","TS54","-dTAG","RepR1","S20","Xist","MSR","other"
"106",15268,"FJ24-FJ25::chr14:19415282-19420102",3687,3689,1,1,1,"+","G","+",1,1,"-",0,0,"AACGT","TS54","-dTAG","RepR1","S20","Xist","MSR","other"
"107",15269,"FJ24-FJ25::chr14:19415282-19420102",3729,3731,1,1,1,"+","G","+",1,1,"-",0,0,"GGCGA","TS54","-dTAG","RepR1","S20","Xist","MSR","other"
"108",15270,"FJ24-FJ25::chr14:19415282-19420102",3905,3907,1,4,4,"+","G","+",4,4,"-",0,0,"GACGA","TS54","-dTAG","RepR1","S20","Xist","MSR","other"
"109",15271,"FJ24-FJ25::chr14:19415282-19420102",3921,3923,1,4,4,"+","G","+",4,4,"-",0,0,"AACGT","TS54","-dTAG","RepR1","S20","Xist","MSR","other"
"110",15272,"FJ24-FJ25::chr14:19415282-19420102",3963,3965,1,3,3,"+","G","+",3,3,"-",0,0,"GGCGA","TS54","-dTAG","RepR1","S20","Xist","MSR","other"
"111",15273,"FJ24-FJ25::chr14:19415282-19420102",3981,3983,1,3,3,"+","G","+",3,3,"-",0,0,"CACGG","TS54","-dTAG","RepR1","S20","Xist","MSR","other"
"112",15274,"FJ24-FJ25::chr14:19415282-19420102",4166,4168,1,1,1,"+","G","+",1,1,"-",0,0,"TGCGA","TS54","-dTAG","RepR1","S20","Xist","MSR","other"
"113",15275,"FJ24-FJ25::chr2:98663241-98664491",474,476,0.5,8,4,"-","G","+",0,0,"-",8,4,"CCGTG","TS54","-dTAG","RepR1","S20","Xist","MSR","other"
"114",15276,"FJ24-FJ25::chr2:98663241-98664491",533,535,0.667,9,6,"-","G","+",0,0,"-",9,6,"ACGTT","TS54","-dTAG","RepR1","S20","Xist","MSR","other"
"115",15277,"FJ24-FJ25::chr2:98663241-98664491",665,667,1,1,1,"-","G","+",0,0,"-",1,1,"TCGTC","TS54","-dTAG","RepR1","S20","Xist","MSR","other"
"116",15278,"FJ24-FJ25::chr2:98663241-98664491",705,707,1,1,1,"-","G","+",0,0,"-",1,1,"CCGTG","TS54","-dTAG","RepR1","S20","Xist","MSR","other"
"117",15279,"FJ24-FJ25::chr2:98666144-98667732",446,448,0.762,160,122,"+","G","+",160,122,"-",0,0,"GACGA","TS54","-dTAG","RepR1","S20","Xist","MSR","other"
"118",15280,"FJ24-FJ25::chr2:98666144-98667732",461,463,0.845,161,136,"+","G","+",161,136,"-",0,0,"GACGA","TS54","-dTAG","RepR1","S20","Xist","MSR","other"
"119",15281,"FJ24-FJ25::chr2:98666144-98667732",477,479,0.675,163,110,"B","G","+",162,110,"-",1,0,"TACGT","TS54","-dTAG","RepR1","S20","Xist","MSR","other"
"120",15282,"FJ24-FJ25::chr2:98666144-98667732",537,539,0.84,156,131,"+","G","+",156,131,"-",0,0,"CACGG","TS54","-dTAG","RepR1","S20","Xist","MSR","other"
"121",15283,"FJ24-FJ25::chr2:98666144-98667732",565,567,1,4,4,"+","G","+",4,4,"-",0,0,"GACGT","TS54","-dTAG","RepR1","S20","Xist","MSR","other"
"122",15284,"FJ24-FJ25::chr2:98666144-98667732",577,579,0.833,12,10,"B","G","+",11,9,"-",1,1,"GGCGA","TS54","-dTAG","RepR1","S20","Xist","MSR","other"
"123",15285,"FJ24-FJ25::chr2:98666144-98667732",625,627,0.829,6059,5023,"+","G","+",6059,5023,"-",0,0,"GACGT","TS54","-dTAG","RepR1","S20","Xist","MSR","other"
"124",15286,"FJ24-FJ25::chr2:98666144-98667732",680,682,0.745,6286,4680,"B","G","+",6285,4679,"-",1,1,"GACGA","TS54","-dTAG","RepR1","S20","Xist","MSR","other"
"125",15287,"FJ24-FJ25::chr2:98666144-98667732",695,697,0.823,6234,5131,"B","G","+",6233,5130,"-",1,1,"GACGA","TS54","-dTAG","RepR1","S20","Xist","MSR","other"
"126",15288,"FJ24-FJ25::chr2:98666144-98667732",711,713,0.607,6054,3674,"B","G","+",6053,3673,"-",1,1,"AACGT","TS54","-dTAG","RepR1","S20","Xist","MSR","other"
"127",15289,"FJ24-FJ25::chr2:98666144-98667732",753,755,0.813,1185,963,"B","G","+",1184,962,"-",1,1,"GGCGA","TS54","-dTAG","RepR1","S20","Xist","MSR","other"
"128",15290,"FJ24-FJ25::chr2:98666144-98667732",771,773,0.794,981,779,"B","G","+",978,776,"-",3,3,"CACGG","TS54","-dTAG","RepR1","S20","Xist","MSR","other"
"129",15291,"FJ24-FJ25::chr2:98666144-98667732",799,801,0.818,11,9,"B","G","+",8,6,"-",3,3,"GACGT","TS54","-dTAG","RepR1","S20","Xist","MSR","other"
"130",15292,"FJ24-FJ25::chr2:98666144-98667732",811,813,0.818,11,9,"B","G","+",9,7,"-",2,2,"GGCGA","TS54","-dTAG","RepR1","S20","Xist","MSR","other"
"131",15293,"FJ24-FJ25::chr2:98666144-98667732",859,861,0.8,5,4,"B","G","+",3,2,"-",2,2,"GACGT","TS54","-dTAG","RepR1","S20","Xist","MSR","other"
"132",15294,"FJ24-FJ25::chr2:98666144-98667732",946,948,0.819,5590,4578,"B","G","+",5589,4577,"-",1,1,"GACGA","TS54","-dTAG","RepR1","S20","Xist","MSR","other"
"133",15295,"FJ24-FJ25::chr2:98666144-98667732",962,964,0.594,5671,3371,"B","G","+",5669,3369,"-",2,2,"AACGT","TS54","-dTAG","RepR1","S20","Xist","MSR","other"
"134",15296,"FJ24-FJ25::chr2:98666144-98667732",1004,1006,0.84,5702,4789,"B","G","+",5697,4786,"-",5,3,"GGCGA","TS54","-dTAG","RepR1","S20","Xist","MSR","other"
"135",15297,"FJ24-FJ25::chr2:98666144-98667732",1022,1024,0.821,5855,4805,"B","G","+",5853,4803,"-",2,2,"CACGG","TS54","-dTAG","RepR1","S20","Xist","MSR","other"
"136",15298,"FJ24-FJ25::chr2:98666144-98667732",1050,1052,0.769,26,20,"B","G","+",24,18,"-",2,2,"GACGT","TS54","-dTAG","RepR1","S20","Xist","MSR","other"
"137",15299,"FJ24-FJ25::chr2:98666144-98667732",1062,1064,0.786,28,22,"B","G","+",27,21,"-",1,1,"GGCGA","TS54","-dTAG","RepR1","S20","Xist","MSR","other"
"138",15300,"FJ24-FJ25::chr2:98666144-98667732",1110,1112,0.866,179,155,"B","G","+",178,154,"-",1,1,"GACGT","TS54","-dTAG","RepR1","S20","Xist","MSR","other"
"139",15301,"FJ24-FJ25::chr2:98666144-98667732",1165,1167,0.619,21,13,"+","G","+",21,13,"-",0,0,"GACGA","TS54","-dTAG","RepR1","S20","Xist","MSR","other"
"140",15302,"FJ24-FJ25::chr2:98666144-98667732",1180,1182,0.7,10,7,"+","G","+",10,7,"-",0,0,"GACGA","TS54","-dTAG","RepR1","S20","Xist","MSR","other"
"141",15303,"FJ24-FJ25::chr9:2999602-3038819",604,606,0.5,2,1,"-","G","+",0,0,"-",2,1,"ACGTT","TS54","-dTAG","RepR1","S20","Xist","MSR","other"
"142",15304,"FJ24-FJ25::chr9:2999602-3038819",620,622,1,2,2,"-","G","+",0,0,"-",2,2,"TCGTC","TS54","-dTAG","RepR1","S20","Xist","MSR","other"
"143",15305,"FJ24-FJ25::chr9:2999602-3038819",738,740,1,1,1,"-","G","+",0,0,"-",1,1,"TCGCC","TS54","-dTAG","RepR1","S20","Xist","MSR","other"
"144",15306,"FJ24-FJ25::chr9:2999602-3038819",750,752,1,2,2,"-","G","+",0,0,"-",2,2,"ACGTC","TS54","-dTAG","RepR1","S20","Xist","MSR","other"
"145",15307,"FJ24-FJ25::chr9:2999602-3038819",778,780,0.835,115,96,"-","G","+",0,0,"-",115,96,"CCGTG","TS54","-dTAG","RepR1","S20","Xist","MSR","other"
"146",15308,"FJ24-FJ25::chr9:2999602-3038819",796,798,0.849,119,101,"-","G","+",0,0,"-",119,101,"TCGAC","TS54","-dTAG","RepR1","S20","Xist","MSR","other"
"147",15309,"FJ24-FJ25::chr9:2999602-3038819",838,840,0.644,104,67,"-","G","+",0,0,"-",104,67,"ACGTT","TS54","-dTAG","RepR1","S20","Xist","MSR","other"
"148",15310,"FJ24-FJ25::chr9:2999602-3038819",854,856,0.82,100,82,"-","G","+",0,0,"-",100,82,"TCGTC","TS54","-dTAG","RepR1","S20","Xist","MSR","other"
"149",15311,"FJ24-FJ25::chr9:2999602-3038819",866,868,0.64,25,16,"-","G","+",0,0,"-",25,16,"ACGTC","TS54","-dTAG","RepR1","S20","Xist","MSR","other"
"150",15312,"FJ24-FJ25::chr9:2999602-3038819",869,871,0.539,89,48,"-","G","+",0,0,"-",89,48,"TCGTC","TS54","-dTAG","RepR1","S20","Xist","MSR","other"
"151",15313,"FJ24-FJ25::chr9:2999602-3038819",972,974,0.909,22,20,"-","G","+",0,0,"-",22,20,"TCGCC","TS54","-dTAG","RepR1","S20","Xist","MSR","other"
"152",15314,"FJ24-FJ25::chr9:2999602-3038819",984,986,0.864,22,19,"-","G","+",0,0,"-",22,19,"ACGTC","TS54","-dTAG","RepR1","S20","Xist","MSR","other"
"153",15315,"FJ24-FJ25::chr9:2999602-3038819",1012,1014,0,2,0,"-","G","+",0,0,"-",2,0,"CCGTG","TS54","-dTAG","RepR1","S20","Xist","MSR","other"
"154",15316,"FJ24-FJ25::chr9:2999602-3038819",1030,1032,1,1,1,"-","G","+",0,0,"-",1,1,"TCGAC","TS54","-dTAG","RepR1","S20","Xist","MSR","other"
"155",15317,"FJ24-FJ25::chr9:2999602-3038819",1248,1250,0.5,6,3,"-","G","+",0,0,"-",6,3,"ACGTT","TS54","-dTAG","RepR1","S20","Xist","MSR","other"
"156",15318,"FJ24-FJ25::chr9:2999602-3038819",1264,1266,1,8,8,"-","G","+",0,0,"-",8,8,"TCGTC","TS54","-dTAG","RepR1","S20","Xist","MSR","other"
"157",15319,"FJ24-FJ25::chr9:2999602-3038819",1382,1384,0.556,9,5,"-","G","+",0,0,"-",9,5,"TCGCC","TS54","-dTAG","RepR1","S20","Xist","MSR","other"
"158",15320,"FJ24-FJ25::chr9:2999602-3038819",1394,1396,0.6,5,3,"-","G","+",0,0,"-",5,3,"ACGTC","TS54","-dTAG","RepR1","S20","Xist","MSR","other"
"159",15321,"FJ24-FJ25::chr9:2999602-3038819",1422,1424,0.5,4,2,"-","G","+",0,0,"-",4,2,"CCGTG","TS54","-dTAG","RepR1","S20","Xist","MSR","other"
"160",15322,"FJ24-FJ25::chr9:2999602-3038819",1440,1442,1,3,3,"-","G","+",0,0,"-",3,3,"TCGCC","TS54","-dTAG","RepR1","S20","Xist","MSR","other"
"161",15323,"FJ24-FJ25::chr9:2999602-3038819",1459,1461,0,4,0,"-","G","+",0,0,"-",4,0,"ACGGT","TS54","-dTAG","RepR1","S20","Xist","MSR","other"
"162",15324,"FJ24-FJ25::chr9:2999602-3038819",1674,1676,0.676,37,25,"-","G","+",0,0,"-",37,25,"TCGCC","TS54","-dTAG","RepR1","S20","Xist","MSR","other"
"163",15325,"FJ24-FJ25::chr9:2999602-3038819",1716,1718,0.591,44,26,"-","G","+",0,0,"-",44,26,"ACGTT","TS54","-dTAG","RepR1","S20","Xist","MSR","other"
"164",15326,"FJ24-FJ25::chr9:2999602-3038819",1732,1734,0.792,53,42,"-","G","+",0,0,"-",53,42,"TCGTC","TS54","-dTAG","RepR1","S20","Xist","MSR","other"
"165",15327,"FJ24-FJ25::chr9:2999602-3038819",1850,1852,0.714,7,5,"-","G","+",0,0,"-",7,5,"TCGCC","TS54","-dTAG","RepR1","S20","Xist","MSR","other"
"166",15328,"FJ24-FJ25::chr9:2999602-3038819",1862,1864,0.75,4,3,"-","G","+",0,0,"-",4,3,"ACGTC","TS54","-dTAG","RepR1","S20","Xist","MSR","other"
"167",15329,"FJ24-FJ25::chr9:2999602-3038819",1890,1892,0.833,6,5,"-","G","+",0,0,"-",6,5,"CCGTG","TS54","-dTAG","RepR1","S20","Xist","MSR","other"
"168",15330,"FJ24-FJ25::chr9:2999602-3038819",1908,1910,1,3,3,"-","G","+",0,0,"-",3,3,"TCGCC","TS54","-dTAG","RepR1","S20","Xist","MSR","other"
"169",15331,"FJ24-FJ25::chr9:2999602-3038819",2123,2125,1,3,3,"-","G","+",0,0,"-",3,3,"CCGTG","TS54","-dTAG","RepR1","S20","Xist","MSR","other"
"170",15332,"FJ24-FJ25::chr9:2999602-3038819",2141,2143,1,3,3,"-","G","+",0,0,"-",3,3,"TCGCC","TS54","-dTAG","RepR1","S20","Xist","MSR","other"
"171",15333,"FJ24-FJ25::chr9:2999602-3038819",2183,2185,0.5,2,1,"-","G","+",0,0,"-",2,1,"ACGTT","TS54","-dTAG","RepR1","S20","Xist","MSR","other"
"172",15334,"FJ24-FJ25::chr9:2999602-3038819",2199,2201,0,3,0,"-","G","+",0,0,"-",3,0,"TCGTC","TS54","-dTAG","RepR1","S20","Xist","MSR","other"
"173",15335,"FJ24-FJ25::chr9:2999602-3038819",2357,2359,0,1,0,"-","G","+",0,0,"-",1,0,"CCGTG","TS54","-dTAG","RepR1","S20","Xist","MSR","other"
"174",15336,"FJ24-FJ25::chr9:2999602-3038819",2375,2377,0,1,0,"-","G","+",0,0,"-",1,0,"TCGCC","TS54","-dTAG","RepR1","S20","Xist","MSR","other"
"175",15337,"FJ24-FJ25::chr9:2999602-3038819",2433,2435,0.8,10,8,"-","G","+",0,0,"-",10,8,"TCGTC","TS54","-dTAG","RepR1","S20","Xist","MSR","other"
"176",15338,"FJ24-FJ25::chr9:2999602-3038819",2448,2450,0.917,12,11,"-","G","+",0,0,"-",12,11,"TCGTC","TS54","-dTAG","RepR1","S20","Xist","MSR","other"
"177",15339,"FJ24-FJ25::chr9:2999602-3038819",2551,2553,1,4,4,"-","G","+",0,0,"-",4,4,"TCGCC","TS54","-dTAG","RepR1","S20","Xist","MSR","other"
"178",15340,"FJ24-FJ25::chr9:2999602-3038819",2609,2611,0.714,7,5,"-","G","+",0,0,"-",7,5,"TCGCC","TS54","-dTAG","RepR1","S20","Xist","MSR","other"
"179",15341,"FJ24-FJ25::chr9:2999602-3038819",2651,2653,0.875,8,7,"-","G","+",0,0,"-",8,7,"ACGTT","TS54","-dTAG","RepR1","S20","Xist","MSR","other"
"180",15342,"FJ24-FJ25::chr9:2999602-3038819",2667,2669,0.833,6,5,"-","G","+",0,0,"-",6,5,"TCGTC","TS54","-dTAG","RepR1","S20","Xist","MSR","other"
"181",15343,"FJ24-FJ25::chr9:2999602-3038819",2825,2827,0.4,5,2,"-","G","+",0,0,"-",5,2,"CCGTG","TS54","-dTAG","RepR1","S20","Xist","MSR","other"
"182",15344,"FJ24-FJ25::chr9:2999602-3038819",3175,3177,1,2,2,"-","G","+",0,0,"-",2,2,"CCGTG","TS54","-dTAG","RepR1","S20","Xist","MSR","other"
"183",15345,"FJ24-FJ25::chr9:2999602-3038819",3193,3195,1,1,1,"-","G","+",0,0,"-",1,1,"TCGCC","TS54","-dTAG","RepR1","S20","Xist","MSR","other"
"184",15346,"FJ24-FJ25::chr9:2999602-3038819",3234,3236,1,2,2,"-","G","+",0,0,"-",2,2,"ACGTT","TS54","-dTAG","RepR1","S20","Xist","MSR","other"
"185",15347,"FJ24-FJ25::chr9:2999602-3038819",3468,3470,1,1,1,"-","G","+",0,0,"-",1,1,"ACGTT","TS54","-dTAG","RepR1","S20","Xist","MSR","other"
"186",15348,"FJ24-FJ25::chr9:2999602-3038819",3484,3486,1,1,1,"-","G","+",0,0,"-",1,1,"TCGTC","TS54","-dTAG","RepR1","S20","Xist","MSR","other"
"187",15349,"FJ24-FJ25::chr9:2999602-3038819",3642,3644,1,2,2,"-","G","+",0,0,"-",2,2,"CCGTG","TS54","-dTAG","RepR1","S20","Xist","MSR","other"
"188",15350,"FJ24-FJ25::chr9:2999602-3038819",3660,3662,1,3,3,"-","G","+",0,0,"-",3,3,"TCGCC","TS54","-dTAG","RepR1","S20","Xist","MSR","other"
"189",15351,"FJ24-FJ25::chr9:2999602-3038819",3718,3720,0.8,5,4,"-","G","+",0,0,"-",5,4,"TCGTC","TS54","-dTAG","RepR1","S20","Xist","MSR","other"
"190",15352,"FJ24-FJ25::chr9:2999602-3038819",3733,3735,0.667,6,4,"-","G","+",0,0,"-",6,4,"TCGTC","TS54","-dTAG","RepR1","S20","Xist","MSR","other"
"191",15353,"FJ24-FJ25::chr9:2999602-3038819",3836,3838,0.778,9,7,"B","G","+",1,1,"-",8,6,"CTCGC","TS54","-dTAG","RepR1","S20","Xist","MSR","other"
"192",15354,"FJ24-FJ25::chr9:2999602-3038819",3894,3896,0.902,41,37,"-","G","+",0,0,"-",41,37,"TCGCC","TS54","-dTAG","RepR1","S20","Xist","MSR","other"
"193",15355,"FJ24-FJ25::chr9:2999602-3038819",3936,3938,0.625,40,25,"-","G","+",0,0,"-",40,25,"ACGTT","TS54","-dTAG","RepR1","S20","Xist","MSR","other"
"194",15356,"FJ24-FJ25::chr9:2999602-3038819",4128,4130,0.75,4,3,"-","G","+",0,0,"-",4,3,"TCGCC","TS54","-dTAG","RepR1","S20","Xist","MSR","other"
"195",15357,"FJ24-FJ25::chr9:2999602-3038819",4303,4305,0.5,2,1,"-","G","+",0,0,"-",2,1,"TCGCC","TS54","-dTAG","RepR1","S20","Xist","MSR","other"
"196",15358,"FJ24-FJ25::chr9:2999602-3038819",4346,4348,1,1,1,"-","G","+",0,0,"-",1,1,"ACGTT","TS54","-dTAG","RepR1","S20","Xist","MSR","other"
"197",15359,"FJ24-FJ25::chr9:2999602-3038819",4480,4482,0.7,10,7,"-","G","+",0,0,"-",10,7,"TCGCC","TS54","-dTAG","RepR1","S20","Xist","MSR","other"
"198",15360,"FJ24-FJ25::chr9:2999602-3038819",4520,4522,0.689,537,370,"-","G","+",0,0,"-",537,370,"CCGTG","TS54","-dTAG","RepR1","S20","Xist","MSR","other"
"199",15361,"FJ24-FJ25::chr9:2999602-3038819",4580,4582,0.633,341,216,"-","G","+",0,0,"-",341,216,"ACGTT","TS54","-dTAG","RepR1","S20","Xist","MSR","other"
"200",15362,"FJ24-FJ25::chr9:2999602-3038819",4596,4598,0.831,308,256,"-","G","+",0,0,"-",308,256,"TCGTC","TS54","-dTAG","RepR1","S20","Xist","MSR","other"
"201",15363,"FJ24-FJ25::chr9:2999602-3038819",4611,4613,0.74,334,247,"-","G","+",0,0,"-",334,247,"TCGTC","TS54","-dTAG","RepR1","S20","Xist","MSR","other"
"202",15364,"FJ24-FJ25::chr9:2999602-3038819",4654,4656,0.8,5,4,"-","G","+",0,0,"-",5,4,"TCGCC","TS54","-dTAG","RepR1","S20","Xist","MSR","other"
"203",15365,"FJ24-FJ25::chr9:2999602-3038819",4754,4756,0.8,15,12,"-","G","+",0,0,"-",15,12,"CCGTG","TS54","-dTAG","RepR1","S20","Xist","MSR","other"
"204",15366,"FJ24-FJ25::chr9:2999602-3038819",4814,4816,0.5,10,5,"-","G","+",0,0,"-",10,5,"ACGTT","TS54","-dTAG","RepR1","S20","Xist","MSR","other"
"205",15367,"FJ24-FJ25::chr9:2999602-3038819",4844,4846,0.6,10,6,"-","G","+",0,0,"-",10,6,"TCGTC","TS54","-dTAG","RepR1","S20","Xist","MSR","other"
"206",15368,"FJ24-FJ25::chr9:2999602-3038819",4899,4901,1,2,2,"-","G","+",0,0,"-",2,2,"ACGTC","TS54","-dTAG","RepR1","S20","Xist","MSR","other"
"207",15369,"FJ24-FJ25::chr9:2999602-3038819",4987,4989,0.812,32,26,"-","G","+",0,0,"-",32,26,"CCGTG","TS54","-dTAG","RepR1","S20","Xist","MSR","other"
"208",15370,"FJ24-FJ25::chr9:2999602-3038819",5005,5007,0.757,37,28,"-","G","+",0,0,"-",37,28,"TCGCC","TS54","-dTAG","RepR1","S20","Xist","MSR","other"
"209",15371,"FJ24-FJ25::chr9:2999602-3038819",5047,5049,0.634,317,201,"-","G","+",0,0,"-",317,201,"ACGTT","TS54","-dTAG","RepR1","S20","Xist","MSR","other"
"210",15372,"FJ24-FJ25::chr9:2999602-3038819",5063,5065,0.812,293,238,"-","G","+",0,0,"-",293,238,"TCGTC","TS54","-dTAG","RepR1","S20","Xist","MSR","other"
"211",15373,"FJ24-FJ25::chr9:2999602-3038819",5078,5080,0.72,329,237,"-","G","+",0,0,"-",329,237,"TCGTC","TS54","-dTAG","RepR1","S20","Xist","MSR","other"
"212",15374,"FJ24-FJ25::chr9:2999602-3038819",5181,5183,1,1,1,"-","G","+",0,0,"-",1,1,"TCGCC","TS54","-dTAG","RepR1","S20","Xist","MSR","other"
"213",15375,"FJ24-FJ25::chr9:2999602-3038819",5193,5195,1,1,1,"-","G","+",0,0,"-",1,1,"ACGTC","TS54","-dTAG","RepR1","S20","Xist","MSR","other"
"214",15376,"FJ24-FJ25::chr9:2999602-3038819",5221,5223,0.889,9,8,"-","G","+",0,0,"-",9,8,"CCGTG","TS54","-dTAG","RepR1","S20","Xist","MSR","other"
"215",15377,"FJ24-FJ25::chr9:2999602-3038819",5281,5283,0,1,0,"-","G","+",0,0,"-",1,0,"ACGTT","TS54","-dTAG","RepR1","S20","Xist","MSR","other"
"216",15378,"FJ24-FJ25::chr9:2999602-3038819",5707,5709,0.5,4,2,"-","G","+",0,0,"-",4,2,"TCGCA","TS54","-dTAG","RepR1","S20","Xist","MSR","other"
"217",15379,"FJ24-FJ25::chr9:2999602-3038819",6098,6100,0.5,2,1,"-","G","+",0,0,"-",2,1,"CCGTG","TS54","-dTAG","RepR1","S20","Xist","MSR","other"
"218",15380,"FJ24-FJ25::chr9:2999602-3038819",6116,6118,1,2,2,"-","G","+",0,0,"-",2,2,"TCGCC","TS54","-dTAG","RepR1","S20","Xist","MSR","other"
"219",15381,"FJ24-FJ25::chr9:2999602-3038819",6158,6160,1,2,2,"-","G","+",0,0,"-",2,2,"ACGTT","TS54","-dTAG","RepR1","S20","Xist","MSR","other"
"220",15382,"FJ24-FJ25::chr9:2999602-3038819",6174,6176,1,1,1,"-","G","+",0,0,"-",1,1,"TCGTC","TS54","-dTAG","RepR1","S20","Xist","MSR","other"
"221",15383,"FJ24-FJ25::chr9:2999602-3038819",6189,6191,1,2,2,"-","G","+",0,0,"-",2,2,"TCGTC","TS54","-dTAG","RepR1","S20","Xist","MSR","other"
"222",15384,"FJ24-FJ25::chr9:2999602-3038819",6434,6436,0,1,0,"-","G","+",0,0,"-",1,0,"ACGTT","TS54","-dTAG","RepR1","S20","Xist","MSR","other"
"223",15385,"FJ24-FJ25::chr9:2999602-3038819",6760,6762,0.778,18,14,"-","G","+",0,0,"-",18,14,"TCGCC","TS54","-dTAG","RepR1","S20","Xist","MSR","other"
"224",15386,"FJ24-FJ25::chr9:2999602-3038819",6802,6804,0.444,9,4,"-","G","+",0,0,"-",9,4,"ACGTT","TS54","-dTAG","RepR1","S20","Xist","MSR","other"
"225",15387,"FJ24-FJ25::chr9:2999602-3038819",6818,6820,0.75,12,9,"-","G","+",0,0,"-",12,9,"TCGTC","TS54","-dTAG","RepR1","S20","Xist","MSR","other"
"226",15388,"FJ24-FJ25::chr9:2999602-3038819",7051,7053,0.857,7,6,"-","G","+",0,0,"-",7,6,"TCGTC","TS54","-dTAG","RepR1","S20","Xist","MSR","other"
"227",15389,"FJ24-FJ25::chr9:2999602-3038819",7169,7171,0.8,5,4,"-","G","+",0,0,"-",5,4,"TCGCC","TS54","-dTAG","RepR1","S20","Xist","MSR","other"
"228",15390,"FJ24-FJ25::chr9:2999602-3038819",7181,7183,1,5,5,"-","G","+",0,0,"-",5,5,"ACGTC","TS54","-dTAG","RepR1","S20","Xist","MSR","other"
"229",15391,"FJ24-FJ25::chr9:2999602-3038819",7209,7211,0.751,265,199,"-","G","+",0,0,"-",265,199,"CCGTG","TS54","-dTAG","RepR1","S20","Xist","MSR","other"
"230",15392,"FJ24-FJ25::chr9:2999602-3038819",7227,7229,0.771,258,199,"-","G","+",0,0,"-",258,199,"TCGCC","TS54","-dTAG","RepR1","S20","Xist","MSR","other"
"231",15393,"FJ24-FJ25::chr9:2999602-3038819",7269,7271,0.562,16,9,"-","G","+",0,0,"-",16,9,"ACGTT","TS54","-dTAG","RepR1","S20","Xist","MSR","other"
"232",15394,"FJ24-FJ25::chr9:2999602-3038819",7285,7287,0.786,14,11,"-","G","+",0,0,"-",14,11,"TCGTC","TS54","-dTAG","RepR1","S20","Xist","MSR","other"
"233",15395,"FJ24-FJ25::chr9:2999602-3038819",7698,7700,0.7,40,28,"-","G","+",0,0,"-",40,28,"TCGCC","TS54","-dTAG","RepR1","S20","Xist","MSR","other"
"234",15396,"FJ24-FJ25::chr9:2999602-3038819",7799,7801,0.917,12,11,"-","G","+",0,0,"-",12,11,"CCGTG","TS54","-dTAG","RepR1","S20","Xist","MSR","other"
"235",15397,"FJ24-FJ25::chr9:2999602-3038819",7817,7819,0.818,11,9,"-","G","+",0,0,"-",11,9,"TCGCC","TS54","-dTAG","RepR1","S20","Xist","MSR","other"
"236",15398,"FJ24-FJ25::chr9:2999602-3038819",7859,7861,1,1,1,"-","G","+",0,0,"-",1,1,"ACGTT","TS54","-dTAG","RepR1","S20","Xist","MSR","other"
"237",15399,"FJ24-FJ25::chr9:2999602-3038819",7992,7994,1,2,2,"-","G","+",0,0,"-",2,2,"TCGCC","TS54","-dTAG","RepR1","S20","Xist","MSR","other"
"238",15400,"FJ24-FJ25::chr9:2999602-3038819",8004,8006,1,2,2,"-","G","+",0,0,"-",2,2,"ACGTC","TS54","-dTAG","RepR1","S20","Xist","MSR","other"
"239",15401,"FJ24-FJ25::chr9:2999602-3038819",8032,8034,1,3,3,"-","G","+",0,0,"-",3,3,"CCGTG","TS54","-dTAG","RepR1","S20","Xist","MSR","other"
"240",15402,"FJ24-FJ25::chr9:2999602-3038819",8050,8052,0.333,3,1,"-","G","+",0,0,"-",3,1,"TCGCC","TS54","-dTAG","RepR1","S20","Xist","MSR","other"
"241",15403,"FJ24-FJ25::chr9:2999602-3038819",8091,8093,1,1,1,"-","G","+",0,0,"-",1,1,"ACGTT","TS54","-dTAG","RepR1","S20","Xist","MSR","other"
"242",15404,"FJ24-FJ25::chr9:2999602-3038819",8265,8267,1,1,1,"-","G","+",0,0,"-",1,1,"TCGTG","TS54","-dTAG","RepR1","S20","Xist","MSR","other"
"243",15405,"FJ24-FJ25::chr9:2999602-3038819",8283,8285,1,1,1,"-","G","+",0,0,"-",1,1,"TCGCC","TS54","-dTAG","RepR1","S20","Xist","MSR","other"
"244",15406,"FJ24-FJ25::chr9:2999602-3038819",8325,8327,1,2,2,"-","G","+",0,0,"-",2,2,"ACGTT","TS54","-dTAG","RepR1","S20","Xist","MSR","other"
"245",15407,"FJ24-FJ25::chr9:2999602-3038819",8517,8519,0.8,15,12,"-","G","+",0,0,"-",15,12,"TCGCC","TS54","-dTAG","RepR1","S20","Xist","MSR","other"
"246",15408,"FJ24-FJ25::chr9:2999602-3038819",8692,8694,0,2,0,"-","G","+",0,0,"-",2,0,"TCGCT","TS54","-dTAG","RepR1","S20","Xist","MSR","other"
"247",15409,"FJ24-FJ25::chr9:2999602-3038819",8869,8871,0,1,0,"-","G","+",0,0,"-",1,0,"TCGCC","TS54","-dTAG","RepR1","S20","Xist","MSR","other"
"248",15410,"FJ24-FJ25::chr9:2999602-3038819",8909,8911,0.713,143,102,"-","G","+",0,0,"-",143,102,"CCGTG","TS54","-dTAG","RepR1","S20","Xist","MSR","other"
"249",15411,"FJ24-FJ25::chr9:2999602-3038819",8969,8971,0.571,7,4,"-","G","+",0,0,"-",7,4,"ACGTT","TS54","-dTAG","RepR1","S20","Xist","MSR","other"
"250",15412,"FJ24-FJ25::chr9:2999602-3038819",8985,8987,1,7,7,"-","G","+",0,0,"-",7,7,"TCGTC","TS54","-dTAG","RepR1","S20","Xist","MSR","other"
"251",15413,"FJ24-FJ25::chr9:2999602-3038819",9648,9650,1,3,3,"-","G","+",0,0,"-",3,3,"TCGCC","TS54","-dTAG","RepR1","S20","Xist","MSR","other"
"252",15414,"FJ24-FJ25::chr9:2999602-3038819",9691,9693,1,2,2,"-","G","+",0,0,"-",2,2,"ACGTT","TS54","-dTAG","RepR1","S20","Xist","MSR","other"
"253",15415,"FJ24-FJ25::chr9:2999602-3038819",9707,9709,1,5,5,"-","G","+",0,0,"-",5,5,"TCGTC","TS54","-dTAG","RepR1","S20","Xist","MSR","other"
"254",15416,"FJ24-FJ25::chr9:2999602-3038819",9722,9724,1,5,5,"-","G","+",0,0,"-",5,5,"TCGTC","TS54","-dTAG","RepR1","S20","Xist","MSR","other"
"255",15417,"FJ24-FJ25::chr9:2999602-3038819",9883,9885,0.767,43,33,"-","G","+",0,0,"-",43,33,"TCGCC","TS54","-dTAG","RepR1","S20","Xist","MSR","other"
"256",15418,"FJ24-FJ25::chr9:2999602-3038819",9984,9986,0.556,9,5,"-","G","+",0,0,"-",9,5,"CCGTG","TS54","-dTAG","RepR1","S20","Xist","MSR","other"
"257",15419,"FJ24-FJ25::chr9:2999602-3038819",10002,10004,0.857,7,6,"-","G","+",0,0,"-",7,6,"TCGCC","TS54","-dTAG","RepR1","S20","Xist","MSR","other"
"258",15420,"FJ24-FJ25::chr9:2999602-3038819",10044,10046,0.667,3,2,"-","G","+",0,0,"-",3,2,"ACGTT","TS54","-dTAG","RepR1","S20","Xist","MSR","other"
"259",15421,"FJ24-FJ25::chr9:2999602-3038819",10177,10179,1,1,1,"-","G","+",0,0,"-",1,1,"TCGCC","TS54","-dTAG","RepR1","S20","Xist","MSR","other"
"260",15422,"FJ24-FJ25::chr9:2999602-3038819",10189,10191,0,1,0,"-","G","+",0,0,"-",1,0,"ACGTC","TS54","-dTAG","RepR1","S20","Xist","MSR","other"
"261",15423,"FJ24-FJ25::chr9:2999602-3038819",10217,10219,0.62,71,44,"-","G","+",0,0,"-",71,44,"CCGTG","TS54","-dTAG","RepR1","S20","Xist","MSR","other"
"262",15424,"FJ24-FJ25::chr9:2999602-3038819",10451,10453,0.75,4,3,"-","G","+",0,0,"-",4,3,"CCGTG","TS54","-dTAG","RepR1","S20","Xist","MSR","other"
"263",15425,"FJ24-FJ25::chr9:2999602-3038819",10469,10471,1,2,2,"-","G","+",0,0,"-",2,2,"TCGCC","TS54","-dTAG","RepR1","S20","Xist","MSR","other"
"264",15426,"FJ24-FJ25::chr9:2999602-3038819",10644,10646,0,1,0,"-","G","+",0,0,"-",1,0,"TCGCC","TS54","-dTAG","RepR1","S20","Xist","MSR","other"
"265",15427,"FJ24-FJ25::chr9:2999602-3038819",10684,10686,1,1,1,"-","G","+",0,0,"-",1,1,"CCGTG","TS54","-dTAG","RepR1","S20","Xist","MSR","other"
"266",15428,"FJ24-FJ25::chr9:2999602-3038819",10702,10704,1,1,1,"-","G","+",0,0,"-",1,1,"TCGCC","TS54","-dTAG","RepR1","S20","Xist","MSR","other"
"267",15429,"FJ24-FJ25::chr9:2999602-3038819",10744,10746,0,3,0,"-","G","+",0,0,"-",3,0,"ACGTT","TS54","-dTAG","RepR1","S20","Xist","MSR","other"
"268",15430,"FJ24-FJ25::chr9:2999602-3038819",10760,10762,0.333,3,1,"-","G","+",0,0,"-",3,1,"TCGTC","TS54","-dTAG","RepR1","S20","Xist","MSR","other"
"269",15431,"FJ24-FJ25::chr9:2999602-3038819",11287,11289,0.75,4,3,"-","G","+",0,0,"-",4,3,"TCGCC","TS54","-dTAG","RepR1","S20","Xist","MSR","other"
"270",15432,"FJ24-FJ25::chr9:2999602-3038819",11327,11329,0.739,111,82,"-","G","+",0,0,"-",111,82,"CCGTG","TS54","-dTAG","RepR1","S20","Xist","MSR","other"
"271",15433,"FJ24-FJ25::chr9:2999602-3038819",11387,11389,0.6,5,3,"-","G","+",0,0,"-",5,3,"ACGTT","TS54","-dTAG","RepR1","S20","Xist","MSR","other"
"272",15434,"FJ24-FJ25::chr9:2999602-3038819",11403,11405,0.8,5,4,"-","G","+",0,0,"-",5,4,"TCGTC","TS54","-dTAG","RepR1","S20","Xist","MSR","other"
"273",15435,"FJ24-FJ25::chr9:2999602-3038819",11579,11581,1,4,4,"-","G","+",0,0,"-",4,4,"TCGCA","TS54","-dTAG","RepR1","S20","Xist","MSR","other"
"274",15436,"FJ24-FJ25::chr9:2999602-3038819",11970,11972,1,4,4,"-","G","+",0,0,"-",4,4,"CCGTG","TS54","-dTAG","RepR1","S20","Xist","MSR","other"
"275",15437,"FJ24-FJ25::chr9:2999602-3038819",11988,11990,0.75,4,3,"-","G","+",0,0,"-",4,3,"TCGCC","TS54","-dTAG","RepR1","S20","Xist","MSR","other"
"276",15438,"FJ24-FJ25::chr9:2999602-3038819",12030,12032,1,5,5,"-","G","+",0,0,"-",5,5,"ACGTT","TS54","-dTAG","RepR1","S20","Xist","MSR","other"
"277",15439,"FJ24-FJ25::chr9:2999602-3038819",12046,12048,0.8,5,4,"-","G","+",0,0,"-",5,4,"TCGTC","TS54","-dTAG","RepR1","S20","Xist","MSR","other"
"278",15440,"FJ24-FJ25::chr9:2999602-3038819",12061,12063,1,3,3,"-","G","+",0,0,"-",3,3,"TCGTC","TS54","-dTAG","RepR1","S20","Xist","MSR","other"
"279",15441,"FJ24-FJ25::chr9:2999602-3038819",12116,12118,1,1,1,"-","G","+",0,0,"-",1,1,"ACGTC","TS54","-dTAG","RepR1","S20","Xist","MSR","other"
"280",15442,"FJ24-FJ25::chr9:2999602-3038819",12206,12208,0.6,5,3,"-","G","+",0,0,"-",5,3,"ACGTT","TS54","-dTAG","RepR1","S20","Xist","MSR","other"
"281",15443,"FJ24-FJ25::chr9:2999602-3038819",12222,12224,0.5,2,1,"-","G","+",0,0,"-",2,1,"TCGTC","TS54","-dTAG","RepR1","S20","Xist","MSR","other"
"282",15444,"FJ24-FJ25::chr9:2999602-3038819",12262,12264,0,3,0,"-","G","+",0,0,"-",3,0,"CCGTG","TS54","-dTAG","RepR1","S20","Xist","MSR","other"
"283",15445,"FJ24-FJ25::chr9:2999602-3038819",12306,12308,0,1,0,"-","G","+",0,0,"-",1,0,"ACGTT","TS54","-dTAG","RepR1","S20","Xist","MSR","other"
"284",15446,"FJ24-FJ25::chr9:2999602-3038819",12632,12634,0.889,9,8,"-","G","+",0,0,"-",9,8,"TCGCC","TS54","-dTAG","RepR1","S20","Xist","MSR","other"
"285",15447,"FJ24-FJ25::chr9:2999602-3038819",12674,12676,0.875,8,7,"-","G","+",0,0,"-",8,7,"ACGTT","TS54","-dTAG","RepR1","S20","Xist","MSR","other"
"286",15448,"FJ24-FJ25::chr9:2999602-3038819",12690,12692,0.875,8,7,"-","G","+",0,0,"-",8,7,"TCGTC","TS54","-dTAG","RepR1","S20","Xist","MSR","other"
"287",15449,"FJ24-FJ25::chr9:2999602-3038819",13101,13103,1,3,3,"-","G","+",0,0,"-",3,3,"TCGCC","TS54","-dTAG","RepR1","S20","Xist","MSR","other"
"288",15450,"FJ24-FJ25::chr9:2999602-3038819",13144,13146,0.75,4,3,"-","G","+",0,0,"-",4,3,"ACGTT","TS54","-dTAG","RepR1","S20","Xist","MSR","other"
"289",15451,"FJ24-FJ25::chr9:2999602-3038819",13160,13162,0.5,6,3,"-","G","+",0,0,"-",6,3,"TCGTC","TS54","-dTAG","RepR1","S20","Xist","MSR","other"
"290",15452,"FJ24-FJ25::chr9:2999602-3038819",13175,13177,0.429,7,3,"-","G","+",0,0,"-",7,3,"TCGTC","TS54","-dTAG","RepR1","S20","Xist","MSR","other"
"291",15453,"FJ24-FJ25::chr9:2999602-3038819",13336,13338,0.714,49,35,"-","G","+",0,0,"-",49,35,"TCGCC","TS54","-dTAG","RepR1","S20","Xist","MSR","other"
"292",15454,"FJ24-FJ25::chr9:2999602-3038819",13437,13439,1,9,9,"-","G","+",0,0,"-",9,9,"CCGTG","TS54","-dTAG","RepR1","S20","Xist","MSR","other"
"293",15455,"FJ24-FJ25::chr9:2999602-3038819",13455,13457,0.667,9,6,"-","G","+",0,0,"-",9,6,"TCGCC","TS54","-dTAG","RepR1","S20","Xist","MSR","other"
"294",15456,"FJ24-FJ25::chr9:2999602-3038819",13497,13499,0.333,6,2,"-","G","+",0,0,"-",6,2,"ACGTT","TS54","-dTAG","RepR1","S20","Xist","MSR","other"
"295",15457,"FJ24-FJ25::chr9:2999602-3038819",13670,13672,0.817,93,76,"-","G","+",0,0,"-",93,76,"CCGTG","TS54","-dTAG","RepR1","S20","Xist","MSR","other"
"296",15458,"FJ24-FJ25::chr9:2999602-3038819",13730,13732,1,3,3,"-","G","+",0,0,"-",3,3,"ACGTT","TS54","-dTAG","RepR1","S20","Xist","MSR","other"
"297",15459,"FJ24-FJ25::chr9:2999602-3038819",13904,13906,1,7,7,"-","G","+",0,0,"-",7,7,"CCGTG","TS54","-dTAG","RepR1","S20","Xist","MSR","other"
"298",15460,"FJ24-FJ25::chr9:2999602-3038819",13922,13924,0.857,7,6,"-","G","+",0,0,"-",7,6,"TCGCC","TS54","-dTAG","RepR1","S20","Xist","MSR","other"
"299",15461,"FJ24-FJ25::chr9:2999602-3038819",13963,13965,1,1,1,"-","G","+",0,0,"-",1,1,"ACGTT","TS54","-dTAG","RepR1","S20","Xist","MSR","other"
"300",15462,"FJ24-FJ25::chr9:2999602-3038819",14137,14139,1,13,13,"-","G","+",0,0,"-",13,13,"CCGTG","TS54","-dTAG","RepR1","S20","Xist","MSR","other"
"301",15463,"FJ24-FJ25::chr9:2999602-3038819",14155,14157,0.933,15,14,"-","G","+",0,0,"-",15,14,"TCGCC","TS54","-dTAG","RepR1","S20","Xist","MSR","other"
"302",15464,"FJ24-FJ25::chr9:2999602-3038819",14197,14199,0.643,14,9,"-","G","+",0,0,"-",14,9,"ACGTT","TS54","-dTAG","RepR1","S20","Xist","MSR","other"
"303",15465,"FJ24-FJ25::chr9:2999602-3038819",14213,14215,0.833,18,15,"-","G","+",0,0,"-",18,15,"TCGTC","TS54","-dTAG","RepR1","S20","Xist","MSR","other"
"304",15466,"FJ24-FJ25::chr9:2999602-3038819",14371,14373,1,1,1,"-","G","+",0,0,"-",1,1,"CCGTG","TS54","-dTAG","RepR1","S20","Xist","MSR","other"
"305",15467,"FJ24-FJ25::chr9:2999602-3038819",14389,14391,1,1,1,"-","G","+",0,0,"-",1,1,"TCGCC","TS54","-dTAG","RepR1","S20","Xist","MSR","other"
"306",15468,"FJ24-FJ25::chr9:2999602-3038819",14447,14449,0.714,7,5,"-","G","+",0,0,"-",7,5,"TCGTC","TS54","-dTAG","RepR1","S20","Xist","MSR","other"
"307",15469,"FJ24-FJ25::chr9:2999602-3038819",14462,14464,0.667,9,6,"-","G","+",0,0,"-",9,6,"TCGTC","TS54","-dTAG","RepR1","S20","Xist","MSR","other"
"308",15470,"FJ24-FJ25::chr9:2999602-3038819",14565,14567,1,3,3,"-","G","+",0,0,"-",3,3,"TCGCC","TS54","-dTAG","RepR1","S20","Xist","MSR","other"
"309",15471,"FJ24-FJ25::chr9:2999602-3038819",14623,14625,0.929,14,13,"-","G","+",0,0,"-",14,13,"TCGCC","TS54","-dTAG","RepR1","S20","Xist","MSR","other"
"310",15472,"FJ24-FJ25::chr9:2999602-3038819",14665,14667,0.722,18,13,"-","G","+",0,0,"-",18,13,"ACGTT","TS54","-dTAG","RepR1","S20","Xist","MSR","other"
"311",15473,"FJ24-FJ25::chr9:2999602-3038819",14681,14683,0.778,18,14,"-","G","+",0,0,"-",18,14,"TCGTC","TS54","-dTAG","RepR1","S20","Xist","MSR","other"
"312",15474,"FJ24-FJ25::chr9:2999602-3038819",15133,15135,0.5,2,1,"-","G","+",0,0,"-",2,1,"ACGTT","TS54","-dTAG","RepR1","S20","Xist","MSR","other"
"313",15475,"FJ24-FJ25::chr9:2999602-3038819",15325,15327,1,4,4,"-","G","+",0,0,"-",4,4,"TCGCC","TS54","-dTAG","RepR1","S20","Xist","MSR","other"
"314",15476,"FJ24-FJ25::chr9:2999602-3038819",15777,15779,0.56,25,14,"-","G","+",0,0,"-",25,14,"ACGTT","TS54","-dTAG","RepR1","S20","Xist","MSR","other"
"315",15477,"FJ24-FJ25::chr9:2999602-3038819",15793,15795,0.889,18,16,"-","G","+",0,0,"-",18,16,"TCGTC","TS54","-dTAG","RepR1","S20","Xist","MSR","other"
"316",15478,"FJ24-FJ25::chr9:2999602-3038819",15808,15810,0.714,28,20,"-","G","+",0,0,"-",28,20,"TCGTC","TS54","-dTAG","RepR1","S20","Xist","MSR","other"
"317",15479,"FJ24-FJ25::chr9:2999602-3038819",15851,15853,0.5,4,2,"-","G","+",0,0,"-",4,2,"TCGCC","TS54","-dTAG","RepR1","S20","Xist","MSR","other"
"318",15480,"FJ24-FJ25::chr9:2999602-3038819",15911,15913,0,1,0,"-","G","+",0,0,"-",1,0,"TCGCG","TS54","-dTAG","RepR1","S20","Xist","MSR","other"
"319",15481,"FJ24-FJ25::chr9:2999602-3038819",15913,15915,0,1,0,"-","G","+",0,0,"-",1,0,"GCGAT","TS54","-dTAG","RepR1","S20","Xist","MSR","other"
"320",15482,"FJ24-FJ25::chr9:2999602-3038819",15951,15953,1,6,6,"-","G","+",0,0,"-",6,6,"CCGTG","TS54","-dTAG","RepR1","S20","Xist","MSR","other"
"321",15483,"FJ24-FJ25::chr9:2999602-3038819",16011,16013,0.5,2,1,"-","G","+",0,0,"-",2,1,"ACGTT","TS54","-dTAG","RepR1","S20","Xist","MSR","other"
"322",15484,"FJ24-FJ25::chr9:2999602-3038819",16041,16043,1,2,2,"-","G","+",0,0,"-",2,2,"TCGTC","TS54","-dTAG","RepR1","S20","Xist","MSR","other"
"323",15485,"FJ24-FJ25::chr9:2999602-3038819",16202,16204,1,7,7,"-","G","+",0,0,"-",7,7,"TCGCC","TS54","-dTAG","RepR1","S20","Xist","MSR","other"
"324",15486,"FJ24-FJ25::chr9:2999602-3038819",16261,16263,1,2,2,"-","G","+",0,0,"-",2,2,"TCGTC","TS54","-dTAG","RepR1","S20","Xist","MSR","other"
"325",15487,"FJ24-FJ25::chr9:2999602-3038819",16377,16379,0.7,10,7,"-","G","+",0,0,"-",10,7,"TCGCC","TS54","-dTAG","RepR1","S20","Xist","MSR","other"
"326",15488,"FJ24-FJ25::chr9:2999602-3038819",16419,16421,0.75,12,9,"-","G","+",0,0,"-",12,9,"ACGTT","TS54","-dTAG","RepR1","S20","Xist","MSR","other"
"327",15489,"FJ24-FJ25::chr9:2999602-3038819",16435,16437,1,11,11,"-","G","+",0,0,"-",11,11,"TCGTC","TS54","-dTAG","RepR1","S20","Xist","MSR","other"
"328",15490,"FJ24-FJ25::chr9:2999602-3038819",16553,16555,1,1,1,"-","G","+",0,0,"-",1,1,"TCGCC","TS54","-dTAG","RepR1","S20","Xist","MSR","other"
"329",15491,"FJ24-FJ25::chr9:2999602-3038819",16593,16595,0.778,9,7,"-","G","+",0,0,"-",9,7,"CCGTG","TS54","-dTAG","RepR1","S20","Xist","MSR","other"
"330",15492,"FJ24-FJ25::chr9:2999602-3038819",16887,16889,1,1,1,"-","G","+",0,0,"-",1,1,"ACGTT","TS54","-dTAG","RepR1","S20","Xist","MSR","other"
"331",15493,"FJ24-FJ25::chr9:2999602-3038819",17079,17081,1,7,7,"-","G","+",0,0,"-",7,7,"TCGCC","TS54","-dTAG","RepR1","S20","Xist","MSR","other"
"332",15494,"FJ24-FJ25::chr9:2999602-3038819",17138,17140,1,2,2,"-","G","+",0,0,"-",2,2,"TCGTC","TS54","-dTAG","RepR1","S20","Xist","MSR","other"
"333",15495,"FJ24-FJ25::chr9:2999602-3038819",17254,17256,1,3,3,"-","G","+",0,0,"-",3,3,"TCGCT","TS54","-dTAG","RepR1","S20","Xist","MSR","other"
"334",15496,"FJ24-FJ25::chr9:2999602-3038819",17471,17473,0.838,229,192,"-","G","+",0,0,"-",229,192,"CCGTG","TS54","-dTAG","RepR1","S20","Xist","MSR","other"
"335",15497,"FJ24-FJ25::chr9:2999602-3038819",17531,17533,0.407,54,22,"-","G","+",0,0,"-",54,22,"ACGTT","TS54","-dTAG","RepR1","S20","Xist","MSR","other"
"336",15498,"FJ24-FJ25::chr9:2999602-3038819",17547,17549,0.8,55,44,"-","G","+",0,0,"-",55,44,"TCGTC","TS54","-dTAG","RepR1","S20","Xist","MSR","other"
"337",15499,"FJ24-FJ25::chr9:2999602-3038819",17562,17564,0.724,58,42,"-","G","+",0,0,"-",58,42,"TCGTC","TS54","-dTAG","RepR1","S20","Xist","MSR","other"
"338",15500,"FJ24-FJ25::chr9:2999602-3038819",17605,17607,0.333,9,3,"-","G","+",0,0,"-",9,3,"TCGCC","TS54","-dTAG","RepR1","S20","Xist","MSR","other"
"339",15501,"FJ24-FJ25::chr9:2999602-3038819",17705,17707,0.75,8,6,"-","G","+",0,0,"-",8,6,"CCGTG","TS54","-dTAG","RepR1","S20","Xist","MSR","other"
"340",15502,"FJ24-FJ25::chr9:2999602-3038819",17765,17767,0.4,5,2,"-","G","+",0,0,"-",5,2,"ACGTT","TS54","-dTAG","RepR1","S20","Xist","MSR","other"
"341",15503,"FJ24-FJ25::chr9:2999602-3038819",17795,17797,1,4,4,"-","G","+",0,0,"-",4,4,"TCGTC","TS54","-dTAG","RepR1","S20","Xist","MSR","other"
"342",15504,"FJ24-FJ25::chr9:2999602-3038819",17956,17958,1,2,2,"-","G","+",0,0,"-",2,2,"TCGCC","TS54","-dTAG","RepR1","S20","Xist","MSR","other"
"343",15505,"FJ24-FJ25::chr9:2999602-3038819",18131,18133,0.889,9,8,"-","G","+",0,0,"-",9,8,"TCGCC","TS54","-dTAG","RepR1","S20","Xist","MSR","other"
"344",15506,"FJ24-FJ25::chr9:2999602-3038819",18174,18176,0,1,0,"-","G","+",0,0,"-",1,0,"ACGTT","TS54","-dTAG","RepR1","S20","Xist","MSR","other"
"345",15507,"FJ24-FJ25::chr9:2999602-3038819",18190,18192,1,1,1,"-","G","+",0,0,"-",1,1,"TCGTC","TS54","-dTAG","RepR1","S20","Xist","MSR","other"
"346",15508,"FJ24-FJ25::chr9:2999602-3038819",18348,18350,0.741,518,384,"-","G","+",0,0,"-",518,384,"CCGTG","TS54","-dTAG","RepR1","S20","Xist","MSR","other"
"347",15509,"FJ24-FJ25::chr9:2999602-3038819",18408,18410,0.595,326,194,"-","G","+",0,0,"-",326,194,"ACGTT","TS54","-dTAG","RepR1","S20","Xist","MSR","other"
"348",15510,"FJ24-FJ25::chr9:2999602-3038819",18424,18426,0.852,284,242,"-","G","+",0,0,"-",284,242,"TCGTC","TS54","-dTAG","RepR1","S20","Xist","MSR","other"
"349",15511,"FJ24-FJ25::chr9:2999602-3038819",18439,18441,0.761,327,249,"-","G","+",0,0,"-",327,249,"TCGTC","TS54","-dTAG","RepR1","S20","Xist","MSR","other"
"350",15512,"FJ24-FJ25::chr9:2999602-3038819",18482,18484,0.889,9,8,"-","G","+",0,0,"-",9,8,"TCGCC","TS54","-dTAG","RepR1","S20","Xist","MSR","other"
"351",15513,"FJ24-FJ25::chr9:2999602-3038819",18582,18584,0.714,14,10,"-","G","+",0,0,"-",14,10,"CCGTG","TS54","-dTAG","RepR1","S20","Xist","MSR","other"
"352",15514,"FJ24-FJ25::chr9:2999602-3038819",18642,18644,0.556,9,5,"-","G","+",0,0,"-",9,5,"ACGTT","TS54","-dTAG","RepR1","S20","Xist","MSR","other"
"353",15515,"FJ24-FJ25::chr9:2999602-3038819",18672,18674,0.9,10,9,"-","G","+",0,0,"-",10,9,"TCGTC","TS54","-dTAG","RepR1","S20","Xist","MSR","other"
"354",15516,"FJ24-FJ25::chr9:2999602-3038819",18727,18729,0.5,2,1,"-","G","+",0,0,"-",2,1,"ACGTC","TS54","-dTAG","RepR1","S20","Xist","MSR","other"
"355",15517,"FJ24-FJ25::chr9:2999602-3038819",18815,18817,0.786,14,11,"-","G","+",0,0,"-",14,11,"CCGTG","TS54","-dTAG","RepR1","S20","Xist","MSR","other"
"356",15518,"FJ24-FJ25::chr9:2999602-3038819",18833,18835,0.941,17,16,"-","G","+",0,0,"-",17,16,"TCGCA","TS54","-dTAG","RepR1","S20","Xist","MSR","other"
"357",15519,"FJ24-FJ25::chr9:2999602-3038819",18875,18877,0.61,287,175,"-","G","+",0,0,"-",287,175,"ACGTT","TS54","-dTAG","RepR1","S20","Xist","MSR","other"
"358",15520,"FJ24-FJ25::chr9:2999602-3038819",18891,18893,0.852,257,219,"-","G","+",0,0,"-",257,219,"TCGTC","TS54","-dTAG","RepR1","S20","Xist","MSR","other"
"359",15521,"FJ24-FJ25::chr9:2999602-3038819",18906,18908,0.755,302,228,"-","G","+",0,0,"-",302,228,"TCGTC","TS54","-dTAG","RepR1","S20","Xist","MSR","other"
"360",15522,"FJ24-FJ25::chr9:2999602-3038819",19009,19011,0.636,11,7,"-","G","+",0,0,"-",11,7,"TCGCC","TS54","-dTAG","RepR1","S20","Xist","MSR","other"
"361",15523,"FJ24-FJ25::chr9:2999602-3038819",19021,19023,1,10,10,"-","G","+",0,0,"-",10,10,"ACGTC","TS54","-dTAG","RepR1","S20","Xist","MSR","other"
"362",15524,"FJ24-FJ25::chr9:2999602-3038819",19049,19051,0.593,248,147,"-","G","+",0,0,"-",248,147,"CCGTG","TS54","-dTAG","RepR1","S20","Xist","MSR","other"
"363",15525,"FJ24-FJ25::chr9:2999602-3038819",19109,19111,0,2,0,"-","G","+",0,0,"-",2,0,"ACGTT","TS54","-dTAG","RepR1","S20","Xist","MSR","other"
"364",15526,"FJ24-FJ25::chr9:2999602-3038819",19283,19285,1,2,2,"-","G","+",0,0,"-",2,2,"TCGTG","TS54","-dTAG","RepR1","S20","Xist","MSR","other"
"365",15527,"FJ24-FJ25::chr9:2999602-3038819",19301,19303,1,2,2,"-","G","+",0,0,"-",2,2,"TCGCC","TS54","-dTAG","RepR1","S20","Xist","MSR","other"
"366",15528,"FJ24-FJ25::chr9:2999602-3038819",19343,19345,0.5,2,1,"-","G","+",0,0,"-",2,1,"ACGTT","TS54","-dTAG","RepR1","S20","Xist","MSR","other"
"367",15529,"FJ24-FJ25::chr9:2999602-3038819",19535,19537,1,3,3,"-","G","+",0,0,"-",3,3,"TCGCA","TS54","-dTAG","RepR1","S20","Xist","MSR","other"
"368",15530,"FJ24-FJ25::chr9:2999602-3038819",19575,19577,1,1,1,"-","G","+",0,0,"-",1,1,"CCGTG","TS54","-dTAG","RepR1","S20","Xist","MSR","other"
"369",15531,"FJ24-FJ25::chr9:2999602-3038819",19593,19595,1,2,2,"-","G","+",0,0,"-",2,2,"TCGCC","TS54","-dTAG","RepR1","S20","Xist","MSR","other"
"370",15532,"FJ24-FJ25::chr9:2999602-3038819",19635,19637,0.8,5,4,"-","G","+",0,0,"-",5,4,"ACGTT","TS54","-dTAG","RepR1","S20","Xist","MSR","other"
"371",15533,"FJ24-FJ25::chr9:2999602-3038819",19651,19653,0.75,4,3,"-","G","+",0,0,"-",4,3,"TCGTC","TS54","-dTAG","RepR1","S20","Xist","MSR","other"
"372",15534,"FJ24-FJ25::chr9:2999602-3038819",19666,19668,0.625,8,5,"-","G","+",0,0,"-",8,5,"TCGTC","TS54","-dTAG","RepR1","S20","Xist","MSR","other"
"373",15535,"FJ24-FJ25::chr9:2999602-3038819",19721,19723,0.818,11,9,"-","G","+",0,0,"-",11,9,"ACGTC","TS54","-dTAG","RepR1","S20","Xist","MSR","other"
"374",15536,"FJ24-FJ25::chr9:2999602-3038819",19810,19812,1,1,1,"-","G","+",0,0,"-",1,1,"ACGTT","TS54","-dTAG","RepR1","S20","Xist","MSR","other"
"375",15537,"FJ24-FJ25::chr9:2999602-3038819",20236,20238,1,1,1,"-","G","+",0,0,"-",1,1,"TCGCC","TS54","-dTAG","RepR1","S20","Xist","MSR","other"
"376",15538,"FJ24-FJ25::chr9:2999602-3038819",20278,20280,0.667,3,2,"-","G","+",0,0,"-",3,2,"ACGTT","TS54","-dTAG","RepR1","S20","Xist","MSR","other"
"377",15539,"FJ24-FJ25::chr9:2999602-3038819",20294,20296,1,3,3,"-","G","+",0,0,"-",3,3,"TCGTC","TS54","-dTAG","RepR1","S20","Xist","MSR","other"
"378",15540,"FJ24-FJ25::chr9:2999602-3038819",20470,20472,1,2,2,"-","G","+",0,0,"-",2,2,"TCGAC","TS54","-dTAG","RepR1","S20","Xist","MSR","other"
"379",15541,"FJ24-FJ25::chr9:2999602-3038819",20527,20529,1,2,2,"-","G","+",0,0,"-",2,2,"TCGTC","TS54","-dTAG","RepR1","S20","Xist","MSR","other"
"380",15542,"FJ24-FJ25::chr9:2999602-3038819",20685,20687,1,1,1,"+","G","+",1,1,"-",0,0,"TCCGT","TS54","-dTAG","RepR1","S20","Xist","MSR","other"
"381",15543,"FJ24-FJ25::chr9:2999602-3038819",20703,20705,1,1,1,"+","G","+",1,1,"-",0,0,"CTCGC","TS54","-dTAG","RepR1","S20","Xist","MSR","other"
"382",15544,"FJ24-FJ25::chr9:2999602-3038819",20918,20920,0.772,421,325,"-","G","+",0,0,"-",421,325,"CCGTG","TS54","-dTAG","RepR1","S20","Xist","MSR","other"
"383",15545,"FJ24-FJ25::chr9:2999602-3038819",20936,20938,0.839,417,350,"-","G","+",0,0,"-",417,350,"TCGCC","TS54","-dTAG","RepR1","S20","Xist","MSR","other"
"384",15546,"FJ24-FJ25::chr9:2999602-3038819",20978,20980,0.58,112,65,"-","G","+",0,0,"-",112,65,"ACGTT","TS54","-dTAG","RepR1","S20","Xist","MSR","other"
"385",15547,"FJ24-FJ25::chr9:2999602-3038819",20994,20996,0.849,139,118,"-","G","+",0,0,"-",139,118,"TCGTC","TS54","-dTAG","RepR1","S20","Xist","MSR","other"
"386",15548,"FJ24-FJ25::chr9:2999602-3038819",21152,21154,1,2,2,"-","G","+",0,0,"-",2,2,"CCGTG","TS54","-dTAG","RepR1","S20","Xist","MSR","other"
"387",15549,"FJ24-FJ25::chr9:2999602-3038819",21170,21172,1,2,2,"-","G","+",0,0,"-",2,2,"TCGCC","TS54","-dTAG","RepR1","S20","Xist","MSR","other"
"388",15550,"FJ24-FJ25::chr9:2999602-3038819",21228,21230,0.791,43,34,"-","G","+",0,0,"-",43,34,"TCGTC","TS54","-dTAG","RepR1","S20","Xist","MSR","other"
"389",15551,"FJ24-FJ25::chr9:2999602-3038819",21243,21245,0.872,47,41,"-","G","+",0,0,"-",47,41,"TCGTC","TS54","-dTAG","RepR1","S20","Xist","MSR","other"
"390",15552,"FJ24-FJ25::chr9:2999602-3038819",21346,21348,1,3,3,"-","G","+",0,0,"-",3,3,"TCGCC","TS54","-dTAG","RepR1","S20","Xist","MSR","other"
"391",15553,"FJ24-FJ25::chr9:2999602-3038819",21404,21406,0.87,46,40,"-","G","+",0,0,"-",46,40,"TCGCC","TS54","-dTAG","RepR1","S20","Xist","MSR","other"
"392",15554,"FJ24-FJ25::chr9:2999602-3038819",21446,21448,0.602,83,50,"-","G","+",0,0,"-",83,50,"ACGTT","TS54","-dTAG","RepR1","S20","Xist","MSR","other"
"393",15555,"FJ24-FJ25::chr9:2999602-3038819",21462,21464,0.875,88,77,"-","G","+",0,0,"-",88,77,"TCGTC","TS54","-dTAG","RepR1","S20","Xist","MSR","other"
"394",15556,"FJ24-FJ25::chr9:2999602-3038819",21620,21622,0.556,9,5,"-","G","+",0,0,"-",9,5,"CCGTG","TS54","-dTAG","RepR1","S20","Xist","MSR","other"
"395",15557,"FJ24-FJ25::chr9:2999602-3038819",21680,21682,0.5,2,1,"-","G","+",0,0,"-",2,1,"ACGTT","TS54","-dTAG","RepR1","S20","Xist","MSR","other"
"396",15558,"FJ24-FJ25::chr9:2999602-3038819",21854,21856,1,2,2,"-","G","+",0,0,"-",2,2,"TCGTG","TS54","-dTAG","RepR1","S20","Xist","MSR","other"
"397",15559,"FJ24-FJ25::chr9:2999602-3038819",21872,21874,1,2,2,"-","G","+",0,0,"-",2,2,"TCGCC","TS54","-dTAG","RepR1","S20","Xist","MSR","other"
"398",15560,"FJ24-FJ25::chr9:2999602-3038819",21914,21916,0.5,4,2,"-","G","+",0,0,"-",4,2,"ACGTT","TS54","-dTAG","RepR1","S20","Xist","MSR","other"
"399",15561,"FJ24-FJ25::chr9:2999602-3038819",22106,22108,0.833,6,5,"-","G","+",0,0,"-",6,5,"TCGCC","TS54","-dTAG","RepR1","S20","Xist","MSR","other"
"400",15562,"FJ24-FJ25::chr9:2999602-3038819",22281,22283,0.667,3,2,"-","G","+",0,0,"-",3,2,"TCGCC","TS54","-dTAG","RepR1","S20","Xist","MSR","other"
"401",15563,"FJ24-FJ25::chr9:2999602-3038819",22324,22326,0,1,0,"-","G","+",0,0,"-",1,0,"ACGTT","TS54","-dTAG","RepR1","S20","Xist","MSR","other"
"402",15564,"FJ24-FJ25::chr9:2999602-3038819",22340,22342,0,1,0,"-","G","+",0,0,"-",1,0,"TCGTC","TS54","-dTAG","RepR1","S20","Xist","MSR","other"
"403",15565,"FJ24-FJ25::chr9:2999602-3038819",22498,22500,0.726,317,230,"-","G","+",0,0,"-",317,230,"CCGTG","TS54","-dTAG","RepR1","S20","Xist","MSR","other"
"404",15566,"FJ24-FJ25::chr9:2999602-3038819",22558,22560,0.412,17,7,"-","G","+",0,0,"-",17,7,"ACGTT","TS54","-dTAG","RepR1","S20","Xist","MSR","other"
"405",15567,"FJ24-FJ25::chr9:2999602-3038819",22574,22576,0.625,16,10,"-","G","+",0,0,"-",16,10,"TCGTC","TS54","-dTAG","RepR1","S20","Xist","MSR","other"
"406",15568,"FJ24-FJ25::chr9:2999602-3038819",22589,22591,0.65,20,13,"-","G","+",0,0,"-",20,13,"TCGTC","TS54","-dTAG","RepR1","S20","Xist","MSR","other"
"407",15569,"FJ24-FJ25::chr9:2999602-3038819",22632,22634,1,1,1,"-","G","+",0,0,"-",1,1,"TCGCC","TS54","-dTAG","RepR1","S20","Xist","MSR","other"
"408",15570,"FJ24-FJ25::chr9:2999602-3038819",22732,22734,1,3,3,"-","G","+",0,0,"-",3,3,"CCGTG","TS54","-dTAG","RepR1","S20","Xist","MSR","other"
"409",15571,"FJ24-FJ25::chr9:2999602-3038819",22792,22794,0.5,2,1,"-","G","+",0,0,"-",2,1,"ACGTT","TS54","-dTAG","RepR1","S20","Xist","MSR","other"
"410",15572,"FJ24-FJ25::chr9:2999602-3038819",22822,22824,0,1,0,"-","G","+",0,0,"-",1,0,"TCGTC","TS54","-dTAG","RepR1","S20","Xist","MSR","other"
"411",15573,"FJ24-FJ25::chr9:2999602-3038819",22877,22879,1,5,5,"-","G","+",0,0,"-",5,5,"ACGTC","TS54","-dTAG","RepR1","S20","Xist","MSR","other"
"412",15574,"FJ24-FJ25::chr9:2999602-3038819",22925,22927,1,2,2,"-","G","+",0,0,"-",2,2,"TCGCC","TS54","-dTAG","RepR1","S20","Xist","MSR","other"
"413",15575,"FJ24-FJ25::chr9:2999602-3038819",22965,22967,0.732,112,82,"-","G","+",0,0,"-",112,82,"CCGTG","TS54","-dTAG","RepR1","S20","Xist","MSR","other"
"414",15576,"FJ24-FJ25::chr9:2999602-3038819",23199,23201,1,1,1,"-","G","+",0,0,"-",1,1,"TCGTG","TS54","-dTAG","RepR1","S20","Xist","MSR","other"
"415",15577,"FJ24-FJ25::chr9:2999602-3038819",23217,23219,1,1,1,"-","G","+",0,0,"-",1,1,"TCGCC","TS54","-dTAG","RepR1","S20","Xist","MSR","other"
"416",15578,"FJ24-FJ25::chr9:2999602-3038819",23259,23261,1,2,2,"-","G","+",0,0,"-",2,2,"ACGTT","TS54","-dTAG","RepR1","S20","Xist","MSR","other"
"417",15579,"FJ24-FJ25::chr9:2999602-3038819",23843,23845,0.742,97,72,"-","G","+",0,0,"-",97,72,"CCGTG","TS54","-dTAG","RepR1","S20","Xist","MSR","other"
"418",15580,"FJ24-FJ25::chr9:2999602-3038819",23903,23905,0.429,105,45,"-","G","+",0,0,"-",105,45,"ACGTT","TS54","-dTAG","RepR1","S20","Xist","MSR","other"
"419",15581,"FJ24-FJ25::chr9:2999602-3038819",23934,23936,0.61,123,75,"-","G","+",0,0,"-",123,75,"TCGTC","TS54","-dTAG","RepR1","S20","Xist","MSR","other"
"420",15582,"FJ24-FJ25::chr9:2999602-3038819",24037,24039,0.6,10,6,"-","G","+",0,0,"-",10,6,"TCGCC","TS54","-dTAG","RepR1","S20","Xist","MSR","other"
"421",15583,"FJ24-FJ25::chr9:2999602-3038819",24049,24051,0.75,8,6,"-","G","+",0,0,"-",8,6,"ACGTC","TS54","-dTAG","RepR1","S20","Xist","MSR","other"
"422",15584,"FJ24-FJ25::chr9:2999602-3038819",24077,24079,0.516,223,115,"B","G","+",1,1,"-",222,114,"TCCGT","TS54","-dTAG","RepR1","S20","Xist","MSR","other"
"423",15585,"FJ24-FJ25::chr9:2999602-3038819",24137,24139,0.5,2,1,"B","G","+",1,1,"-",1,0,"CACGT","TS54","-dTAG","RepR1","S20","Xist","MSR","other"
"424",15586,"FJ24-FJ25::chr9:2999602-3038819",24271,24273,1,1,1,"-","G","+",0,0,"-",1,1,"TCGCC","TS54","-dTAG","RepR1","S20","Xist","MSR","other"
"425",15587,"FJ24-FJ25::chr9:2999602-3038819",24283,24285,1,1,1,"-","G","+",0,0,"-",1,1,"ACGTC","TS54","-dTAG","RepR1","S20","Xist","MSR","other"
"426",15588,"FJ24-FJ25::chr9:2999602-3038819",24311,24313,0.667,3,2,"-","G","+",0,0,"-",3,2,"CCGTG","TS54","-dTAG","RepR1","S20","Xist","MSR","other"
"427",15589,"FJ24-FJ25::chr9:2999602-3038819",24329,24331,0.667,3,2,"-","G","+",0,0,"-",3,2,"TCGCC","TS54","-dTAG","RepR1","S20","Xist","MSR","other"
"428",15590,"FJ24-FJ25::chr9:2999602-3038819",24370,24372,1,3,3,"-","G","+",0,0,"-",3,3,"ACGTT","TS54","-dTAG","RepR1","S20","Xist","MSR","other"
"429",15591,"FJ24-FJ25::chr9:2999602-3038819",24504,24506,0.7,10,7,"-","G","+",0,0,"-",10,7,"TCGCC","TS54","-dTAG","RepR1","S20","Xist","MSR","other"
"430",15592,"FJ24-FJ25::chr9:2999602-3038819",24516,24518,0.6,10,6,"-","G","+",0,0,"-",10,6,"ACGTC","TS54","-dTAG","RepR1","S20","Xist","MSR","other"
"431",15593,"FJ24-FJ25::chr9:2999602-3038819",24544,24546,0.756,479,362,"-","G","+",0,0,"-",479,362,"CCGTG","TS54","-dTAG","RepR1","S20","Xist","MSR","other"
"432",15594,"FJ24-FJ25::chr9:2999602-3038819",24562,24564,0.777,476,370,"-","G","+",0,0,"-",476,370,"TCGCC","TS54","-dTAG","RepR1","S20","Xist","MSR","other"
"433",15595,"FJ24-FJ25::chr9:2999602-3038819",24604,24606,0.578,232,134,"-","G","+",0,0,"-",232,134,"ACGTT","TS54","-dTAG","RepR1","S20","Xist","MSR","other"
"434",15596,"FJ24-FJ25::chr9:2999602-3038819",24620,24622,0.883,213,188,"-","G","+",0,0,"-",213,188,"TCGAC","TS54","-dTAG","RepR1","S20","Xist","MSR","other"
"435",15597,"FJ24-FJ25::chr9:2999602-3038819",24778,24780,0.84,256,215,"-","G","+",0,0,"-",256,215,"CCGTG","TS54","-dTAG","RepR1","S20","Xist","MSR","other"
"436",15598,"FJ24-FJ25::chr9:2999602-3038819",24796,24798,0.805,272,219,"-","G","+",0,0,"-",272,219,"TCGCC","TS54","-dTAG","RepR1","S20","Xist","MSR","other"
"437",15599,"FJ24-FJ25::chr9:2999602-3038819",24838,24840,0.584,546,319,"-","G","+",0,0,"-",546,319,"ACGTT","TS54","-dTAG","RepR1","S20","Xist","MSR","other"
"438",15600,"FJ24-FJ25::chr9:2999602-3038819",24854,24856,0.882,500,441,"-","G","+",0,0,"-",500,441,"TCGTC","TS54","-dTAG","RepR1","S20","Xist","MSR","other"
"439",15601,"FJ24-FJ25::chr9:2999602-3038819",24869,24871,0.735,543,399,"-","G","+",0,0,"-",543,399,"TCGTC","TS54","-dTAG","RepR1","S20","Xist","MSR","other"
"440",15602,"FJ24-FJ25::chr9:2999602-3038819",24972,24974,0.667,12,8,"-","G","+",0,0,"-",12,8,"TCGCC","TS54","-dTAG","RepR1","S20","Xist","MSR","other"
"441",15603,"FJ24-FJ25::chr9:2999602-3038819",24984,24986,0.714,14,10,"-","G","+",0,0,"-",14,10,"ACGTC","TS54","-dTAG","RepR1","S20","Xist","MSR","other"
"442",15604,"FJ24-FJ25::chr9:2999602-3038819",25012,25014,0.493,209,103,"-","G","+",0,0,"-",209,103,"CCGTG","TS54","-dTAG","RepR1","S20","Xist","MSR","other"
"443",15605,"FJ24-FJ25::chr9:2999602-3038819",25246,25248,0.8,5,4,"-","G","+",0,0,"-",5,4,"CCGTG","TS54","-dTAG","RepR1","S20","Xist","MSR","other"
"444",15606,"FJ24-FJ25::chr9:2999602-3038819",25264,25266,1,3,3,"-","G","+",0,0,"-",3,3,"TCGCC","TS54","-dTAG","RepR1","S20","Xist","MSR","other"
"445",15607,"FJ24-FJ25::chr9:2999602-3038819",25479,25481,1,1,1,"-","G","+",0,0,"-",1,1,"CCGTG","TS54","-dTAG","RepR1","S20","Xist","MSR","other"
"446",15608,"FJ24-FJ25::chr9:2999602-3038819",25497,25499,1,1,1,"-","G","+",0,0,"-",1,1,"TCGCC","TS54","-dTAG","RepR1","S20","Xist","MSR","other"
"447",15609,"FJ24-FJ25::chr9:2999602-3038819",25539,25541,0.5,2,1,"-","G","+",0,0,"-",2,1,"ACGTT","TS54","-dTAG","RepR1","S20","Xist","MSR","other"
"448",15610,"FJ24-FJ25::chr9:2999602-3038819",25555,25557,0.5,2,1,"-","G","+",0,0,"-",2,1,"TCGAC","TS54","-dTAG","RepR1","S20","Xist","MSR","other"
"449",15611,"FJ24-FJ25::chr9:2999602-3038819",25713,25715,1,1,1,"-","G","+",0,0,"-",1,1,"CCGTG","TS54","-dTAG","RepR1","S20","Xist","MSR","other"
"450",15612,"FJ24-FJ25::chr9:2999602-3038819",25731,25733,1,1,1,"-","G","+",0,0,"-",1,1,"TCGCC","TS54","-dTAG","RepR1","S20","Xist","MSR","other"
"451",15613,"FJ24-FJ25::chr9:2999602-3038819",25773,25775,1,1,1,"-","G","+",0,0,"-",1,1,"ACGTT","TS54","-dTAG","RepR1","S20","Xist","MSR","other"
"452",15614,"FJ24-FJ25::chr9:2999602-3038819",25906,25908,1,2,2,"-","G","+",0,0,"-",2,2,"TCGCC","TS54","-dTAG","RepR1","S20","Xist","MSR","other"
"453",15615,"FJ24-FJ25::chr9:2999602-3038819",25918,25920,1,1,1,"-","G","+",0,0,"-",1,1,"ACGTC","TS54","-dTAG","RepR1","S20","Xist","MSR","other"
"454",15616,"FJ24-FJ25::chr9:2999602-3038819",25946,25948,0.752,254,191,"-","G","+",0,0,"-",254,191,"CCGTG","TS54","-dTAG","RepR1","S20","Xist","MSR","other"
"455",15617,"FJ24-FJ25::chr9:2999602-3038819",25964,25966,0.808,265,214,"-","G","+",0,0,"-",265,214,"TCGCC","TS54","-dTAG","RepR1","S20","Xist","MSR","other"
"456",15618,"FJ24-FJ25::chr9:2999602-3038819",26006,26008,0.375,16,6,"-","G","+",0,0,"-",16,6,"ACGTT","TS54","-dTAG","RepR1","S20","Xist","MSR","other"
"457",15619,"FJ24-FJ25::chr9:2999602-3038819",26140,26142,0,1,0,"-","G","+",0,0,"-",1,0,"TCGCC","TS54","-dTAG","RepR1","S20","Xist","MSR","other"
"458",15620,"FJ24-FJ25::chr9:2999602-3038819",26198,26200,0.792,24,19,"-","G","+",0,0,"-",24,19,"TCGCC","TS54","-dTAG","RepR1","S20","Xist","MSR","other"
"459",15621,"FJ24-FJ25::chr9:2999602-3038819",26240,26242,0.783,23,18,"B","G","+",1,1,"-",22,17,"CACGT","TS54","-dTAG","RepR1","S20","Xist","MSR","other"
"460",15622,"FJ24-FJ25::chr9:2999602-3038819",26256,26258,0.611,18,11,"B","G","+",1,1,"-",17,10,"TTCGT","TS54","-dTAG","RepR1","S20","Xist","MSR","other"
"461",15623,"FJ24-FJ25::chr9:2999602-3038819",26374,26376,1,1,1,"-","G","+",0,0,"-",1,1,"TCGCC","TS54","-dTAG","RepR1","S20","Xist","MSR","other"
"462",15624,"FJ24-FJ25::chr9:2999602-3038819",26414,26416,0.75,4,3,"-","G","+",0,0,"-",4,3,"CCGTG","TS54","-dTAG","RepR1","S20","Xist","MSR","other"
"463",15625,"FJ24-FJ25::chr9:2999602-3038819",26708,26710,0.667,9,6,"-","G","+",0,0,"-",9,6,"ACGTT","TS54","-dTAG","RepR1","S20","Xist","MSR","other"
"464",15626,"FJ24-FJ25::chr9:2999602-3038819",26943,26945,1,1,1,"-","G","+",0,0,"-",1,1,"ACGTT","TS54","-dTAG","RepR1","S20","Xist","MSR","other"
"465",15627,"FJ24-FJ25::chr9:2999602-3038819",26959,26961,1,2,2,"-","G","+",0,0,"-",2,2,"TCGTC","TS54","-dTAG","RepR1","S20","Xist","MSR","other"
"466",15628,"FJ24-FJ25::chr9:2999602-3038819",27117,27119,0.857,7,6,"-","G","+",0,0,"-",7,6,"TCGTT","TS54","-dTAG","RepR1","S20","Xist","MSR","other"
"467",15629,"FJ24-FJ25::chr9:2999602-3038819",27177,27179,0.75,4,3,"-","G","+",0,0,"-",4,3,"ACGTT","TS54","-dTAG","RepR1","S20","Xist","MSR","other"
"468",15630,"FJ24-FJ25::chr9:2999602-3038819",27193,27195,0.5,4,2,"-","G","+",0,0,"-",4,2,"TCGTC","TS54","-dTAG","RepR1","S20","Xist","MSR","other"
"469",15631,"FJ24-FJ25::chr9:2999602-3038819",27208,27210,0.667,3,2,"-","G","+",0,0,"-",3,2,"TCGTC","TS54","-dTAG","RepR1","S20","Xist","MSR","other"
"470",15632,"FJ24-FJ25::chr9:2999602-3038819",27879,27881,1,2,2,"-","G","+",0,0,"-",2,2,"ACGTT","TS54","-dTAG","RepR1","S20","Xist","MSR","other"
"471",15633,"FJ24-FJ25::chr9:2999602-3038819",27895,27897,0.5,2,1,"-","G","+",0,0,"-",2,1,"TCGTC","TS54","-dTAG","RepR1","S20","Xist","MSR","other"
"472",15634,"FJ24-FJ25::chr9:2999602-3038819",27910,27912,1,2,2,"-","G","+",0,0,"-",2,2,"ACGTC","TS54","-dTAG","RepR1","S20","Xist","MSR","other"
"473",15635,"FJ24-FJ25::chr9:2999602-3038819",28053,28055,0.857,14,12,"-","G","+",0,0,"-",14,12,"CCGTG","TS54","-dTAG","RepR1","S20","Xist","MSR","other"
"474",15636,"FJ24-FJ25::chr9:2999602-3038819",28287,28289,0,2,0,"-","G","+",0,0,"-",2,0,"CCGTG","TS54","-dTAG","RepR1","S20","Xist","MSR","other"
"475",15637,"FJ24-FJ25::chr9:2999602-3038819",28481,28483,1,2,2,"-","G","+",0,0,"-",2,2,"TCGCC","TS54","-dTAG","RepR1","S20","Xist","MSR","other"
"476",15638,"FJ24-FJ25::chr9:2999602-3038819",28521,28523,0.719,171,123,"-","G","+",0,0,"-",171,123,"CCGTG","TS54","-dTAG","RepR1","S20","Xist","MSR","other"
"477",15639,"FJ24-FJ25::chr9:2999602-3038819",28581,28583,0.6,5,3,"-","G","+",0,0,"-",5,3,"ACGTT","TS54","-dTAG","RepR1","S20","Xist","MSR","other"
"478",15640,"FJ24-FJ25::chr9:2999602-3038819",28597,28599,0.667,3,2,"-","G","+",0,0,"-",3,2,"TCGTC","TS54","-dTAG","RepR1","S20","Xist","MSR","other"
"479",15641,"FJ24-FJ25::chr9:2999602-3038819",28755,28757,1,3,3,"-","G","+",0,0,"-",3,3,"TCGTT","TS54","-dTAG","RepR1","S20","Xist","MSR","other"
"480",15642,"FJ24-FJ25::chr9:2999602-3038819",28846,28848,1,1,1,"-","G","+",0,0,"-",1,1,"TCGTC","TS54","-dTAG","RepR1","S20","Xist","MSR","other"
"481",15643,"FJ24-FJ25::chr9:2999602-3038819",29049,29051,0.333,3,1,"-","G","+",0,0,"-",3,1,"ACGTT","TS54","-dTAG","RepR1","S20","Xist","MSR","other"
"482",15644,"FJ24-FJ25::chr9:2999602-3038819",29065,29067,0,1,0,"-","G","+",0,0,"-",1,0,"TCGTC","TS54","-dTAG","RepR1","S20","Xist","MSR","other"
"483",15645,"FJ24-FJ25::chr9:2999602-3038819",29223,29225,0.727,139,101,"-","G","+",0,0,"-",139,101,"CCGTG","TS54","-dTAG","RepR1","S20","Xist","MSR","other"
"484",15646,"FJ24-FJ25::chr9:2999602-3038819",29944,29946,1,2,2,"-","G","+",0,0,"-",2,2,"TCGCC","TS54","-dTAG","RepR1","S20","Xist","MSR","other"
"485",15647,"FJ24-FJ25::chr9:2999602-3038819",30221,30223,0.417,24,10,"-","G","+",0,0,"-",24,10,"ACGTT","TS54","-dTAG","RepR1","S20","Xist","MSR","other"
"486",15648,"FJ24-FJ25::chr9:2999602-3038819",30237,30239,1,23,23,"-","G","+",0,0,"-",23,23,"TCGTC","TS54","-dTAG","RepR1","S20","Xist","MSR","other"
"487",15649,"FJ24-FJ25::chr9:2999602-3038819",30252,30254,0.778,27,21,"-","G","+",0,0,"-",27,21,"TCGTC","TS54","-dTAG","RepR1","S20","Xist","MSR","other"
"488",15650,"FJ24-FJ25::chr9:2999602-3038819",30395,30397,0,1,0,"-","G","+",0,0,"-",1,0,"TCGTT","TS54","-dTAG","RepR1","S20","Xist","MSR","other"
"489",15651,"FJ24-FJ25::chr9:2999602-3038819",30455,30457,1,2,2,"-","G","+",0,0,"-",2,2,"ACGTT","TS54","-dTAG","RepR1","S20","Xist","MSR","other"
"490",15652,"FJ24-FJ25::chr9:2999602-3038819",30486,30488,1,1,1,"-","G","+",0,0,"-",1,1,"TCGTC","TS54","-dTAG","RepR1","S20","Xist","MSR","other"
"491",15653,"FJ24-FJ25::chr9:2999602-3038819",30541,30543,0,1,0,"-","G","+",0,0,"-",1,0,"ACGTC","TS54","-dTAG","RepR1","S20","Xist","MSR","other"
"492",15654,"FJ24-FJ25::chr9:2999602-3038819",30590,30592,0,1,0,"-","G","+",0,0,"-",1,0,"TCGCC","TS54","-dTAG","RepR1","S20","Xist","MSR","other"
"493",15655,"FJ24-FJ25::chr9:2999602-3038819",30602,30604,0,1,0,"-","G","+",0,0,"-",1,0,"ACGTC","TS54","-dTAG","RepR1","S20","Xist","MSR","other"
"494",15656,"FJ24-FJ25::chr9:2999602-3038819",30690,30692,0.5,4,2,"-","G","+",0,0,"-",4,2,"ACGTT","TS54","-dTAG","RepR1","S20","Xist","MSR","other"
"495",15657,"FJ24-FJ25::chr9:2999602-3038819",30706,30708,1,3,3,"-","G","+",0,0,"-",3,3,"TCGTC","TS54","-dTAG","RepR1","S20","Xist","MSR","other"
"496",15658,"FJ24-FJ25::chr9:2999602-3038819",30882,30884,1,1,1,"-","G","+",0,0,"-",1,1,"TCGCC","TS54","-dTAG","RepR1","S20","Xist","MSR","other"
"497",15659,"FJ24-FJ25::chr9:2999602-3038819",30924,30926,0.467,15,7,"-","G","+",0,0,"-",15,7,"ACGTT","TS54","-dTAG","RepR1","S20","Xist","MSR","other"
"498",15660,"FJ24-FJ25::chr9:2999602-3038819",30940,30942,1,16,16,"-","G","+",0,0,"-",16,16,"TCGTC","TS54","-dTAG","RepR1","S20","Xist","MSR","other"
"499",15661,"FJ24-FJ25::chr9:2999602-3038819",30955,30957,0.765,17,13,"-","G","+",0,0,"-",17,13,"ACGTC","TS54","-dTAG","RepR1","S20","Xist","MSR","other"
"500",15662,"FJ24-FJ25::chr9:2999602-3038819",31058,31060,0,1,0,"-","G","+",0,0,"-",1,0,"TCGCC","TS54","-dTAG","RepR1","S20","Xist","MSR","other"
"501",15663,"FJ24-FJ25::chr9:2999602-3038819",31070,31072,0,1,0,"-","G","+",0,0,"-",1,0,"ACGTC","TS54","-dTAG","RepR1","S20","Xist","MSR","other"
"502",15664,"FJ24-FJ25::chr9:2999602-3038819",31098,31100,0.375,16,6,"-","G","+",0,0,"-",16,6,"CCGTG","TS54","-dTAG","RepR1","S20","Xist","MSR","other"
"503",15665,"FJ24-FJ25::chr9:2999602-3038819",31332,31334,1,1,1,"-","G","+",0,0,"-",1,1,"TCGTG","TS54","-dTAG","RepR1","S20","Xist","MSR","other"
"504",15666,"FJ24-FJ25::chr9:2999602-3038819",31350,31352,1,1,1,"-","G","+",0,0,"-",1,1,"TCGCC","TS54","-dTAG","RepR1","S20","Xist","MSR","other"
"505",15667,"FJ24-FJ25::chr9:2999602-3038819",31392,31394,1,2,2,"-","G","+",0,0,"-",2,2,"ACGTT","TS54","-dTAG","RepR1","S20","Xist","MSR","other"
"506",15668,"FJ24-FJ25::chr9:2999602-3038819",31679,31681,0.548,188,103,"-","G","+",0,0,"-",188,103,"CCGTG","TS54","-dTAG","RepR1","S20","Xist","MSR","other"
"507",15669,"FJ24-FJ25::chr9:2999602-3038819",31739,31741,0.833,6,5,"-","G","+",0,0,"-",6,5,"ACGTT","TS54","-dTAG","RepR1","S20","Xist","MSR","other"
"508",15670,"FJ24-FJ25::chr9:2999602-3038819",31755,31757,1,10,10,"-","G","+",0,0,"-",10,10,"TCGTC","TS54","-dTAG","RepR1","S20","Xist","MSR","other"
"509",15671,"FJ24-FJ25::chr9:2999602-3038819",31973,31975,1,1,1,"-","G","+",0,0,"-",1,1,"ACGTT","TS54","-dTAG","RepR1","S20","Xist","MSR","other"
"510",15672,"FJ24-FJ25::chr9:2999602-3038819",32004,32006,1,1,1,"-","G","+",0,0,"-",1,1,"TCGTC","TS54","-dTAG","RepR1","S20","Xist","MSR","other"
"511",15673,"FJ24-FJ25::chr9:2999602-3038819",32207,32209,0.833,6,5,"-","G","+",0,0,"-",6,5,"ACGTT","TS54","-dTAG","RepR1","S20","Xist","MSR","other"
"512",15674,"FJ24-FJ25::chr9:2999602-3038819",32223,32225,0.8,5,4,"-","G","+",0,0,"-",5,4,"TCGTC","TS54","-dTAG","RepR1","S20","Xist","MSR","other"
"513",15675,"FJ24-FJ25::chr9:2999602-3038819",32441,32443,0,1,0,"-","G","+",0,0,"-",1,0,"ACGTT","TS54","-dTAG","RepR1","S20","Xist","MSR","other"
"514",15676,"FJ24-FJ25::chr9:2999602-3038819",32457,32459,0.5,2,1,"-","G","+",0,0,"-",2,1,"TCGTC","TS54","-dTAG","RepR1","S20","Xist","MSR","other"
"515",15677,"FJ24-FJ25::chr9:2999602-3038819",32472,32474,0.333,3,1,"-","G","+",0,0,"-",3,1,"ACGTC","TS54","-dTAG","RepR1","S20","Xist","MSR","other"
"516",15678,"FJ24-FJ25::chr9:2999602-3038819",32615,32617,0.381,21,8,"-","G","+",0,0,"-",21,8,"CCGTG","TS54","-dTAG","RepR1","S20","Xist","MSR","other"
"517",15679,"FJ24-FJ25::chr9:2999602-3038819",32675,32677,0.5,4,2,"-","G","+",0,0,"-",4,2,"ACGTT","TS54","-dTAG","RepR1","S20","Xist","MSR","other"
"518",15680,"FJ24-FJ25::chr9:2999602-3038819",32849,32851,0.814,59,48,"-","G","+",0,0,"-",59,48,"CCGTG","TS54","-dTAG","RepR1","S20","Xist","MSR","other"
"519",15681,"FJ24-FJ25::chr9:2999602-3038819",32867,32869,0.8,65,52,"-","G","+",0,0,"-",65,52,"TCGCC","TS54","-dTAG","RepR1","S20","Xist","MSR","other"
"520",15682,"FJ24-FJ25::chr9:2999602-3038819",32909,32911,0.625,8,5,"-","G","+",0,0,"-",8,5,"ACGTT","TS54","-dTAG","RepR1","S20","Xist","MSR","other"
"521",15683,"FJ24-FJ25::chr9:2999602-3038819",33043,33045,1,3,3,"-","G","+",0,0,"-",3,3,"TCGCC","TS54","-dTAG","RepR1","S20","Xist","MSR","other"
"522",15684,"FJ24-FJ25::chr9:2999602-3038819",33317,33319,0,2,0,"-","G","+",0,0,"-",2,0,"CCGTG","TS54","-dTAG","RepR1","S20","Xist","MSR","other"
"523",15685,"FJ24-FJ25::chr9:2999602-3038819",33335,33337,1,1,1,"-","G","+",0,0,"-",1,1,"TCGCC","TS54","-dTAG","RepR1","S20","Xist","MSR","other"
"524",15686,"FJ24-FJ25::chr9:2999602-3038819",33976,33978,1,1,1,"-","G","+",0,0,"-",1,1,"TCGCT","TS54","-dTAG","RepR1","S20","Xist","MSR","other"
"525",15687,"FJ24-FJ25::chr9:2999602-3038819",34153,34155,1,2,2,"-","G","+",0,0,"-",2,2,"TCGCC","TS54","-dTAG","RepR1","S20","Xist","MSR","other"
"526",15688,"FJ24-FJ25::chr9:2999602-3038819",34193,34195,0.681,113,77,"-","G","+",0,0,"-",113,77,"CCGTG","TS54","-dTAG","RepR1","S20","Xist","MSR","other"
"527",15689,"FJ24-FJ25::chr9:2999602-3038819",34253,34255,0.667,3,2,"-","G","+",0,0,"-",3,2,"ACGTT","TS54","-dTAG","RepR1","S20","Xist","MSR","other"
"528",15690,"FJ24-FJ25::chr9:2999602-3038819",34269,34271,0.333,3,1,"-","G","+",0,0,"-",3,1,"TCGTC","TS54","-dTAG","RepR1","S20","Xist","MSR","other"
"529",15691,"FJ24-FJ25::chr9:2999602-3038819",34445,34447,1,2,2,"-","G","+",0,0,"-",2,2,"TCGCA","TS54","-dTAG","RepR1","S20","Xist","MSR","other"
"530",15692,"FJ24-FJ25::chr9:2999602-3038819",34621,34623,0.8,5,4,"-","G","+",0,0,"-",5,4,"TCGCC","TS54","-dTAG","RepR1","S20","Xist","MSR","other"
"531",15693,"FJ24-FJ25::chr9:2999602-3038819",34633,34635,0.75,4,3,"-","G","+",0,0,"-",4,3,"ACGTC","TS54","-dTAG","RepR1","S20","Xist","MSR","other"
"532",15694,"FJ24-FJ25::chr9:2999602-3038819",34679,34681,0.75,4,3,"-","G","+",0,0,"-",4,3,"TCGCC","TS54","-dTAG","RepR1","S20","Xist","MSR","other"
"533",15695,"FJ24-FJ25::chr9:2999602-3038819",34721,34723,0.5,2,1,"-","G","+",0,0,"-",2,1,"ACGTT","TS54","-dTAG","RepR1","S20","Xist","MSR","other"
"534",15696,"FJ24-FJ25::chr9:2999602-3038819",34737,34739,0,1,0,"-","G","+",0,0,"-",1,0,"TCGTC","TS54","-dTAG","RepR1","S20","Xist","MSR","other"
"535",15697,"FJ24-FJ25::chr9:2999602-3038819",34752,34754,0.333,3,1,"-","G","+",0,0,"-",3,1,"ACGTC","TS54","-dTAG","RepR1","S20","Xist","MSR","other"
"536",15698,"FJ24-FJ25::chr9:2999602-3038819",34895,34897,0.842,19,16,"-","G","+",0,0,"-",19,16,"CCGTG","TS54","-dTAG","RepR1","S20","Xist","MSR","other"
"537",15699,"FJ24-FJ25::chr9:2999602-3038819",35089,35091,0.8,5,4,"-","G","+",0,0,"-",5,4,"TCGCC","TS54","-dTAG","RepR1","S20","Xist","MSR","other"
"538",15700,"FJ24-FJ25::chr9:2999602-3038819",35101,35103,0.8,5,4,"-","G","+",0,0,"-",5,4,"ACGTG","TS54","-dTAG","RepR1","S20","Xist","MSR","other"
"539",15701,"FJ24-FJ25::chr9:2999602-3038819",35147,35149,1,1,1,"-","G","+",0,0,"-",1,1,"TCGCC","TS54","-dTAG","RepR1","S20","Xist","MSR","other"
"540",15702,"FJ24-FJ25::chr9:2999602-3038819",35189,35191,1,1,1,"-","G","+",0,0,"-",1,1,"ACGTT","TS54","-dTAG","RepR1","S20","Xist","MSR","other"
"541",15703,"FJ24-FJ25::chr9:2999602-3038819",35323,35325,0,2,0,"-","G","+",0,0,"-",2,0,"TCGCC","TS54","-dTAG","RepR1","S20","Xist","MSR","other"
"542",15704,"FJ24-FJ25::chr9:2999602-3038819",35381,35383,0.824,17,14,"-","G","+",0,0,"-",17,14,"TCGCC","TS54","-dTAG","RepR1","S20","Xist","MSR","other"
"543",15705,"FJ24-FJ25::chr9:2999602-3038819",35423,35425,0.524,21,11,"-","G","+",0,0,"-",21,11,"ACGTT","TS54","-dTAG","RepR1","S20","Xist","MSR","other"
"544",15706,"FJ24-FJ25::chr9:2999602-3038819",35439,35441,1,9,9,"-","G","+",0,0,"-",9,9,"TCGTC","TS54","-dTAG","RepR1","S20","Xist","MSR","other"
"545",15707,"FJ24-FJ25::chr9:2999602-3038819",35454,35456,0.7,20,14,"-","G","+",0,0,"-",20,14,"ACGTC","TS54","-dTAG","RepR1","S20","Xist","MSR","other"
"546",15708,"FJ24-FJ25::chr9:2999602-3038819",35557,35559,0.727,11,8,"-","G","+",0,0,"-",11,8,"TCGCC","TS54","-dTAG","RepR1","S20","Xist","MSR","other"
"547",15709,"FJ24-FJ25::chr9:2999602-3038819",35569,35571,0.769,13,10,"-","G","+",0,0,"-",13,10,"ACGTC","TS54","-dTAG","RepR1","S20","Xist","MSR","other"
"548",15710,"FJ24-FJ25::chr9:2999602-3038819",35597,35599,0.523,283,148,"-","G","+",0,0,"-",283,148,"CCGTG","TS54","-dTAG","RepR1","S20","Xist","MSR","other"
"549",15711,"FJ24-FJ25::chr9:2999602-3038819",35831,35833,1,1,1,"-","G","+",0,0,"-",1,1,"CCGTG","TS54","-dTAG","RepR1","S20","Xist","MSR","other"
"550",15712,"FJ24-FJ25::chr9:2999602-3038819",36066,36068,0,1,0,"-","G","+",0,0,"-",1,0,"TCGTG","TS54","-dTAG","RepR1","S20","Xist","MSR","other"
"551",15713,"FJ24-FJ25::chr9:2999602-3038819",36084,36086,1,1,1,"-","G","+",0,0,"-",1,1,"TCGCC","TS54","-dTAG","RepR1","S20","Xist","MSR","other"
"552",15714,"FJ24-FJ25::chr9:2999602-3038819",36126,36128,1,1,1,"-","G","+",0,0,"-",1,1,"ACGTT","TS54","-dTAG","RepR1","S20","Xist","MSR","other"
"553",15715,"FJ24-FJ25::chr9:2999602-3038819",36259,36261,1,1,1,"-","G","+",0,0,"-",1,1,"TCGCC","TS54","-dTAG","RepR1","S20","Xist","MSR","other"
"554",15716,"FJ24-FJ25::chr9:2999602-3038819",36299,36301,0.913,23,21,"-","G","+",0,0,"-",23,21,"CCGTG","TS54","-dTAG","RepR1","S20","Xist","MSR","other"
"555",15717,"FJ24-FJ25::chr9:2999602-3038819",36435,36437,0.667,6,4,"-","G","+",0,0,"-",6,4,"TCGCC","TS54","-dTAG","RepR1","S20","Xist","MSR","other"
"556",15718,"FJ24-FJ25::chr9:2999602-3038819",36447,36449,0.6,5,3,"-","G","+",0,0,"-",5,3,"ACGTC","TS54","-dTAG","RepR1","S20","Xist","MSR","other"
"557",15719,"FJ24-FJ25::chr9:2999602-3038819",36475,36477,1,1,1,"-","G","+",0,0,"-",1,1,"CCGTG","TS54","-dTAG","RepR1","S20","Xist","MSR","other"
"558",15720,"FJ24-FJ25::chr9:2999602-3038819",36493,36495,1,2,2,"-","G","+",0,0,"-",2,2,"TCGCC","TS54","-dTAG","RepR1","S20","Xist","MSR","other"
"559",15721,"FJ24-FJ25::chr9:2999602-3038819",36668,36670,1,1,1,"-","G","+",0,0,"-",1,1,"TCGCC","TS54","-dTAG","RepR1","S20","Xist","MSR","other"
"560",15722,"FJ24-FJ25::chr9:2999602-3038819",36680,36682,0,1,0,"-","G","+",0,0,"-",1,0,"ACGTC","TS54","-dTAG","RepR1","S20","Xist","MSR","other"
"561",15723,"FJ24-FJ25::chr9:2999602-3038819",36708,36710,0.667,3,2,"-","G","+",0,0,"-",3,2,"CCGTG","TS54","-dTAG","RepR1","S20","Xist","MSR","other"
"562",15724,"FJ24-FJ25::chr9:2999602-3038819",36781,36783,1,1,1,"-","G","+",0,0,"-",1,1,"TCGTC","TS54","-dTAG","RepR1","S20","Xist","MSR","other"
"563",15725,"FJ24-FJ25::chr9:2999602-3038819",36939,36941,0,2,0,"-","G","+",0,0,"-",2,0,"CCGTG","TS54","-dTAG","RepR1","S20","Xist","MSR","other"
"564",15726,"FJ24-FJ25::chr9:2999602-3038819",37425,37427,1,1,1,"-","G","+",0,0,"-",1,1,"TCGCC","TS54","-dTAG","RepR1","S20","Xist","MSR","other"
"565",15727,"FJ24-FJ25::chr9:2999602-3038819",37467,37469,0.5,2,1,"-","G","+",0,0,"-",2,1,"ACGTT","TS54","-dTAG","RepR1","S20","Xist","MSR","other"
"566",15728,"FJ24-FJ25::chr9:2999602-3038819",37483,37485,1,2,2,"-","G","+",0,0,"-",2,2,"TCGTC","TS54","-dTAG","RepR1","S20","Xist","MSR","other"
"567",15729,"FJ24-FJ25::chr9:2999602-3038819",37498,37500,1,2,2,"-","G","+",0,0,"-",2,2,"ACGTC","TS54","-dTAG","RepR1","S20","Xist","MSR","other"
"568",15730,"FJ24-FJ25::chr9:2999602-3038819",37641,37643,0.556,9,5,"-","G","+",0,0,"-",9,5,"CCGTG","TS54","-dTAG","RepR1","S20","Xist","MSR","other"
"569",15731,"FJ24-FJ25::chr9:2999602-3038819",37659,37661,0.8,5,4,"-","G","+",0,0,"-",5,4,"TCGCC","TS54","-dTAG","RepR1","S20","Xist","MSR","other"
"570",15732,"FJ24-FJ25::chr9:2999602-3038819",37935,37937,0.5,2,1,"-","G","+",0,0,"-",2,1,"ACGTT","TS54","-dTAG","RepR1","S20","Xist","MSR","other"
"571",15733,"FJ24-FJ25::chr9:2999602-3038819",38021,38023,1,1,1,"-","G","+",0,0,"-",1,1,"ACGTC","TS54","-dTAG","RepR1","S20","Xist","MSR","other"
"572",15734,"FJ24-FJ25::chr9:2999602-3038819",38127,38129,1,1,1,"-","G","+",0,0,"-",1,1,"TCGCC","TS54","-dTAG","RepR1","S20","Xist","MSR","other"
"573",15735,"FJ24-FJ25::chr9:2999602-3038819",38169,38171,1,1,1,"-","G","+",0,0,"-",1,1,"ACGTT","TS54","-dTAG","RepR1","S20","Xist","MSR","other"
"574",15736,"FJ24-FJ25::chr9:2999602-3038819",38185,38187,1,1,1,"-","G","+",0,0,"-",1,1,"TCGTC","TS54","-dTAG","RepR1","S20","Xist","MSR","other"
"575",15737,"FJ24-FJ25::chr9:2999602-3038819",38200,38202,1,1,1,"-","G","+",0,0,"-",1,1,"ACGTC","TS54","-dTAG","RepR1","S20","Xist","MSR","other"
"576",15738,"FJ24-FJ25::chr9:2999602-3038819",38343,38345,0.714,7,5,"-","G","+",0,0,"-",7,5,"CCGTG","TS54","-dTAG","RepR1","S20","Xist","MSR","other"
"577",15739,"FJ24-FJ25::chr9:2999602-3038819",38361,38363,0.8,5,4,"-","G","+",0,0,"-",5,4,"TCGCC","TS54","-dTAG","RepR1","S20","Xist","MSR","other"
"578",15740,"FJ24-FJ25::chr9:2999602-3038819",38403,38405,1,2,2,"-","G","+",0,0,"-",2,2,"ACGTT","TS54","-dTAG","RepR1","S20","Xist","MSR","other"
"579",15741,"FJ24-FJ25::chr9:2999602-3038819",38419,38421,1,3,3,"-","G","+",0,0,"-",3,3,"TCGTC","TS54","-dTAG","RepR1","S20","Xist","MSR","other"
"580",15742,"FJ24-FJ25::chr9:2999602-3038819",38489,38491,0.667,3,2,"-","G","+",0,0,"-",3,2,"ACGTC","TS54","-dTAG","RepR1","S20","Xist","MSR","other"
"581",15743,"FJ24-FJ25::chr9:2999602-3038819",38637,38639,0,4,0,"-","G","+",0,0,"-",4,0,"ACGTT","TS54","-dTAG","RepR1","S20","Xist","MSR","other"
"582",15744,"FJ24-FJ25::chr9:2999602-3038819",38653,38655,0,1,0,"-","G","+",0,0,"-",1,0,"TCGTC","TS54","-dTAG","RepR1","S20","Xist","MSR","other"
"583",15745,"FJ24-FJ25::chr9:35304805-35306009",494,496,1,1,1,"+","G","+",1,1,"-",0,0,"GGCGA","TS54","-dTAG","RepR1","S20","Xist","MSR","other"
"584",15746,"FJ24-FJ25::chr9:35304805-35306009",612,614,0.794,1108,880,"+","G","+",1108,880,"-",0,0,"GACGA","TS54","-dTAG","RepR1","S20","Xist","MSR","other"
"585",15747,"FJ24-FJ25::chr9:35304805-35306009",628,630,0.557,1092,608,"+","G","+",1092,608,"-",0,0,"AACGT","TS54","-dTAG","RepR1","S20","Xist","MSR","other"
"586",15748,"FJ24-FJ25::chr9:35304805-35306009",688,690,0.809,1117,904,"+","G","+",1117,904,"-",0,0,"CACGG","TS54","-dTAG","RepR1","S20","Xist","MSR","other"
"587",15749,"FJ24-FJ25::chr9:35304805-35306009",716,718,1,2,2,"+","G","+",2,2,"-",0,0,"GACGT","TS54","-dTAG","RepR1","S20","Xist","MSR","other"
"588",15750,"FJ24-FJ25::chr9:35304805-35306009",776,778,0,1,0,"+","G","+",1,0,"-",0,0,"GACGT","TS54","-dTAG","RepR1","S20","Xist","MSR","other"
"589",15751,"FJ28-FJ29.FJ26-FJ27::chrX:103482701-103483891",480,482,0.24,34708,8341,"+","G","+",34708,8341,"-",0,0,"CACGG","TS54","-dTAG","RepR1","S20","Xist","RE58","RE58_CGI_2"
"590",15752,"FJ28-FJ29.FJ26-FJ27::chrX:103482701-103483891",489,491,0.309,34929,10790,"+","G","+",34929,10790,"-",0,0,"ACCGC","TS54","-dTAG","RepR1","S20","Xist","RE58","RE58_CGI_2"
"591",15753,"FJ28-FJ29.FJ26-FJ27::chrX:103482701-103483891",499,501,0.379,35195,13335,"+","G","+",35195,13335,"-",0,0,"CACGG","TS54","-dTAG","RepR1","S20","Xist","RE58","RE58_CGI_2"
"592",15754,"FJ28-FJ29.FJ26-FJ27::chrX:103482701-103483891",506,508,0.37,35273,13037,"+","G","+",35273,13037,"-",0,0,"AACGA","TS54","-dTAG","RepR1","S20","Xist","RE58","RE58_CGI_2"
"593",15755,"FJ28-FJ29.FJ26-FJ27::chrX:103482701-103483891",530,532,0.507,35297,17894,"+","G","+",35297,17894,"-",0,0,"GCCGT","TS54","-dTAG","RepR1","S20","Xist","RE58","RE58_CGI_2"
"594",15756,"FJ28-FJ29.FJ26-FJ27::chrX:103482701-103483891",537,539,0.461,35160,16216,"+","G","+",35160,16216,"-",0,0,"CACGC","TS54","-dTAG","RepR1","S20","Xist","RE58","RE58_CGI_2"
"595",15757,"FJ28-FJ29.FJ26-FJ27::chrX:103482701-103483891",552,554,0.237,35324,8366,"+","G","+",35324,8366,"-",0,0,"TCCGC","TS54","-dTAG","RepR1","S20","Xist","RE58","RE58_CGI_2"
"596",15758,"FJ28-FJ29.FJ26-FJ27::chrX:103482701-103483891",554,556,0.395,35099,13859,"+","G","+",35099,13859,"-",0,0,"CGCGG","TS54","-dTAG","RepR1","S20","Xist","RE58","RE58_CGI_2"
"597",15759,"FJ28-FJ29.FJ26-FJ27::chrX:103482701-103483891",557,559,0.32,35229,11290,"+","G","+",35229,11290,"-",0,0,"GGCGC","TS54","-dTAG","RepR1","S20","Xist","RE58","RE58_CGI_2"
"598",15760,"FJ28-FJ29.FJ26-FJ27::chrX:103482701-103483891",566,568,0.543,34625,18801,"+","G","+",34625,18801,"-",0,0,"GGCGG","TS54","-dTAG","RepR1","S20","Xist","RE58","RE58_CGI_2"
"599",15761,"FJ28-FJ29.FJ26-FJ27::chrX:103482701-103483891",675,677,0.946,46965,44446,"B","G","+",32529,30024,"-",14436,14422,"TACGT","TS54","-dTAG","RepR1","S20","Xist","RE58","RE58_CGI_1"
"600",15762,"FJ28-FJ29.FJ26-FJ27::chrX:103482701-103483891",694,696,0.866,46615,40359,"B","G","+",32697,26457,"-",13918,13902,"GACGC","TS54","-dTAG","RepR1","S20","Xist","RE58","RE58_CGI_1"
"601",15763,"FJ28-FJ29.FJ26-FJ27::chrX:103482701-103483891",696,698,0.88,46585,40991,"B","G","+",32340,26757,"-",14245,14234,"CGCGT","TS54","-dTAG","RepR1","S20","Xist","RE58","RE58_CGI_1"
"602",15764,"FJ28-FJ29.FJ26-FJ27::chrX:103482701-103483891",715,717,0.858,46217,39634,"B","G","+",32331,25774,"-",13886,13860,"TGCGC","TS54","-dTAG","RepR1","S20","Xist","RE58","RE58_CGI_1"
"603",15765,"FJ28-FJ29.FJ26-FJ27::chrX:103482701-103483891",717,719,0.836,46102,38552,"B","G","+",32108,24568,"-",13994,13984,"CGCGA","TS54","-dTAG","RepR1","S20","Xist","RE58","RE58_CGI_1"
"604",15766,"FJ28-FJ29.FJ26-FJ27::chrX:103482701-103483891",753,755,0.407,26774,10904,"B","G","+",19096,3226,"-",7678,7678,"AACGT","TS54","-dTAG","RepR1","S20","Xist","RE58","RE58_CGI_1"
"605",15767,"FJ14-FJ15.FJ10-FJ11::chrX:103481327-103482781",433,435,0.641,35058,22482,"+","G","+",35058,22482,"-",0,0,"TCCGC","TS54","-dTAG","RepR2","S22","Xist","RE57","RE57_YY1"
"606",15768,"FJ14-FJ15.FJ10-FJ11::chrX:103481327-103482781",520,522,0.617,30705,18939,"+","G","+",30705,18939,"-",0,0,"TGCGT","TS54","-dTAG","RepR2","S22","Xist","RE57","RE57_YY1"
"607",15769,"FJ14-FJ15.FJ10-FJ11::chrX:103481327-103482781",528,530,0.616,32195,19843,"+","G","+",32195,19843,"-",0,0,"ACCGC","TS54","-dTAG","RepR2","S22","Xist","RE57","RE57_YY1"
"608",15770,"FJ14-FJ15.FJ10-FJ11::chrX:103481327-103482781",546,548,0.599,32096,19233,"+","G","+",32096,19233,"-",0,0,"GCCGC","TS54","-dTAG","RepR2","S22","Xist","RE57","RE57_YY1"
"609",15771,"FJ14-FJ15.FJ10-FJ11::chrX:103481327-103482781",563,565,0.696,33164,23077,"+","G","+",33164,23077,"-",0,0,"TACGA","TS54","-dTAG","RepR2","S22","Xist","RE57","RE57_YY1"
"610",15772,"FJ14-FJ15.FJ10-FJ11::chrX:103481327-103482781",617,619,0.75,33354,25017,"+","G","+",33354,25017,"-",0,0,"GTCGA","TS54","-dTAG","RepR2","S22","Xist","RE57","RE57_YY1"
"611",15773,"FJ14-FJ15.FJ10-FJ11::chrX:103481327-103482781",624,626,0.7,32940,23066,"+","G","+",32940,23066,"-",0,0,"CTCGG","TS54","-dTAG","RepR2","S22","Xist","RE57","RE57_YY1"
"612",15774,"FJ14-FJ15.FJ10-FJ11::chrX:103481327-103482781",637,639,0.781,33674,26303,"+","G","+",33674,26303,"-",0,0,"CCCGA","TS54","-dTAG","RepR2","S22","Xist","RE57","RE57_YY1"
"613",15775,"FJ14-FJ15.FJ10-FJ11::chrX:103481327-103482781",642,644,0.535,33829,18098,"+","G","+",33829,18098,"-",0,0,"GCCGC","TS54","-dTAG","RepR2","S22","Xist","RE57","RE57_YY1"
"614",15776,"FJ14-FJ15.FJ10-FJ11::chrX:103481327-103482781",736,738,0.45,4569,2058,"+","G","+",4569,2058,"-",0,0,"CACGC","TS54","-dTAG","RepR2","S22","Xist","RE57","RE57_CGI"
"615",15777,"FJ14-FJ15.FJ10-FJ11::chrX:103481327-103482781",763,765,0.753,4080,3073,"+","G","+",4080,3073,"-",0,0,"TGCGG","TS54","-dTAG","RepR2","S22","Xist","RE57","RE57_CGI"
"616",15778,"FJ14-FJ15.FJ10-FJ11::chrX:103481327-103482781",770,772,0.81,4343,3520,"+","G","+",4343,3520,"-",0,0,"TCCGC","TS54","-dTAG","RepR2","S22","Xist","RE57","RE57_CGI"
"617",15779,"FJ14-FJ15.FJ10-FJ11::chrX:103481327-103482781",772,774,0.839,4292,3601,"+","G","+",4292,3601,"-",0,0,"CGCGC","TS54","-dTAG","RepR2","S22","Xist","RE57","RE57_CGI"
"618",15780,"FJ14-FJ15.FJ10-FJ11::chrX:103481327-103482781",780,782,0.811,4347,3527,"+","G","+",4347,3527,"-",0,0,"ACCGC","TS54","-dTAG","RepR2","S22","Xist","RE57","RE57_CGI"
"619",15781,"FJ14-FJ15.FJ10-FJ11::chrX:103481327-103482781",792,794,0.842,3973,3344,"+","G","+",3973,3344,"-",0,0,"TACGA","TS54","-dTAG","RepR2","S22","Xist","RE57","RE57_CGI"
"620",15782,"FJ14-FJ15.FJ10-FJ11::chrX:103481327-103482781",817,819,0.819,3746,3069,"+","G","+",3746,3069,"-",0,0,"TCCGG","TS54","-dTAG","RepR2","S22","Xist","RE57","RE57_CGI"
"621",15783,"FJ14-FJ15.FJ10-FJ11::chrX:103481327-103482781",832,834,0.742,3777,2804,"+","G","+",3777,2804,"-",0,0,"CCCGC","TS54","-dTAG","RepR2","S22","Xist","RE57","RE57_CGI"
"622",15784,"FJ14-FJ15.FJ10-FJ11::chrX:103481327-103482781",856,858,0.59,100,59,"+","G","+",100,59,"-",0,0,"GGCGA","TS54","-dTAG","RepR2","S22","Xist","RE57","intermediate_RE57"
"623",15785,"FJ14-FJ15.FJ10-FJ11::chrX:103481327-103482781",863,865,0.767,103,79,"+","G","+",103,79,"-",0,0,"CCCGC","TS54","-dTAG","RepR2","S22","Xist","RE57","intermediate_RE57"
"624",15786,"FJ14-FJ15.FJ10-FJ11::chrX:103481327-103482781",871,873,0.619,97,60,"+","G","+",97,60,"-",0,0,"CCCGC","TS54","-dTAG","RepR2","S22","Xist","RE57","intermediate_RE57"
"625",15787,"FJ14-FJ15.FJ10-FJ11::chrX:103481327-103482781",899,901,0.717,279,200,"+","G","+",279,200,"-",0,0,"AGCGC","TS54","-dTAG","RepR2","S22","Xist","RE57","intermediate_RE57"
"626",15788,"FJ14-FJ15.FJ10-FJ11::chrX:103481327-103482781",904,906,0.58,367,213,"+","G","+",367,213,"-",0,0,"AGCGC","TS54","-dTAG","RepR2","S22","Xist","RE57","intermediate_RE57"
"627",15789,"FJ14-FJ15.FJ10-FJ11::chrX:103481327-103482781",929,931,0.694,4438,3082,"+","G","+",4438,3082,"-",0,0,"TCCGC","TS54","-dTAG","RepR2","S22","Xist","RE57","RE57_CGI"
"628",15790,"FJ14-FJ15.FJ10-FJ11::chrX:103481327-103482781",941,943,0.776,4462,3461,"+","G","+",4462,3461,"-",0,0,"CTCGG","TS54","-dTAG","RepR2","S22","Xist","RE57","RE57_CGI"
"629",15791,"FJ14-FJ15.FJ10-FJ11::chrX:103481327-103482781",959,961,0.91,4500,4093,"+","G","+",4500,4093,"-",0,0,"GGCGT","TS54","-dTAG","RepR2","S22","Xist","RE57","RE57_CGI"
"630",15792,"FJ14-FJ15.FJ10-FJ11::chrX:103481327-103482781",970,972,0.875,4503,3940,"+","G","+",4503,3940,"-",0,0,"CTCGA","TS54","-dTAG","RepR2","S22","Xist","RE57","RE57_CGI"
"631",15793,"FJ14-FJ15.FJ10-FJ11::chrX:103481327-103482781",980,982,0.902,4534,4088,"+","G","+",4534,4088,"-",0,0,"GCCGT","TS54","-dTAG","RepR2","S22","Xist","RE57","RE57_CGI"
"632",15794,"FJ14-FJ15.FJ10-FJ11::chrX:103481327-103482781",987,989,0.879,4684,4118,"+","G","+",4684,4118,"-",0,0,"CACGC","TS54","-dTAG","RepR2","S22","Xist","RE57","RE57_CGI"
"633",15795,"FJ14-FJ15.FJ10-FJ11::chrX:103481327-103482781",1004,1006,0.841,4617,3882,"+","G","+",4617,3882,"-",0,0,"GGCGG","TS54","-dTAG","RepR2","S22","Xist","RE57","RE57_CGI"
"634",15796,"FJ14-FJ15.FJ10-FJ11::chrX:103481327-103482781",1008,1010,0.854,4687,4003,"+","G","+",4687,4003,"-",0,0,"GACGC","TS54","-dTAG","RepR2","S22","Xist","RE57","RE57_CGI"
"635",15797,"FJ14-FJ15.FJ10-FJ11::chrX:103481327-103482781",1010,1012,0.713,4650,3314,"+","G","+",4650,3314,"-",0,0,"CGCGG","TS54","-dTAG","RepR2","S22","Xist","RE57","RE57_CGI"
"636",15798,"FJ14-FJ15.FJ10-FJ11::chrX:103481327-103482781",1021,1023,0.849,4576,3887,"+","G","+",4576,3887,"-",0,0,"CACGC","TS54","-dTAG","RepR2","S22","Xist","RE57","RE57_CGI"
"637",15799,"FJ24-FJ25.FJ24-FJ25.FJ24-FJ25.FJ24-FJ25.FJ24-FJ25.FJ24-FJ25.FJ24-FJ25.FJ24-FJ25::chrX:75658294-75672942",71,73,0,7,0,"B","G","+",6,0,"-",1,0,"ACCGA","TS54","-dTAG","RepR2","S22","Xist","MSR","other"
"638",15800,"FJ24-FJ25.FJ24-FJ25.FJ24-FJ25.FJ24-FJ25.FJ24-FJ25.FJ24-FJ25.FJ24-FJ25.FJ24-FJ25::chrX:75658294-75672942",212,214,0,5,0,"B","G","+",4,0,"-",1,0,"CCCGG","TS54","-dTAG","RepR2","S22","Xist","MSR","other"
"639",15801,"FJ24-FJ25.FJ24-FJ25.FJ24-FJ25::chrX:75646518-75653780",131,133,0.452,31,14,"B","G","+",12,9,"-",19,5,"CCCGG","TS54","-dTAG","RepR2","S22","Xist","MSR","other"
"640",15802,"FJ24-FJ25.FJ24-FJ25.FJ24-FJ25::chrX:75646518-75653780",177,179,0.615,26,16,"B","G","+",10,7,"-",16,9,"GGCGG","TS54","-dTAG","RepR2","S22","Xist","MSR","other"
"641",15803,"FJ24-FJ25.FJ24-FJ25.FJ24-FJ25::chrX:75646518-75653780",210,212,0.214,14,3,"B","G","+",2,0,"-",12,3,"CACGC","TS54","-dTAG","RepR2","S22","Xist","MSR","other"
"642",15804,"FJ24-FJ25.FJ24-FJ25.FJ24-FJ25::chrX:75646518-75653780",7048,7050,0.182,11,2,"B","G","+",1,1,"-",10,1,"TCCGG","TS54","-dTAG","RepR2","S22","Xist","MSR","other"
"643",15805,"FJ24-FJ25.FJ24-FJ25.FJ24-FJ25::chrX:75646518-75653780",7189,7191,0.222,9,2,"B","G","+",2,2,"-",7,0,"GTCGG","TS54","-dTAG","RepR2","S22","Xist","MSR","other"
"644",15806,"FJ24-FJ25.FJ24-FJ25.FJ24-FJ25::chrX:75653690-75658384",17,19,0.167,6,1,"B","G","+",1,1,"-",5,0,"GTCGG","TS54","-dTAG","RepR2","S22","Xist","MSR","other"
"645",15807,"FJ24-FJ25.FJ24-FJ25.FJ24-FJ25::chrX:75653690-75658384",131,133,0.5,36,18,"B","G","+",18,11,"-",18,7,"CCCGG","TS54","-dTAG","RepR2","S22","Xist","MSR","other"
"646",15808,"FJ24-FJ25.FJ24-FJ25.FJ24-FJ25::chrX:75653690-75658384",177,179,0.741,27,20,"B","G","+",14,8,"-",13,12,"GGCGG","TS54","-dTAG","RepR2","S22","Xist","MSR","other"
"647",15809,"FJ24-FJ25.FJ24-FJ25.FJ24-FJ25::chrX:75653690-75658384",210,212,0.25,8,2,"-","G","+",0,0,"-",8,2,"ACGCA","TS54","-dTAG","RepR2","S22","Xist","MSR","other"
"648",15810,"FJ24-FJ25.FJ24-FJ25.FJ24-FJ25::chrX:75653690-75658384",4482,4484,0.7,10,7,"B","G","+",8,7,"-",2,0,"TGCGT","TS54","-dTAG","RepR2","S22","Xist","MSR","other"
"649",15811,"FJ24-FJ25.FJ24-FJ25.FJ24-FJ25::chrX:75653690-75658384",4515,4517,0.682,44,30,"B","G","+",24,21,"-",20,9,"GCCGC","TS54","-dTAG","RepR2","S22","Xist","MSR","other"
"650",15812,"FJ24-FJ25.FJ24-FJ25.FJ24-FJ25::chrX:75653690-75658384",4561,4563,0.763,38,29,"B","G","+",17,12,"-",21,17,"TCCGG","TS54","-dTAG","RepR2","S22","Xist","MSR","other"
"651",15813,"FJ24-FJ25.FJ24-FJ25.FJ24-FJ25::chrX:75653690-75658384",4675,4677,0,4,0,"+","G","+",4,0,"-",0,0,"ACCGA","TS54","-dTAG","RepR2","S22","Xist","MSR","other"
"652",15814,"FJ24-FJ25.FJ24-FJ25::chr2:98661834-98663393",429,431,0.593,398,236,"B","G","+",10,10,"-",388,226,"CACGT","TS54","-dTAG","RepR2","S22","Xist","MSR","other"
"653",15815,"FJ24-FJ25.FJ24-FJ25::chr2:98661834-98663393",445,447,0.796,455,362,"B","G","+",8,8,"-",447,354,"TTCGT","TS54","-dTAG","RepR2","S22","Xist","MSR","other"
"654",15816,"FJ24-FJ25.FJ24-FJ25::chr2:98661834-98663393",460,462,0.688,477,328,"B","G","+",10,6,"-",467,322,"GTCGT","TS54","-dTAG","RepR2","S22","Xist","MSR","other"
"655",15817,"FJ24-FJ25.FJ24-FJ25::chr2:98661834-98663393",515,517,0.821,535,439,"B","G","+",3,3,"-",532,436,"CACGT","TS54","-dTAG","RepR2","S22","Xist","MSR","other"
"656",15818,"FJ24-FJ25.FJ24-FJ25::chr2:98661834-98663393",575,577,0.77,61,47,"B","G","+",12,8,"-",49,39,"CACGT","TS54","-dTAG","RepR2","S22","Xist","MSR","other"
"657",15819,"FJ24-FJ25.FJ24-FJ25::chr2:98661834-98663393",603,605,0.788,52,41,"B","G","+",29,26,"-",23,15,"TCCGT","TS54","-dTAG","RepR2","S22","Xist","MSR","other"
"658",15820,"FJ24-FJ25.FJ24-FJ25::chr2:98661834-98663393",621,623,0.881,42,37,"B","G","+",27,26,"-",15,11,"CTCGC","TS54","-dTAG","RepR2","S22","Xist","MSR","other"
"659",15821,"FJ24-FJ25.FJ24-FJ25::chr2:98661834-98663393",663,665,1,1,1,"-","G","+",0,0,"-",1,1,"ACGTA","TS54","-dTAG","RepR2","S22","Xist","MSR","other"
"660",15822,"FJ24-FJ25.FJ24-FJ25::chr2:98661834-98663393",721,723,0.917,12,11,"B","G","+",9,8,"-",3,3,"CCCGT","TS54","-dTAG","RepR2","S22","Xist","MSR","other"
"661",15823,"FJ24-FJ25.FJ24-FJ25::chr2:98661834-98663393",730,732,0.571,14,8,"B","G","+",9,5,"-",5,3,"AACGA","TS54","-dTAG","RepR2","S22","Xist","MSR","other"
"662",15824,"FJ24-FJ25.FJ24-FJ25::chr2:98661834-98663393",766,768,0.0714,14,1,"+","G","+",14,1,"-",0,0,"TACGT","TS54","-dTAG","RepR2","S22","Xist","MSR","other"
"663",15825,"FJ24-FJ25.FJ24-FJ25::chr2:98661834-98663393",794,796,0,3,0,"+","G","+",3,0,"-",0,0,"TTCGA","TS54","-dTAG","RepR2","S22","Xist","MSR","other"
"664",15826,"FJ24-FJ25.FJ24-FJ25::chr2:98661834-98663393",841,843,0.923,13,12,"+","G","+",13,12,"-",0,0,"CCCGT","TS54","-dTAG","RepR2","S22","Xist","MSR","other"
"665",15827,"FJ24-FJ25.FJ24-FJ25::chr2:98661834-98663393",850,852,0.696,23,16,"B","G","+",21,15,"-",2,1,"AACGA","TS54","-dTAG","RepR2","S22","Xist","MSR","other"
"666",15828,"FJ24-FJ25.FJ24-FJ25::chr2:98661834-98663393",992,994,0.5,2,1,"B","G","+",1,1,"-",1,0,"CTCGG","TS54","-dTAG","RepR2","S22","Xist","MSR","other"
"667",15829,"FJ24-FJ25.FJ24-FJ25::chr2:98661834-98663393",1021,1023,0.845,413,349,"B","G","+",411,349,"-",2,0,"GACGT","TS54","-dTAG","RepR2","S22","Xist","MSR","other"
"668",15830,"FJ24-FJ25.FJ24-FJ25::chr2:98661834-98663393",1068,1070,0.533,15,8,"B","G","+",11,7,"-",4,1,"ATCGA","TS54","-dTAG","RepR2","S22","Xist","MSR","other"
"669",15831,"FJ24-FJ25.FJ24-FJ25::chr2:98661834-98663393",1076,1078,0.712,250,178,"B","G","+",237,166,"-",13,12,"GACGA","TS54","-dTAG","RepR2","S22","Xist","MSR","other"
"670",15832,"FJ24-FJ25.FJ24-FJ25::chr2:98661834-98663393",1091,1093,0.774,230,178,"B","G","+",218,168,"-",12,10,"GACGA","TS54","-dTAG","RepR2","S22","Xist","MSR","other"
"671",15833,"FJ24-FJ25.FJ24-FJ25::chr2:98661834-98663393",1107,1109,0.643,196,126,"B","G","+",188,119,"-",8,7,"TACGT","TS54","-dTAG","RepR2","S22","Xist","MSR","other"
"672",15834,"FJ24-FJ25::chr12:3109471-3110521",411,413,0.778,9,7,"B","G","+",2,2,"-",7,5,"CACGG","TS54","-dTAG","RepR2","S22","Xist","MSR","other"
"673",15835,"FJ24-FJ25::chr12:3109471-3110521",439,441,0.775,40,31,"B","G","+",26,17,"-",14,14,"GACGT","TS54","-dTAG","RepR2","S22","Xist","MSR","other"
"674",15836,"FJ24-FJ25::chr12:3109471-3110521",451,453,0.805,41,33,"B","G","+",28,22,"-",13,11,"GGCGA","TS54","-dTAG","RepR2","S22","Xist","MSR","other"
"675",15837,"FJ24-FJ25::chr12:3109471-3110521",554,556,0.702,47,33,"B","G","+",40,28,"-",7,5,"GACGA","TS54","-dTAG","RepR2","S22","Xist","MSR","other"
"676",15838,"FJ24-FJ25::chr12:3109471-3110521",627,629,0.75,8,6,"+","G","+",8,6,"-",0,0,"GGCGA","TS54","-dTAG","RepR2","S22","Xist","MSR","other"
"677",15839,"FJ24-FJ25::chr12:3109471-3110521",645,647,0.5,2,1,"+","G","+",2,1,"-",0,0,"CACGG","TS54","-dTAG","RepR2","S22","Xist","MSR","other"
"678",15840,"FJ24-FJ25::chr12:74803437-74804905",1016,1018,1,1,1,"+","G","+",1,1,"-",0,0,"CTCGC","TS54","-dTAG","RepR2","S22","Xist","MSR","other"
"679",15841,"FJ24-FJ25::chr12:74803437-74804905",1058,1060,1,1,1,"+","G","+",1,1,"-",0,0,"CACGT","TS54","-dTAG","RepR2","S22","Xist","MSR","other"
"680",15842,"FJ24-FJ25::chr13:77438509-77439457",415,417,1,4,4,"+","G","+",4,4,"-",0,0,"TTCGT","TS54","-dTAG","RepR2","S22","Xist","MSR","other"
"681",15843,"FJ24-FJ25::chr13:77438509-77439457",430,432,0.6,5,3,"+","G","+",5,3,"-",0,0,"GTCGT","TS54","-dTAG","RepR2","S22","Xist","MSR","other"
"682",15844,"FJ24-FJ25::chr14:19415282-19420102",357,359,1,1,1,"-","G","+",0,0,"-",1,1,"CCGAC","TS54","-dTAG","RepR2","S22","Xist","MSR","other"
"683",15845,"FJ24-FJ25::chr14:19415282-19420102",457,459,1,7,7,"B","G","+",5,5,"-",2,2,"GGCGA","TS54","-dTAG","RepR2","S22","Xist","MSR","other"
"684",15846,"FJ24-FJ25::chr14:19415282-19420102",475,477,0.75,8,6,"B","G","+",6,6,"-",2,0,"CACGG","TS54","-dTAG","RepR2","S22","Xist","MSR","other"
"685",15847,"FJ24-FJ25::chr14:19415282-19420102",503,505,0,3,0,"B","G","+",1,0,"-",2,0,"GACGT","TS54","-dTAG","RepR2","S22","Xist","MSR","other"
"686",15848,"FJ24-FJ25::chr14:19415282-19420102",515,517,0.333,3,1,"B","G","+",2,1,"-",1,0,"GTCGA","TS54","-dTAG","RepR2","S22","Xist","MSR","other"
"687",15849,"FJ24-FJ25::chr14:19415282-19420102",618,620,0.773,75,58,"B","G","+",60,47,"-",15,11,"GACGA","TS54","-dTAG","RepR2","S22","Xist","MSR","other"
"688",15850,"FJ24-FJ25::chr14:19415282-19420102",633,635,0.803,61,49,"B","G","+",46,37,"-",15,12,"GACGA","TS54","-dTAG","RepR2","S22","Xist","MSR","other"
"689",15851,"FJ24-FJ25::chr14:19415282-19420102",691,693,0.789,38,30,"+","G","+",38,30,"-",0,0,"GGCGA","TS54","-dTAG","RepR2","S22","Xist","MSR","other"
"690",15852,"FJ24-FJ25::chr14:19415282-19420102",709,711,0.809,47,38,"+","G","+",47,38,"-",0,0,"CACGG","TS54","-dTAG","RepR2","S22","Xist","MSR","other"
"691",15853,"FJ24-FJ25::chr14:19415282-19420102",852,854,1,1,1,"+","G","+",1,1,"-",0,0,"GACGA","TS54","-dTAG","RepR2","S22","Xist","MSR","other"
"692",15854,"FJ24-FJ25::chr14:19415282-19420102",883,885,1,1,1,"-","G","+",0,0,"-",1,1,"ACGTG","TS54","-dTAG","RepR2","S22","Xist","MSR","other"
"693",15855,"FJ24-FJ25::chr14:19415282-19420102",963,965,0.8,15,12,"B","G","+",14,11,"-",1,1,"CTCGT","TS54","-dTAG","RepR2","S22","Xist","MSR","other"
"694",15856,"FJ24-FJ25::chr14:19415282-19420102",1060,1062,0.8,5,4,"+","G","+",5,4,"-",0,0,"CACGA","TS54","-dTAG","RepR2","S22","Xist","MSR","other"
"695",15857,"FJ24-FJ25::chr14:19415282-19420102",1219,1221,1,1,1,"+","G","+",1,1,"-",0,0,"GACGA","TS54","-dTAG","RepR2","S22","Xist","MSR","other"
"696",15858,"FJ24-FJ25::chr14:19415282-19420102",1276,1278,0.5,18,9,"B","G","+",17,9,"-",1,0,"GGCGA","TS54","-dTAG","RepR2","S22","Xist","MSR","other"
"697",15859,"FJ24-FJ25::chr14:19415282-19420102",1294,1296,0.815,27,22,"B","G","+",26,21,"-",1,1,"CACGG","TS54","-dTAG","RepR2","S22","Xist","MSR","other"
"698",15860,"FJ24-FJ25::chr14:19415282-19420102",1322,1324,0.667,6,4,"B","G","+",2,2,"-",4,2,"GACGT","TS54","-dTAG","RepR2","S22","Xist","MSR","other"
"699",15861,"FJ24-FJ25::chr14:19415282-19420102",1334,1336,1,3,3,"-","G","+",0,0,"-",3,3,"ACGAG","TS54","-dTAG","RepR2","S22","Xist","MSR","other"
"700",15862,"FJ24-FJ25::chr14:19415282-19420102",1436,1438,0.875,8,7,"B","G","+",6,5,"-",2,2,"GACGA","TS54","-dTAG","RepR2","S22","Xist","MSR","other"
"701",15863,"FJ24-FJ25::chr14:19415282-19420102",1451,1453,0.667,6,4,"B","G","+",5,3,"-",1,1,"GACGA","TS54","-dTAG","RepR2","S22","Xist","MSR","other"
"702",15864,"FJ24-FJ25::chr14:19415282-19420102",1509,1511,1,9,9,"B","G","+",8,8,"-",1,1,"GGCGA","TS54","-dTAG","RepR2","S22","Xist","MSR","other"
"703",15865,"FJ24-FJ25::chr14:19415282-19420102",1527,1529,0.923,13,12,"+","G","+",13,12,"-",0,0,"CTCGG","TS54","-dTAG","RepR2","S22","Xist","MSR","other"
"704",15866,"FJ24-FJ25::chr14:19415282-19420102",1628,1630,0,8,0,"B","G","+",1,0,"-",7,0,"AGCGA","TS54","-dTAG","RepR2","S22","Xist","MSR","other"
"705",15867,"FJ24-FJ25::chr14:19415282-19420102",1671,1673,0.739,46,34,"B","G","+",22,12,"-",24,22,"GACGA","TS54","-dTAG","RepR2","S22","Xist","MSR","other"
"706",15868,"FJ24-FJ25::chr14:19415282-19420102",1686,1688,0.806,31,25,"B","G","+",12,9,"-",19,16,"GACGA","TS54","-dTAG","RepR2","S22","Xist","MSR","other"
"707",15869,"FJ24-FJ25::chr14:19415282-19420102",1702,1704,0.667,30,20,"B","G","+",14,9,"-",16,11,"AACGT","TS54","-dTAG","RepR2","S22","Xist","MSR","other"
"708",15870,"FJ24-FJ25::chr14:19415282-19420102",1744,1746,0.722,18,13,"B","G","+",15,11,"-",3,2,"GGCGA","TS54","-dTAG","RepR2","S22","Xist","MSR","other"
"709",15871,"FJ24-FJ25::chr14:19415282-19420102",1762,1764,0.833,18,15,"B","G","+",15,12,"-",3,3,"CACGG","TS54","-dTAG","RepR2","S22","Xist","MSR","other"
"710",15872,"FJ24-FJ25::chr14:19415282-19420102",1861,1863,0.8,5,4,"+","G","+",5,4,"-",0,0,"GGCGA","TS54","-dTAG","RepR2","S22","Xist","MSR","other"
"711",15873,"FJ24-FJ25::chr14:19415282-19420102",1879,1881,0.4,5,2,"+","G","+",5,2,"-",0,0,"CACGG","TS54","-dTAG","RepR2","S22","Xist","MSR","other"
"712",15874,"FJ24-FJ25::chr14:19415282-19420102",2022,2024,0.735,340,250,"B","G","+",296,216,"-",44,34,"GACGA","TS54","-dTAG","RepR2","S22","Xist","MSR","other"
"713",15875,"FJ24-FJ25::chr14:19415282-19420102",2037,2039,0.839,355,298,"B","G","+",311,264,"-",44,34,"GACGA","TS54","-dTAG","RepR2","S22","Xist","MSR","other"
"714",15876,"FJ24-FJ25::chr14:19415282-19420102",2053,2055,0.574,331,190,"B","G","+",288,172,"-",43,18,"AACGT","TS54","-dTAG","RepR2","S22","Xist","MSR","other"
"715",15877,"FJ24-FJ25::chr14:19415282-19420102",2095,2097,0.833,84,70,"B","G","+",74,64,"-",10,6,"GGCGA","TS54","-dTAG","RepR2","S22","Xist","MSR","other"
"716",15878,"FJ24-FJ25::chr14:19415282-19420102",2153,2155,1,1,1,"+","G","+",1,1,"-",0,0,"GACGA","TS54","-dTAG","RepR2","S22","Xist","MSR","other"
"717",15879,"FJ24-FJ25::chr14:19415282-19420102",2230,2232,0.727,11,8,"+","G","+",11,8,"-",0,0,"CACGG","TS54","-dTAG","RepR2","S22","Xist","MSR","other"
"718",15880,"FJ24-FJ25::chr14:19415282-19420102",2370,2372,0,32,0,"+","G","+",32,0,"-",0,0,"CTCGA","TS54","-dTAG","RepR2","S22","Xist","MSR","other"
"719",15881,"FJ24-FJ25::chr14:19415282-19420102",2404,2406,0.519,27,14,"+","G","+",27,14,"-",0,0,"AACGT","TS54","-dTAG","RepR2","S22","Xist","MSR","other"
"720",15882,"FJ24-FJ25::chr14:19415282-19420102",2437,2439,0.375,8,3,"+","G","+",8,3,"-",0,0,"CTCGA","TS54","-dTAG","RepR2","S22","Xist","MSR","other"
"721",15883,"FJ24-FJ25::chr14:19415282-19420102",2446,2448,0.769,26,20,"B","G","+",25,19,"-",1,1,"GGCGA","TS54","-dTAG","RepR2","S22","Xist","MSR","other"
"722",15884,"FJ24-FJ25::chr14:19415282-19420102",2464,2466,0.677,31,21,"B","G","+",30,20,"-",1,1,"CACGG","TS54","-dTAG","RepR2","S22","Xist","MSR","other"
"723",15885,"FJ24-FJ25::chr14:19415282-19420102",2491,2493,1,4,4,"B","G","+",3,3,"-",1,1,"GACGG","TS54","-dTAG","RepR2","S22","Xist","MSR","other"
"724",15886,"FJ24-FJ25::chr14:19415282-19420102",2503,2505,1,8,8,"B","G","+",6,6,"-",2,2,"GGCGA","TS54","-dTAG","RepR2","S22","Xist","MSR","other"
"725",15887,"FJ24-FJ25::chr14:19415282-19420102",2606,2608,0.642,109,70,"B","G","+",104,67,"-",5,3,"GACGA","TS54","-dTAG","RepR2","S22","Xist","MSR","other"
"726",15888,"FJ24-FJ25::chr14:19415282-19420102",2621,2623,0.86,100,86,"B","G","+",95,82,"-",5,4,"GACGA","TS54","-dTAG","RepR2","S22","Xist","MSR","other"
"727",15889,"FJ24-FJ25::chr14:19415282-19420102",2637,2639,0.688,96,66,"B","G","+",94,65,"-",2,1,"AACGT","TS54","-dTAG","RepR2","S22","Xist","MSR","other"
"728",15890,"FJ24-FJ25::chr14:19415282-19420102",2678,2680,0.706,34,24,"+","G","+",34,24,"-",0,0,"GGCGA","TS54","-dTAG","RepR2","S22","Xist","MSR","other"
"729",15891,"FJ24-FJ25::chr14:19415282-19420102",2853,2855,0.873,63,55,"B","G","+",59,51,"-",4,4,"GACGA","TS54","-dTAG","RepR2","S22","Xist","MSR","other"
"730",15892,"FJ24-FJ25::chr14:19415282-19420102",2929,2931,0.474,156,74,"B","G","+",155,73,"-",1,1,"CACGG","TS54","-dTAG","RepR2","S22","Xist","MSR","other"
"731",15893,"FJ24-FJ25::chr14:19415282-19420102",3072,3074,0.667,6,4,"B","G","+",1,0,"-",5,4,"GACGA","TS54","-dTAG","RepR2","S22","Xist","MSR","other"
"732",15894,"FJ24-FJ25::chr14:19415282-19420102",3087,3089,0.5,6,3,"B","G","+",1,0,"-",5,3,"GACGG","TS54","-dTAG","RepR2","S22","Xist","MSR","other"
"733",15895,"FJ24-FJ25::chr14:19415282-19420102",3103,3105,1,3,3,"B","G","+",1,1,"-",2,2,"AACGT","TS54","-dTAG","RepR2","S22","Xist","MSR","other"
"734",15896,"FJ24-FJ25::chr14:19415282-19420102",3163,3165,0.714,7,5,"B","G","+",4,2,"-",3,3,"CACGA","TS54","-dTAG","RepR2","S22","Xist","MSR","other"
"735",15897,"FJ24-FJ25::chr14:19415282-19420102",3190,3192,1,3,3,"B","G","+",2,2,"-",1,1,"GACGT","TS54","-dTAG","RepR2","S22","Xist","MSR","other"
"736",15898,"FJ24-FJ25::chr14:19415282-19420102",3305,3307,0.68,25,17,"B","G","+",23,15,"-",2,2,"GACGA","TS54","-dTAG","RepR2","S22","Xist","MSR","other"
"737",15899,"FJ24-FJ25::chr14:19415282-19420102",3320,3322,0.917,24,22,"B","G","+",21,19,"-",3,3,"GACGA","TS54","-dTAG","RepR2","S22","Xist","MSR","other"
"738",15900,"FJ24-FJ25::chr14:19415282-19420102",3336,3338,0.542,24,13,"B","G","+",21,11,"-",3,2,"AACGT","TS54","-dTAG","RepR2","S22","Xist","MSR","other"
"739",15901,"FJ24-FJ25::chr14:19415282-19420102",3386,3388,0.333,3,1,"B","G","+",2,1,"-",1,0,"AACGG","TS54","-dTAG","RepR2","S22","Xist","MSR","other"
"740",15902,"FJ24-FJ25::chr14:19415282-19420102",3396,3398,0.88,25,22,"B","G","+",24,21,"-",1,1,"CACGG","TS54","-dTAG","RepR2","S22","Xist","MSR","other"
"741",15903,"FJ24-FJ25::chr14:19415282-19420102",3416,3418,0.714,7,5,"+","G","+",7,5,"-",0,0,"CACGT","TS54","-dTAG","RepR2","S22","Xist","MSR","other"
"742",15904,"FJ24-FJ25::chr14:19415282-19420102",3495,3497,0.857,21,18,"B","G","+",12,11,"-",9,7,"GGCGA","TS54","-dTAG","RepR2","S22","Xist","MSR","other"
"743",15905,"FJ24-FJ25::chr14:19415282-19420102",3513,3515,0.8,25,20,"B","G","+",16,14,"-",9,6,"CACGG","TS54","-dTAG","RepR2","S22","Xist","MSR","other"
"744",15906,"FJ24-FJ25::chr14:19415282-19420102",3541,3543,0.75,8,6,"B","G","+",3,2,"-",5,4,"GACGT","TS54","-dTAG","RepR2","S22","Xist","MSR","other"
"745",15907,"FJ24-FJ25::chr14:19415282-19420102",3553,3555,0.75,8,6,"B","G","+",4,3,"-",4,3,"GGCGA","TS54","-dTAG","RepR2","S22","Xist","MSR","other"
"746",15908,"FJ24-FJ25::chr14:19415282-19420102",3656,3658,0.5,6,3,"+","G","+",6,3,"-",0,0,"GACGA","TS54","-dTAG","RepR2","S22","Xist","MSR","other"
"747",15909,"FJ24-FJ25::chr14:19415282-19420102",3671,3673,0.8,5,4,"+","G","+",5,4,"-",0,0,"GACGA","TS54","-dTAG","RepR2","S22","Xist","MSR","other"
"748",15910,"FJ24-FJ25::chr14:19415282-19420102",3687,3689,0.5,6,3,"+","G","+",6,3,"-",0,0,"AACGT","TS54","-dTAG","RepR2","S22","Xist","MSR","other"
"749",15911,"FJ24-FJ25::chr14:19415282-19420102",3729,3731,1,2,2,"+","G","+",2,2,"-",0,0,"GGCGA","TS54","-dTAG","RepR2","S22","Xist","MSR","other"
"750",15912,"FJ24-FJ25::chr14:19415282-19420102",3905,3907,0.857,7,6,"+","G","+",7,6,"-",0,0,"GACGA","TS54","-dTAG","RepR2","S22","Xist","MSR","other"
"751",15913,"FJ24-FJ25::chr14:19415282-19420102",3921,3923,0.727,11,8,"+","G","+",11,8,"-",0,0,"AACGT","TS54","-dTAG","RepR2","S22","Xist","MSR","other"
"752",15914,"FJ24-FJ25::chr14:19415282-19420102",3963,3965,0.889,9,8,"+","G","+",9,8,"-",0,0,"GGCGA","TS54","-dTAG","RepR2","S22","Xist","MSR","other"
"753",15915,"FJ24-FJ25::chr14:19415282-19420102",3981,3983,0.583,12,7,"+","G","+",12,7,"-",0,0,"CACGG","TS54","-dTAG","RepR2","S22","Xist","MSR","other"
"754",15916,"FJ24-FJ25::chr14:19415282-19420102",4021,4023,1,1,1,"-","G","+",0,0,"-",1,1,"GCGAG","TS54","-dTAG","RepR2","S22","Xist","MSR","other"
"755",15917,"FJ24-FJ25::chr14:19415282-19420102",4124,4126,0.667,6,4,"+","G","+",6,4,"-",0,0,"GACGA","TS54","-dTAG","RepR2","S22","Xist","MSR","other"
"756",15918,"FJ24-FJ25::chr14:19415282-19420102",4155,4157,0.2,5,1,"+","G","+",5,1,"-",0,0,"AACGT","TS54","-dTAG","RepR2","S22","Xist","MSR","other"
"757",15919,"FJ24-FJ25::chr14:19415282-19420102",4166,4168,0,1,0,"+","G","+",1,0,"-",0,0,"TGCGA","TS54","-dTAG","RepR2","S22","Xist","MSR","other"
"758",15920,"FJ24-FJ25::chr14:19415282-19420102",4235,4237,1,1,1,"+","G","+",1,1,"-",0,0,"CTCGT","TS54","-dTAG","RepR2","S22","Xist","MSR","other"
"759",15921,"FJ24-FJ25::chr14:19415282-19420102",4272,4274,0,2,0,"-","G","+",0,0,"-",2,0,"ACGTG","TS54","-dTAG","RepR2","S22","Xist","MSR","other"
"760",15922,"FJ24-FJ25::chr14:19415282-19420102",4332,4334,0.667,6,4,"B","G","+",3,1,"-",3,3,"CACGA","TS54","-dTAG","RepR2","S22","Xist","MSR","other"
"761",15923,"FJ24-FJ25::chr2:98663241-98664491",474,476,0.882,17,15,"B","G","+",2,2,"-",15,13,"TCCGT","TS54","-dTAG","RepR2","S22","Xist","MSR","other"
"762",15924,"FJ24-FJ25::chr2:98663241-98664491",533,535,0.542,24,13,"B","G","+",2,0,"-",22,13,"CACGT","TS54","-dTAG","RepR2","S22","Xist","MSR","other"
"763",15925,"FJ24-FJ25::chr2:98663241-98664491",665,667,0.455,11,5,"B","G","+",9,5,"-",2,0,"CTCGT","TS54","-dTAG","RepR2","S22","Xist","MSR","other"
"764",15926,"FJ24-FJ25::chr2:98663241-98664491",705,707,0.667,15,10,"B","G","+",6,4,"-",9,6,"TCCGT","TS54","-dTAG","RepR2","S22","Xist","MSR","other"
"765",15927,"FJ24-FJ25::chr2:98663241-98664491",723,725,0.875,8,7,"B","G","+",2,2,"-",6,5,"CTCGC","TS54","-dTAG","RepR2","S22","Xist","MSR","other"
"766",15928,"FJ24-FJ25::chr2:98663241-98664491",796,798,0.75,8,6,"-","G","+",0,0,"-",8,6,"TCGTC","TS54","-dTAG","RepR2","S22","Xist","MSR","other"
"767",15929,"FJ24-FJ25::chr2:98666144-98667732",117,119,1,9,9,"B","G","+",6,6,"-",3,3,"GCCGG","TS54","-dTAG","RepR2","S22","Xist","MSR","other"
"768",15930,"FJ24-FJ25::chr2:98666144-98667732",127,129,0.538,13,7,"B","G","+",10,6,"-",3,1,"AACGA","TS54","-dTAG","RepR2","S22","Xist","MSR","other"
"769",15931,"FJ24-FJ25::chr2:98666144-98667732",239,241,0.8,5,4,"B","G","+",4,3,"-",1,1,"CCCGT","TS54","-dTAG","RepR2","S22","Xist","MSR","other"
"770",15932,"FJ24-FJ25::chr2:98666144-98667732",248,250,0.556,9,5,"B","G","+",8,5,"-",1,0,"AACGA","TS54","-dTAG","RepR2","S22","Xist","MSR","other"
"771",15933,"FJ24-FJ25::chr2:98666144-98667732",358,360,0.6,5,3,"+","G","+",5,3,"-",0,0,"GCCGG","TS54","-dTAG","RepR2","S22","Xist","MSR","other"
"772",15934,"FJ24-FJ25::chr2:98666144-98667732",368,370,0.167,6,1,"+","G","+",6,1,"-",0,0,"AACGT","TS54","-dTAG","RepR2","S22","Xist","MSR","other"
"773",15935,"FJ24-FJ25::chr2:98666144-98667732",446,448,0.749,541,405,"B","G","+",369,283,"-",172,122,"GACGA","TS54","-dTAG","RepR2","S22","Xist","MSR","other"
"774",15936,"FJ24-FJ25::chr2:98666144-98667732",461,463,0.873,545,476,"B","G","+",383,337,"-",162,139,"GACGA","TS54","-dTAG","RepR2","S22","Xist","MSR","other"
"775",15937,"FJ24-FJ25::chr2:98666144-98667732",477,479,0.74,549,406,"B","G","+",410,312,"-",139,94,"TACGT","TS54","-dTAG","RepR2","S22","Xist","MSR","other"
"776",15938,"FJ24-FJ25::chr2:98666144-98667732",537,539,0.815,439,358,"B","G","+",400,324,"-",39,34,"CACGG","TS54","-dTAG","RepR2","S22","Xist","MSR","other"
"777",15939,"FJ24-FJ25::chr2:98666144-98667732",565,567,0.782,133,104,"B","G","+",115,88,"-",18,16,"GACGT","TS54","-dTAG","RepR2","S22","Xist","MSR","other"
"778",15940,"FJ24-FJ25::chr2:98666144-98667732",577,579,0.771,140,108,"B","G","+",127,96,"-",13,12,"GGCGA","TS54","-dTAG","RepR2","S22","Xist","MSR","other"
"779",15941,"FJ24-FJ25::chr2:98666144-98667732",625,627,0.84,33479,28138,"B","G","+",33472,28131,"-",7,7,"GACGT","TS54","-dTAG","RepR2","S22","Xist","MSR","other"
"780",15942,"FJ24-FJ25::chr2:98666144-98667732",680,682,0.725,34171,24763,"B","G","+",34143,24750,"-",28,13,"GACGA","TS54","-dTAG","RepR2","S22","Xist","MSR","other"
"781",15943,"FJ24-FJ25::chr2:98666144-98667732",695,697,0.815,33198,27043,"B","G","+",33173,27026,"-",25,17,"GACGA","TS54","-dTAG","RepR2","S22","Xist","MSR","other"
"782",15944,"FJ24-FJ25::chr2:98666144-98667732",711,713,0.561,32128,18010,"B","G","+",32104,17995,"-",24,15,"AACGT","TS54","-dTAG","RepR2","S22","Xist","MSR","other"
"783",15945,"FJ24-FJ25::chr2:98666144-98667732",753,755,0.845,5071,4284,"B","G","+",5039,4258,"-",32,26,"GGCGA","TS54","-dTAG","RepR2","S22","Xist","MSR","other"
"784",15946,"FJ24-FJ25::chr2:98666144-98667732",771,773,0.81,4931,3993,"B","G","+",4833,3918,"-",98,75,"CACGG","TS54","-dTAG","RepR2","S22","Xist","MSR","other"
"785",15947,"FJ24-FJ25::chr2:98666144-98667732",799,801,0.835,236,197,"B","G","+",101,84,"-",135,113,"GACGT","TS54","-dTAG","RepR2","S22","Xist","MSR","other"
"786",15948,"FJ24-FJ25::chr2:98666144-98667732",811,813,0.837,227,190,"B","G","+",85,70,"-",142,120,"GGCGA","TS54","-dTAG","RepR2","S22","Xist","MSR","other"
"787",15949,"FJ24-FJ25::chr2:98666144-98667732",859,861,0.905,126,114,"B","G","+",47,40,"-",79,74,"GACGT","TS54","-dTAG","RepR2","S22","Xist","MSR","other"
"788",15950,"FJ24-FJ25::chr2:98666144-98667732",946,948,0.815,29203,23795,"B","G","+",29096,23710,"-",107,85,"GACGA","TS54","-dTAG","RepR2","S22","Xist","MSR","other"
"789",15951,"FJ24-FJ25::chr2:98666144-98667732",962,964,0.549,29330,16108,"B","G","+",29158,16022,"-",172,86,"AACGT","TS54","-dTAG","RepR2","S22","Xist","MSR","other"
"790",15952,"FJ24-FJ25::chr2:98666144-98667732",1004,1006,0.84,29664,24912,"B","G","+",29438,24708,"-",226,204,"GGCGA","TS54","-dTAG","RepR2","S22","Xist","MSR","other"
"791",15953,"FJ24-FJ25::chr2:98666144-98667732",1022,1024,0.821,30510,25056,"B","G","+",30322,24904,"-",188,152,"CACGG","TS54","-dTAG","RepR2","S22","Xist","MSR","other"
"792",15954,"FJ24-FJ25::chr2:98666144-98667732",1050,1052,0.815,368,300,"B","G","+",253,200,"-",115,100,"GACGT","TS54","-dTAG","RepR2","S22","Xist","MSR","other"
"793",15955,"FJ24-FJ25::chr2:98666144-98667732",1062,1064,0.79,352,278,"B","G","+",265,203,"-",87,75,"GGCGA","TS54","-dTAG","RepR2","S22","Xist","MSR","other"
"794",15956,"FJ24-FJ25::chr2:98666144-98667732",1110,1112,0.835,405,338,"B","G","+",345,286,"-",60,52,"GACGT","TS54","-dTAG","RepR2","S22","Xist","MSR","other"
"795",15957,"FJ24-FJ25::chr2:98666144-98667732",1165,1167,0.644,59,38,"B","G","+",45,29,"-",14,9,"GACGA","TS54","-dTAG","RepR2","S22","Xist","MSR","other"
"796",15958,"FJ24-FJ25::chr2:98666144-98667732",1180,1182,0.867,15,13,"B","G","+",10,9,"-",5,4,"GACGA","TS54","-dTAG","RepR2","S22","Xist","MSR","other"
"797",15959,"FJ24-FJ25::chr4:3089104-3091584",1104,1106,1,1,1,"+","G","+",1,1,"-",0,0,"GACGT","TS54","-dTAG","RepR2","S22","Xist","MSR","other"
"798",15960,"FJ24-FJ25::chr4:3089104-3091584",1116,1118,0,1,0,"+","G","+",1,0,"-",0,0,"GGCGA","TS54","-dTAG","RepR2","S22","Xist","MSR","other"
"799",15961,"FJ24-FJ25::chr4:3089104-3091584",2375,2377,0.5,2,1,"-","G","+",0,0,"-",2,1,"TCGAG","TS54","-dTAG","RepR2","S22","Xist","MSR","other"
"800",15962,"FJ24-FJ25::chr9:2999602-3038819",428,430,1,4,4,"-","G","+",0,0,"-",4,4,"ACGTT","TS54","-dTAG","RepR2","S22","Xist","MSR","other"
"801",15963,"FJ24-FJ25::chr9:2999602-3038819",444,446,0.5,4,2,"B","G","+",1,1,"-",3,1,"TTCGT","TS54","-dTAG","RepR2","S22","Xist","MSR","other"
"802",15964,"FJ24-FJ25::chr9:2999602-3038819",604,606,1,6,6,"B","G","+",2,2,"-",4,4,"CACGT","TS54","-dTAG","RepR2","S22","Xist","MSR","other"
"803",15965,"FJ24-FJ25::chr9:2999602-3038819",620,622,1,6,6,"B","G","+",3,3,"-",3,3,"TTCGT","TS54","-dTAG","RepR2","S22","Xist","MSR","other"
"804",15966,"FJ24-FJ25::chr9:2999602-3038819",738,740,0.703,37,26,"B","G","+",10,6,"-",27,20,"CTCGC","TS54","-dTAG","RepR2","S22","Xist","MSR","other"
"805",15967,"FJ24-FJ25::chr9:2999602-3038819",750,752,0.806,36,29,"B","G","+",8,8,"-",28,21,"CACGT","TS54","-dTAG","RepR2","S22","Xist","MSR","other"
"806",15968,"FJ24-FJ25::chr9:2999602-3038819",778,780,0.806,504,406,"B","G","+",10,8,"-",494,398,"TCCGT","TS54","-dTAG","RepR2","S22","Xist","MSR","other"
"807",15969,"FJ24-FJ25::chr9:2999602-3038819",796,798,0.818,466,381,"B","G","+",4,2,"-",462,379,"CTCGA","TS54","-dTAG","RepR2","S22","Xist","MSR","other"
"808",15970,"FJ24-FJ25::chr9:2999602-3038819",838,840,0.571,471,269,"B","G","+",9,9,"-",462,260,"CACGT","TS54","-dTAG","RepR2","S22","Xist","MSR","other"
"809",15971,"FJ24-FJ25::chr9:2999602-3038819",854,856,0.814,479,390,"B","G","+",16,15,"-",463,375,"TTCGT","TS54","-dTAG","RepR2","S22","Xist","MSR","other"
"810",15972,"FJ24-FJ25::chr9:2999602-3038819",866,868,0.731,160,117,"B","G","+",7,0,"-",153,117,"CACGT","TS54","-dTAG","RepR2","S22","Xist","MSR","other"
"811",15973,"FJ24-FJ25::chr9:2999602-3038819",869,871,0.667,444,296,"B","G","+",12,12,"-",432,284,"GTCGT","TS54","-dTAG","RepR2","S22","Xist","MSR","other"
"812",15974,"FJ24-FJ25::chr9:2999602-3038819",972,974,0.755,139,105,"B","G","+",20,12,"-",119,93,"CTCGC","TS54","-dTAG","RepR2","S22","Xist","MSR","other"
"813",15975,"FJ24-FJ25::chr9:2999602-3038819",984,986,0.784,139,109,"B","G","+",23,18,"-",116,91,"CACGT","TS54","-dTAG","RepR2","S22","Xist","MSR","other"
"814",15976,"FJ24-FJ25::chr9:2999602-3038819",1012,1014,0.865,37,32,"B","G","+",16,14,"-",21,18,"TCCGT","TS54","-dTAG","RepR2","S22","Xist","MSR","other"
"815",15977,"FJ24-FJ25::chr9:2999602-3038819",1030,1032,0.875,8,7,"B","G","+",1,1,"-",7,6,"CTCGA","TS54","-dTAG","RepR2","S22","Xist","MSR","other"
"816",15978,"FJ24-FJ25::chr9:2999602-3038819",1072,1074,0.545,11,6,"-","G","+",0,0,"-",11,6,"ACGTT","TS54","-dTAG","RepR2","S22","Xist","MSR","other"
"817",15979,"FJ24-FJ25::chr9:2999602-3038819",1103,1105,0.833,12,10,"-","G","+",0,0,"-",12,10,"TCGTC","TS54","-dTAG","RepR2","S22","Xist","MSR","other"
"818",15980,"FJ24-FJ25::chr9:2999602-3038819",1158,1160,1,9,9,"B","G","+",1,1,"-",8,8,"CACGT","TS54","-dTAG","RepR2","S22","Xist","MSR","other"
"819",15981,"FJ24-FJ25::chr9:2999602-3038819",1248,1250,0.6,30,18,"B","G","+",1,0,"-",29,18,"CACGT","TS54","-dTAG","RepR2","S22","Xist","MSR","other"
"820",15982,"FJ24-FJ25::chr9:2999602-3038819",1264,1266,0.833,30,25,"B","G","+",1,1,"-",29,24,"TTCGT","TS54","-dTAG","RepR2","S22","Xist","MSR","other"
"821",15983,"FJ24-FJ25::chr9:2999602-3038819",1382,1384,0.789,71,56,"B","G","+",10,8,"-",61,48,"CTCGC","TS54","-dTAG","RepR2","S22","Xist","MSR","other"
"822",15984,"FJ24-FJ25::chr9:2999602-3038819",1394,1396,0.828,64,53,"B","G","+",10,10,"-",54,43,"CACGT","TS54","-dTAG","RepR2","S22","Xist","MSR","other"
"823",15985,"FJ24-FJ25::chr9:2999602-3038819",1422,1424,0.775,40,31,"B","G","+",8,7,"-",32,24,"TCCGT","TS54","-dTAG","RepR2","S22","Xist","MSR","other"
"824",15986,"FJ24-FJ25::chr9:2999602-3038819",1440,1442,0.737,19,14,"B","G","+",2,0,"-",17,14,"ATCGC","TS54","-dTAG","RepR2","S22","Xist","MSR","other"
"825",15987,"FJ24-FJ25::chr9:2999602-3038819",1459,1461,0,33,0,"-","G","+",0,0,"-",33,0,"ACGGT","TS54","-dTAG","RepR2","S22","Xist","MSR","other"
"826",15988,"FJ24-FJ25::chr9:2999602-3038819",1482,1484,0.75,4,3,"B","G","+",1,1,"-",3,2,"CACGT","TS54","-dTAG","RepR2","S22","Xist","MSR","other"
"827",15989,"FJ24-FJ25::chr9:2999602-3038819",1616,1618,0.5,10,5,"B","G","+",1,1,"-",9,4,"CTCGC","TS54","-dTAG","RepR2","S22","Xist","MSR","other"
"828",15990,"FJ24-FJ25::chr9:2999602-3038819",1674,1676,0.744,176,131,"-","G","+",0,0,"-",176,131,"TCGCC","TS54","-dTAG","RepR2","S22","Xist","MSR","other"
"829",15991,"FJ24-FJ25::chr9:2999602-3038819",1716,1718,0.566,258,146,"B","G","+",3,0,"-",255,146,"CACGT","TS54","-dTAG","RepR2","S22","Xist","MSR","other"
"830",15992,"FJ24-FJ25::chr9:2999602-3038819",1732,1734,0.816,293,239,"B","G","+",4,2,"-",289,237,"TTCGT","TS54","-dTAG","RepR2","S22","Xist","MSR","other"
"831",15993,"FJ24-FJ25::chr9:2999602-3038819",1850,1852,0.783,60,47,"B","G","+",6,5,"-",54,42,"CTCGC","TS54","-dTAG","RepR2","S22","Xist","MSR","other"
"832",15994,"FJ24-FJ25::chr9:2999602-3038819",1862,1864,0.811,53,43,"B","G","+",6,6,"-",47,37,"CACGT","TS54","-dTAG","RepR2","S22","Xist","MSR","other"
"833",15995,"FJ24-FJ25::chr9:2999602-3038819",1890,1892,0.839,31,26,"B","G","+",8,7,"-",23,19,"TCCGT","TS54","-dTAG","RepR2","S22","Xist","MSR","other"
"834",15996,"FJ24-FJ25::chr9:2999602-3038819",1908,1910,0.789,19,15,"B","G","+",4,3,"-",15,12,"CTCGC","TS54","-dTAG","RepR2","S22","Xist","MSR","other"
"835",15997,"FJ24-FJ25::chr9:2999602-3038819",1949,1951,1,2,2,"-","G","+",0,0,"-",2,2,"ACGTT","TS54","-dTAG","RepR2","S22","Xist","MSR","other"
"836",15998,"FJ24-FJ25::chr9:2999602-3038819",2083,2085,1,4,4,"-","G","+",0,0,"-",4,4,"TCGCC","TS54","-dTAG","RepR2","S22","Xist","MSR","other"
"837",15999,"FJ24-FJ25::chr9:2999602-3038819",2095,2097,1,4,4,"-","G","+",0,0,"-",4,4,"ACGTC","TS54","-dTAG","RepR2","S22","Xist","MSR","other"
"838",16000,"FJ24-FJ25::chr9:2999602-3038819",2123,2125,0.75,24,18,"-","G","+",0,0,"-",24,18,"CCGTG","TS54","-dTAG","RepR2","S22","Xist","MSR","other"
"839",16001,"FJ24-FJ25::chr9:2999602-3038819",2141,2143,0.708,24,17,"-","G","+",0,0,"-",24,17,"TCGCC","TS54","-dTAG","RepR2","S22","Xist","MSR","other"
"840",16002,"FJ24-FJ25::chr9:2999602-3038819",2183,2185,0.417,24,10,"B","G","+",8,3,"-",16,7,"CACGT","TS54","-dTAG","RepR2","S22","Xist","MSR","other"
"841",16003,"FJ24-FJ25::chr9:2999602-3038819",2199,2201,0.75,32,24,"B","G","+",8,5,"-",24,19,"TTCGT","TS54","-dTAG","RepR2","S22","Xist","MSR","other"
"842",16004,"FJ24-FJ25::chr9:2999602-3038819",2357,2359,0.75,12,9,"B","G","+",2,1,"-",10,8,"TCCGT","TS54","-dTAG","RepR2","S22","Xist","MSR","other"
"843",16005,"FJ24-FJ25::chr9:2999602-3038819",2375,2377,0.818,11,9,"B","G","+",1,1,"-",10,8,"CTCGC","TS54","-dTAG","RepR2","S22","Xist","MSR","other"
"844",16006,"FJ24-FJ25::chr9:2999602-3038819",2433,2435,0.707,41,29,"B","G","+",1,0,"-",40,29,"TTCGT","TS54","-dTAG","RepR2","S22","Xist","MSR","other"
"845",16007,"FJ24-FJ25::chr9:2999602-3038819",2448,2450,0.758,62,47,"B","G","+",6,6,"-",56,41,"GTCGT","TS54","-dTAG","RepR2","S22","Xist","MSR","other"
"846",16008,"FJ24-FJ25::chr9:2999602-3038819",2551,2553,0.933,15,14,"B","G","+",1,1,"-",14,13,"CTCGC","TS54","-dTAG","RepR2","S22","Xist","MSR","other"
"847",16009,"FJ24-FJ25::chr9:2999602-3038819",2609,2611,0.864,44,38,"B","G","+",3,3,"-",41,35,"CTCGC","TS54","-dTAG","RepR2","S22","Xist","MSR","other"
"848",16010,"FJ24-FJ25::chr9:2999602-3038819",2651,2653,0.558,43,24,"B","G","+",5,2,"-",38,22,"CACGT","TS54","-dTAG","RepR2","S22","Xist","MSR","other"
"849",16011,"FJ24-FJ25::chr9:2999602-3038819",2667,2669,0.725,51,37,"B","G","+",6,1,"-",45,36,"TTCGT","TS54","-dTAG","RepR2","S22","Xist","MSR","other"
"850",16012,"FJ24-FJ25::chr9:2999602-3038819",2825,2827,0.375,8,3,"-","G","+",0,0,"-",8,3,"CCGTG","TS54","-dTAG","RepR2","S22","Xist","MSR","other"
"851",16013,"FJ24-FJ25::chr9:2999602-3038819",2885,2887,0.5,2,1,"-","G","+",0,0,"-",2,1,"ACGTT","TS54","-dTAG","RepR2","S22","Xist","MSR","other"
"852",16014,"FJ24-FJ25::chr9:2999602-3038819",3001,3003,0.5,2,1,"-","G","+",0,0,"-",2,1,"ACGTT","TS54","-dTAG","RepR2","S22","Xist","MSR","other"
"853",16015,"FJ24-FJ25::chr9:2999602-3038819",3135,3137,0.75,4,3,"+","G","+",4,3,"-",0,0,"CTCGC","TS54","-dTAG","RepR2","S22","Xist","MSR","other"
"854",16016,"FJ24-FJ25::chr9:2999602-3038819",3147,3149,1,4,4,"+","G","+",4,4,"-",0,0,"CACGT","TS54","-dTAG","RepR2","S22","Xist","MSR","other"
"855",16017,"FJ24-FJ25::chr9:2999602-3038819",3175,3177,0.75,8,6,"B","G","+",3,3,"-",5,3,"TCCGT","TS54","-dTAG","RepR2","S22","Xist","MSR","other"
"856",16018,"FJ24-FJ25::chr9:2999602-3038819",3193,3195,0.7,10,7,"B","G","+",3,3,"-",7,4,"CTCGC","TS54","-dTAG","RepR2","S22","Xist","MSR","other"
"857",16019,"FJ24-FJ25::chr9:2999602-3038819",3234,3236,0.5,2,1,"-","G","+",0,0,"-",2,1,"ACGTT","TS54","-dTAG","RepR2","S22","Xist","MSR","other"
"858",16020,"FJ24-FJ25::chr9:2999602-3038819",3408,3410,0.75,8,6,"B","G","+",1,1,"-",7,5,"TCCGT","TS54","-dTAG","RepR2","S22","Xist","MSR","other"
"859",16021,"FJ24-FJ25::chr9:2999602-3038819",3426,3428,0.778,9,7,"B","G","+",2,2,"-",7,5,"CTCGC","TS54","-dTAG","RepR2","S22","Xist","MSR","other"
"860",16022,"FJ24-FJ25::chr9:2999602-3038819",3468,3470,0.667,12,8,"B","G","+",5,4,"-",7,4,"CACGT","TS54","-dTAG","RepR2","S22","Xist","MSR","other"
"861",16023,"FJ24-FJ25::chr9:2999602-3038819",3484,3486,0.667,12,8,"B","G","+",4,3,"-",8,5,"TTCGT","TS54","-dTAG","RepR2","S22","Xist","MSR","other"
"862",16024,"FJ24-FJ25::chr9:2999602-3038819",3642,3644,0.95,20,19,"B","G","+",3,2,"-",17,17,"TCCGT","TS54","-dTAG","RepR2","S22","Xist","MSR","other"
"863",16025,"FJ24-FJ25::chr9:2999602-3038819",3660,3662,0.833,18,15,"B","G","+",2,2,"-",16,13,"CTCGC","TS54","-dTAG","RepR2","S22","Xist","MSR","other"
"864",16026,"FJ24-FJ25::chr9:2999602-3038819",3718,3720,0.75,24,18,"-","G","+",0,0,"-",24,18,"TCGTC","TS54","-dTAG","RepR2","S22","Xist","MSR","other"
"865",16027,"FJ24-FJ25::chr9:2999602-3038819",3733,3735,0.667,30,20,"B","G","+",2,1,"-",28,19,"GTCGT","TS54","-dTAG","RepR2","S22","Xist","MSR","other"
"866",16028,"FJ24-FJ25::chr9:2999602-3038819",3836,3838,0.842,19,16,"B","G","+",3,1,"-",16,15,"CTCGC","TS54","-dTAG","RepR2","S22","Xist","MSR","other"
"867",16029,"FJ24-FJ25::chr9:2999602-3038819",3894,3896,0.863,226,195,"B","G","+",1,0,"-",225,195,"CTCGC","TS54","-dTAG","RepR2","S22","Xist","MSR","other"
"868",16030,"FJ24-FJ25::chr9:2999602-3038819",3936,3938,0.474,232,110,"B","G","+",2,0,"-",230,110,"CACGT","TS54","-dTAG","RepR2","S22","Xist","MSR","other"
"869",16031,"FJ24-FJ25::chr9:2999602-3038819",4128,4130,0.786,14,11,"B","G","+",2,1,"-",12,10,"CTCGC","TS54","-dTAG","RepR2","S22","Xist","MSR","other"
"870",16032,"FJ24-FJ25::chr9:2999602-3038819",4187,4189,1,3,3,"-","G","+",0,0,"-",3,3,"TCGTC","TS54","-dTAG","RepR2","S22","Xist","MSR","other"
"871",16033,"FJ24-FJ25::chr9:2999602-3038819",4303,4305,0.933,15,14,"-","G","+",0,0,"-",15,14,"TCGCC","TS54","-dTAG","RepR2","S22","Xist","MSR","other"
"872",16034,"FJ24-FJ25::chr9:2999602-3038819",4346,4348,0.5,4,2,"-","G","+",0,0,"-",4,2,"ACGTT","TS54","-dTAG","RepR2","S22","Xist","MSR","other"
"873",16035,"FJ24-FJ25::chr9:2999602-3038819",4362,4364,0.833,6,5,"-","G","+",0,0,"-",6,5,"TCGTC","TS54","-dTAG","RepR2","S22","Xist","MSR","other"
"874",16036,"FJ24-FJ25::chr9:2999602-3038819",4374,4376,0,1,0,"-","G","+",0,0,"-",1,0,"ACGTT","TS54","-dTAG","RepR2","S22","Xist","MSR","other"
"875",16037,"FJ24-FJ25::chr9:2999602-3038819",4480,4482,0.467,15,7,"-","G","+",0,0,"-",15,7,"TCGCC","TS54","-dTAG","RepR2","S22","Xist","MSR","other"
"876",16038,"FJ24-FJ25::chr9:2999602-3038819",4520,4522,0.734,1806,1326,"B","G","+",2,0,"-",1804,1326,"TCCGT","TS54","-dTAG","RepR2","S22","Xist","MSR","other"
"877",16039,"FJ24-FJ25::chr9:2999602-3038819",4580,4582,0.554,1562,866,"B","G","+",44,19,"-",1518,847,"CACGT","TS54","-dTAG","RepR2","S22","Xist","MSR","other"
"878",16040,"FJ24-FJ25::chr9:2999602-3038819",4596,4598,0.837,1376,1152,"B","G","+",46,34,"-",1330,1118,"TTCGT","TS54","-dTAG","RepR2","S22","Xist","MSR","other"
"879",16041,"FJ24-FJ25::chr9:2999602-3038819",4611,4613,0.717,1613,1156,"B","G","+",49,44,"-",1564,1112,"GTCGT","TS54","-dTAG","RepR2","S22","Xist","MSR","other"
"880",16042,"FJ24-FJ25::chr9:2999602-3038819",4654,4656,0.273,33,9,"B","G","+",11,0,"-",22,9,"CTCGC","TS54","-dTAG","RepR2","S22","Xist","MSR","other"
"881",16043,"FJ24-FJ25::chr9:2999602-3038819",4714,4716,0,3,0,"+","G","+",3,0,"-",0,0,"CTCGC","TS54","-dTAG","RepR2","S22","Xist","MSR","other"
"882",16044,"FJ24-FJ25::chr9:2999602-3038819",4716,4718,0,1,0,"+","G","+",1,0,"-",0,0,"CGCGA","TS54","-dTAG","RepR2","S22","Xist","MSR","other"
"883",16045,"FJ24-FJ25::chr9:2999602-3038819",4754,4756,0.809,47,38,"-","G","+",0,0,"-",47,38,"CCGTG","TS54","-dTAG","RepR2","S22","Xist","MSR","other"
"884",16046,"FJ24-FJ25::chr9:2999602-3038819",4814,4816,0.537,41,22,"-","G","+",0,0,"-",41,22,"ACGTT","TS54","-dTAG","RepR2","S22","Xist","MSR","other"
"885",16047,"FJ24-FJ25::chr9:2999602-3038819",4844,4846,0.676,37,25,"-","G","+",0,0,"-",37,25,"TCGTC","TS54","-dTAG","RepR2","S22","Xist","MSR","other"
"886",16048,"FJ24-FJ25::chr9:2999602-3038819",4899,4901,0.8,5,4,"B","G","+",1,1,"-",4,3,"CACGT","TS54","-dTAG","RepR2","S22","Xist","MSR","other"
"887",16049,"FJ24-FJ25::chr9:2999602-3038819",4947,4949,0.8,10,8,"B","G","+",9,7,"-",1,1,"TTCGC","TS54","-dTAG","RepR2","S22","Xist","MSR","other"
"888",16050,"FJ24-FJ25::chr9:2999602-3038819",4959,4961,0.833,12,10,"B","G","+",11,9,"-",1,1,"CACGT","TS54","-dTAG","RepR2","S22","Xist","MSR","other"
"889",16051,"FJ24-FJ25::chr9:2999602-3038819",4987,4989,0.779,145,113,"B","G","+",17,11,"-",128,102,"TCCGT","TS54","-dTAG","RepR2","S22","Xist","MSR","other"
"890",16052,"FJ24-FJ25::chr9:2999602-3038819",5005,5007,0.759,174,132,"B","G","+",19,16,"-",155,116,"CTCGC","TS54","-dTAG","RepR2","S22","Xist","MSR","other"
"891",16053,"FJ24-FJ25::chr9:2999602-3038819",5047,5049,0.573,1495,857,"B","G","+",12,6,"-",1483,851,"CACGT","TS54","-dTAG","RepR2","S22","Xist","MSR","other"
"892",16054,"FJ24-FJ25::chr9:2999602-3038819",5063,5065,0.838,1339,1122,"B","G","+",12,7,"-",1327,1115,"TTCGT","TS54","-dTAG","RepR2","S22","Xist","MSR","other"
"893",16055,"FJ24-FJ25::chr9:2999602-3038819",5078,5080,0.716,1587,1137,"B","G","+",10,4,"-",1577,1133,"GTCGT","TS54","-dTAG","RepR2","S22","Xist","MSR","other"
"894",16056,"FJ24-FJ25::chr9:2999602-3038819",5181,5183,0.667,24,16,"B","G","+",11,8,"-",13,8,"CTCGC","TS54","-dTAG","RepR2","S22","Xist","MSR","other"
"895",16057,"FJ24-FJ25::chr9:2999602-3038819",5193,5195,0.905,21,19,"B","G","+",11,11,"-",10,8,"CACGT","TS54","-dTAG","RepR2","S22","Xist","MSR","other"
"896",16058,"FJ24-FJ25::chr9:2999602-3038819",5221,5223,0.409,22,9,"B","G","+",13,1,"-",9,8,"ACCGT","TS54","-dTAG","RepR2","S22","Xist","MSR","other"
"897",16059,"FJ24-FJ25::chr9:2999602-3038819",5281,5283,1,2,2,"-","G","+",0,0,"-",2,2,"ACGTT","TS54","-dTAG","RepR2","S22","Xist","MSR","other"
"898",16060,"FJ24-FJ25::chr9:2999602-3038819",5455,5457,0,1,0,"-","G","+",0,0,"-",1,0,"TCGTG","TS54","-dTAG","RepR2","S22","Xist","MSR","other"
"899",16061,"FJ24-FJ25::chr9:2999602-3038819",5473,5475,1,3,3,"B","G","+",1,1,"-",2,2,"CTCGC","TS54","-dTAG","RepR2","S22","Xist","MSR","other"
"900",16062,"FJ24-FJ25::chr9:2999602-3038819",5515,5517,0.167,6,1,"B","G","+",4,0,"-",2,1,"CACGT","TS54","-dTAG","RepR2","S22","Xist","MSR","other"
"901",16063,"FJ24-FJ25::chr9:2999602-3038819",5924,5926,1,1,1,"-","G","+",0,0,"-",1,1,"ACGTT","TS54","-dTAG","RepR2","S22","Xist","MSR","other"
"902",16064,"FJ24-FJ25::chr9:2999602-3038819",5940,5942,1,1,1,"-","G","+",0,0,"-",1,1,"TCGTC","TS54","-dTAG","RepR2","S22","Xist","MSR","other"
"903",16065,"FJ24-FJ25::chr9:2999602-3038819",6098,6100,0.833,12,10,"-","G","+",0,0,"-",12,10,"CCGTG","TS54","-dTAG","RepR2","S22","Xist","MSR","other"
"904",16066,"FJ24-FJ25::chr9:2999602-3038819",6116,6118,0.889,9,8,"-","G","+",0,0,"-",9,8,"TCGCC","TS54","-dTAG","RepR2","S22","Xist","MSR","other"
"905",16067,"FJ24-FJ25::chr9:2999602-3038819",6158,6160,0.6,10,6,"-","G","+",0,0,"-",10,6,"ACGTT","TS54","-dTAG","RepR2","S22","Xist","MSR","other"
"906",16068,"FJ24-FJ25::chr9:2999602-3038819",6174,6176,0.8,10,8,"-","G","+",0,0,"-",10,8,"TCGTC","TS54","-dTAG","RepR2","S22","Xist","MSR","other"
"907",16069,"FJ24-FJ25::chr9:2999602-3038819",6186,6188,1,1,1,"-","G","+",0,0,"-",1,1,"ACGTC","TS54","-dTAG","RepR2","S22","Xist","MSR","other"
"908",16070,"FJ24-FJ25::chr9:2999602-3038819",6189,6191,0.9,10,9,"-","G","+",0,0,"-",10,9,"TCGTC","TS54","-dTAG","RepR2","S22","Xist","MSR","other"
"909",16071,"FJ24-FJ25::chr9:2999602-3038819",6244,6246,0.4,5,2,"-","G","+",0,0,"-",5,2,"ACGTC","TS54","-dTAG","RepR2","S22","Xist","MSR","other"
"910",16072,"FJ24-FJ25::chr9:2999602-3038819",6334,6336,0.5,2,1,"-","G","+",0,0,"-",2,1,"ACGTT","TS54","-dTAG","RepR2","S22","Xist","MSR","other"
"911",16073,"FJ24-FJ25::chr9:2999602-3038819",6350,6352,1,2,2,"-","G","+",0,0,"-",2,2,"TCGTC","TS54","-dTAG","RepR2","S22","Xist","MSR","other"
"912",16074,"FJ24-FJ25::chr9:2999602-3038819",6390,6392,0.6,5,3,"-","G","+",0,0,"-",5,3,"CCGTG","TS54","-dTAG","RepR2","S22","Xist","MSR","other"
"913",16075,"FJ24-FJ25::chr9:2999602-3038819",6434,6436,0,3,0,"-","G","+",0,0,"-",3,0,"ACGTT","TS54","-dTAG","RepR2","S22","Xist","MSR","other"
"914",16076,"FJ24-FJ25::chr9:2999602-3038819",6468,6470,0,1,0,"-","G","+",0,0,"-",1,0,"TCGCC","TS54","-dTAG","RepR2","S22","Xist","MSR","other"
"915",16077,"FJ24-FJ25::chr9:2999602-3038819",6760,6762,0.828,58,48,"-","G","+",0,0,"-",58,48,"TCGCC","TS54","-dTAG","RepR2","S22","Xist","MSR","other"
"916",16078,"FJ24-FJ25::chr9:2999602-3038819",6802,6804,0.56,50,28,"B","G","+",1,1,"-",49,27,"CACGT","TS54","-dTAG","RepR2","S22","Xist","MSR","other"
"917",16079,"FJ24-FJ25::chr9:2999602-3038819",6818,6820,0.744,43,32,"B","G","+",3,2,"-",40,30,"TTCGT","TS54","-dTAG","RepR2","S22","Xist","MSR","other"
"918",16080,"FJ24-FJ25::chr9:2999602-3038819",7051,7053,0.5,12,6,"B","G","+",1,1,"-",11,5,"TTCGT","TS54","-dTAG","RepR2","S22","Xist","MSR","other"
"919",16081,"FJ24-FJ25::chr9:2999602-3038819",7169,7171,0.744,43,32,"B","G","+",7,5,"-",36,27,"CTCGC","TS54","-dTAG","RepR2","S22","Xist","MSR","other"
"920",16082,"FJ24-FJ25::chr9:2999602-3038819",7181,7183,0.809,47,38,"B","G","+",10,8,"-",37,30,"CACGT","TS54","-dTAG","RepR2","S22","Xist","MSR","other"
"921",16083,"FJ24-FJ25::chr9:2999602-3038819",7209,7211,0.791,594,470,"B","G","+",14,11,"-",580,459,"TCCGT","TS54","-dTAG","RepR2","S22","Xist","MSR","other"
"922",16084,"FJ24-FJ25::chr9:2999602-3038819",7227,7229,0.844,584,493,"B","G","+",11,8,"-",573,485,"CTCGC","TS54","-dTAG","RepR2","S22","Xist","MSR","other"
"923",16085,"FJ24-FJ25::chr9:2999602-3038819",7269,7271,0.587,46,27,"B","G","+",10,5,"-",36,22,"CACGT","TS54","-dTAG","RepR2","S22","Xist","MSR","other"
"924",16086,"FJ24-FJ25::chr9:2999602-3038819",7285,7287,0.903,31,28,"B","G","+",5,4,"-",26,24,"TTCGT","TS54","-dTAG","RepR2","S22","Xist","MSR","other"
"925",16087,"FJ24-FJ25::chr9:2999602-3038819",7444,7446,1,1,1,"-","G","+",0,0,"-",1,1,"TCGGT","TS54","-dTAG","RepR2","S22","Xist","MSR","other"
"926",16088,"FJ24-FJ25::chr9:2999602-3038819",7463,7465,0.5,2,1,"B","G","+",1,0,"-",1,1,"CTCGC","TS54","-dTAG","RepR2","S22","Xist","MSR","other"
"927",16089,"FJ24-FJ25::chr9:2999602-3038819",7506,7508,0.5,4,2,"B","G","+",1,0,"-",3,2,"CACGT","TS54","-dTAG","RepR2","S22","Xist","MSR","other"
"928",16090,"FJ24-FJ25::chr9:2999602-3038819",7522,7524,1,6,6,"B","G","+",3,3,"-",3,3,"TTCGT","TS54","-dTAG","RepR2","S22","Xist","MSR","other"
"929",16091,"FJ24-FJ25::chr9:2999602-3038819",7537,7539,1,4,4,"B","G","+",3,3,"-",1,1,"GTCGT","TS54","-dTAG","RepR2","S22","Xist","MSR","other"
"930",16092,"FJ24-FJ25::chr9:2999602-3038819",7698,7700,0.795,73,58,"-","G","+",0,0,"-",73,58,"TCGCC","TS54","-dTAG","RepR2","S22","Xist","MSR","other"
"931",16093,"FJ24-FJ25::chr9:2999602-3038819",7759,7761,1,1,1,"-","G","+",0,0,"-",1,1,"TCGCC","TS54","-dTAG","RepR2","S22","Xist","MSR","other"
"932",16094,"FJ24-FJ25::chr9:2999602-3038819",7799,7801,0.852,27,23,"-","G","+",0,0,"-",27,23,"CCGTG","TS54","-dTAG","RepR2","S22","Xist","MSR","other"
"933",16095,"FJ24-FJ25::chr9:2999602-3038819",7817,7819,0.75,28,21,"-","G","+",0,0,"-",28,21,"TCGCC","TS54","-dTAG","RepR2","S22","Xist","MSR","other"
"934",16096,"FJ24-FJ25::chr9:2999602-3038819",7859,7861,0.538,13,7,"B","G","+",1,1,"-",12,6,"CACGT","TS54","-dTAG","RepR2","S22","Xist","MSR","other"
"935",16097,"FJ24-FJ25::chr9:2999602-3038819",7992,7994,1,5,5,"B","G","+",2,2,"-",3,3,"CTCGC","TS54","-dTAG","RepR2","S22","Xist","MSR","other"
"936",16098,"FJ24-FJ25::chr9:2999602-3038819",8004,8006,0.667,6,4,"B","G","+",3,3,"-",3,1,"CACGT","TS54","-dTAG","RepR2","S22","Xist","MSR","other"
"937",16099,"FJ24-FJ25::chr9:2999602-3038819",8032,8034,0.75,8,6,"B","G","+",3,3,"-",5,3,"TCCGT","TS54","-dTAG","RepR2","S22","Xist","MSR","other"
"938",16100,"FJ24-FJ25::chr9:2999602-3038819",8050,8052,1,7,7,"B","G","+",2,2,"-",5,5,"CTCGC","TS54","-dTAG","RepR2","S22","Xist","MSR","other"
"939",16101,"FJ24-FJ25::chr9:2999602-3038819",8091,8093,0,1,0,"-","G","+",0,0,"-",1,0,"ACGTT","TS54","-dTAG","RepR2","S22","Xist","MSR","other"
"940",16102,"FJ24-FJ25::chr9:2999602-3038819",8237,8239,1,1,1,"+","G","+",1,1,"-",0,0,"CACGT","TS54","-dTAG","RepR2","S22","Xist","MSR","other"
"941",16103,"FJ24-FJ25::chr9:2999602-3038819",8265,8267,0.8,5,4,"-","G","+",0,0,"-",5,4,"TCGTG","TS54","-dTAG","RepR2","S22","Xist","MSR","other"
"942",16104,"FJ24-FJ25::chr9:2999602-3038819",8283,8285,0.8,5,4,"-","G","+",0,0,"-",5,4,"TCGCC","TS54","-dTAG","RepR2","S22","Xist","MSR","other"
"943",16105,"FJ24-FJ25::chr9:2999602-3038819",8325,8327,0.5,16,8,"-","G","+",0,0,"-",16,8,"ACGTT","TS54","-dTAG","RepR2","S22","Xist","MSR","other"
"944",16106,"FJ24-FJ25::chr9:2999602-3038819",8517,8519,0.773,22,17,"-","G","+",0,0,"-",22,17,"TCGCC","TS54","-dTAG","RepR2","S22","Xist","MSR","other"
"945",16107,"FJ24-FJ25::chr9:2999602-3038819",8909,8911,0.794,228,181,"B","G","+",3,2,"-",225,179,"TCCGT","TS54","-dTAG","RepR2","S22","Xist","MSR","other"
"946",16108,"FJ24-FJ25::chr9:2999602-3038819",8969,8971,0.645,31,20,"B","G","+",5,3,"-",26,17,"CACGT","TS54","-dTAG","RepR2","S22","Xist","MSR","other"
"947",16109,"FJ24-FJ25::chr9:2999602-3038819",8985,8987,0.724,29,21,"B","G","+",3,3,"-",26,18,"TTCGT","TS54","-dTAG","RepR2","S22","Xist","MSR","other"
"948",16110,"FJ24-FJ25::chr9:2999602-3038819",9161,9163,1,11,11,"-","G","+",0,0,"-",11,11,"TCGCA","TS54","-dTAG","RepR2","S22","Xist","MSR","other"
"949",16111,"FJ24-FJ25::chr9:2999602-3038819",9220,9222,0.714,7,5,"-","G","+",0,0,"-",7,5,"TCGTC","TS54","-dTAG","RepR2","S22","Xist","MSR","other"
"950",16112,"FJ24-FJ25::chr9:2999602-3038819",9470,9472,0,1,0,"-","G","+",0,0,"-",1,0,"TCGTC","TS54","-dTAG","RepR2","S22","Xist","MSR","other"
"951",16113,"FJ24-FJ25::chr9:2999602-3038819",9648,9650,0.667,18,12,"B","G","+",2,2,"-",16,10,"CTCGC","TS54","-dTAG","RepR2","S22","Xist","MSR","other"
"952",16114,"FJ24-FJ25::chr9:2999602-3038819",9691,9693,0.577,26,15,"B","G","+",2,2,"-",24,13,"CACGT","TS54","-dTAG","RepR2","S22","Xist","MSR","other"
"953",16115,"FJ24-FJ25::chr9:2999602-3038819",9707,9709,0.773,44,34,"B","G","+",11,8,"-",33,26,"TTCGT","TS54","-dTAG","RepR2","S22","Xist","MSR","other"
"954",16116,"FJ24-FJ25::chr9:2999602-3038819",9722,9724,0.805,41,33,"B","G","+",6,6,"-",35,27,"GTCGT","TS54","-dTAG","RepR2","S22","Xist","MSR","other"
"955",16117,"FJ24-FJ25::chr9:2999602-3038819",9883,9885,0.776,67,52,"-","G","+",0,0,"-",67,52,"TCGCC","TS54","-dTAG","RepR2","S22","Xist","MSR","other"
"956",16118,"FJ24-FJ25::chr9:2999602-3038819",9984,9986,0.733,30,22,"B","G","+",1,1,"-",29,21,"TCCGT","TS54","-dTAG","RepR2","S22","Xist","MSR","other"
"957",16119,"FJ24-FJ25::chr9:2999602-3038819",10002,10004,0.781,32,25,"B","G","+",1,1,"-",31,24,"CTCGC","TS54","-dTAG","RepR2","S22","Xist","MSR","other"
"958",16120,"FJ24-FJ25::chr9:2999602-3038819",10044,10046,0.583,24,14,"-","G","+",0,0,"-",24,14,"ACGTT","TS54","-dTAG","RepR2","S22","Xist","MSR","other"
"959",16121,"FJ24-FJ25::chr9:2999602-3038819",10177,10179,0.5,2,1,"B","G","+",1,1,"-",1,0,"CTCGC","TS54","-dTAG","RepR2","S22","Xist","MSR","other"
"960",16122,"FJ24-FJ25::chr9:2999602-3038819",10189,10191,1,5,5,"B","G","+",3,3,"-",2,2,"CACGT","TS54","-dTAG","RepR2","S22","Xist","MSR","other"
"961",16123,"FJ24-FJ25::chr9:2999602-3038819",10217,10219,0.77,200,154,"B","G","+",2,2,"-",198,152,"TCCGT","TS54","-dTAG","RepR2","S22","Xist","MSR","other"
"962",16124,"FJ24-FJ25::chr9:2999602-3038819",10277,10279,0.5,2,1,"-","G","+",0,0,"-",2,1,"ACGTT","TS54","-dTAG","RepR2","S22","Xist","MSR","other"
"963",16125,"FJ24-FJ25::chr9:2999602-3038819",10411,10413,1,4,4,"B","G","+",3,3,"-",1,1,"CTCGC","TS54","-dTAG","RepR2","S22","Xist","MSR","other"
"964",16126,"FJ24-FJ25::chr9:2999602-3038819",10423,10425,1,3,3,"B","G","+",2,2,"-",1,1,"CACGT","TS54","-dTAG","RepR2","S22","Xist","MSR","other"
"965",16127,"FJ24-FJ25::chr9:2999602-3038819",10451,10453,0.778,9,7,"B","G","+",3,3,"-",6,4,"TCCGT","TS54","-dTAG","RepR2","S22","Xist","MSR","other"
"966",16128,"FJ24-FJ25::chr9:2999602-3038819",10469,10471,0.8,5,4,"B","G","+",1,1,"-",4,3,"CTCGC","TS54","-dTAG","RepR2","S22","Xist","MSR","other"
"967",16129,"FJ24-FJ25::chr9:2999602-3038819",10684,10686,0.625,8,5,"-","G","+",0,0,"-",8,5,"CCGTG","TS54","-dTAG","RepR2","S22","Xist","MSR","other"
"968",16130,"FJ24-FJ25::chr9:2999602-3038819",10702,10704,0.875,8,7,"-","G","+",0,0,"-",8,7,"TCGCC","TS54","-dTAG","RepR2","S22","Xist","MSR","other"
"969",16131,"FJ24-FJ25::chr9:2999602-3038819",10744,10746,0.471,17,8,"B","G","+",3,0,"-",14,8,"CACGT","TS54","-dTAG","RepR2","S22","Xist","MSR","other"
"970",16132,"FJ24-FJ25::chr9:2999602-3038819",10760,10762,0.875,24,21,"B","G","+",3,3,"-",21,18,"TTCGT","TS54","-dTAG","RepR2","S22","Xist","MSR","other"
"971",16133,"FJ24-FJ25::chr9:2999602-3038819",10878,10880,0,2,0,"+","G","+",2,0,"-",0,0,"CTCGC","TS54","-dTAG","RepR2","S22","Xist","MSR","other"
"972",16134,"FJ24-FJ25::chr9:2999602-3038819",10918,10920,0.667,3,2,"B","G","+",1,1,"-",2,1,"TCCGT","TS54","-dTAG","RepR2","S22","Xist","MSR","other"
"973",16135,"FJ24-FJ25::chr9:2999602-3038819",10994,10996,1,5,5,"-","G","+",0,0,"-",5,5,"TCGTC","TS54","-dTAG","RepR2","S22","Xist","MSR","other"
"974",16136,"FJ24-FJ25::chr9:2999602-3038819",11009,11011,0.833,6,5,"-","G","+",0,0,"-",6,5,"TCGTC","TS54","-dTAG","RepR2","S22","Xist","MSR","other"
"975",16137,"FJ24-FJ25::chr9:2999602-3038819",11110,11112,1,1,1,"-","G","+",0,0,"-",1,1,"TCGCT","TS54","-dTAG","RepR2","S22","Xist","MSR","other"
"976",16138,"FJ24-FJ25::chr9:2999602-3038819",11287,11289,0,1,0,"-","G","+",0,0,"-",1,0,"TCGCC","TS54","-dTAG","RepR2","S22","Xist","MSR","other"
"977",16139,"FJ24-FJ25::chr9:2999602-3038819",11327,11329,0.686,242,166,"-","G","+",0,0,"-",242,166,"CCGTG","TS54","-dTAG","RepR2","S22","Xist","MSR","other"
"978",16140,"FJ24-FJ25::chr9:2999602-3038819",11387,11389,0.592,49,29,"B","G","+",2,2,"-",47,27,"CACGT","TS54","-dTAG","RepR2","S22","Xist","MSR","other"
"979",16141,"FJ24-FJ25::chr9:2999602-3038819",11403,11405,0.712,52,37,"B","G","+",2,2,"-",50,35,"TTCGT","TS54","-dTAG","RepR2","S22","Xist","MSR","other"
"980",16142,"FJ24-FJ25::chr9:2999602-3038819",11579,11581,1,2,2,"-","G","+",0,0,"-",2,2,"TCGCA","TS54","-dTAG","RepR2","S22","Xist","MSR","other"
"981",16143,"FJ24-FJ25::chr9:2999602-3038819",11638,11640,1,2,2,"-","G","+",0,0,"-",2,2,"TCGTC","TS54","-dTAG","RepR2","S22","Xist","MSR","other"
"982",16144,"FJ24-FJ25::chr9:2999602-3038819",11796,11798,1,3,3,"-","G","+",0,0,"-",3,3,"ACGTT","TS54","-dTAG","RepR2","S22","Xist","MSR","other"
"983",16145,"FJ24-FJ25::chr9:2999602-3038819",11812,11814,1,3,3,"B","G","+",1,1,"-",2,2,"TTCGT","TS54","-dTAG","RepR2","S22","Xist","MSR","other"
"984",16146,"FJ24-FJ25::chr9:2999602-3038819",11824,11826,0,1,0,"+","G","+",1,0,"-",0,0,"CACGT","TS54","-dTAG","RepR2","S22","Xist","MSR","other"
"985",16147,"FJ24-FJ25::chr9:2999602-3038819",11970,11972,0.625,8,5,"-","G","+",0,0,"-",8,5,"CCGTG","TS54","-dTAG","RepR2","S22","Xist","MSR","other"
"986",16148,"FJ24-FJ25::chr9:2999602-3038819",11988,11990,0.333,6,2,"-","G","+",0,0,"-",6,2,"TCGCC","TS54","-dTAG","RepR2","S22","Xist","MSR","other"
"987",16149,"FJ24-FJ25::chr9:2999602-3038819",12030,12032,0.556,18,10,"-","G","+",0,0,"-",18,10,"ACGTT","TS54","-dTAG","RepR2","S22","Xist","MSR","other"
"988",16150,"FJ24-FJ25::chr9:2999602-3038819",12046,12048,0.722,18,13,"-","G","+",0,0,"-",18,13,"TCGTC","TS54","-dTAG","RepR2","S22","Xist","MSR","other"
"989",16151,"FJ24-FJ25::chr9:2999602-3038819",12061,12063,0.579,19,11,"-","G","+",0,0,"-",19,11,"TCGTC","TS54","-dTAG","RepR2","S22","Xist","MSR","other"
"990",16152,"FJ24-FJ25::chr9:2999602-3038819",12116,12118,0.765,17,13,"B","G","+",2,2,"-",15,11,"CACGT","TS54","-dTAG","RepR2","S22","Xist","MSR","other"
"991",16153,"FJ24-FJ25::chr9:2999602-3038819",12206,12208,0.677,31,21,"B","G","+",1,0,"-",30,21,"CACGT","TS54","-dTAG","RepR2","S22","Xist","MSR","other"
"992",16154,"FJ24-FJ25::chr9:2999602-3038819",12222,12224,0.739,23,17,"B","G","+",1,1,"-",22,16,"TTCGT","TS54","-dTAG","RepR2","S22","Xist","MSR","other"
"993",16155,"FJ24-FJ25::chr9:2999602-3038819",12262,12264,0.0294,34,1,"-","G","+",0,0,"-",34,1,"CCGTG","TS54","-dTAG","RepR2","S22","Xist","MSR","other"
"994",16156,"FJ24-FJ25::chr9:2999602-3038819",12306,12308,0,16,0,"-","G","+",0,0,"-",16,0,"ACGTT","TS54","-dTAG","RepR2","S22","Xist","MSR","other"
"995",16157,"FJ24-FJ25::chr9:2999602-3038819",12632,12634,0.732,41,30,"B","G","+",1,1,"-",40,29,"CTCGC","TS54","-dTAG","RepR2","S22","Xist","MSR","other"
"996",16158,"FJ24-FJ25::chr9:2999602-3038819",12674,12676,0.444,45,20,"B","G","+",2,0,"-",43,20,"CACGT","TS54","-dTAG","RepR2","S22","Xist","MSR","other"
"997",16159,"FJ24-FJ25::chr9:2999602-3038819",12690,12692,0.778,45,35,"B","G","+",4,3,"-",41,32,"TTCGT","TS54","-dTAG","RepR2","S22","Xist","MSR","other"
"998",16160,"FJ24-FJ25::chr9:2999602-3038819",12866,12868,1,2,2,"-","G","+",0,0,"-",2,2,"TCGAC","TS54","-dTAG","RepR2","S22","Xist","MSR","other"
"999",16161,"FJ24-FJ25::chr9:2999602-3038819",12923,12925,0.75,4,3,"B","G","+",2,1,"-",2,2,"TTCGT","TS54","-dTAG","RepR2","S22","Xist","MSR","other"
"1000",16162,"FJ24-FJ25::chr9:2999602-3038819",13101,13103,1,18,18,"B","G","+",1,1,"-",17,17,"CTCGC","TS54","-dTAG","RepR2","S22","Xist","MSR","other"
"1001",16163,"FJ24-FJ25::chr9:2999602-3038819",13144,13146,0.722,18,13,"B","G","+",2,2,"-",16,11,"CACGT","TS54","-dTAG","RepR2","S22","Xist","MSR","other"
"1002",16164,"FJ24-FJ25::chr9:2999602-3038819",13160,13162,0.808,26,21,"B","G","+",5,5,"-",21,16,"TTCGT","TS54","-dTAG","RepR2","S22","Xist","MSR","other"
"1003",16165,"FJ24-FJ25::chr9:2999602-3038819",13175,13177,0.889,27,24,"B","G","+",4,4,"-",23,20,"GTCGT","TS54","-dTAG","RepR2","S22","Xist","MSR","other"
"1004",16166,"FJ24-FJ25::chr9:2999602-3038819",13336,13338,0.897,68,61,"-","G","+",0,0,"-",68,61,"TCGCC","TS54","-dTAG","RepR2","S22","Xist","MSR","other"
"1005",16167,"FJ24-FJ25::chr9:2999602-3038819",13397,13399,1,2,2,"-","G","+",0,0,"-",2,2,"TCGCC","TS54","-dTAG","RepR2","S22","Xist","MSR","other"
"1006",16168,"FJ24-FJ25::chr9:2999602-3038819",13437,13439,0.793,29,23,"B","G","+",2,2,"-",27,21,"TCCGT","TS54","-dTAG","RepR2","S22","Xist","MSR","other"
"1007",16169,"FJ24-FJ25::chr9:2999602-3038819",13455,13457,0.815,27,22,"B","G","+",3,3,"-",24,19,"CTCGC","TS54","-dTAG","RepR2","S22","Xist","MSR","other"
"1008",16170,"FJ24-FJ25::chr9:2999602-3038819",13497,13499,0.522,23,12,"B","G","+",1,0,"-",22,12,"CACGT","TS54","-dTAG","RepR2","S22","Xist","MSR","other"
"1009",16171,"FJ24-FJ25::chr9:2999602-3038819",13630,13632,1,3,3,"B","G","+",1,1,"-",2,2,"CTCGC","TS54","-dTAG","RepR2","S22","Xist","MSR","other"
"1010",16172,"FJ24-FJ25::chr9:2999602-3038819",13642,13644,1,3,3,"B","G","+",1,1,"-",2,2,"CACGT","TS54","-dTAG","RepR2","S22","Xist","MSR","other"
"1011",16173,"FJ24-FJ25::chr9:2999602-3038819",13670,13672,0.723,231,167,"-","G","+",0,0,"-",231,167,"CCGTG","TS54","-dTAG","RepR2","S22","Xist","MSR","other"
"1012",16174,"FJ24-FJ25::chr9:2999602-3038819",13730,13732,0.6,10,6,"-","G","+",0,0,"-",10,6,"ACGTT","TS54","-dTAG","RepR2","S22","Xist","MSR","other"
"1013",16175,"FJ24-FJ25::chr9:2999602-3038819",13864,13866,1,4,4,"+","G","+",4,4,"-",0,0,"CTCGC","TS54","-dTAG","RepR2","S22","Xist","MSR","other"
"1014",16176,"FJ24-FJ25::chr9:2999602-3038819",13876,13878,0.667,3,2,"+","G","+",3,2,"-",0,0,"CACGT","TS54","-dTAG","RepR2","S22","Xist","MSR","other"
"1015",16177,"FJ24-FJ25::chr9:2999602-3038819",13904,13906,0.556,9,5,"B","G","+",3,3,"-",6,2,"TCCGT","TS54","-dTAG","RepR2","S22","Xist","MSR","other"
"1016",16178,"FJ24-FJ25::chr9:2999602-3038819",13922,13924,0.857,7,6,"B","G","+",2,2,"-",5,4,"CTCGC","TS54","-dTAG","RepR2","S22","Xist","MSR","other"
"1017",16179,"FJ24-FJ25::chr9:2999602-3038819",13963,13965,1,3,3,"-","G","+",0,0,"-",3,3,"ACGTT","TS54","-dTAG","RepR2","S22","Xist","MSR","other"
"1018",16180,"FJ24-FJ25::chr9:2999602-3038819",14109,14111,0,1,0,"+","G","+",1,0,"-",0,0,"CACGT","TS54","-dTAG","RepR2","S22","Xist","MSR","other"
"1019",16181,"FJ24-FJ25::chr9:2999602-3038819",14137,14139,0.727,33,24,"-","G","+",0,0,"-",33,24,"CCGTG","TS54","-dTAG","RepR2","S22","Xist","MSR","other"
"1020",16182,"FJ24-FJ25::chr9:2999602-3038819",14155,14157,0.868,38,33,"-","G","+",0,0,"-",38,33,"TCGCC","TS54","-dTAG","RepR2","S22","Xist","MSR","other"
"1021",16183,"FJ24-FJ25::chr9:2999602-3038819",14197,14199,0.651,43,28,"B","G","+",7,1,"-",36,27,"CACGT","TS54","-dTAG","RepR2","S22","Xist","MSR","other"
"1022",16184,"FJ24-FJ25::chr9:2999602-3038819",14213,14215,0.863,51,44,"B","G","+",9,6,"-",42,38,"TTCGT","TS54","-dTAG","RepR2","S22","Xist","MSR","other"
"1023",16185,"FJ24-FJ25::chr9:2999602-3038819",14371,14373,0.923,13,12,"B","G","+",2,2,"-",11,10,"TCCGT","TS54","-dTAG","RepR2","S22","Xist","MSR","other"
"1024",16186,"FJ24-FJ25::chr9:2999602-3038819",14389,14391,0.923,13,12,"B","G","+",2,1,"-",11,11,"CTCGC","TS54","-dTAG","RepR2","S22","Xist","MSR","other"
"1025",16187,"FJ24-FJ25::chr9:2999602-3038819",14447,14449,0.853,34,29,"-","G","+",0,0,"-",34,29,"TCGTC","TS54","-dTAG","RepR2","S22","Xist","MSR","other"
"1026",16188,"FJ24-FJ25::chr9:2999602-3038819",14462,14464,0.778,36,28,"B","G","+",2,1,"-",34,27,"GTCGT","TS54","-dTAG","RepR2","S22","Xist","MSR","other"
"1027",16189,"FJ24-FJ25::chr9:2999602-3038819",14565,14567,0.688,16,11,"B","G","+",1,1,"-",15,10,"CTCGC","TS54","-dTAG","RepR2","S22","Xist","MSR","other"
"1028",16190,"FJ24-FJ25::chr9:2999602-3038819",14623,14625,0.812,69,56,"B","G","+",3,3,"-",66,53,"CTCGC","TS54","-dTAG","RepR2","S22","Xist","MSR","other"
"1029",16191,"FJ24-FJ25::chr9:2999602-3038819",14665,14667,0.52,100,52,"B","G","+",11,1,"-",89,51,"CACGT","TS54","-dTAG","RepR2","S22","Xist","MSR","other"
"1030",16192,"FJ24-FJ25::chr9:2999602-3038819",14681,14683,0.802,106,85,"B","G","+",12,6,"-",94,79,"TTCGT","TS54","-dTAG","RepR2","S22","Xist","MSR","other"
"1031",16193,"FJ24-FJ25::chr9:2999602-3038819",14839,14841,0.357,14,5,"-","G","+",0,0,"-",14,5,"CCGTG","TS54","-dTAG","RepR2","S22","Xist","MSR","other"
"1032",16194,"FJ24-FJ25::chr9:2999602-3038819",14899,14901,0.5,2,1,"-","G","+",0,0,"-",2,1,"ACGTT","TS54","-dTAG","RepR2","S22","Xist","MSR","other"
"1033",16195,"FJ24-FJ25::chr9:2999602-3038819",15073,15075,0.667,3,2,"-","G","+",0,0,"-",3,2,"TCGTG","TS54","-dTAG","RepR2","S22","Xist","MSR","other"
"1034",16196,"FJ24-FJ25::chr9:2999602-3038819",15091,15093,0.6,5,3,"B","G","+",1,0,"-",4,3,"CTCGC","TS54","-dTAG","RepR2","S22","Xist","MSR","other"
"1035",16197,"FJ24-FJ25::chr9:2999602-3038819",15133,15135,0.5,18,9,"B","G","+",1,0,"-",17,9,"CACGT","TS54","-dTAG","RepR2","S22","Xist","MSR","other"
"1036",16198,"FJ24-FJ25::chr9:2999602-3038819",15325,15327,0.917,12,11,"-","G","+",0,0,"-",12,11,"TCGCC","TS54","-dTAG","RepR2","S22","Xist","MSR","other"
"1037",16199,"FJ24-FJ25::chr9:2999602-3038819",15384,15386,1,7,7,"-","G","+",0,0,"-",7,7,"TCGTC","TS54","-dTAG","RepR2","S22","Xist","MSR","other"
"1038",16200,"FJ24-FJ25::chr9:2999602-3038819",15500,15502,1,2,2,"-","G","+",0,0,"-",2,2,"TCGCT","TS54","-dTAG","RepR2","S22","Xist","MSR","other"
"1039",16201,"FJ24-FJ25::chr9:2999602-3038819",15677,15679,1,1,1,"+","G","+",1,1,"-",0,0,"CTCGC","TS54","-dTAG","RepR2","S22","Xist","MSR","other"
"1040",16202,"FJ24-FJ25::chr9:2999602-3038819",15777,15779,0.625,112,70,"B","G","+",27,20,"-",85,50,"CACGT","TS54","-dTAG","RepR2","S22","Xist","MSR","other"
"1041",16203,"FJ24-FJ25::chr9:2999602-3038819",15793,15795,0.876,105,92,"B","G","+",24,21,"-",81,71,"TTCGT","TS54","-dTAG","RepR2","S22","Xist","MSR","other"
"1042",16204,"FJ24-FJ25::chr9:2999602-3038819",15808,15810,0.71,124,88,"B","G","+",24,21,"-",100,67,"GTCGT","TS54","-dTAG","RepR2","S22","Xist","MSR","other"
"1043",16205,"FJ24-FJ25::chr9:2999602-3038819",15851,15853,0,10,0,"B","G","+",7,0,"-",3,0,"CTCGC","TS54","-dTAG","RepR2","S22","Xist","MSR","other"
"1044",16206,"FJ24-FJ25::chr9:2999602-3038819",15951,15953,0.75,8,6,"-","G","+",0,0,"-",8,6,"CCGTG","TS54","-dTAG","RepR2","S22","Xist","MSR","other"
"1045",16207,"FJ24-FJ25::chr9:2999602-3038819",16011,16013,0.429,7,3,"-","G","+",0,0,"-",7,3,"ACGTT","TS54","-dTAG","RepR2","S22","Xist","MSR","other"
"1046",16208,"FJ24-FJ25::chr9:2999602-3038819",16041,16043,0.571,7,4,"-","G","+",0,0,"-",7,4,"TCGTC","TS54","-dTAG","RepR2","S22","Xist","MSR","other"
"1047",16209,"FJ24-FJ25::chr9:2999602-3038819",16202,16204,0.833,6,5,"-","G","+",0,0,"-",6,5,"TCGCC","TS54","-dTAG","RepR2","S22","Xist","MSR","other"
"1048",16210,"FJ24-FJ25::chr9:2999602-3038819",16261,16263,1,1,1,"-","G","+",0,0,"-",1,1,"TCGTC","TS54","-dTAG","RepR2","S22","Xist","MSR","other"
"1049",16211,"FJ24-FJ25::chr9:2999602-3038819",16273,16275,0,1,0,"-","G","+",0,0,"-",1,0,"ACGTT","TS54","-dTAG","RepR2","S22","Xist","MSR","other"
"1050",16212,"FJ24-FJ25::chr9:2999602-3038819",16377,16379,0.82,50,41,"B","G","+",4,2,"-",46,39,"CTCGC","TS54","-dTAG","RepR2","S22","Xist","MSR","other"
"1051",16213,"FJ24-FJ25::chr9:2999602-3038819",16419,16421,0.716,67,48,"B","G","+",13,11,"-",54,37,"CACGT","TS54","-dTAG","RepR2","S22","Xist","MSR","other"
"1052",16214,"FJ24-FJ25::chr9:2999602-3038819",16435,16437,0.785,65,51,"B","G","+",10,6,"-",55,45,"TTCGT","TS54","-dTAG","RepR2","S22","Xist","MSR","other"
"1053",16215,"FJ24-FJ25::chr9:2999602-3038819",16553,16555,1,1,1,"-","G","+",0,0,"-",1,1,"TCGCC","TS54","-dTAG","RepR2","S22","Xist","MSR","other"
"1054",16216,"FJ24-FJ25::chr9:2999602-3038819",16593,16595,0.462,13,6,"-","G","+",0,0,"-",13,6,"CCGTG","TS54","-dTAG","RepR2","S22","Xist","MSR","other"
"1055",16217,"FJ24-FJ25::chr9:2999602-3038819",16653,16655,0.333,3,1,"-","G","+",0,0,"-",3,1,"ACGTT","TS54","-dTAG","RepR2","S22","Xist","MSR","other"
"1056",16218,"FJ24-FJ25::chr9:2999602-3038819",16827,16829,1,3,3,"-","G","+",0,0,"-",3,3,"TCGTG","TS54","-dTAG","RepR2","S22","Xist","MSR","other"
"1057",16219,"FJ24-FJ25::chr9:2999602-3038819",16845,16847,1,3,3,"-","G","+",0,0,"-",3,3,"TCGCC","TS54","-dTAG","RepR2","S22","Xist","MSR","other"
"1058",16220,"FJ24-FJ25::chr9:2999602-3038819",16887,16889,0.667,9,6,"-","G","+",0,0,"-",9,6,"ACGTT","TS54","-dTAG","RepR2","S22","Xist","MSR","other"
"1059",16221,"FJ24-FJ25::chr9:2999602-3038819",17079,17081,1,9,9,"-","G","+",0,0,"-",9,9,"TCGCC","TS54","-dTAG","RepR2","S22","Xist","MSR","other"
"1060",16222,"FJ24-FJ25::chr9:2999602-3038819",17138,17140,1,6,6,"-","G","+",0,0,"-",6,6,"TCGTC","TS54","-dTAG","RepR2","S22","Xist","MSR","other"
"1061",16223,"FJ24-FJ25::chr9:2999602-3038819",17254,17256,0.909,11,10,"-","G","+",0,0,"-",11,10,"TCGCT","TS54","-dTAG","RepR2","S22","Xist","MSR","other"
"1062",16224,"FJ24-FJ25::chr9:2999602-3038819",17297,17299,0.571,7,4,"-","G","+",0,0,"-",7,4,"ACGTT","TS54","-dTAG","RepR2","S22","Xist","MSR","other"
"1063",16225,"FJ24-FJ25::chr9:2999602-3038819",17313,17315,0.8,5,4,"-","G","+",0,0,"-",5,4,"TCGTC","TS54","-dTAG","RepR2","S22","Xist","MSR","other"
"1064",16226,"FJ24-FJ25::chr9:2999602-3038819",17431,17433,0.429,7,3,"-","G","+",0,0,"-",7,3,"TCGCC","TS54","-dTAG","RepR2","S22","Xist","MSR","other"
"1065",16227,"FJ24-FJ25::chr9:2999602-3038819",17471,17473,0.784,515,404,"B","G","+",1,0,"-",514,404,"TCCGT","TS54","-dTAG","RepR2","S22","Xist","MSR","other"
"1066",16228,"FJ24-FJ25::chr9:2999602-3038819",17531,17533,0.548,217,119,"B","G","+",31,15,"-",186,104,"CACGT","TS54","-dTAG","RepR2","S22","Xist","MSR","other"
"1067",16229,"FJ24-FJ25::chr9:2999602-3038819",17547,17549,0.803,203,163,"B","G","+",32,25,"-",171,138,"TTCGT","TS54","-dTAG","RepR2","S22","Xist","MSR","other"
"1068",16230,"FJ24-FJ25::chr9:2999602-3038819",17562,17564,0.692,240,166,"B","G","+",36,26,"-",204,140,"GTCGT","TS54","-dTAG","RepR2","S22","Xist","MSR","other"
"1069",16231,"FJ24-FJ25::chr9:2999602-3038819",17605,17607,0.607,28,17,"B","G","+",5,1,"-",23,16,"CTCGC","TS54","-dTAG","RepR2","S22","Xist","MSR","other"
"1070",16232,"FJ24-FJ25::chr9:2999602-3038819",17705,17707,0.833,18,15,"B","G","+",1,1,"-",17,14,"TCCGT","TS54","-dTAG","RepR2","S22","Xist","MSR","other"
"1071",16233,"FJ24-FJ25::chr9:2999602-3038819",17765,17767,0.533,15,8,"-","G","+",0,0,"-",15,8,"ACGTT","TS54","-dTAG","RepR2","S22","Xist","MSR","other"
"1072",16234,"FJ24-FJ25::chr9:2999602-3038819",17795,17797,0.947,19,18,"B","G","+",1,0,"-",18,18,"GTCGT","TS54","-dTAG","RepR2","S22","Xist","MSR","other"
"1073",16235,"FJ24-FJ25::chr9:2999602-3038819",17956,17958,0.846,13,11,"-","G","+",0,0,"-",13,11,"TCGCC","TS54","-dTAG","RepR2","S22","Xist","MSR","other"
"1074",16236,"FJ24-FJ25::chr9:2999602-3038819",18015,18017,1,1,1,"-","G","+",0,0,"-",1,1,"TCGTC","TS54","-dTAG","RepR2","S22","Xist","MSR","other"
"1075",16237,"FJ24-FJ25::chr9:2999602-3038819",18131,18133,0.938,16,15,"-","G","+",0,0,"-",16,15,"TCGCC","TS54","-dTAG","RepR2","S22","Xist","MSR","other"
"1076",16238,"FJ24-FJ25::chr9:2999602-3038819",18174,18176,0.2,10,2,"-","G","+",0,0,"-",10,2,"ACGTT","TS54","-dTAG","RepR2","S22","Xist","MSR","other"
"1077",16239,"FJ24-FJ25::chr9:2999602-3038819",18190,18192,0.667,12,8,"-","G","+",0,0,"-",12,8,"TCGTC","TS54","-dTAG","RepR2","S22","Xist","MSR","other"
"1078",16240,"FJ24-FJ25::chr9:2999602-3038819",18308,18310,0.562,16,9,"-","G","+",0,0,"-",16,9,"TCGCC","TS54","-dTAG","RepR2","S22","Xist","MSR","other"
"1079",16241,"FJ24-FJ25::chr9:2999602-3038819",18348,18350,0.8,1894,1516,"B","G","+",1,1,"-",1893,1515,"TCCGT","TS54","-dTAG","RepR2","S22","Xist","MSR","other"
"1080",16242,"FJ24-FJ25::chr9:2999602-3038819",18408,18410,0.542,1639,889,"B","G","+",46,25,"-",1593,864,"CACGT","TS54","-dTAG","RepR2","S22","Xist","MSR","other"
"1081",16243,"FJ24-FJ25::chr9:2999602-3038819",18424,18426,0.813,1499,1218,"B","G","+",43,31,"-",1456,1187,"TTCGT","TS54","-dTAG","RepR2","S22","Xist","MSR","other"
"1082",16244,"FJ24-FJ25::chr9:2999602-3038819",18439,18441,0.716,1705,1221,"B","G","+",43,35,"-",1662,1186,"GTCGT","TS54","-dTAG","RepR2","S22","Xist","MSR","other"
"1083",16245,"FJ24-FJ25::chr9:2999602-3038819",18482,18484,0.359,39,14,"B","G","+",11,1,"-",28,13,"CTCGC","TS54","-dTAG","RepR2","S22","Xist","MSR","other"
"1084",16246,"FJ24-FJ25::chr9:2999602-3038819",18582,18584,0.705,44,31,"-","G","+",0,0,"-",44,31,"CCGTG","TS54","-dTAG","RepR2","S22","Xist","MSR","other"
"1085",16247,"FJ24-FJ25::chr9:2999602-3038819",18642,18644,0.5,36,18,"-","G","+",0,0,"-",36,18,"ACGTT","TS54","-dTAG","RepR2","S22","Xist","MSR","other"
"1086",16248,"FJ24-FJ25::chr9:2999602-3038819",18672,18674,0.778,36,28,"-","G","+",0,0,"-",36,28,"TCGTC","TS54","-dTAG","RepR2","S22","Xist","MSR","other"
"1087",16249,"FJ24-FJ25::chr9:2999602-3038819",18727,18729,0.765,17,13,"B","G","+",9,8,"-",8,5,"CACGT","TS54","-dTAG","RepR2","S22","Xist","MSR","other"
"1088",16250,"FJ24-FJ25::chr9:2999602-3038819",18775,18777,0.8,15,12,"B","G","+",14,11,"-",1,1,"TTCGC","TS54","-dTAG","RepR2","S22","Xist","MSR","other"
"1089",16251,"FJ24-FJ25::chr9:2999602-3038819",18787,18789,0.571,14,8,"B","G","+",13,7,"-",1,1,"CACGT","TS54","-dTAG","RepR2","S22","Xist","MSR","other"
"1090",16252,"FJ24-FJ25::chr9:2999602-3038819",18815,18817,0.786,103,81,"B","G","+",13,11,"-",90,70,"TCCGT","TS54","-dTAG","RepR2","S22","Xist","MSR","other"
"1091",16253,"FJ24-FJ25::chr9:2999602-3038819",18833,18835,0.825,97,80,"B","G","+",5,3,"-",92,77,"CTCGC","TS54","-dTAG","RepR2","S22","Xist","MSR","other"
"1092",16254,"FJ24-FJ25::chr9:2999602-3038819",18875,18877,0.55,1454,800,"B","G","+",4,2,"-",1450,798,"CACGT","TS54","-dTAG","RepR2","S22","Xist","MSR","other"
"1093",16255,"FJ24-FJ25::chr9:2999602-3038819",18891,18893,0.818,1360,1112,"B","G","+",6,6,"-",1354,1106,"TTCGT","TS54","-dTAG","RepR2","S22","Xist","MSR","other"
"1094",16256,"FJ24-FJ25::chr9:2999602-3038819",18906,18908,0.728,1567,1141,"B","G","+",4,4,"-",1563,1137,"GTCGT","TS54","-dTAG","RepR2","S22","Xist","MSR","other"
"1095",16257,"FJ24-FJ25::chr9:2999602-3038819",19009,19011,0.784,125,98,"B","G","+",2,2,"-",123,96,"CTCGC","TS54","-dTAG","RepR2","S22","Xist","MSR","other"
"1096",16258,"FJ24-FJ25::chr9:2999602-3038819",19021,19023,0.925,146,135,"B","G","+",2,0,"-",144,135,"CACGT","TS54","-dTAG","RepR2","S22","Xist","MSR","other"
"1097",16259,"FJ24-FJ25::chr9:2999602-3038819",19049,19051,0.56,573,321,"B","G","+",6,2,"-",567,319,"TCCGT","TS54","-dTAG","RepR2","S22","Xist","MSR","other"
"1098",16260,"FJ24-FJ25::chr9:2999602-3038819",19109,19111,0.455,11,5,"B","G","+",7,3,"-",4,2,"CACGT","TS54","-dTAG","RepR2","S22","Xist","MSR","other"
"1099",16261,"FJ24-FJ25::chr9:2999602-3038819",19283,19285,0.833,6,5,"-","G","+",0,0,"-",6,5,"TCGTG","TS54","-dTAG","RepR2","S22","Xist","MSR","other"
"1100",16262,"FJ24-FJ25::chr9:2999602-3038819",19301,19303,1,7,7,"-","G","+",0,0,"-",7,7,"TCGCC","TS54","-dTAG","RepR2","S22","Xist","MSR","other"
"1101",16263,"FJ24-FJ25::chr9:2999602-3038819",19343,19345,0.857,7,6,"-","G","+",0,0,"-",7,6,"ACGTT","TS54","-dTAG","RepR2","S22","Xist","MSR","other"
"1102",16264,"FJ24-FJ25::chr9:2999602-3038819",19535,19537,0.692,13,9,"B","G","+",3,3,"-",10,6,"CTCGC","TS54","-dTAG","RepR2","S22","Xist","MSR","other"
"1103",16265,"FJ24-FJ25::chr9:2999602-3038819",19575,19577,0.5,6,3,"-","G","+",0,0,"-",6,3,"CCGTG","TS54","-dTAG","RepR2","S22","Xist","MSR","other"
"1104",16266,"FJ24-FJ25::chr9:2999602-3038819",19593,19595,1,6,6,"-","G","+",0,0,"-",6,6,"TCGCC","TS54","-dTAG","RepR2","S22","Xist","MSR","other"
"1105",16267,"FJ24-FJ25::chr9:2999602-3038819",19635,19637,0.667,18,12,"-","G","+",0,0,"-",18,12,"ACGTT","TS54","-dTAG","RepR2","S22","Xist","MSR","other"
"1106",16268,"FJ24-FJ25::chr9:2999602-3038819",19651,19653,0.789,19,15,"-","G","+",0,0,"-",19,15,"TCGTC","TS54","-dTAG","RepR2","S22","Xist","MSR","other"
"1107",16269,"FJ24-FJ25::chr9:2999602-3038819",19663,19665,1,2,2,"-","G","+",0,0,"-",2,2,"ACGTC","TS54","-dTAG","RepR2","S22","Xist","MSR","other"
"1108",16270,"FJ24-FJ25::chr9:2999602-3038819",19666,19668,0.722,36,26,"-","G","+",0,0,"-",36,26,"TCGTC","TS54","-dTAG","RepR2","S22","Xist","MSR","other"
"1109",16271,"FJ24-FJ25::chr9:2999602-3038819",19721,19723,0.769,52,40,"B","G","+",1,1,"-",51,39,"CACGT","TS54","-dTAG","RepR2","S22","Xist","MSR","other"
"1110",16272,"FJ24-FJ25::chr9:2999602-3038819",19810,19812,1,1,1,"-","G","+",0,0,"-",1,1,"ACGTT","TS54","-dTAG","RepR2","S22","Xist","MSR","other"
"1111",16273,"FJ24-FJ25::chr9:2999602-3038819",19984,19986,1,2,2,"-","G","+",0,0,"-",2,2,"CCGTG","TS54","-dTAG","RepR2","S22","Xist","MSR","other"
"1112",16274,"FJ24-FJ25::chr9:2999602-3038819",20002,20004,1,2,2,"-","G","+",0,0,"-",2,2,"TCGCC","TS54","-dTAG","RepR2","S22","Xist","MSR","other"
"1113",16275,"FJ24-FJ25::chr9:2999602-3038819",20178,20180,1,1,1,"+","G","+",1,1,"-",0,0,"CTCGC","TS54","-dTAG","RepR2","S22","Xist","MSR","other"
"1114",16276,"FJ24-FJ25::chr9:2999602-3038819",20236,20238,0.917,12,11,"-","G","+",0,0,"-",12,11,"TCGCC","TS54","-dTAG","RepR2","S22","Xist","MSR","other"
"1115",16277,"FJ24-FJ25::chr9:2999602-3038819",20278,20280,0.688,16,11,"B","G","+",1,0,"-",15,11,"CACGT","TS54","-dTAG","RepR2","S22","Xist","MSR","other"
"1116",16278,"FJ24-FJ25::chr9:2999602-3038819",20294,20296,0.833,18,15,"B","G","+",2,2,"-",16,13,"TTCGT","TS54","-dTAG","RepR2","S22","Xist","MSR","other"
"1117",16279,"FJ24-FJ25::chr9:2999602-3038819",20470,20472,0.714,7,5,"-","G","+",0,0,"-",7,5,"TCGAC","TS54","-dTAG","RepR2","S22","Xist","MSR","other"
"1118",16280,"FJ24-FJ25::chr9:2999602-3038819",20527,20529,0.765,17,13,"-","G","+",0,0,"-",17,13,"TCGTC","TS54","-dTAG","RepR2","S22","Xist","MSR","other"
"1119",16281,"FJ24-FJ25::chr9:2999602-3038819",20645,20647,0.762,21,16,"B","G","+",5,4,"-",16,12,"CTCGC","TS54","-dTAG","RepR2","S22","Xist","MSR","other"
"1120",16282,"FJ24-FJ25::chr9:2999602-3038819",20657,20659,0.905,21,19,"B","G","+",5,5,"-",16,14,"CACGT","TS54","-dTAG","RepR2","S22","Xist","MSR","other"
"1121",16283,"FJ24-FJ25::chr9:2999602-3038819",20685,20687,0.833,18,15,"B","G","+",4,3,"-",14,12,"TCCGT","TS54","-dTAG","RepR2","S22","Xist","MSR","other"
"1122",16284,"FJ24-FJ25::chr9:2999602-3038819",20703,20705,0.923,13,12,"B","G","+",3,2,"-",10,10,"CTCGC","TS54","-dTAG","RepR2","S22","Xist","MSR","other"
"1123",16285,"FJ24-FJ25::chr9:2999602-3038819",20744,20746,0.8,5,4,"-","G","+",0,0,"-",5,4,"ACGTT","TS54","-dTAG","RepR2","S22","Xist","MSR","other"
"1124",16286,"FJ24-FJ25::chr9:2999602-3038819",20878,20880,0.7,10,7,"B","G","+",5,3,"-",5,4,"CTCGC","TS54","-dTAG","RepR2","S22","Xist","MSR","other"
"1125",16287,"FJ24-FJ25::chr9:2999602-3038819",20890,20892,0.636,11,7,"B","G","+",4,2,"-",7,5,"CACGT","TS54","-dTAG","RepR2","S22","Xist","MSR","other"
"1126",16288,"FJ24-FJ25::chr9:2999602-3038819",20918,20920,0.782,1451,1134,"B","G","+",5,3,"-",1446,1131,"TCCGT","TS54","-dTAG","RepR2","S22","Xist","MSR","other"
"1127",16289,"FJ24-FJ25::chr9:2999602-3038819",20936,20938,0.825,1475,1217,"B","G","+",5,3,"-",1470,1214,"CTCGC","TS54","-dTAG","RepR2","S22","Xist","MSR","other"
"1128",16290,"FJ24-FJ25::chr9:2999602-3038819",20978,20980,0.59,610,360,"B","G","+",3,1,"-",607,359,"CACGT","TS54","-dTAG","RepR2","S22","Xist","MSR","other"
"1129",16291,"FJ24-FJ25::chr9:2999602-3038819",20994,20996,0.811,905,734,"B","G","+",4,1,"-",901,733,"TTCGT","TS54","-dTAG","RepR2","S22","Xist","MSR","other"
"1130",16292,"FJ24-FJ25::chr9:2999602-3038819",21152,21154,0.786,14,11,"B","G","+",3,1,"-",11,10,"TCCGT","TS54","-dTAG","RepR2","S22","Xist","MSR","other"
"1131",16293,"FJ24-FJ25::chr9:2999602-3038819",21170,21172,0.714,14,10,"B","G","+",2,2,"-",12,8,"CTCGC","TS54","-dTAG","RepR2","S22","Xist","MSR","other"
"1132",16294,"FJ24-FJ25::chr9:2999602-3038819",21228,21230,0.809,371,300,"B","G","+",1,1,"-",370,299,"TTCGT","TS54","-dTAG","RepR2","S22","Xist","MSR","other"
"1133",16295,"FJ24-FJ25::chr9:2999602-3038819",21243,21245,0.739,380,281,"B","G","+",4,0,"-",376,281,"GTCGT","TS54","-dTAG","RepR2","S22","Xist","MSR","other"
"1134",16296,"FJ24-FJ25::chr9:2999602-3038819",21346,21348,0.875,40,35,"B","G","+",5,5,"-",35,30,"CTCGC","TS54","-dTAG","RepR2","S22","Xist","MSR","other"
"1135",16297,"FJ24-FJ25::chr9:2999602-3038819",21404,21406,0.836,134,112,"B","G","+",2,2,"-",132,110,"CTCGC","TS54","-dTAG","RepR2","S22","Xist","MSR","other"
"1136",16298,"FJ24-FJ25::chr9:2999602-3038819",21446,21448,0.602,442,266,"B","G","+",6,5,"-",436,261,"CACGT","TS54","-dTAG","RepR2","S22","Xist","MSR","other"
"1137",16299,"FJ24-FJ25::chr9:2999602-3038819",21462,21464,0.834,464,387,"B","G","+",4,3,"-",460,384,"TTCGT","TS54","-dTAG","RepR2","S22","Xist","MSR","other"
"1138",16300,"FJ24-FJ25::chr9:2999602-3038819",21620,21622,0.667,9,6,"-","G","+",0,0,"-",9,6,"CCGTG","TS54","-dTAG","RepR2","S22","Xist","MSR","other"
"1139",16301,"FJ24-FJ25::chr9:2999602-3038819",21680,21682,0.667,3,2,"-","G","+",0,0,"-",3,2,"ACGTT","TS54","-dTAG","RepR2","S22","Xist","MSR","other"
"1140",16302,"FJ24-FJ25::chr9:2999602-3038819",21854,21856,0.857,7,6,"B","G","+",1,0,"-",6,6,"TTCGT","TS54","-dTAG","RepR2","S22","Xist","MSR","other"
"1141",16303,"FJ24-FJ25::chr9:2999602-3038819",21872,21874,0.667,3,2,"-","G","+",0,0,"-",3,2,"TCGCC","TS54","-dTAG","RepR2","S22","Xist","MSR","other"
"1142",16304,"FJ24-FJ25::chr9:2999602-3038819",21914,21916,0.462,13,6,"-","G","+",0,0,"-",13,6,"ACGTT","TS54","-dTAG","RepR2","S22","Xist","MSR","other"
"1143",16305,"FJ24-FJ25::chr9:2999602-3038819",22106,22108,0.909,11,10,"-","G","+",0,0,"-",11,10,"TCGCC","TS54","-dTAG","RepR2","S22","Xist","MSR","other"
"1144",16306,"FJ24-FJ25::chr9:2999602-3038819",22165,22167,0,1,0,"-","G","+",0,0,"-",1,0,"TCGTC","TS54","-dTAG","RepR2","S22","Xist","MSR","other"
"1145",16307,"FJ24-FJ25::chr9:2999602-3038819",22281,22283,0.909,11,10,"-","G","+",0,0,"-",11,10,"TCGCC","TS54","-dTAG","RepR2","S22","Xist","MSR","other"
"1146",16308,"FJ24-FJ25::chr9:2999602-3038819",22324,22326,0.4,5,2,"-","G","+",0,0,"-",5,2,"ACGTT","TS54","-dTAG","RepR2","S22","Xist","MSR","other"
"1147",16309,"FJ24-FJ25::chr9:2999602-3038819",22340,22342,0.75,4,3,"-","G","+",0,0,"-",4,3,"TCGTC","TS54","-dTAG","RepR2","S22","Xist","MSR","other"
"1148",16310,"FJ24-FJ25::chr9:2999602-3038819",22458,22460,0.5,2,1,"-","G","+",0,0,"-",2,1,"TCGCC","TS54","-dTAG","RepR2","S22","Xist","MSR","other"
"1149",16311,"FJ24-FJ25::chr9:2999602-3038819",22498,22500,0.783,585,458,"B","G","+",1,1,"-",584,457,"TCCGT","TS54","-dTAG","RepR2","S22","Xist","MSR","other"
"1150",16312,"FJ24-FJ25::chr9:2999602-3038819",22558,22560,0.66,103,68,"B","G","+",6,3,"-",97,65,"CACGT","TS54","-dTAG","RepR2","S22","Xist","MSR","other"
"1151",16313,"FJ24-FJ25::chr9:2999602-3038819",22574,22576,0.815,124,101,"B","G","+",3,2,"-",121,99,"TTCGT","TS54","-dTAG","RepR2","S22","Xist","MSR","other"
"1152",16314,"FJ24-FJ25::chr9:2999602-3038819",22589,22591,0.664,134,89,"B","G","+",4,3,"-",130,86,"GTCGT","TS54","-dTAG","RepR2","S22","Xist","MSR","other"
"1153",16315,"FJ24-FJ25::chr9:2999602-3038819",22632,22634,0,3,0,"B","G","+",2,0,"-",1,0,"CTCGC","TS54","-dTAG","RepR2","S22","Xist","MSR","other"
"1154",16316,"FJ24-FJ25::chr9:2999602-3038819",22732,22734,0.889,9,8,"-","G","+",0,0,"-",9,8,"CCGTG","TS54","-dTAG","RepR2","S22","Xist","MSR","other"
"1155",16317,"FJ24-FJ25::chr9:2999602-3038819",22792,22794,0,6,0,"-","G","+",0,0,"-",6,0,"ACGTT","TS54","-dTAG","RepR2","S22","Xist","MSR","other"
"1156",16318,"FJ24-FJ25::chr9:2999602-3038819",22822,22824,0.667,9,6,"-","G","+",0,0,"-",9,6,"TCGTC","TS54","-dTAG","RepR2","S22","Xist","MSR","other"
"1157",16319,"FJ24-FJ25::chr9:2999602-3038819",22877,22879,0.667,15,10,"-","G","+",0,0,"-",15,10,"ACGTC","TS54","-dTAG","RepR2","S22","Xist","MSR","other"
"1158",16320,"FJ24-FJ25::chr9:2999602-3038819",22925,22927,0.8,10,8,"B","G","+",2,2,"-",8,6,"CTCGC","TS54","-dTAG","RepR2","S22","Xist","MSR","other"
"1159",16321,"FJ24-FJ25::chr9:2999602-3038819",22937,22939,0.818,11,9,"B","G","+",4,3,"-",7,6,"CACGT","TS54","-dTAG","RepR2","S22","Xist","MSR","other"
"1160",16322,"FJ24-FJ25::chr9:2999602-3038819",22965,22967,0.777,233,181,"B","G","+",6,5,"-",227,176,"TCCGT","TS54","-dTAG","RepR2","S22","Xist","MSR","other"
"1161",16323,"FJ24-FJ25::chr9:2999602-3038819",23025,23027,0.545,11,6,"B","G","+",10,5,"-",1,1,"CACGT","TS54","-dTAG","RepR2","S22","Xist","MSR","other"
"1162",16324,"FJ24-FJ25::chr9:2999602-3038819",23159,23161,0,1,0,"-","G","+",0,0,"-",1,0,"TCGCC","TS54","-dTAG","RepR2","S22","Xist","MSR","other"
"1163",16325,"FJ24-FJ25::chr9:2999602-3038819",23162,23164,0,1,0,"-","G","+",0,0,"-",1,0,"CCGTA","TS54","-dTAG","RepR2","S22","Xist","MSR","other"
"1164",16326,"FJ24-FJ25::chr9:2999602-3038819",23199,23201,1,3,3,"-","G","+",0,0,"-",3,3,"TCGTG","TS54","-dTAG","RepR2","S22","Xist","MSR","other"
"1165",16327,"FJ24-FJ25::chr9:2999602-3038819",23217,23219,0.4,5,2,"B","G","+",2,2,"-",3,0,"CTCGC","TS54","-dTAG","RepR2","S22","Xist","MSR","other"
"1166",16328,"FJ24-FJ25::chr9:2999602-3038819",23259,23261,0.455,11,5,"B","G","+",3,1,"-",8,4,"CACGT","TS54","-dTAG","RepR2","S22","Xist","MSR","other"
"1167",16329,"FJ24-FJ25::chr9:2999602-3038819",23451,23453,1,2,2,"-","G","+",0,0,"-",2,2,"TCGCA","TS54","-dTAG","RepR2","S22","Xist","MSR","other"
"1168",16330,"FJ24-FJ25::chr9:2999602-3038819",23626,23628,0.667,3,2,"-","G","+",0,0,"-",3,2,"TCGCC","TS54","-dTAG","RepR2","S22","Xist","MSR","other"
"1169",16331,"FJ24-FJ25::chr9:2999602-3038819",23669,23671,0.5,2,1,"-","G","+",0,0,"-",2,1,"ACGTT","TS54","-dTAG","RepR2","S22","Xist","MSR","other"
"1170",16332,"FJ24-FJ25::chr9:2999602-3038819",23685,23687,1,2,2,"-","G","+",0,0,"-",2,2,"TCGTC","TS54","-dTAG","RepR2","S22","Xist","MSR","other"
"1171",16333,"FJ24-FJ25::chr9:2999602-3038819",23697,23699,1,1,1,"-","G","+",0,0,"-",1,1,"ACGTT","TS54","-dTAG","RepR2","S22","Xist","MSR","other"
"1172",16334,"FJ24-FJ25::chr9:2999602-3038819",23843,23845,0.699,479,335,"B","G","+",1,0,"-",478,335,"TCCGT","TS54","-dTAG","RepR2","S22","Xist","MSR","other"
"1173",16335,"FJ24-FJ25::chr9:2999602-3038819",23903,23905,0.458,513,235,"B","G","+",17,9,"-",496,226,"CACGT","TS54","-dTAG","RepR2","S22","Xist","MSR","other"
"1174",16336,"FJ24-FJ25::chr9:2999602-3038819",23934,23936,0.595,575,342,"B","G","+",19,15,"-",556,327,"GTCGT","TS54","-dTAG","RepR2","S22","Xist","MSR","other"
"1175",16337,"FJ24-FJ25::chr9:2999602-3038819",24037,24039,0.75,28,21,"B","G","+",1,0,"-",27,21,"CTCGC","TS54","-dTAG","RepR2","S22","Xist","MSR","other"
"1176",16338,"FJ24-FJ25::chr9:2999602-3038819",24049,24051,0.621,29,18,"B","G","+",2,1,"-",27,17,"CACGT","TS54","-dTAG","RepR2","S22","Xist","MSR","other"
"1177",16339,"FJ24-FJ25::chr9:2999602-3038819",24077,24079,0.551,470,259,"B","G","+",10,5,"-",460,254,"TCCGT","TS54","-dTAG","RepR2","S22","Xist","MSR","other"
"1178",16340,"FJ24-FJ25::chr9:2999602-3038819",24137,24139,0.316,19,6,"B","G","+",10,4,"-",9,2,"CACGT","TS54","-dTAG","RepR2","S22","Xist","MSR","other"
"1179",16341,"FJ24-FJ25::chr9:2999602-3038819",24271,24273,0.8,5,4,"-","G","+",0,0,"-",5,4,"TCGCC","TS54","-dTAG","RepR2","S22","Xist","MSR","other"
"1180",16342,"FJ24-FJ25::chr9:2999602-3038819",24283,24285,0.6,5,3,"-","G","+",0,0,"-",5,3,"ACGTC","TS54","-dTAG","RepR2","S22","Xist","MSR","other"
"1181",16343,"FJ24-FJ25::chr9:2999602-3038819",24311,24313,0.692,26,18,"B","G","+",1,0,"-",25,18,"TCCGT","TS54","-dTAG","RepR2","S22","Xist","MSR","other"
"1182",16344,"FJ24-FJ25::chr9:2999602-3038819",24329,24331,0.81,21,17,"B","G","+",1,1,"-",20,16,"CTCGC","TS54","-dTAG","RepR2","S22","Xist","MSR","other"
"1183",16345,"FJ24-FJ25::chr9:2999602-3038819",24370,24372,0.556,18,10,"-","G","+",0,0,"-",18,10,"ACGTT","TS54","-dTAG","RepR2","S22","Xist","MSR","other"
"1184",16346,"FJ24-FJ25::chr9:2999602-3038819",24504,24506,0.698,43,30,"B","G","+",11,8,"-",32,22,"CTCGC","TS54","-dTAG","RepR2","S22","Xist","MSR","other"
"1185",16347,"FJ24-FJ25::chr9:2999602-3038819",24516,24518,0.786,56,44,"B","G","+",15,14,"-",41,30,"CACGT","TS54","-dTAG","RepR2","S22","Xist","MSR","other"
"1186",16348,"FJ24-FJ25::chr9:2999602-3038819",24544,24546,0.804,1782,1432,"B","G","+",26,20,"-",1756,1412,"TCCGT","TS54","-dTAG","RepR2","S22","Xist","MSR","other"
"1187",16349,"FJ24-FJ25::chr9:2999602-3038819",24562,24564,0.832,1728,1437,"B","G","+",24,21,"-",1704,1416,"CTCGC","TS54","-dTAG","RepR2","S22","Xist","MSR","other"
"1188",16350,"FJ24-FJ25::chr9:2999602-3038819",24604,24606,0.563,1201,676,"B","G","+",16,10,"-",1185,666,"CACGT","TS54","-dTAG","RepR2","S22","Xist","MSR","other"
"1189",16351,"FJ24-FJ25::chr9:2999602-3038819",24620,24622,0.853,1078,920,"B","G","+",4,3,"-",1074,917,"TTCGA","TS54","-dTAG","RepR2","S22","Xist","MSR","other"
"1190",16352,"FJ24-FJ25::chr9:2999602-3038819",24738,24740,0,1,0,"+","G","+",1,0,"-",0,0,"CTCGC","TS54","-dTAG","RepR2","S22","Xist","MSR","other"
"1191",16353,"FJ24-FJ25::chr9:2999602-3038819",24778,24780,0.813,1161,944,"B","G","+",36,27,"-",1125,917,"TCCGT","TS54","-dTAG","RepR2","S22","Xist","MSR","other"
"1192",16354,"FJ24-FJ25::chr9:2999602-3038819",24796,24798,0.84,1206,1013,"B","G","+",67,64,"-",1139,949,"CTCGC","TS54","-dTAG","RepR2","S22","Xist","MSR","other"
"1193",16355,"FJ24-FJ25::chr9:2999602-3038819",24838,24840,0.563,2485,1400,"B","G","+",102,60,"-",2383,1340,"CACGT","TS54","-dTAG","RepR2","S22","Xist","MSR","other"
"1194",16356,"FJ24-FJ25::chr9:2999602-3038819",24854,24856,0.855,2333,1995,"B","G","+",96,82,"-",2237,1913,"TTCGT","TS54","-dTAG","RepR2","S22","Xist","MSR","other"
"1195",16357,"FJ24-FJ25::chr9:2999602-3038819",24869,24871,0.738,2472,1824,"B","G","+",88,70,"-",2384,1754,"GTCGT","TS54","-dTAG","RepR2","S22","Xist","MSR","other"
"1196",16358,"FJ24-FJ25::chr9:2999602-3038819",24972,24974,0.846,52,44,"B","G","+",3,3,"-",49,41,"CTCGC","TS54","-dTAG","RepR2","S22","Xist","MSR","other"
"1197",16359,"FJ24-FJ25::chr9:2999602-3038819",24984,24986,0.857,49,42,"B","G","+",5,5,"-",44,37,"CACGT","TS54","-dTAG","RepR2","S22","Xist","MSR","other"
"1198",16360,"FJ24-FJ25::chr9:2999602-3038819",25012,25014,0.591,482,285,"B","G","+",5,5,"-",477,280,"TCCGT","TS54","-dTAG","RepR2","S22","Xist","MSR","other"
"1199",16361,"FJ24-FJ25::chr9:2999602-3038819",25072,25074,0.5,2,1,"B","G","+",1,1,"-",1,0,"CACGT","TS54","-dTAG","RepR2","S22","Xist","MSR","other"
"1200",16362,"FJ24-FJ25::chr9:2999602-3038819",25246,25248,0.765,17,13,"-","G","+",0,0,"-",17,13,"CCGTG","TS54","-dTAG","RepR2","S22","Xist","MSR","other"
"1201",16363,"FJ24-FJ25::chr9:2999602-3038819",25264,25266,0.786,14,11,"-","G","+",0,0,"-",14,11,"TCGCC","TS54","-dTAG","RepR2","S22","Xist","MSR","other"
"1202",16364,"FJ24-FJ25::chr9:2999602-3038819",25305,25307,1,2,2,"-","G","+",0,0,"-",2,2,"ACGTT","TS54","-dTAG","RepR2","S22","Xist","MSR","other"
"1203",16365,"FJ24-FJ25::chr9:2999602-3038819",25439,25441,0.833,6,5,"B","G","+",2,2,"-",4,3,"CTCGC","TS54","-dTAG","RepR2","S22","Xist","MSR","other"
"1204",16366,"FJ24-FJ25::chr9:2999602-3038819",25451,25453,0.857,7,6,"B","G","+",2,2,"-",5,4,"CACGT","TS54","-dTAG","RepR2","S22","Xist","MSR","other"
"1205",16367,"FJ24-FJ25::chr9:2999602-3038819",25479,25481,0.773,22,17,"B","G","+",1,1,"-",21,16,"TCCGT","TS54","-dTAG","RepR2","S22","Xist","MSR","other"
"1206",16368,"FJ24-FJ25::chr9:2999602-3038819",25497,25499,0.864,22,19,"B","G","+",5,3,"-",17,16,"CTCGC","TS54","-dTAG","RepR2","S22","Xist","MSR","other"
"1207",16369,"FJ24-FJ25::chr9:2999602-3038819",25539,25541,0.478,23,11,"B","G","+",2,1,"-",21,10,"CACGT","TS54","-dTAG","RepR2","S22","Xist","MSR","other"
"1208",16370,"FJ24-FJ25::chr9:2999602-3038819",25555,25557,0.783,23,18,"B","G","+",4,4,"-",19,14,"TTCGA","TS54","-dTAG","RepR2","S22","Xist","MSR","other"
"1209",16371,"FJ24-FJ25::chr9:2999602-3038819",25713,25715,0.333,3,1,"+","G","+",3,1,"-",0,0,"TCCGT","TS54","-dTAG","RepR2","S22","Xist","MSR","other"
"1210",16372,"FJ24-FJ25::chr9:2999602-3038819",25731,25733,0.333,3,1,"+","G","+",3,1,"-",0,0,"CTCGC","TS54","-dTAG","RepR2","S22","Xist","MSR","other"
"1211",16373,"FJ24-FJ25::chr9:2999602-3038819",25773,25775,0,3,0,"B","G","+",2,0,"-",1,0,"CACGT","TS54","-dTAG","RepR2","S22","Xist","MSR","other"
"1212",16374,"FJ24-FJ25::chr9:2999602-3038819",25789,25791,1,2,2,"-","G","+",0,0,"-",2,2,"TCGTC","TS54","-dTAG","RepR2","S22","Xist","MSR","other"
"1213",16375,"FJ24-FJ25::chr9:2999602-3038819",25906,25908,0.769,13,10,"B","G","+",3,3,"-",10,7,"CTCGC","TS54","-dTAG","RepR2","S22","Xist","MSR","other"
"1214",16376,"FJ24-FJ25::chr9:2999602-3038819",25918,25920,0.692,13,9,"B","G","+",3,3,"-",10,6,"CACGT","TS54","-dTAG","RepR2","S22","Xist","MSR","other"
"1215",16377,"FJ24-FJ25::chr9:2999602-3038819",25946,25948,0.772,566,437,"B","G","+",6,6,"-",560,431,"TCCGT","TS54","-dTAG","RepR2","S22","Xist","MSR","other"
"1216",16378,"FJ24-FJ25::chr9:2999602-3038819",25964,25966,0.807,561,453,"B","G","+",7,6,"-",554,447,"CTCGC","TS54","-dTAG","RepR2","S22","Xist","MSR","other"
"1217",16379,"FJ24-FJ25::chr9:2999602-3038819",26006,26008,0.453,95,43,"B","G","+",3,1,"-",92,42,"CACGT","TS54","-dTAG","RepR2","S22","Xist","MSR","other"
"1218",16380,"FJ24-FJ25::chr9:2999602-3038819",26140,26142,0.917,12,11,"B","G","+",1,1,"-",11,10,"CTCGC","TS54","-dTAG","RepR2","S22","Xist","MSR","other"
"1219",16381,"FJ24-FJ25::chr9:2999602-3038819",26198,26200,0.826,109,90,"B","G","+",2,1,"-",107,89,"CTCGC","TS54","-dTAG","RepR2","S22","Xist","MSR","other"
"1220",16382,"FJ24-FJ25::chr9:2999602-3038819",26240,26242,0.596,166,99,"B","G","+",3,1,"-",163,98,"CACGT","TS54","-dTAG","RepR2","S22","Xist","MSR","other"
"1221",16383,"FJ24-FJ25::chr9:2999602-3038819",26256,26258,0.77,152,117,"B","G","+",2,1,"-",150,116,"TTCGT","TS54","-dTAG","RepR2","S22","Xist","MSR","other"
"1222",16384,"FJ24-FJ25::chr9:2999602-3038819",26374,26376,0.667,3,2,"B","G","+",1,1,"-",2,1,"CTCGC","TS54","-dTAG","RepR2","S22","Xist","MSR","other"
"1223",16385,"FJ24-FJ25::chr9:2999602-3038819",26414,26416,0.615,13,8,"B","G","+",1,1,"-",12,7,"TCCGT","TS54","-dTAG","RepR2","S22","Xist","MSR","other"
"1224",16386,"FJ24-FJ25::chr9:2999602-3038819",26474,26476,0.7,10,7,"-","G","+",0,0,"-",10,7,"ACGTT","TS54","-dTAG","RepR2","S22","Xist","MSR","other"
"1225",16387,"FJ24-FJ25::chr9:2999602-3038819",26666,26668,1,2,2,"-","G","+",0,0,"-",2,2,"TCGCC","TS54","-dTAG","RepR2","S22","Xist","MSR","other"
"1226",16388,"FJ24-FJ25::chr9:2999602-3038819",26708,26710,0.537,41,22,"B","G","+",1,1,"-",40,21,"CACGT","TS54","-dTAG","RepR2","S22","Xist","MSR","other"
"1227",16389,"FJ24-FJ25::chr9:2999602-3038819",27077,27079,0,1,0,"-","G","+",0,0,"-",1,0,"TCGCC","TS54","-dTAG","RepR2","S22","Xist","MSR","other"
"1228",16390,"FJ24-FJ25::chr9:2999602-3038819",27117,27119,0.636,11,7,"B","G","+",1,0,"-",10,7,"TTCGT","TS54","-dTAG","RepR2","S22","Xist","MSR","other"
"1229",16391,"FJ24-FJ25::chr9:2999602-3038819",27177,27179,0.4,5,2,"B","G","+",2,1,"-",3,1,"CACGT","TS54","-dTAG","RepR2","S22","Xist","MSR","other"
"1230",16392,"FJ24-FJ25::chr9:2999602-3038819",27193,27195,0.667,9,6,"B","G","+",2,1,"-",7,5,"TTCGT","TS54","-dTAG","RepR2","S22","Xist","MSR","other"
"1231",16393,"FJ24-FJ25::chr9:2999602-3038819",27208,27210,0.429,7,3,"B","G","+",1,1,"-",6,2,"GTCGT","TS54","-dTAG","RepR2","S22","Xist","MSR","other"
"1232",16394,"FJ24-FJ25::chr9:2999602-3038819",27442,27444,1,1,1,"-","G","+",0,0,"-",1,1,"TCGTC","TS54","-dTAG","RepR2","S22","Xist","MSR","other"
"1233",16395,"FJ24-FJ25::chr9:2999602-3038819",27545,27547,1,1,1,"+","G","+",1,1,"-",0,0,"TTCGC","TS54","-dTAG","RepR2","S22","Xist","MSR","other"
"1234",16396,"FJ24-FJ25::chr9:2999602-3038819",27557,27559,0.5,2,1,"B","G","+",1,1,"-",1,0,"CACGT","TS54","-dTAG","RepR2","S22","Xist","MSR","other"
"1235",16397,"FJ24-FJ25::chr9:2999602-3038819",27645,27647,0.444,9,4,"B","G","+",1,1,"-",8,3,"CACGT","TS54","-dTAG","RepR2","S22","Xist","MSR","other"
"1236",16398,"FJ24-FJ25::chr9:2999602-3038819",27661,27663,0.571,7,4,"B","G","+",1,0,"-",6,4,"TTCGT","TS54","-dTAG","RepR2","S22","Xist","MSR","other"
"1237",16399,"FJ24-FJ25::chr9:2999602-3038819",27837,27839,1,2,2,"-","G","+",0,0,"-",2,2,"TCGCC","TS54","-dTAG","RepR2","S22","Xist","MSR","other"
"1238",16400,"FJ24-FJ25::chr9:2999602-3038819",27879,27881,0.8,5,4,"-","G","+",0,0,"-",5,4,"ACGTT","TS54","-dTAG","RepR2","S22","Xist","MSR","other"
"1239",16401,"FJ24-FJ25::chr9:2999602-3038819",27895,27897,0.833,6,5,"-","G","+",0,0,"-",6,5,"TCGTC","TS54","-dTAG","RepR2","S22","Xist","MSR","other"
"1240",16402,"FJ24-FJ25::chr9:2999602-3038819",27910,27912,0.6,5,3,"-","G","+",0,0,"-",5,3,"ACGTC","TS54","-dTAG","RepR2","S22","Xist","MSR","other"
"1241",16403,"FJ24-FJ25::chr9:2999602-3038819",28013,28015,1,1,1,"-","G","+",0,0,"-",1,1,"TCGCC","TS54","-dTAG","RepR2","S22","Xist","MSR","other"
"1242",16404,"FJ24-FJ25::chr9:2999602-3038819",28025,28027,1,1,1,"-","G","+",0,0,"-",1,1,"ACGTC","TS54","-dTAG","RepR2","S22","Xist","MSR","other"
"1243",16405,"FJ24-FJ25::chr9:2999602-3038819",28053,28055,0.25,24,6,"-","G","+",0,0,"-",24,6,"CCGTG","TS54","-dTAG","RepR2","S22","Xist","MSR","other"
"1244",16406,"FJ24-FJ25::chr9:2999602-3038819",28113,28115,1,1,1,"-","G","+",0,0,"-",1,1,"ACGTT","TS54","-dTAG","RepR2","S22","Xist","MSR","other"
"1245",16407,"FJ24-FJ25::chr9:2999602-3038819",28287,28289,0.25,8,2,"-","G","+",0,0,"-",8,2,"CCGTG","TS54","-dTAG","RepR2","S22","Xist","MSR","other"
"1246",16408,"FJ24-FJ25::chr9:2999602-3038819",28347,28349,0.5,2,1,"-","G","+",0,0,"-",2,1,"ACGTT","TS54","-dTAG","RepR2","S22","Xist","MSR","other"
"1247",16409,"FJ24-FJ25::chr9:2999602-3038819",28521,28523,0.764,309,236,"B","G","+",4,2,"-",305,234,"TCCGT","TS54","-dTAG","RepR2","S22","Xist","MSR","other"
"1248",16410,"FJ24-FJ25::chr9:2999602-3038819",28581,28583,0.528,36,19,"B","G","+",6,3,"-",30,16,"CACGT","TS54","-dTAG","RepR2","S22","Xist","MSR","other"
"1249",16411,"FJ24-FJ25::chr9:2999602-3038819",28597,28599,0.839,31,26,"B","G","+",3,1,"-",28,25,"TTCGT","TS54","-dTAG","RepR2","S22","Xist","MSR","other"
"1250",16412,"FJ24-FJ25::chr9:2999602-3038819",28755,28757,1,5,5,"-","G","+",0,0,"-",5,5,"TCGTT","TS54","-dTAG","RepR2","S22","Xist","MSR","other"
"1251",16413,"FJ24-FJ25::chr9:2999602-3038819",28815,28817,1,3,3,"-","G","+",0,0,"-",3,3,"ACGTT","TS54","-dTAG","RepR2","S22","Xist","MSR","other"
"1252",16414,"FJ24-FJ25::chr9:2999602-3038819",28846,28848,1,2,2,"-","G","+",0,0,"-",2,2,"TCGTC","TS54","-dTAG","RepR2","S22","Xist","MSR","other"
"1253",16415,"FJ24-FJ25::chr9:2999602-3038819",28901,28903,1,4,4,"B","G","+",1,1,"-",3,3,"CACGT","TS54","-dTAG","RepR2","S22","Xist","MSR","other"
"1254",16416,"FJ24-FJ25::chr9:2999602-3038819",28949,28951,1,2,2,"+","G","+",2,2,"-",0,0,"CTCGC","TS54","-dTAG","RepR2","S22","Xist","MSR","other"
"1255",16417,"FJ24-FJ25::chr9:2999602-3038819",28961,28963,1,2,2,"+","G","+",2,2,"-",0,0,"CACGT","TS54","-dTAG","RepR2","S22","Xist","MSR","other"
"1256",16418,"FJ24-FJ25::chr9:2999602-3038819",29049,29051,0.667,15,10,"-","G","+",0,0,"-",15,10,"ACGTT","TS54","-dTAG","RepR2","S22","Xist","MSR","other"
"1257",16419,"FJ24-FJ25::chr9:2999602-3038819",29065,29067,0.818,11,9,"-","G","+",0,0,"-",11,9,"TCGTC","TS54","-dTAG","RepR2","S22","Xist","MSR","other"
"1258",16420,"FJ24-FJ25::chr9:2999602-3038819",29163,29165,1,1,1,"-","G","+",0,0,"-",1,1,"TCGAC","TS54","-dTAG","RepR2","S22","Xist","MSR","other"
"1259",16421,"FJ24-FJ25::chr9:2999602-3038819",29183,29185,1,2,2,"-","G","+",0,0,"-",2,2,"TCGCC","TS54","-dTAG","RepR2","S22","Xist","MSR","other"
"1260",16422,"FJ24-FJ25::chr9:2999602-3038819",29195,29197,1,3,3,"B","G","+",1,1,"-",2,2,"CACGT","TS54","-dTAG","RepR2","S22","Xist","MSR","other"
"1261",16423,"FJ24-FJ25::chr9:2999602-3038819",29223,29225,0.744,305,227,"-","G","+",0,0,"-",305,227,"CCGTG","TS54","-dTAG","RepR2","S22","Xist","MSR","other"
"1262",16424,"FJ24-FJ25::chr9:2999602-3038819",29283,29285,0,1,0,"-","G","+",0,0,"-",1,0,"ACGTT","TS54","-dTAG","RepR2","S22","Xist","MSR","other"
"1263",16425,"FJ24-FJ25::chr9:2999602-3038819",29417,29419,1,3,3,"B","G","+",2,2,"-",1,1,"CTCGC","TS54","-dTAG","RepR2","S22","Xist","MSR","other"
"1264",16426,"FJ24-FJ25::chr9:2999602-3038819",29429,29431,1,3,3,"B","G","+",2,2,"-",1,1,"CACGT","TS54","-dTAG","RepR2","S22","Xist","MSR","other"
"1265",16427,"FJ24-FJ25::chr9:2999602-3038819",29457,29459,0.667,3,2,"-","G","+",0,0,"-",3,2,"CCGTG","TS54","-dTAG","RepR2","S22","Xist","MSR","other"
"1266",16428,"FJ24-FJ25::chr9:2999602-3038819",29517,29519,1,1,1,"-","G","+",0,0,"-",1,1,"ACGTT","TS54","-dTAG","RepR2","S22","Xist","MSR","other"
"1267",16429,"FJ24-FJ25::chr9:2999602-3038819",29692,29694,1,5,5,"-","G","+",0,0,"-",5,5,"TCGTG","TS54","-dTAG","RepR2","S22","Xist","MSR","other"
"1268",16430,"FJ24-FJ25::chr9:2999602-3038819",29710,29712,0.4,5,2,"-","G","+",0,0,"-",5,2,"TCGCC","TS54","-dTAG","RepR2","S22","Xist","MSR","other"
"1269",16431,"FJ24-FJ25::chr9:2999602-3038819",29752,29754,0.636,11,7,"B","G","+",1,0,"-",10,7,"CACGT","TS54","-dTAG","RepR2","S22","Xist","MSR","other"
"1270",16432,"FJ24-FJ25::chr9:2999602-3038819",30121,30123,1,2,2,"B","G","+",1,1,"-",1,1,"CTCGC","TS54","-dTAG","RepR2","S22","Xist","MSR","other"
"1271",16433,"FJ24-FJ25::chr9:2999602-3038819",30133,30135,0.833,6,5,"B","G","+",3,3,"-",3,2,"CACGT","TS54","-dTAG","RepR2","S22","Xist","MSR","other"
"1272",16434,"FJ24-FJ25::chr9:2999602-3038819",30221,30223,0.505,95,48,"B","G","+",3,3,"-",92,45,"CACGT","TS54","-dTAG","RepR2","S22","Xist","MSR","other"
"1273",16435,"FJ24-FJ25::chr9:2999602-3038819",30237,30239,0.707,92,65,"B","G","+",3,2,"-",89,63,"TTCGT","TS54","-dTAG","RepR2","S22","Xist","MSR","other"
"1274",16436,"FJ24-FJ25::chr9:2999602-3038819",30252,30254,0.619,97,60,"B","G","+",3,2,"-",94,58,"GTCGT","TS54","-dTAG","RepR2","S22","Xist","MSR","other"
"1275",16437,"FJ24-FJ25::chr9:2999602-3038819",30295,30297,1,1,1,"-","G","+",0,0,"-",1,1,"TCGCC","TS54","-dTAG","RepR2","S22","Xist","MSR","other"
"1276",16438,"FJ24-FJ25::chr9:2999602-3038819",30395,30397,0,1,0,"-","G","+",0,0,"-",1,0,"TCGTT","TS54","-dTAG","RepR2","S22","Xist","MSR","other"
"1277",16439,"FJ24-FJ25::chr9:2999602-3038819",30455,30457,1,1,1,"-","G","+",0,0,"-",1,1,"ACGTT","TS54","-dTAG","RepR2","S22","Xist","MSR","other"
"1278",16440,"FJ24-FJ25::chr9:2999602-3038819",30486,30488,1,1,1,"-","G","+",0,0,"-",1,1,"TCGTC","TS54","-dTAG","RepR2","S22","Xist","MSR","other"
"1279",16441,"FJ24-FJ25::chr9:2999602-3038819",30541,30543,0,2,0,"+","G","+",2,0,"-",0,0,"CACGT","TS54","-dTAG","RepR2","S22","Xist","MSR","other"
"1280",16442,"FJ24-FJ25::chr9:2999602-3038819",30590,30592,1,2,2,"+","G","+",2,2,"-",0,0,"CTCGC","TS54","-dTAG","RepR2","S22","Xist","MSR","other"
"1281",16443,"FJ24-FJ25::chr9:2999602-3038819",30690,30692,0.556,18,10,"B","G","+",3,2,"-",15,8,"CACGT","TS54","-dTAG","RepR2","S22","Xist","MSR","other"
"1282",16444,"FJ24-FJ25::chr9:2999602-3038819",30706,30708,0.789,19,15,"B","G","+",2,1,"-",17,14,"TTCGT","TS54","-dTAG","RepR2","S22","Xist","MSR","other"
"1283",16445,"FJ24-FJ25::chr9:2999602-3038819",30924,30926,0.534,58,31,"-","G","+",0,0,"-",58,31,"ACGTT","TS54","-dTAG","RepR2","S22","Xist","MSR","other"
"1284",16446,"FJ24-FJ25::chr9:2999602-3038819",30940,30942,0.763,59,45,"-","G","+",0,0,"-",59,45,"TCGTC","TS54","-dTAG","RepR2","S22","Xist","MSR","other"
"1285",16447,"FJ24-FJ25::chr9:2999602-3038819",30955,30957,0.677,65,44,"-","G","+",0,0,"-",65,44,"ACGTC","TS54","-dTAG","RepR2","S22","Xist","MSR","other"
"1286",16448,"FJ24-FJ25::chr9:2999602-3038819",31058,31060,0.8,5,4,"-","G","+",0,0,"-",5,4,"TCGCC","TS54","-dTAG","RepR2","S22","Xist","MSR","other"
"1287",16449,"FJ24-FJ25::chr9:2999602-3038819",31070,31072,0.6,5,3,"-","G","+",0,0,"-",5,3,"ACGTC","TS54","-dTAG","RepR2","S22","Xist","MSR","other"
"1288",16450,"FJ24-FJ25::chr9:2999602-3038819",31098,31100,0.622,37,23,"-","G","+",0,0,"-",37,23,"CCGTG","TS54","-dTAG","RepR2","S22","Xist","MSR","other"
"1289",16451,"FJ24-FJ25::chr9:2999602-3038819",31158,31160,0.333,6,2,"-","G","+",0,0,"-",6,2,"ACGTT","TS54","-dTAG","RepR2","S22","Xist","MSR","other"
"1290",16452,"FJ24-FJ25::chr9:2999602-3038819",31292,31294,0.5,2,1,"B","G","+",1,0,"-",1,1,"CTCGC","TS54","-dTAG","RepR2","S22","Xist","MSR","other"
"1291",16453,"FJ24-FJ25::chr9:2999602-3038819",31304,31306,0.5,2,1,"B","G","+",1,0,"-",1,1,"CACGT","TS54","-dTAG","RepR2","S22","Xist","MSR","other"
"1292",16454,"FJ24-FJ25::chr9:2999602-3038819",31332,31334,1,1,1,"-","G","+",0,0,"-",1,1,"TCGTG","TS54","-dTAG","RepR2","S22","Xist","MSR","other"
"1293",16455,"FJ24-FJ25::chr9:2999602-3038819",31350,31352,1,1,1,"-","G","+",0,0,"-",1,1,"TCGCC","TS54","-dTAG","RepR2","S22","Xist","MSR","other"
"1294",16456,"FJ24-FJ25::chr9:2999602-3038819",31392,31394,0,2,0,"-","G","+",0,0,"-",2,0,"ACGTT","TS54","-dTAG","RepR2","S22","Xist","MSR","other"
"1295",16457,"FJ24-FJ25::chr9:2999602-3038819",31639,31641,1,5,5,"-","G","+",0,0,"-",5,5,"TCGCC","TS54","-dTAG","RepR2","S22","Xist","MSR","other"
"1296",16458,"FJ24-FJ25::chr9:2999602-3038819",31679,31681,0.551,361,199,"B","G","+",3,3,"-",358,196,"TCCGT","TS54","-dTAG","RepR2","S22","Xist","MSR","other"
"1297",16459,"FJ24-FJ25::chr9:2999602-3038819",31739,31741,0.611,36,22,"B","G","+",1,1,"-",35,21,"CACGT","TS54","-dTAG","RepR2","S22","Xist","MSR","other"
"1298",16460,"FJ24-FJ25::chr9:2999602-3038819",31755,31757,0.811,37,30,"B","G","+",2,2,"-",35,28,"TTCGT","TS54","-dTAG","RepR2","S22","Xist","MSR","other"
"1299",16461,"FJ24-FJ25::chr9:2999602-3038819",31813,31815,1,1,1,"-","G","+",0,0,"-",1,1,"TCGCC","TS54","-dTAG","RepR2","S22","Xist","MSR","other"
"1300",16462,"FJ24-FJ25::chr9:2999602-3038819",31913,31915,1,6,6,"-","G","+",0,0,"-",6,6,"TCGTT","TS54","-dTAG","RepR2","S22","Xist","MSR","other"
"1301",16463,"FJ24-FJ25::chr9:2999602-3038819",31973,31975,0.667,6,4,"-","G","+",0,0,"-",6,4,"ACGTT","TS54","-dTAG","RepR2","S22","Xist","MSR","other"
"1302",16464,"FJ24-FJ25::chr9:2999602-3038819",32004,32006,0.778,9,7,"-","G","+",0,0,"-",9,7,"TCGTC","TS54","-dTAG","RepR2","S22","Xist","MSR","other"
"1303",16465,"FJ24-FJ25::chr9:2999602-3038819",32059,32061,0.75,4,3,"-","G","+",0,0,"-",4,3,"ACGTC","TS54","-dTAG","RepR2","S22","Xist","MSR","other"
"1304",16466,"FJ24-FJ25::chr9:2999602-3038819",32107,32109,0.5,4,2,"B","G","+",2,1,"-",2,1,"CTCGC","TS54","-dTAG","RepR2","S22","Xist","MSR","other"
"1305",16467,"FJ24-FJ25::chr9:2999602-3038819",32119,32121,0.25,4,1,"B","G","+",2,1,"-",2,0,"CACGT","TS54","-dTAG","RepR2","S22","Xist","MSR","other"
"1306",16468,"FJ24-FJ25::chr9:2999602-3038819",32207,32209,0.55,20,11,"-","G","+",0,0,"-",20,11,"ACGTT","TS54","-dTAG","RepR2","S22","Xist","MSR","other"
"1307",16469,"FJ24-FJ25::chr9:2999602-3038819",32223,32225,0.909,11,10,"-","G","+",0,0,"-",11,10,"TCGTC","TS54","-dTAG","RepR2","S22","Xist","MSR","other"
"1308",16470,"FJ24-FJ25::chr9:2999602-3038819",32399,32401,1,1,1,"+","G","+",1,1,"-",0,0,"CTCGC","TS54","-dTAG","RepR2","S22","Xist","MSR","other"
"1309",16471,"FJ24-FJ25::chr9:2999602-3038819",32441,32443,0.75,12,9,"-","G","+",0,0,"-",12,9,"ACGTT","TS54","-dTAG","RepR2","S22","Xist","MSR","other"
"1310",16472,"FJ24-FJ25::chr9:2999602-3038819",32457,32459,0.778,9,7,"B","G","+",1,1,"-",8,6,"TTCGT","TS54","-dTAG","RepR2","S22","Xist","MSR","other"
"1311",16473,"FJ24-FJ25::chr9:2999602-3038819",32472,32474,0.5,12,6,"B","G","+",1,1,"-",11,5,"GACGT","TS54","-dTAG","RepR2","S22","Xist","MSR","other"
"1312",16474,"FJ24-FJ25::chr9:2999602-3038819",32575,32577,0.75,4,3,"-","G","+",0,0,"-",4,3,"TCGCC","TS54","-dTAG","RepR2","S22","Xist","MSR","other"
"1313",16475,"FJ24-FJ25::chr9:2999602-3038819",32587,32589,0.714,7,5,"-","G","+",0,0,"-",7,5,"ACGTC","TS54","-dTAG","RepR2","S22","Xist","MSR","other"
"1314",16476,"FJ24-FJ25::chr9:2999602-3038819",32615,32617,0.651,43,28,"-","G","+",0,0,"-",43,28,"CCGTG","TS54","-dTAG","RepR2","S22","Xist","MSR","other"
"1315",16477,"FJ24-FJ25::chr9:2999602-3038819",32675,32677,0.625,8,5,"-","G","+",0,0,"-",8,5,"ACGTT","TS54","-dTAG","RepR2","S22","Xist","MSR","other"
"1316",16478,"FJ24-FJ25::chr9:2999602-3038819",32821,32823,0,1,0,"+","G","+",1,0,"-",0,0,"CACGT","TS54","-dTAG","RepR2","S22","Xist","MSR","other"
"1317",16479,"FJ24-FJ25::chr9:2999602-3038819",32849,32851,0.809,152,123,"B","G","+",2,1,"-",150,122,"TCCGT","TS54","-dTAG","RepR2","S22","Xist","MSR","other"
"1318",16480,"FJ24-FJ25::chr9:2999602-3038819",32867,32869,0.8,150,120,"B","G","+",1,1,"-",149,119,"CTCGC","TS54","-dTAG","RepR2","S22","Xist","MSR","other"
"1319",16481,"FJ24-FJ25::chr9:2999602-3038819",32909,32911,0.63,46,29,"B","G","+",1,1,"-",45,28,"CACGT","TS54","-dTAG","RepR2","S22","Xist","MSR","other"
"1320",16482,"FJ24-FJ25::chr9:2999602-3038819",33043,33045,0.9,10,9,"-","G","+",0,0,"-",10,9,"TCGCC","TS54","-dTAG","RepR2","S22","Xist","MSR","other"
"1321",16483,"FJ24-FJ25::chr9:2999602-3038819",33277,33279,1,3,3,"B","G","+",2,2,"-",1,1,"CTCGC","TS54","-dTAG","RepR2","S22","Xist","MSR","other"
"1322",16484,"FJ24-FJ25::chr9:2999602-3038819",33289,33291,1,3,3,"B","G","+",2,2,"-",1,1,"CACGT","TS54","-dTAG","RepR2","S22","Xist","MSR","other"
"1323",16485,"FJ24-FJ25::chr9:2999602-3038819",33317,33319,1,2,2,"+","G","+",2,2,"-",0,0,"TCCGT","TS54","-dTAG","RepR2","S22","Xist","MSR","other"
"1324",16486,"FJ24-FJ25::chr9:2999602-3038819",33335,33337,1,2,2,"+","G","+",2,2,"-",0,0,"CTCGC","TS54","-dTAG","RepR2","S22","Xist","MSR","other"
"1325",16487,"FJ24-FJ25::chr9:2999602-3038819",33550,33552,0.8,10,8,"-","G","+",0,0,"-",10,8,"CCGTG","TS54","-dTAG","RepR2","S22","Xist","MSR","other"
"1326",16488,"FJ24-FJ25::chr9:2999602-3038819",33568,33570,0.833,12,10,"-","G","+",0,0,"-",12,10,"TCGCC","TS54","-dTAG","RepR2","S22","Xist","MSR","other"
"1327",16489,"FJ24-FJ25::chr9:2999602-3038819",33610,33612,0.833,12,10,"-","G","+",0,0,"-",12,10,"ACGTT","TS54","-dTAG","RepR2","S22","Xist","MSR","other"
"1328",16490,"FJ24-FJ25::chr9:2999602-3038819",33626,33628,0.857,14,12,"-","G","+",0,0,"-",14,12,"TCGTC","TS54","-dTAG","RepR2","S22","Xist","MSR","other"
"1329",16491,"FJ24-FJ25::chr9:2999602-3038819",33802,33804,1,1,1,"-","G","+",0,0,"-",1,1,"TCGCC","TS54","-dTAG","RepR2","S22","Xist","MSR","other"
"1330",16492,"FJ24-FJ25::chr9:2999602-3038819",33860,33862,1,1,1,"-","G","+",0,0,"-",1,1,"TCGTC","TS54","-dTAG","RepR2","S22","Xist","MSR","other"
"1331",16493,"FJ24-FJ25::chr9:2999602-3038819",33875,33877,1,2,2,"-","G","+",0,0,"-",2,2,"TCGTC","TS54","-dTAG","RepR2","S22","Xist","MSR","other"
"1332",16494,"FJ24-FJ25::chr9:2999602-3038819",34193,34195,0.758,223,169,"-","G","+",0,0,"-",223,169,"CCGTG","TS54","-dTAG","RepR2","S22","Xist","MSR","other"
"1333",16495,"FJ24-FJ25::chr9:2999602-3038819",34253,34255,0.583,36,21,"B","G","+",5,0,"-",31,21,"CACGT","TS54","-dTAG","RepR2","S22","Xist","MSR","other"
"1334",16496,"FJ24-FJ25::chr9:2999602-3038819",34269,34271,0.933,30,28,"B","G","+",3,3,"-",27,25,"TTCGT","TS54","-dTAG","RepR2","S22","Xist","MSR","other"
"1335",16497,"FJ24-FJ25::chr9:2999602-3038819",34445,34447,0,2,0,"-","G","+",0,0,"-",2,0,"TCGCA","TS54","-dTAG","RepR2","S22","Xist","MSR","other"
"1336",16498,"FJ24-FJ25::chr9:2999602-3038819",34621,34623,0.8,25,20,"-","G","+",0,0,"-",25,20,"TCGCC","TS54","-dTAG","RepR2","S22","Xist","MSR","other"
"1337",16499,"FJ24-FJ25::chr9:2999602-3038819",34633,34635,0.636,22,14,"-","G","+",0,0,"-",22,14,"ACGTC","TS54","-dTAG","RepR2","S22","Xist","MSR","other"
"1338",16500,"FJ24-FJ25::chr9:2999602-3038819",34679,34681,0.8,20,16,"B","G","+",1,1,"-",19,15,"CTCGC","TS54","-dTAG","RepR2","S22","Xist","MSR","other"
"1339",16501,"FJ24-FJ25::chr9:2999602-3038819",34721,34723,0.5,18,9,"-","G","+",0,0,"-",18,9,"ACGTT","TS54","-dTAG","RepR2","S22","Xist","MSR","other"
"1340",16502,"FJ24-FJ25::chr9:2999602-3038819",34737,34739,0.929,14,13,"-","G","+",0,0,"-",14,13,"TCGTC","TS54","-dTAG","RepR2","S22","Xist","MSR","other"
"1341",16503,"FJ24-FJ25::chr9:2999602-3038819",34752,34754,0.933,15,14,"-","G","+",0,0,"-",15,14,"ACGTC","TS54","-dTAG","RepR2","S22","Xist","MSR","other"
"1342",16504,"FJ24-FJ25::chr9:2999602-3038819",34855,34857,0.286,7,2,"-","G","+",0,0,"-",7,2,"TCGCC","TS54","-dTAG","RepR2","S22","Xist","MSR","other"
"1343",16505,"FJ24-FJ25::chr9:2999602-3038819",34867,34869,1,7,7,"-","G","+",0,0,"-",7,7,"ACGTC","TS54","-dTAG","RepR2","S22","Xist","MSR","other"
"1344",16506,"FJ24-FJ25::chr9:2999602-3038819",34895,34897,0.576,33,19,"-","G","+",0,0,"-",33,19,"CCGTG","TS54","-dTAG","RepR2","S22","Xist","MSR","other"
"1345",16507,"FJ24-FJ25::chr9:2999602-3038819",35089,35091,0.333,6,2,"-","G","+",0,0,"-",6,2,"TCGCC","TS54","-dTAG","RepR2","S22","Xist","MSR","other"
"1346",16508,"FJ24-FJ25::chr9:2999602-3038819",35101,35103,0.667,6,4,"-","G","+",0,0,"-",6,4,"ACGTG","TS54","-dTAG","RepR2","S22","Xist","MSR","other"
"1347",16509,"FJ24-FJ25::chr9:2999602-3038819",35129,35131,0.333,3,1,"-","G","+",0,0,"-",3,1,"TCGTG","TS54","-dTAG","RepR2","S22","Xist","MSR","other"
"1348",16510,"FJ24-FJ25::chr9:2999602-3038819",35147,35149,0,2,0,"-","G","+",0,0,"-",2,0,"TCGCC","TS54","-dTAG","RepR2","S22","Xist","MSR","other"
"1349",16511,"FJ24-FJ25::chr9:2999602-3038819",35189,35191,0.5,4,2,"-","G","+",0,0,"-",4,2,"ACGTT","TS54","-dTAG","RepR2","S22","Xist","MSR","other"
"1350",16512,"FJ24-FJ25::chr9:2999602-3038819",35323,35325,0,6,0,"-","G","+",0,0,"-",6,0,"TCGCC","TS54","-dTAG","RepR2","S22","Xist","MSR","other"
"1351",16513,"FJ24-FJ25::chr9:2999602-3038819",35381,35383,0.742,66,49,"B","G","+",1,1,"-",65,48,"CTCGC","TS54","-dTAG","RepR2","S22","Xist","MSR","other"
"1352",16514,"FJ24-FJ25::chr9:2999602-3038819",35423,35425,0.48,75,36,"B","G","+",1,0,"-",74,36,"CACGT","TS54","-dTAG","RepR2","S22","Xist","MSR","other"
"1353",16515,"FJ24-FJ25::chr9:2999602-3038819",35439,35441,0.767,60,46,"-","G","+",0,0,"-",60,46,"TCGTC","TS54","-dTAG","RepR2","S22","Xist","MSR","other"
"1354",16516,"FJ24-FJ25::chr9:2999602-3038819",35454,35456,0.675,83,56,"-","G","+",0,0,"-",83,56,"ACGTC","TS54","-dTAG","RepR2","S22","Xist","MSR","other"
"1355",16517,"FJ24-FJ25::chr9:2999602-3038819",35557,35559,0.316,19,6,"B","G","+",1,0,"-",18,6,"CTCGC","TS54","-dTAG","RepR2","S22","Xist","MSR","other"
"1356",16518,"FJ24-FJ25::chr9:2999602-3038819",35569,35571,0.826,23,19,"B","G","+",1,0,"-",22,19,"CACGT","TS54","-dTAG","RepR2","S22","Xist","MSR","other"
"1357",16519,"FJ24-FJ25::chr9:2999602-3038819",35597,35599,0.547,552,302,"B","G","+",1,0,"-",551,302,"TCCGT","TS54","-dTAG","RepR2","S22","Xist","MSR","other"
"1358",16520,"FJ24-FJ25::chr9:2999602-3038819",35803,35805,1,1,1,"+","G","+",1,1,"-",0,0,"CACGT","TS54","-dTAG","RepR2","S22","Xist","MSR","other"
"1359",16521,"FJ24-FJ25::chr9:2999602-3038819",35831,35833,0.75,4,3,"-","G","+",0,0,"-",4,3,"CCGTG","TS54","-dTAG","RepR2","S22","Xist","MSR","other"
"1360",16522,"FJ24-FJ25::chr9:2999602-3038819",35891,35893,0.5,2,1,"-","G","+",0,0,"-",2,1,"ACGTT","TS54","-dTAG","RepR2","S22","Xist","MSR","other"
"1361",16523,"FJ24-FJ25::chr9:2999602-3038819",36066,36068,0.667,3,2,"-","G","+",0,0,"-",3,2,"TCGTG","TS54","-dTAG","RepR2","S22","Xist","MSR","other"
"1362",16524,"FJ24-FJ25::chr9:2999602-3038819",36084,36086,1,3,3,"-","G","+",0,0,"-",3,3,"TCGCC","TS54","-dTAG","RepR2","S22","Xist","MSR","other"
"1363",16525,"FJ24-FJ25::chr9:2999602-3038819",36126,36128,0.6,5,3,"-","G","+",0,0,"-",5,3,"ACGTT","TS54","-dTAG","RepR2","S22","Xist","MSR","other"
"1364",16526,"FJ24-FJ25::chr9:2999602-3038819",36299,36301,0.72,25,18,"B","G","+",2,0,"-",23,18,"TCCGT","TS54","-dTAG","RepR2","S22","Xist","MSR","other"
"1365",16527,"FJ24-FJ25::chr9:2999602-3038819",36435,36437,1,7,7,"B","G","+",5,5,"-",2,2,"CTCGC","TS54","-dTAG","RepR2","S22","Xist","MSR","other"
"1366",16528,"FJ24-FJ25::chr9:2999602-3038819",36447,36449,0.727,11,8,"B","G","+",10,7,"-",1,1,"CACGT","TS54","-dTAG","RepR2","S22","Xist","MSR","other"
"1367",16529,"FJ24-FJ25::chr9:2999602-3038819",36475,36477,0.857,14,12,"B","G","+",9,8,"-",5,4,"TCCGT","TS54","-dTAG","RepR2","S22","Xist","MSR","other"
"1368",16530,"FJ24-FJ25::chr9:2999602-3038819",36493,36495,0.833,12,10,"B","G","+",7,7,"-",5,3,"TTCGC","TS54","-dTAG","RepR2","S22","Xist","MSR","other"
"1369",16531,"FJ24-FJ25::chr9:2999602-3038819",36668,36670,0.5,2,1,"B","G","+",1,1,"-",1,0,"CTCGC","TS54","-dTAG","RepR2","S22","Xist","MSR","other"
"1370",16532,"FJ24-FJ25::chr9:2999602-3038819",36680,36682,0,1,0,"-","G","+",0,0,"-",1,0,"ACGTC","TS54","-dTAG","RepR2","S22","Xist","MSR","other"
"1371",16533,"FJ24-FJ25::chr9:2999602-3038819",36708,36710,0,1,0,"-","G","+",0,0,"-",1,0,"CCGTG","TS54","-dTAG","RepR2","S22","Xist","MSR","other"
"1372",16534,"FJ24-FJ25::chr9:2999602-3038819",36726,36728,0,2,0,"B","G","+",1,0,"-",1,0,"CTCGC","TS54","-dTAG","RepR2","S22","Xist","MSR","other"
"1373",16535,"FJ24-FJ25::chr9:2999602-3038819",36767,36769,0.5,2,1,"-","G","+",0,0,"-",2,1,"ACGTT","TS54","-dTAG","RepR2","S22","Xist","MSR","other"
"1374",16536,"FJ24-FJ25::chr9:2999602-3038819",36781,36783,1,2,2,"-","G","+",0,0,"-",2,2,"TCGTC","TS54","-dTAG","RepR2","S22","Xist","MSR","other"
"1375",16537,"FJ24-FJ25::chr9:2999602-3038819",36939,36941,0.4,5,2,"-","G","+",0,0,"-",5,2,"CCGTG","TS54","-dTAG","RepR2","S22","Xist","MSR","other"
"1376",16538,"FJ24-FJ25::chr9:2999602-3038819",36999,37001,0.333,3,1,"-","G","+",0,0,"-",3,1,"ACGTT","TS54","-dTAG","RepR2","S22","Xist","MSR","other"
"1377",16539,"FJ24-FJ25::chr9:2999602-3038819",37133,37135,1,1,1,"-","G","+",0,0,"-",1,1,"TCGCC","TS54","-dTAG","RepR2","S22","Xist","MSR","other"
"1378",16540,"FJ24-FJ25::chr9:2999602-3038819",37145,37147,1,1,1,"-","G","+",0,0,"-",1,1,"ACGTG","TS54","-dTAG","RepR2","S22","Xist","MSR","other"
"1379",16541,"FJ24-FJ25::chr9:2999602-3038819",37173,37175,1,1,1,"-","G","+",0,0,"-",1,1,"TCGTG","TS54","-dTAG","RepR2","S22","Xist","MSR","other"
"1380",16542,"FJ24-FJ25::chr9:2999602-3038819",37191,37193,1,1,1,"-","G","+",0,0,"-",1,1,"TCGCC","TS54","-dTAG","RepR2","S22","Xist","MSR","other"
"1381",16543,"FJ24-FJ25::chr9:2999602-3038819",37233,37235,0.5,2,1,"-","G","+",0,0,"-",2,1,"ACGTT","TS54","-dTAG","RepR2","S22","Xist","MSR","other"
"1382",16544,"FJ24-FJ25::chr9:2999602-3038819",37319,37321,0.667,3,2,"B","G","+",2,2,"-",1,0,"CACGT","TS54","-dTAG","RepR2","S22","Xist","MSR","other"
"1383",16545,"FJ24-FJ25::chr9:2999602-3038819",37367,37369,1,1,1,"+","G","+",1,1,"-",0,0,"CTCGC","TS54","-dTAG","RepR2","S22","Xist","MSR","other"
"1384",16546,"FJ24-FJ25::chr9:2999602-3038819",37379,37381,1,1,1,"+","G","+",1,1,"-",0,0,"CACGT","TS54","-dTAG","RepR2","S22","Xist","MSR","other"
"1385",16547,"FJ24-FJ25::chr9:2999602-3038819",37425,37427,0.5,2,1,"B","G","+",1,0,"-",1,1,"CTCGC","TS54","-dTAG","RepR2","S22","Xist","MSR","other"
"1386",16548,"FJ24-FJ25::chr9:2999602-3038819",37467,37469,1,2,2,"-","G","+",0,0,"-",2,2,"ACGTT","TS54","-dTAG","RepR2","S22","Xist","MSR","other"
"1387",16549,"FJ24-FJ25::chr9:2999602-3038819",37483,37485,0,2,0,"-","G","+",0,0,"-",2,0,"TCGTC","TS54","-dTAG","RepR2","S22","Xist","MSR","other"
"1388",16550,"FJ24-FJ25::chr9:2999602-3038819",37498,37500,0.5,2,1,"-","G","+",0,0,"-",2,1,"ACGTC","TS54","-dTAG","RepR2","S22","Xist","MSR","other"
"1389",16551,"FJ24-FJ25::chr9:2999602-3038819",37601,37603,1,1,1,"-","G","+",0,0,"-",1,1,"TCGCC","TS54","-dTAG","RepR2","S22","Xist","MSR","other"
"1390",16552,"FJ24-FJ25::chr9:2999602-3038819",37613,37615,1,3,3,"B","G","+",1,1,"-",2,2,"CACGT","TS54","-dTAG","RepR2","S22","Xist","MSR","other"
"1391",16553,"FJ24-FJ25::chr9:2999602-3038819",37641,37643,0.438,16,7,"B","G","+",1,1,"-",15,6,"TCCGT","TS54","-dTAG","RepR2","S22","Xist","MSR","other"
"1392",16554,"FJ24-FJ25::chr9:2999602-3038819",37659,37661,1,13,13,"B","G","+",1,1,"-",12,12,"CTCGC","TS54","-dTAG","RepR2","S22","Xist","MSR","other"
"1393",16555,"FJ24-FJ25::chr9:2999602-3038819",37701,37703,0.5,6,3,"B","G","+",1,1,"-",5,2,"CACGT","TS54","-dTAG","RepR2","S22","Xist","MSR","other"
"1394",16556,"FJ24-FJ25::chr9:2999602-3038819",37835,37837,1,2,2,"B","G","+",1,1,"-",1,1,"CTCGC","TS54","-dTAG","RepR2","S22","Xist","MSR","other"
"1395",16557,"FJ24-FJ25::chr9:2999602-3038819",37847,37849,1,1,1,"+","G","+",1,1,"-",0,0,"CACGT","TS54","-dTAG","RepR2","S22","Xist","MSR","other"
"1396",16558,"FJ24-FJ25::chr9:2999602-3038819",37935,37937,0,1,0,"-","G","+",0,0,"-",1,0,"ACGTT","TS54","-dTAG","RepR2","S22","Xist","MSR","other"
"1397",16559,"FJ24-FJ25::chr9:2999602-3038819",38021,38023,0,1,0,"-","G","+",0,0,"-",1,0,"ACGTC","TS54","-dTAG","RepR2","S22","Xist","MSR","other"
"1398",16560,"FJ24-FJ25::chr9:2999602-3038819",38069,38071,1,2,2,"+","G","+",2,2,"-",0,0,"CTCGC","TS54","-dTAG","RepR2","S22","Xist","MSR","other"
"1399",16561,"FJ24-FJ25::chr9:2999602-3038819",38081,38083,1,2,2,"+","G","+",2,2,"-",0,0,"CACGT","TS54","-dTAG","RepR2","S22","Xist","MSR","other"
"1400",16562,"FJ24-FJ25::chr9:2999602-3038819",38127,38129,1,2,2,"B","G","+",1,1,"-",1,1,"CTCGC","TS54","-dTAG","RepR2","S22","Xist","MSR","other"
"1401",16563,"FJ24-FJ25::chr9:2999602-3038819",38169,38171,1,1,1,"+","G","+",1,1,"-",0,0,"CACGT","TS54","-dTAG","RepR2","S22","Xist","MSR","other"
"1402",16564,"FJ24-FJ25::chr9:2999602-3038819",38200,38202,0,1,0,"-","G","+",0,0,"-",1,0,"ACGTC","TS54","-dTAG","RepR2","S22","Xist","MSR","other"
"1403",16565,"FJ24-FJ25::chr9:2999602-3038819",38303,38305,1,2,2,"+","G","+",2,2,"-",0,0,"CTCGC","TS54","-dTAG","RepR2","S22","Xist","MSR","other"
"1404",16566,"FJ24-FJ25::chr9:2999602-3038819",38315,38317,1,3,3,"+","G","+",3,3,"-",0,0,"CACGT","TS54","-dTAG","RepR2","S22","Xist","MSR","other"
"1405",16567,"FJ24-FJ25::chr9:2999602-3038819",38343,38345,0.794,34,27,"B","G","+",3,1,"-",31,26,"TCCGT","TS54","-dTAG","RepR2","S22","Xist","MSR","other"
"1406",16568,"FJ24-FJ25::chr9:2999602-3038819",38361,38363,0.867,30,26,"B","G","+",2,0,"-",28,26,"CTCGC","TS54","-dTAG","RepR2","S22","Xist","MSR","other"
"1407",16569,"FJ24-FJ25::chr9:2999602-3038819",38403,38405,0.667,18,12,"B","G","+",3,2,"-",15,10,"CACGT","TS54","-dTAG","RepR2","S22","Xist","MSR","other"
"1408",16570,"FJ24-FJ25::chr9:2999602-3038819",38419,38421,0.826,23,19,"B","G","+",4,2,"-",19,17,"TTCGT","TS54","-dTAG","RepR2","S22","Xist","MSR","other"
"1409",16571,"FJ24-FJ25::chr9:2999602-3038819",38489,38491,0.8,15,12,"B","G","+",1,1,"-",14,11,"CACGT","TS54","-dTAG","RepR2","S22","Xist","MSR","other"
"1410",16572,"FJ24-FJ25::chr9:2999602-3038819",38537,38539,1,3,3,"+","G","+",3,3,"-",0,0,"CTCGC","TS54","-dTAG","RepR2","S22","Xist","MSR","other"
"1411",16573,"FJ24-FJ25::chr9:2999602-3038819",38549,38551,1,3,3,"+","G","+",3,3,"-",0,0,"CACGT","TS54","-dTAG","RepR2","S22","Xist","MSR","other"
"1412",16574,"FJ24-FJ25::chr9:2999602-3038819",38637,38639,0.143,7,1,"-","G","+",0,0,"-",7,1,"ACGTT","TS54","-dTAG","RepR2","S22","Xist","MSR","other"
"1413",16575,"FJ24-FJ25::chr9:2999602-3038819",38653,38655,1,3,3,"-","G","+",0,0,"-",3,3,"TCGTC","TS54","-dTAG","RepR2","S22","Xist","MSR","other"
"1414",16576,"FJ24-FJ25::chr9:35304805-35306009",436,438,1,4,4,"+","G","+",4,4,"-",0,0,"TGCGA","TS54","-dTAG","RepR2","S22","Xist","MSR","other"
"1415",16577,"FJ24-FJ25::chr9:35304805-35306009",454,456,0.667,6,4,"B","G","+",5,3,"-",1,1,"CACGG","TS54","-dTAG","RepR2","S22","Xist","MSR","other"
"1416",16578,"FJ24-FJ25::chr9:35304805-35306009",482,484,0.75,8,6,"B","G","+",6,4,"-",2,2,"GACGT","TS54","-dTAG","RepR2","S22","Xist","MSR","other"
"1417",16579,"FJ24-FJ25::chr9:35304805-35306009",494,496,0.8,10,8,"B","G","+",9,7,"-",1,1,"GGCGA","TS54","-dTAG","RepR2","S22","Xist","MSR","other"
"1418",16580,"FJ24-FJ25::chr9:35304805-35306009",612,614,0.774,5522,4276,"B","G","+",5518,4274,"-",4,2,"GACGA","TS54","-dTAG","RepR2","S22","Xist","MSR","other"
"1419",16581,"FJ24-FJ25::chr9:35304805-35306009",628,630,0.488,5391,2633,"B","G","+",5382,2631,"-",9,2,"AACGT","TS54","-dTAG","RepR2","S22","Xist","MSR","other"
"1420",16582,"FJ24-FJ25::chr9:35304805-35306009",688,690,0.794,5751,4568,"B","G","+",5727,4549,"-",24,19,"CACGG","TS54","-dTAG","RepR2","S22","Xist","MSR","other"
"1421",16583,"FJ24-FJ25::chr9:35304805-35306009",716,718,0.754,57,43,"B","G","+",37,25,"-",20,18,"GACGT","TS54","-dTAG","RepR2","S22","Xist","MSR","other"
"1422",16584,"FJ24-FJ25::chr9:35304805-35306009",728,730,0.674,46,31,"B","G","+",31,17,"-",15,14,"GGCGA","TS54","-dTAG","RepR2","S22","Xist","MSR","other"
"1423",16585,"FJ24-FJ25::chr9:35304805-35306009",776,778,0.167,6,1,"B","G","+",5,0,"-",1,1,"GACGT","TS54","-dTAG","RepR2","S22","Xist","MSR","other"
"1424",16586,"FJ24-FJ25::chr9:35304805-35306009",1063,1065,0,2,0,"+","G","+",2,0,"-",0,0,"CCCGG","TS54","-dTAG","RepR2","S22","Xist","MSR","other"
"1425",16587,"FJ24-FJ25::chrX:75643946-75646608",2448,2450,0.1,10,1,"B","G","+",2,1,"-",8,0,"TCCGG","TS54","-dTAG","RepR2","S22","Xist","MSR","other"
"1426",16588,"FJ24-FJ25::chrX:75643946-75646608",2589,2591,0,1,0,"-","G","+",0,0,"-",1,0,"TCGGT","TS54","-dTAG","RepR2","S22","Xist","MSR","other"
"1427",16589,"FJ28-FJ29.FJ26-FJ27::chrX:103482701-103483891",480,482,0.264,19957,5272,"+","G","+",19957,5272,"-",0,0,"CACGG","TS54","-dTAG","RepR2","S22","Xist","RE58","RE58_CGI_2"
"1428",16590,"FJ28-FJ29.FJ26-FJ27::chrX:103482701-103483891",489,491,0.317,20121,6375,"+","G","+",20121,6375,"-",0,0,"ACCGC","TS54","-dTAG","RepR2","S22","Xist","RE58","RE58_CGI_2"
"1429",16591,"FJ28-FJ29.FJ26-FJ27::chrX:103482701-103483891",499,501,0.379,19832,7519,"+","G","+",19832,7519,"-",0,0,"CACGG","TS54","-dTAG","RepR2","S22","Xist","RE58","RE58_CGI_2"
"1430",16592,"FJ28-FJ29.FJ26-FJ27::chrX:103482701-103483891",506,508,0.359,20035,7197,"+","G","+",20035,7197,"-",0,0,"AACGA","TS54","-dTAG","RepR2","S22","Xist","RE58","RE58_CGI_2"
"1431",16593,"FJ28-FJ29.FJ26-FJ27::chrX:103482701-103483891",530,532,0.515,20050,10325,"+","G","+",20050,10325,"-",0,0,"GCCGT","TS54","-dTAG","RepR2","S22","Xist","RE58","RE58_CGI_2"
"1432",16594,"FJ28-FJ29.FJ26-FJ27::chrX:103482701-103483891",537,539,0.442,20105,8895,"+","G","+",20105,8895,"-",0,0,"CACGC","TS54","-dTAG","RepR2","S22","Xist","RE58","RE58_CGI_2"
"1433",16595,"FJ28-FJ29.FJ26-FJ27::chrX:103482701-103483891",552,554,0.238,20721,4930,"+","G","+",20721,4930,"-",0,0,"TCCGC","TS54","-dTAG","RepR2","S22","Xist","RE58","RE58_CGI_2"
"1434",16596,"FJ28-FJ29.FJ26-FJ27::chrX:103482701-103483891",554,556,0.412,20346,8387,"+","G","+",20346,8387,"-",0,0,"CGCGG","TS54","-dTAG","RepR2","S22","Xist","RE58","RE58_CGI_2"
"1435",16597,"FJ28-FJ29.FJ26-FJ27::chrX:103482701-103483891",557,559,0.325,20547,6685,"+","G","+",20547,6685,"-",0,0,"GGCGC","TS54","-dTAG","RepR2","S22","Xist","RE58","RE58_CGI_2"
"1436",16598,"FJ28-FJ29.FJ26-FJ27::chrX:103482701-103483891",566,568,0.579,19364,11205,"+","G","+",19364,11205,"-",0,0,"GGCGG","TS54","-dTAG","RepR2","S22","Xist","RE58","RE58_CGI_2"
"1437",16599,"FJ28-FJ29.FJ26-FJ27::chrX:103482701-103483891",675,677,0.954,59327,56621,"B","G","+",39573,36880,"-",19754,19741,"TACGT","TS54","-dTAG","RepR2","S22","Xist","RE58","RE58_CGI_1"
"1438",16600,"FJ28-FJ29.FJ26-FJ27::chrX:103482701-103483891",694,696,0.897,59210,53123,"B","G","+",39883,33808,"-",19327,19315,"GACGC","TS54","-dTAG","RepR2","S22","Xist","RE58","RE58_CGI_1"
"1439",16601,"FJ28-FJ29.FJ26-FJ27::chrX:103482701-103483891",696,698,0.914,58729,53663,"B","G","+",39187,34139,"-",19542,19524,"CGCGT","TS54","-dTAG","RepR2","S22","Xist","RE58","RE58_CGI_1"
"1440",16602,"FJ28-FJ29.FJ26-FJ27::chrX:103482701-103483891",715,717,0.894,58253,52051,"B","G","+",39077,32894,"-",19176,19157,"TGCGC","TS54","-dTAG","RepR2","S22","Xist","RE58","RE58_CGI_1"
"1441",16603,"FJ28-FJ29.FJ26-FJ27::chrX:103482701-103483891",717,719,0.882,57874,51026,"B","G","+",38433,31599,"-",19441,19427,"CGCGA","TS54","-dTAG","RepR2","S22","Xist","RE58","RE58_CGI_1"
"1442",16604,"FJ28-FJ29.FJ26-FJ27::chrX:103482701-103483891",753,755,0.442,31211,13789,"B","G","+",20613,3193,"-",10598,10596,"AACGT","TS54","-dTAG","RepR2","S22","Xist","RE58","RE58_CGI_1"
"1443",16605,"FJ14-FJ15.FJ10-FJ11::chrX:103481327-103482781",433,435,0.677,33913,22967,"+","G","+",33913,22967,"-",0,0,"TCCGC","TS54","-dTAG","RepR3","S24","Xist","RE57","RE57_YY1"
"1444",16606,"FJ14-FJ15.FJ10-FJ11::chrX:103481327-103482781",520,522,0.64,29117,18629,"+","G","+",29117,18629,"-",0,0,"TGCGT","TS54","-dTAG","RepR3","S24","Xist","RE57","RE57_YY1"
"1445",16607,"FJ14-FJ15.FJ10-FJ11::chrX:103481327-103482781",528,530,0.657,30848,20279,"+","G","+",30848,20279,"-",0,0,"ACCGC","TS54","-dTAG","RepR3","S24","Xist","RE57","RE57_YY1"
"1446",16608,"FJ14-FJ15.FJ10-FJ11::chrX:103481327-103482781",546,548,0.607,28787,17463,"+","G","+",28787,17463,"-",0,0,"GCCGC","TS54","-dTAG","RepR3","S24","Xist","RE57","RE57_YY1"
"1447",16609,"FJ14-FJ15.FJ10-FJ11::chrX:103481327-103482781",563,565,0.711,30069,21386,"+","G","+",30069,21386,"-",0,0,"TACGA","TS54","-dTAG","RepR3","S24","Xist","RE57","RE57_YY1"
"1448",16610,"FJ14-FJ15.FJ10-FJ11::chrX:103481327-103482781",617,619,0.758,30082,22790,"+","G","+",30082,22790,"-",0,0,"GTCGA","TS54","-dTAG","RepR3","S24","Xist","RE57","RE57_YY1"
"1449",16611,"FJ14-FJ15.FJ10-FJ11::chrX:103481327-103482781",624,626,0.715,29789,21289,"+","G","+",29789,21289,"-",0,0,"CTCGG","TS54","-dTAG","RepR3","S24","Xist","RE57","RE57_YY1"
"1450",16612,"FJ14-FJ15.FJ10-FJ11::chrX:103481327-103482781",637,639,0.792,30899,24461,"+","G","+",30899,24461,"-",0,0,"CCCGA","TS54","-dTAG","RepR3","S24","Xist","RE57","RE57_YY1"
"1451",16613,"FJ14-FJ15.FJ10-FJ11::chrX:103481327-103482781",642,644,0.575,30956,17793,"+","G","+",30956,17793,"-",0,0,"GCCGC","TS54","-dTAG","RepR3","S24","Xist","RE57","RE57_YY1"
"1452",16614,"FJ14-FJ15.FJ10-FJ11::chrX:103481327-103482781",736,738,0.461,5836,2688,"+","G","+",5836,2688,"-",0,0,"CACGC","TS54","-dTAG","RepR3","S24","Xist","RE57","RE57_CGI"
"1453",16615,"FJ14-FJ15.FJ10-FJ11::chrX:103481327-103482781",763,765,0.766,4997,3830,"+","G","+",4997,3830,"-",0,0,"TGCGG","TS54","-dTAG","RepR3","S24","Xist","RE57","RE57_CGI"
"1454",16616,"FJ14-FJ15.FJ10-FJ11::chrX:103481327-103482781",770,772,0.825,5453,4497,"+","G","+",5453,4497,"-",0,0,"TCCGC","TS54","-dTAG","RepR3","S24","Xist","RE57","RE57_CGI"
"1455",16617,"FJ14-FJ15.FJ10-FJ11::chrX:103481327-103482781",772,774,0.857,5286,4531,"+","G","+",5286,4531,"-",0,0,"CGCGC","TS54","-dTAG","RepR3","S24","Xist","RE57","RE57_CGI"
"1456",16618,"FJ14-FJ15.FJ10-FJ11::chrX:103481327-103482781",780,782,0.836,5546,4636,"+","G","+",5546,4636,"-",0,0,"ACCGC","TS54","-dTAG","RepR3","S24","Xist","RE57","RE57_CGI"
"1457",16619,"FJ14-FJ15.FJ10-FJ11::chrX:103481327-103482781",792,794,0.867,4941,4285,"+","G","+",4941,4285,"-",0,0,"TACGA","TS54","-dTAG","RepR3","S24","Xist","RE57","RE57_CGI"
"1458",16620,"FJ14-FJ15.FJ10-FJ11::chrX:103481327-103482781",817,819,0.83,4407,3658,"+","G","+",4407,3658,"-",0,0,"TCCGG","TS54","-dTAG","RepR3","S24","Xist","RE57","RE57_CGI"
"1459",16621,"FJ14-FJ15.FJ10-FJ11::chrX:103481327-103482781",832,834,0.745,4506,3356,"+","G","+",4506,3356,"-",0,0,"CCCGC","TS54","-dTAG","RepR3","S24","Xist","RE57","RE57_CGI"
"1460",16622,"FJ14-FJ15.FJ10-FJ11::chrX:103481327-103482781",856,858,0.691,110,76,"+","G","+",110,76,"-",0,0,"GGCGA","TS54","-dTAG","RepR3","S24","Xist","RE57","intermediate_RE57"
"1461",16623,"FJ14-FJ15.FJ10-FJ11::chrX:103481327-103482781",863,865,0.819,105,86,"+","G","+",105,86,"-",0,0,"CCCGC","TS54","-dTAG","RepR3","S24","Xist","RE57","intermediate_RE57"
"1462",16624,"FJ14-FJ15.FJ10-FJ11::chrX:103481327-103482781",871,873,0.688,96,66,"+","G","+",96,66,"-",0,0,"CCCGC","TS54","-dTAG","RepR3","S24","Xist","RE57","intermediate_RE57"
"1463",16625,"FJ14-FJ15.FJ10-FJ11::chrX:103481327-103482781",899,901,0.763,300,229,"+","G","+",300,229,"-",0,0,"AGCGC","TS54","-dTAG","RepR3","S24","Xist","RE57","intermediate_RE57"
"1464",16626,"FJ14-FJ15.FJ10-FJ11::chrX:103481327-103482781",904,906,0.663,416,276,"+","G","+",416,276,"-",0,0,"AGCGC","TS54","-dTAG","RepR3","S24","Xist","RE57","intermediate_RE57"
"1465",16627,"FJ14-FJ15.FJ10-FJ11::chrX:103481327-103482781",929,931,0.696,5541,3856,"+","G","+",5541,3856,"-",0,0,"TCCGC","TS54","-dTAG","RepR3","S24","Xist","RE57","RE57_CGI"
"1466",16628,"FJ14-FJ15.FJ10-FJ11::chrX:103481327-103482781",941,943,0.773,5543,4285,"+","G","+",5543,4285,"-",0,0,"CTCGG","TS54","-dTAG","RepR3","S24","Xist","RE57","RE57_CGI"
"1467",16629,"FJ14-FJ15.FJ10-FJ11::chrX:103481327-103482781",959,961,0.901,5547,4998,"+","G","+",5547,4998,"-",0,0,"GGCGT","TS54","-dTAG","RepR3","S24","Xist","RE57","RE57_CGI"
"1468",16630,"FJ14-FJ15.FJ10-FJ11::chrX:103481327-103482781",970,972,0.874,5584,4878,"+","G","+",5584,4878,"-",0,0,"CTCGA","TS54","-dTAG","RepR3","S24","Xist","RE57","RE57_CGI"
"1469",16631,"FJ14-FJ15.FJ10-FJ11::chrX:103481327-103482781",980,982,0.917,5639,5170,"+","G","+",5639,5170,"-",0,0,"GCCGT","TS54","-dTAG","RepR3","S24","Xist","RE57","RE57_CGI"
"1470",16632,"FJ14-FJ15.FJ10-FJ11::chrX:103481327-103482781",987,989,0.887,5826,5165,"+","G","+",5826,5165,"-",0,0,"CACGC","TS54","-dTAG","RepR3","S24","Xist","RE57","RE57_CGI"
"1471",16633,"FJ14-FJ15.FJ10-FJ11::chrX:103481327-103482781",1004,1006,0.863,5775,4986,"+","G","+",5775,4986,"-",0,0,"GGCGG","TS54","-dTAG","RepR3","S24","Xist","RE57","RE57_CGI"
"1472",16634,"FJ14-FJ15.FJ10-FJ11::chrX:103481327-103482781",1008,1010,0.859,5845,5018,"+","G","+",5845,5018,"-",0,0,"GACGC","TS54","-dTAG","RepR3","S24","Xist","RE57","RE57_CGI"
"1473",16635,"FJ14-FJ15.FJ10-FJ11::chrX:103481327-103482781",1010,1012,0.708,5821,4120,"+","G","+",5821,4120,"-",0,0,"CGCGG","TS54","-dTAG","RepR3","S24","Xist","RE57","RE57_CGI"
"1474",16636,"FJ14-FJ15.FJ10-FJ11::chrX:103481327-103482781",1021,1023,0.868,5712,4957,"+","G","+",5712,4957,"-",0,0,"CACGC","TS54","-dTAG","RepR3","S24","Xist","RE57","RE57_CGI"
"1475",16637,"FJ14-FJ15.FJ10-FJ11::chrX:103481327-103482781",1055,1057,0,1,0,"+","G","+",1,0,"-",0,0,"GTCGT","TS54","-dTAG","RepR3","S24","Xist","RE57","other"
"1476",16638,"FJ24-FJ25.FJ24-FJ25.FJ24-FJ25.FJ24-FJ25.FJ24-FJ25.FJ24-FJ25.FJ24-FJ25.FJ24-FJ25::chrX:75658294-75672942",71,73,0.125,8,1,"B","G","+",7,0,"-",1,1,"ACCGA","TS54","-dTAG","RepR3","S24","Xist","MSR","other"
"1477",16639,"FJ24-FJ25.FJ24-FJ25.FJ24-FJ25.FJ24-FJ25.FJ24-FJ25.FJ24-FJ25.FJ24-FJ25.FJ24-FJ25::chrX:75658294-75672942",212,214,0.222,9,2,"+","G","+",9,2,"-",0,0,"CCCGG","TS54","-dTAG","RepR3","S24","Xist","MSR","other"
"1478",16640,"FJ24-FJ25.FJ24-FJ25.FJ24-FJ25::chrX:75646518-75653780",17,19,0,3,0,"-","G","+",0,0,"-",3,0,"TCGGT","TS54","-dTAG","RepR3","S24","Xist","MSR","other"
"1479",16641,"FJ24-FJ25.FJ24-FJ25.FJ24-FJ25::chrX:75646518-75653780",131,133,0.731,26,19,"B","G","+",12,9,"-",14,10,"CCCGG","TS54","-dTAG","RepR3","S24","Xist","MSR","other"
"1480",16642,"FJ24-FJ25.FJ24-FJ25.FJ24-FJ25::chrX:75646518-75653780",177,179,0.385,13,5,"B","G","+",6,2,"-",7,3,"GGCGG","TS54","-dTAG","RepR3","S24","Xist","MSR","other"
"1481",16643,"FJ24-FJ25.FJ24-FJ25.FJ24-FJ25::chrX:75646518-75653780",210,212,0,3,0,"-","G","+",0,0,"-",3,0,"ACGCA","TS54","-dTAG","RepR3","S24","Xist","MSR","other"
"1482",16644,"FJ24-FJ25.FJ24-FJ25.FJ24-FJ25::chrX:75646518-75653780",3446,3448,1,1,1,"-","G","+",0,0,"-",1,1,"TCGCC","TS54","-dTAG","RepR3","S24","Xist","MSR","other"
"1483",16645,"FJ24-FJ25.FJ24-FJ25.FJ24-FJ25::chrX:75646518-75653780",7048,7050,0.267,15,4,"B","G","+",5,3,"-",10,1,"TCCGG","TS54","-dTAG","RepR3","S24","Xist","MSR","other"
"1484",16646,"FJ24-FJ25.FJ24-FJ25.FJ24-FJ25::chrX:75646518-75653780",7189,7191,0,1,0,"-","G","+",0,0,"-",1,0,"TCGGT","TS54","-dTAG","RepR3","S24","Xist","MSR","other"
"1485",16647,"FJ24-FJ25.FJ24-FJ25.FJ24-FJ25::chrX:75653690-75658384",17,19,0,3,0,"-","G","+",0,0,"-",3,0,"TCGGT","TS54","-dTAG","RepR3","S24","Xist","MSR","other"
"1486",16648,"FJ24-FJ25.FJ24-FJ25.FJ24-FJ25::chrX:75653690-75658384",131,133,0.68,25,17,"B","G","+",4,3,"-",21,14,"CCCGG","TS54","-dTAG","RepR3","S24","Xist","MSR","other"
"1487",16649,"FJ24-FJ25.FJ24-FJ25.FJ24-FJ25::chrX:75653690-75658384",177,179,0.692,13,9,"B","G","+",3,1,"-",10,8,"GGCGG","TS54","-dTAG","RepR3","S24","Xist","MSR","other"
"1488",16650,"FJ24-FJ25.FJ24-FJ25.FJ24-FJ25::chrX:75653690-75658384",210,212,1,3,3,"-","G","+",0,0,"-",3,3,"ACGCA","TS54","-dTAG","RepR3","S24","Xist","MSR","other"
"1489",16651,"FJ24-FJ25.FJ24-FJ25.FJ24-FJ25::chrX:75653690-75658384",4482,4484,0.25,4,1,"B","G","+",3,1,"-",1,0,"TGCGT","TS54","-dTAG","RepR3","S24","Xist","MSR","other"
"1490",16652,"FJ24-FJ25.FJ24-FJ25.FJ24-FJ25::chrX:75653690-75658384",4515,4517,0.5,22,11,"B","G","+",7,5,"-",15,6,"GCCGC","TS54","-dTAG","RepR3","S24","Xist","MSR","other"
"1491",16653,"FJ24-FJ25.FJ24-FJ25.FJ24-FJ25::chrX:75653690-75658384",4561,4563,0.55,20,11,"B","G","+",12,8,"-",8,3,"TCCGG","TS54","-dTAG","RepR3","S24","Xist","MSR","other"
"1492",16654,"FJ24-FJ25.FJ24-FJ25.FJ24-FJ25::chrX:75653690-75658384",4675,4677,0,5,0,"+","G","+",5,0,"-",0,0,"ACCGA","TS54","-dTAG","RepR3","S24","Xist","MSR","other"
"1493",16655,"FJ24-FJ25.FJ24-FJ25::chr11:3099610-3105149",1617,1619,0,1,0,"+","G","+",1,0,"-",0,0,"CTCGC","TS54","-dTAG","RepR3","S24","Xist","MSR","other"
"1494",16656,"FJ24-FJ25.FJ24-FJ25::chr11:3099610-3105149",1675,1677,1,2,2,"-","G","+",0,0,"-",2,2,"TCGCC","TS54","-dTAG","RepR3","S24","Xist","MSR","other"
"1495",16657,"FJ24-FJ25.FJ24-FJ25::chr11:3099610-3105149",5159,5161,1,1,1,"-","G","+",0,0,"-",1,1,"CCGCC","TS54","-dTAG","RepR3","S24","Xist","MSR","other"
"1496",16658,"FJ24-FJ25.FJ24-FJ25::chr2:98661834-98663393",429,431,0.575,348,200,"B","G","+",2,2,"-",346,198,"CACGT","TS54","-dTAG","RepR3","S24","Xist","MSR","other"
"1497",16659,"FJ24-FJ25.FJ24-FJ25::chr2:98661834-98663393",445,447,0.781,389,304,"B","G","+",2,2,"-",387,302,"TTCGT","TS54","-dTAG","RepR3","S24","Xist","MSR","other"
"1498",16660,"FJ24-FJ25.FJ24-FJ25::chr2:98661834-98663393",460,462,0.772,395,305,"B","G","+",1,1,"-",394,304,"GTCGT","TS54","-dTAG","RepR3","S24","Xist","MSR","other"
"1499",16661,"FJ24-FJ25.FJ24-FJ25::chr2:98661834-98663393",515,517,0.85,453,385,"-","G","+",0,0,"-",453,385,"ACGTC","TS54","-dTAG","RepR3","S24","Xist","MSR","other"
"1500",16662,"FJ24-FJ25.FJ24-FJ25::chr2:98661834-98663393",575,577,0.683,63,43,"B","G","+",8,6,"-",55,37,"CACGT","TS54","-dTAG","RepR3","S24","Xist","MSR","other"
"1501",16663,"FJ24-FJ25.FJ24-FJ25::chr2:98661834-98663393",603,605,0.654,26,17,"B","G","+",8,8,"-",18,9,"TCCGT","TS54","-dTAG","RepR3","S24","Xist","MSR","other"
"1502",16664,"FJ24-FJ25.FJ24-FJ25::chr2:98661834-98663393",621,623,0.824,17,14,"B","G","+",6,6,"-",11,8,"CTCGC","TS54","-dTAG","RepR3","S24","Xist","MSR","other"
"1503",16665,"FJ24-FJ25.FJ24-FJ25::chr2:98661834-98663393",721,723,0.941,17,16,"B","G","+",15,14,"-",2,2,"CCCGT","TS54","-dTAG","RepR3","S24","Xist","MSR","other"
"1504",16666,"FJ24-FJ25.FJ24-FJ25::chr2:98661834-98663393",730,732,0.773,22,17,"B","G","+",19,14,"-",3,3,"AACGA","TS54","-dTAG","RepR3","S24","Xist","MSR","other"
"1505",16667,"FJ24-FJ25.FJ24-FJ25::chr2:98661834-98663393",766,768,0,21,0,"+","G","+",21,0,"-",0,0,"TACGT","TS54","-dTAG","RepR3","S24","Xist","MSR","other"
"1506",16668,"FJ24-FJ25.FJ24-FJ25::chr2:98661834-98663393",794,796,0,4,0,"+","G","+",4,0,"-",0,0,"TTCGA","TS54","-dTAG","RepR3","S24","Xist","MSR","other"
"1507",16669,"FJ24-FJ25.FJ24-FJ25::chr2:98661834-98663393",841,843,0.824,17,14,"+","G","+",17,14,"-",0,0,"CCCGT","TS54","-dTAG","RepR3","S24","Xist","MSR","other"
"1508",16670,"FJ24-FJ25.FJ24-FJ25::chr2:98661834-98663393",850,852,0.684,19,13,"B","G","+",15,12,"-",4,1,"AACGA","TS54","-dTAG","RepR3","S24","Xist","MSR","other"
"1509",16671,"FJ24-FJ25.FJ24-FJ25::chr2:98661834-98663393",1021,1023,0.91,366,333,"+","G","+",366,333,"-",0,0,"GACGT","TS54","-dTAG","RepR3","S24","Xist","MSR","other"
"1510",16672,"FJ24-FJ25.FJ24-FJ25::chr2:98661834-98663393",1068,1070,0.917,12,11,"B","G","+",8,7,"-",4,4,"ATCGA","TS54","-dTAG","RepR3","S24","Xist","MSR","other"
"1511",16673,"FJ24-FJ25.FJ24-FJ25::chr2:98661834-98663393",1076,1078,0.772,232,179,"B","G","+",226,173,"-",6,6,"GACGA","TS54","-dTAG","RepR3","S24","Xist","MSR","other"
"1512",16674,"FJ24-FJ25.FJ24-FJ25::chr2:98661834-98663393",1091,1093,0.788,217,171,"B","G","+",210,165,"-",7,6,"GACGA","TS54","-dTAG","RepR3","S24","Xist","MSR","other"
"1513",16675,"FJ24-FJ25.FJ24-FJ25::chr2:98661834-98663393",1107,1109,0.633,196,124,"B","G","+",191,120,"-",5,4,"TACGT","TS54","-dTAG","RepR3","S24","Xist","MSR","other"
"1514",16676,"FJ24-FJ25::chr12:3109471-3110521",411,413,1,6,6,"-","G","+",0,0,"-",6,6,"ACGGA","TS54","-dTAG","RepR3","S24","Xist","MSR","other"
"1515",16677,"FJ24-FJ25::chr12:3109471-3110521",439,441,0.688,32,22,"B","G","+",21,16,"-",11,6,"GACGT","TS54","-dTAG","RepR3","S24","Xist","MSR","other"
"1516",16678,"FJ24-FJ25::chr12:3109471-3110521",451,453,0.806,36,29,"B","G","+",24,22,"-",12,7,"GGCGA","TS54","-dTAG","RepR3","S24","Xist","MSR","other"
"1517",16679,"FJ24-FJ25::chr12:3109471-3110521",554,556,0.787,61,48,"B","G","+",53,40,"-",8,8,"GACGA","TS54","-dTAG","RepR3","S24","Xist","MSR","other"
"1518",16680,"FJ24-FJ25::chr12:3109471-3110521",627,629,0.857,14,12,"B","G","+",13,11,"-",1,1,"GGCGA","TS54","-dTAG","RepR3","S24","Xist","MSR","other"
"1519",16681,"FJ24-FJ25::chr12:3109471-3110521",645,647,0.667,3,2,"+","G","+",3,2,"-",0,0,"CACGG","TS54","-dTAG","RepR3","S24","Xist","MSR","other"
"1520",16682,"FJ24-FJ25::chr12:74803437-74804905",941,943,0,1,0,"+","G","+",1,0,"-",0,0,"CACGT","TS54","-dTAG","RepR3","S24","Xist","MSR","other"
"1521",16683,"FJ24-FJ25::chr12:74803437-74804905",999,1001,0,1,0,"+","G","+",1,0,"-",0,0,"CACGT","TS54","-dTAG","RepR3","S24","Xist","MSR","other"
"1522",16684,"FJ24-FJ25::chr12:74803437-74804905",1016,1018,0,1,0,"+","G","+",1,0,"-",0,0,"CTCGC","TS54","-dTAG","RepR3","S24","Xist","MSR","other"
"1523",16685,"FJ24-FJ25::chr12:74803437-74804905",1058,1060,0,1,0,"+","G","+",1,0,"-",0,0,"CACGT","TS54","-dTAG","RepR3","S24","Xist","MSR","other"
"1524",16686,"FJ24-FJ25::chr13:77438509-77439457",415,417,1,1,1,"+","G","+",1,1,"-",0,0,"TTCGT","TS54","-dTAG","RepR3","S24","Xist","MSR","other"
"1525",16687,"FJ24-FJ25::chr13:77438509-77439457",430,432,1,1,1,"+","G","+",1,1,"-",0,0,"GTCGT","TS54","-dTAG","RepR3","S24","Xist","MSR","other"
"1526",16688,"FJ24-FJ25::chr14:19415282-19420102",357,359,0.8,5,4,"-","G","+",0,0,"-",5,4,"CCGAC","TS54","-dTAG","RepR3","S24","Xist","MSR","other"
"1527",16689,"FJ24-FJ25::chr14:19415282-19420102",457,459,1,7,7,"+","G","+",7,7,"-",0,0,"GGCGA","TS54","-dTAG","RepR3","S24","Xist","MSR","other"
"1528",16690,"FJ24-FJ25::chr14:19415282-19420102",475,477,0.778,9,7,"+","G","+",9,7,"-",0,0,"CACGG","TS54","-dTAG","RepR3","S24","Xist","MSR","other"
"1529",16691,"FJ24-FJ25::chr14:19415282-19420102",503,505,1,2,2,"B","G","+",1,1,"-",1,1,"GACGT","TS54","-dTAG","RepR3","S24","Xist","MSR","other"
"1530",16692,"FJ24-FJ25::chr14:19415282-19420102",618,620,0.706,51,36,"B","G","+",43,28,"-",8,8,"GACGA","TS54","-dTAG","RepR3","S24","Xist","MSR","other"
"1531",16693,"FJ24-FJ25::chr14:19415282-19420102",633,635,0.76,50,38,"B","G","+",42,30,"-",8,8,"GACGA","TS54","-dTAG","RepR3","S24","Xist","MSR","other"
"1532",16694,"FJ24-FJ25::chr14:19415282-19420102",691,693,0.737,38,28,"+","G","+",38,28,"-",0,0,"GGCGA","TS54","-dTAG","RepR3","S24","Xist","MSR","other"
"1533",16695,"FJ24-FJ25::chr14:19415282-19420102",709,711,0.806,36,29,"+","G","+",36,29,"-",0,0,"CACGG","TS54","-dTAG","RepR3","S24","Xist","MSR","other"
"1534",16696,"FJ24-FJ25::chr14:19415282-19420102",852,854,1,4,4,"B","G","+",3,3,"-",1,1,"GACGA","TS54","-dTAG","RepR3","S24","Xist","MSR","other"
"1535",16697,"FJ24-FJ25::chr14:19415282-19420102",883,885,0.8,5,4,"B","G","+",4,3,"-",1,1,"AACGT","TS54","-dTAG","RepR3","S24","Xist","MSR","other"
"1536",16698,"FJ24-FJ25::chr14:19415282-19420102",963,965,0.467,15,7,"+","G","+",15,7,"-",0,0,"CTCGT","TS54","-dTAG","RepR3","S24","Xist","MSR","other"
"1537",16699,"FJ24-FJ25::chr14:19415282-19420102",1219,1221,0.667,3,2,"+","G","+",3,2,"-",0,0,"GACGA","TS54","-dTAG","RepR3","S24","Xist","MSR","other"
"1538",16700,"FJ24-FJ25::chr14:19415282-19420102",1276,1278,0.75,8,6,"B","G","+",7,5,"-",1,1,"GGCGA","TS54","-dTAG","RepR3","S24","Xist","MSR","other"
"1539",16701,"FJ24-FJ25::chr14:19415282-19420102",1294,1296,0.909,11,10,"B","G","+",9,8,"-",2,2,"CACGG","TS54","-dTAG","RepR3","S24","Xist","MSR","other"
"1540",16702,"FJ24-FJ25::chr14:19415282-19420102",1322,1324,1,2,2,"+","G","+",2,2,"-",0,0,"GACGT","TS54","-dTAG","RepR3","S24","Xist","MSR","other"
"1541",16703,"FJ24-FJ25::chr14:19415282-19420102",1334,1336,1,1,1,"-","G","+",0,0,"-",1,1,"ACGAG","TS54","-dTAG","RepR3","S24","Xist","MSR","other"
"1542",16704,"FJ24-FJ25::chr14:19415282-19420102",1436,1438,0.6,5,3,"+","G","+",5,3,"-",0,0,"GACGA","TS54","-dTAG","RepR3","S24","Xist","MSR","other"
"1543",16705,"FJ24-FJ25::chr14:19415282-19420102",1451,1453,1,2,2,"+","G","+",2,2,"-",0,0,"GACGA","TS54","-dTAG","RepR3","S24","Xist","MSR","other"
"1544",16706,"FJ24-FJ25::chr14:19415282-19420102",1509,1511,0.833,6,5,"+","G","+",6,5,"-",0,0,"GGCGA","TS54","-dTAG","RepR3","S24","Xist","MSR","other"
"1545",16707,"FJ24-FJ25::chr14:19415282-19420102",1527,1529,1,6,6,"+","G","+",6,6,"-",0,0,"CTCGG","TS54","-dTAG","RepR3","S24","Xist","MSR","other"
"1546",16708,"FJ24-FJ25::chr14:19415282-19420102",1628,1630,0,7,0,"B","G","+",1,0,"-",6,0,"AGCGA","TS54","-dTAG","RepR3","S24","Xist","MSR","other"
"1547",16709,"FJ24-FJ25::chr14:19415282-19420102",1671,1673,0.85,40,34,"B","G","+",27,23,"-",13,11,"GACGA","TS54","-dTAG","RepR3","S24","Xist","MSR","other"
"1548",16710,"FJ24-FJ25::chr14:19415282-19420102",1686,1688,0.897,39,35,"B","G","+",25,23,"-",14,12,"GACGA","TS54","-dTAG","RepR3","S24","Xist","MSR","other"
"1549",16711,"FJ24-FJ25::chr14:19415282-19420102",1702,1704,0.622,37,23,"B","G","+",29,18,"-",8,5,"AACGT","TS54","-dTAG","RepR3","S24","Xist","MSR","other"
"1550",16712,"FJ24-FJ25::chr14:19415282-19420102",1744,1746,0.923,26,24,"B","G","+",23,21,"-",3,3,"GGCGA","TS54","-dTAG","RepR3","S24","Xist","MSR","other"
"1551",16713,"FJ24-FJ25::chr14:19415282-19420102",1762,1764,0.667,24,16,"B","G","+",22,14,"-",2,2,"CACGG","TS54","-dTAG","RepR3","S24","Xist","MSR","other"
"1552",16714,"FJ24-FJ25::chr14:19415282-19420102",1819,1821,1,1,1,"+","G","+",1,1,"-",0,0,"ATCGT","TS54","-dTAG","RepR3","S24","Xist","MSR","other"
"1553",16715,"FJ24-FJ25::chr14:19415282-19420102",1861,1863,0.75,8,6,"+","G","+",8,6,"-",0,0,"GGCGA","TS54","-dTAG","RepR3","S24","Xist","MSR","other"
"1554",16716,"FJ24-FJ25::chr14:19415282-19420102",1879,1881,0.818,11,9,"+","G","+",11,9,"-",0,0,"CACGG","TS54","-dTAG","RepR3","S24","Xist","MSR","other"
"1555",16717,"FJ24-FJ25::chr14:19415282-19420102",1939,1941,0.333,3,1,"B","G","+",1,1,"-",2,0,"GTCGA","TS54","-dTAG","RepR3","S24","Xist","MSR","other"
"1556",16718,"FJ24-FJ25::chr14:19415282-19420102",2022,2024,0.707,335,237,"B","G","+",295,205,"-",40,32,"GACGA","TS54","-dTAG","RepR3","S24","Xist","MSR","other"
"1557",16719,"FJ24-FJ25::chr14:19415282-19420102",2037,2039,0.829,315,261,"B","G","+",274,227,"-",41,34,"GACGA","TS54","-dTAG","RepR3","S24","Xist","MSR","other"
"1558",16720,"FJ24-FJ25::chr14:19415282-19420102",2053,2055,0.548,299,164,"B","G","+",260,147,"-",39,17,"AACGT","TS54","-dTAG","RepR3","S24","Xist","MSR","other"
"1559",16721,"FJ24-FJ25::chr14:19415282-19420102",2095,2097,0.886,88,78,"B","G","+",81,71,"-",7,7,"GGCGA","TS54","-dTAG","RepR3","S24","Xist","MSR","other"
"1560",16722,"FJ24-FJ25::chr14:19415282-19420102",2153,2155,1,2,2,"+","G","+",2,2,"-",0,0,"GACGA","TS54","-dTAG","RepR3","S24","Xist","MSR","other"
"1561",16723,"FJ24-FJ25::chr14:19415282-19420102",2170,2172,0,3,0,"B","G","+",1,0,"-",2,0,"ATCGT","TS54","-dTAG","RepR3","S24","Xist","MSR","other"
"1562",16724,"FJ24-FJ25::chr14:19415282-19420102",2230,2232,0.722,18,13,"B","G","+",17,12,"-",1,1,"CACGG","TS54","-dTAG","RepR3","S24","Xist","MSR","other"
"1563",16725,"FJ24-FJ25::chr14:19415282-19420102",2370,2372,0,32,0,"+","G","+",32,0,"-",0,0,"CTCGA","TS54","-dTAG","RepR3","S24","Xist","MSR","other"
"1564",16726,"FJ24-FJ25::chr14:19415282-19420102",2404,2406,0.63,27,17,"+","G","+",27,17,"-",0,0,"AACGT","TS54","-dTAG","RepR3","S24","Xist","MSR","other"
"1565",16727,"FJ24-FJ25::chr14:19415282-19420102",2437,2439,0.5,6,3,"+","G","+",6,3,"-",0,0,"CTCGA","TS54","-dTAG","RepR3","S24","Xist","MSR","other"
"1566",16728,"FJ24-FJ25::chr14:19415282-19420102",2446,2448,0.8,25,20,"+","G","+",25,20,"-",0,0,"GGCGA","TS54","-dTAG","RepR3","S24","Xist","MSR","other"
"1567",16729,"FJ24-FJ25::chr14:19415282-19420102",2464,2466,0.875,24,21,"+","G","+",24,21,"-",0,0,"CACGG","TS54","-dTAG","RepR3","S24","Xist","MSR","other"
"1568",16730,"FJ24-FJ25::chr14:19415282-19420102",2491,2493,0,4,0,"B","G","+",2,0,"-",2,0,"GACGG","TS54","-dTAG","RepR3","S24","Xist","MSR","other"
"1569",16731,"FJ24-FJ25::chr14:19415282-19420102",2503,2505,0.714,7,5,"B","G","+",5,5,"-",2,0,"GGCGA","TS54","-dTAG","RepR3","S24","Xist","MSR","other"
"1570",16732,"FJ24-FJ25::chr14:19415282-19420102",2606,2608,0.75,88,66,"B","G","+",85,63,"-",3,3,"GACGA","TS54","-dTAG","RepR3","S24","Xist","MSR","other"
"1571",16733,"FJ24-FJ25::chr14:19415282-19420102",2621,2623,0.865,74,64,"B","G","+",71,61,"-",3,3,"GACGA","TS54","-dTAG","RepR3","S24","Xist","MSR","other"
"1572",16734,"FJ24-FJ25::chr14:19415282-19420102",2637,2639,0.594,64,38,"B","G","+",63,37,"-",1,1,"AACGT","TS54","-dTAG","RepR3","S24","Xist","MSR","other"
"1573",16735,"FJ24-FJ25::chr14:19415282-19420102",2678,2680,0.636,22,14,"+","G","+",22,14,"-",0,0,"GGCGA","TS54","-dTAG","RepR3","S24","Xist","MSR","other"
"1574",16736,"FJ24-FJ25::chr14:19415282-19420102",2736,2738,0,1,0,"-","G","+",0,0,"-",1,0,"GCGAG","TS54","-dTAG","RepR3","S24","Xist","MSR","other"
"1575",16737,"FJ24-FJ25::chr14:19415282-19420102",2853,2855,0.837,49,41,"+","G","+",49,41,"-",0,0,"GACGA","TS54","-dTAG","RepR3","S24","Xist","MSR","other"
"1576",16738,"FJ24-FJ25::chr14:19415282-19420102",2929,2931,0.545,143,78,"+","G","+",143,78,"-",0,0,"CACGG","TS54","-dTAG","RepR3","S24","Xist","MSR","other"
"1577",16739,"FJ24-FJ25::chr14:19415282-19420102",2957,2959,1,1,1,"+","G","+",1,1,"-",0,0,"GACGT","TS54","-dTAG","RepR3","S24","Xist","MSR","other"
"1578",16740,"FJ24-FJ25::chr14:19415282-19420102",3072,3074,0.75,4,3,"B","G","+",1,1,"-",3,2,"GACGA","TS54","-dTAG","RepR3","S24","Xist","MSR","other"
"1579",16741,"FJ24-FJ25::chr14:19415282-19420102",3087,3089,0.833,6,5,"B","G","+",3,3,"-",3,2,"GACGG","TS54","-dTAG","RepR3","S24","Xist","MSR","other"
"1580",16742,"FJ24-FJ25::chr14:19415282-19420102",3103,3105,0.5,6,3,"B","G","+",3,3,"-",3,0,"AACGT","TS54","-dTAG","RepR3","S24","Xist","MSR","other"
"1581",16743,"FJ24-FJ25::chr14:19415282-19420102",3163,3165,0.333,3,1,"+","G","+",3,1,"-",0,0,"CACGA","TS54","-dTAG","RepR3","S24","Xist","MSR","other"
"1582",16744,"FJ24-FJ25::chr14:19415282-19420102",3305,3307,0.727,22,16,"B","G","+",21,15,"-",1,1,"GACGA","TS54","-dTAG","RepR3","S24","Xist","MSR","other"
"1583",16745,"FJ24-FJ25::chr14:19415282-19420102",3320,3322,0.857,21,18,"B","G","+",20,18,"-",1,0,"GACGA","TS54","-dTAG","RepR3","S24","Xist","MSR","other"
"1584",16746,"FJ24-FJ25::chr14:19415282-19420102",3336,3338,0.773,22,17,"B","G","+",21,17,"-",1,0,"AACGT","TS54","-dTAG","RepR3","S24","Xist","MSR","other"
"1585",16747,"FJ24-FJ25::chr14:19415282-19420102",3386,3388,0.75,4,3,"+","G","+",4,3,"-",0,0,"AACGG","TS54","-dTAG","RepR3","S24","Xist","MSR","other"
"1586",16748,"FJ24-FJ25::chr14:19415282-19420102",3396,3398,0.842,19,16,"+","G","+",19,16,"-",0,0,"CACGG","TS54","-dTAG","RepR3","S24","Xist","MSR","other"
"1587",16749,"FJ24-FJ25::chr14:19415282-19420102",3416,3418,0.727,11,8,"+","G","+",11,8,"-",0,0,"CACGT","TS54","-dTAG","RepR3","S24","Xist","MSR","other"
"1588",16750,"FJ24-FJ25::chr14:19415282-19420102",3495,3497,0.857,14,12,"B","G","+",9,9,"-",5,3,"GGCGA","TS54","-dTAG","RepR3","S24","Xist","MSR","other"
"1589",16751,"FJ24-FJ25::chr14:19415282-19420102",3513,3515,0.611,18,11,"B","G","+",13,9,"-",5,2,"CACGG","TS54","-dTAG","RepR3","S24","Xist","MSR","other"
"1590",16752,"FJ24-FJ25::chr14:19415282-19420102",3541,3543,0.857,7,6,"B","G","+",3,2,"-",4,4,"GACGT","TS54","-dTAG","RepR3","S24","Xist","MSR","other"
"1591",16753,"FJ24-FJ25::chr14:19415282-19420102",3553,3555,0.4,5,2,"B","G","+",3,0,"-",2,2,"GGCGA","TS54","-dTAG","RepR3","S24","Xist","MSR","other"
"1592",16754,"FJ24-FJ25::chr14:19415282-19420102",3656,3658,0.667,3,2,"B","G","+",1,0,"-",2,2,"GACGA","TS54","-dTAG","RepR3","S24","Xist","MSR","other"
"1593",16755,"FJ24-FJ25::chr14:19415282-19420102",3671,3673,1,2,2,"B","G","+",1,1,"-",1,1,"GACGA","TS54","-dTAG","RepR3","S24","Xist","MSR","other"
"1594",16756,"FJ24-FJ25::chr14:19415282-19420102",3687,3689,0.333,3,1,"B","G","+",2,1,"-",1,0,"AACGT","TS54","-dTAG","RepR3","S24","Xist","MSR","other"
"1595",16757,"FJ24-FJ25::chr14:19415282-19420102",3905,3907,1,8,8,"+","G","+",8,8,"-",0,0,"GACGA","TS54","-dTAG","RepR3","S24","Xist","MSR","other"
"1596",16758,"FJ24-FJ25::chr14:19415282-19420102",3921,3923,0.556,9,5,"+","G","+",9,5,"-",0,0,"AACGT","TS54","-dTAG","RepR3","S24","Xist","MSR","other"
"1597",16759,"FJ24-FJ25::chr14:19415282-19420102",3963,3965,0.875,8,7,"+","G","+",8,7,"-",0,0,"GGCGA","TS54","-dTAG","RepR3","S24","Xist","MSR","other"
"1598",16760,"FJ24-FJ25::chr14:19415282-19420102",3981,3983,1,8,8,"+","G","+",8,8,"-",0,0,"CACGG","TS54","-dTAG","RepR3","S24","Xist","MSR","other"
"1599",16761,"FJ24-FJ25::chr14:19415282-19420102",4009,4011,1,1,1,"-","G","+",0,0,"-",1,1,"ACGTG","TS54","-dTAG","RepR3","S24","Xist","MSR","other"
"1600",16762,"FJ24-FJ25::chr14:19415282-19420102",4124,4126,0.333,6,2,"B","G","+",5,2,"-",1,0,"GACGA","TS54","-dTAG","RepR3","S24","Xist","MSR","other"
"1601",16763,"FJ24-FJ25::chr14:19415282-19420102",4155,4157,0,2,0,"+","G","+",2,0,"-",0,0,"AACGT","TS54","-dTAG","RepR3","S24","Xist","MSR","other"
"1602",16764,"FJ24-FJ25::chr16:10974667-10975683",465,467,1,1,1,"+","G","+",1,1,"-",0,0,"CACGT","TS54","-dTAG","RepR3","S24","Xist","MSR","other"
"1603",16765,"FJ24-FJ25::chr2:98663241-98664491",474,476,0.824,17,14,"-","G","+",0,0,"-",17,14,"CCGTG","TS54","-dTAG","RepR3","S24","Xist","MSR","other"
"1604",16766,"FJ24-FJ25::chr2:98663241-98664491",533,535,0.389,18,7,"-","G","+",0,0,"-",18,7,"ACGTT","TS54","-dTAG","RepR3","S24","Xist","MSR","other"
"1605",16767,"FJ24-FJ25::chr2:98663241-98664491",665,667,0.667,3,2,"B","G","+",2,2,"-",1,0,"CTCGT","TS54","-dTAG","RepR3","S24","Xist","MSR","other"
"1606",16768,"FJ24-FJ25::chr2:98663241-98664491",705,707,0.833,6,5,"B","G","+",2,2,"-",4,3,"TCCGT","TS54","-dTAG","RepR3","S24","Xist","MSR","other"
"1607",16769,"FJ24-FJ25::chr2:98663241-98664491",723,725,1,3,3,"B","G","+",1,1,"-",2,2,"CTCGC","TS54","-dTAG","RepR3","S24","Xist","MSR","other"
"1608",16770,"FJ24-FJ25::chr2:98663241-98664491",796,798,1,1,1,"-","G","+",0,0,"-",1,1,"TCGTC","TS54","-dTAG","RepR3","S24","Xist","MSR","other"
"1609",16771,"FJ24-FJ25::chr2:98666144-98667732",117,119,0.75,4,3,"-","G","+",0,0,"-",4,3,"CCGGT","TS54","-dTAG","RepR3","S24","Xist","MSR","other"
"1610",16772,"FJ24-FJ25::chr2:98666144-98667732",127,129,0.333,6,2,"B","G","+",2,0,"-",4,2,"AACGA","TS54","-dTAG","RepR3","S24","Xist","MSR","other"
"1611",16773,"FJ24-FJ25::chr2:98666144-98667732",239,241,0,3,0,"-","G","+",0,0,"-",3,0,"CCGTT","TS54","-dTAG","RepR3","S24","Xist","MSR","other"
"1612",16774,"FJ24-FJ25::chr2:98666144-98667732",248,250,0.4,5,2,"B","G","+",1,1,"-",4,1,"AACGA","TS54","-dTAG","RepR3","S24","Xist","MSR","other"
"1613",16775,"FJ24-FJ25::chr2:98666144-98667732",358,360,0.333,3,1,"+","G","+",3,1,"-",0,0,"GCCGG","TS54","-dTAG","RepR3","S24","Xist","MSR","other"
"1614",16776,"FJ24-FJ25::chr2:98666144-98667732",368,370,0.75,4,3,"B","G","+",2,2,"-",2,1,"AACGT","TS54","-dTAG","RepR3","S24","Xist","MSR","other"
"1615",16777,"FJ24-FJ25::chr2:98666144-98667732",446,448,0.743,401,298,"B","G","+",325,239,"-",76,59,"GACGA","TS54","-dTAG","RepR3","S24","Xist","MSR","other"
"1616",16778,"FJ24-FJ25::chr2:98666144-98667732",461,463,0.817,399,326,"B","G","+",329,264,"-",70,62,"GACGA","TS54","-dTAG","RepR3","S24","Xist","MSR","other"
"1617",16779,"FJ24-FJ25::chr2:98666144-98667732",477,479,0.693,411,285,"B","G","+",345,244,"-",66,41,"TACGT","TS54","-dTAG","RepR3","S24","Xist","MSR","other"
"1618",16780,"FJ24-FJ25::chr2:98666144-98667732",537,539,0.785,381,299,"B","G","+",348,275,"-",33,24,"CACGG","TS54","-dTAG","RepR3","S24","Xist","MSR","other"
"1619",16781,"FJ24-FJ25::chr2:98666144-98667732",565,567,0.778,135,105,"B","G","+",121,92,"-",14,13,"GACGT","TS54","-dTAG","RepR3","S24","Xist","MSR","other"
"1620",16782,"FJ24-FJ25::chr2:98666144-98667732",577,579,0.796,152,121,"B","G","+",141,111,"-",11,10,"GGCGA","TS54","-dTAG","RepR3","S24","Xist","MSR","other"
"1621",16783,"FJ24-FJ25::chr2:98666144-98667732",625,627,0.842,29493,24843,"B","G","+",29489,24839,"-",4,4,"GACGT","TS54","-dTAG","RepR3","S24","Xist","MSR","other"
"1622",16784,"FJ24-FJ25::chr2:98666144-98667732",680,682,0.733,29975,21968,"B","G","+",29958,21958,"-",17,10,"GACGA","TS54","-dTAG","RepR3","S24","Xist","MSR","other"
"1623",16785,"FJ24-FJ25::chr2:98666144-98667732",695,697,0.82,29356,24070,"B","G","+",29337,24054,"-",19,16,"GACGA","TS54","-dTAG","RepR3","S24","Xist","MSR","other"
"1624",16786,"FJ24-FJ25::chr2:98666144-98667732",711,713,0.568,28241,16028,"B","G","+",28220,16023,"-",21,5,"AACGT","TS54","-dTAG","RepR3","S24","Xist","MSR","other"
"1625",16787,"FJ24-FJ25::chr2:98666144-98667732",753,755,0.842,4276,3600,"B","G","+",4261,3590,"-",15,10,"GGCGA","TS54","-dTAG","RepR3","S24","Xist","MSR","other"
"1626",16788,"FJ24-FJ25::chr2:98666144-98667732",771,773,0.819,4231,3466,"B","G","+",4179,3422,"-",52,44,"CACGG","TS54","-dTAG","RepR3","S24","Xist","MSR","other"
"1627",16789,"FJ24-FJ25::chr2:98666144-98667732",799,801,0.833,180,150,"B","G","+",106,83,"-",74,67,"GACGT","TS54","-dTAG","RepR3","S24","Xist","MSR","other"
"1628",16790,"FJ24-FJ25::chr2:98666144-98667732",811,813,0.856,188,161,"B","G","+",109,88,"-",79,73,"GGCGA","TS54","-dTAG","RepR3","S24","Xist","MSR","other"
"1629",16791,"FJ24-FJ25::chr2:98666144-98667732",859,861,0.888,89,79,"B","G","+",42,37,"-",47,42,"GACGT","TS54","-dTAG","RepR3","S24","Xist","MSR","other"
"1630",16792,"FJ24-FJ25::chr2:98666144-98667732",946,948,0.818,25947,21222,"B","G","+",25885,21172,"-",62,50,"GACGA","TS54","-dTAG","RepR3","S24","Xist","MSR","other"
"1631",16793,"FJ24-FJ25::chr2:98666144-98667732",962,964,0.56,25844,14484,"B","G","+",25738,14429,"-",106,55,"AACGT","TS54","-dTAG","RepR3","S24","Xist","MSR","other"
"1632",16794,"FJ24-FJ25::chr2:98666144-98667732",1004,1006,0.837,26101,21834,"B","G","+",25956,21707,"-",145,127,"GGCGA","TS54","-dTAG","RepR3","S24","Xist","MSR","other"
"1633",16795,"FJ24-FJ25::chr2:98666144-98667732",1022,1024,0.821,26962,22143,"B","G","+",26836,22041,"-",126,102,"CACGG","TS54","-dTAG","RepR3","S24","Xist","MSR","other"
"1634",16796,"FJ24-FJ25::chr2:98666144-98667732",1050,1052,0.819,360,295,"B","G","+",283,228,"-",77,67,"GACGT","TS54","-dTAG","RepR3","S24","Xist","MSR","other"
"1635",16797,"FJ24-FJ25::chr2:98666144-98667732",1062,1064,0.814,365,297,"B","G","+",289,233,"-",76,64,"GGCGA","TS54","-dTAG","RepR3","S24","Xist","MSR","other"
"1636",16798,"FJ24-FJ25::chr2:98666144-98667732",1110,1112,0.831,451,375,"B","G","+",409,337,"-",42,38,"GACGT","TS54","-dTAG","RepR3","S24","Xist","MSR","other"
"1637",16799,"FJ24-FJ25::chr2:98666144-98667732",1165,1167,0.63,46,29,"B","G","+",40,25,"-",6,4,"GACGA","TS54","-dTAG","RepR3","S24","Xist","MSR","other"
"1638",16800,"FJ24-FJ25::chr2:98666144-98667732",1180,1182,1,9,9,"B","G","+",8,8,"-",1,1,"GACGA","TS54","-dTAG","RepR3","S24","Xist","MSR","other"
"1639",16801,"FJ24-FJ25::chr4:3089104-3091584",1607,1609,0,1,0,"-","G","+",0,0,"-",1,0,"ACGTG","TS54","-dTAG","RepR3","S24","Xist","MSR","other"
"1640",16802,"FJ24-FJ25::chr4:3089104-3091584",2375,2377,0.333,3,1,"-","G","+",0,0,"-",3,1,"TCGAG","TS54","-dTAG","RepR3","S24","Xist","MSR","other"
"1641",16803,"FJ24-FJ25::chr4:3089104-3091584",2440,2442,0,1,0,"-","G","+",0,0,"-",1,0,"TCGAA","TS54","-dTAG","RepR3","S24","Xist","MSR","other"
"1642",16804,"FJ24-FJ25::chr8:23095075-23096205",551,553,1,1,1,"-","G","+",0,0,"-",1,1,"ACGTG","TS54","-dTAG","RepR3","S24","Xist","MSR","other"
"1643",16805,"FJ24-FJ25::chr8:23095075-23096205",593,595,1,1,1,"-","G","+",0,0,"-",1,1,"GCGAT","TS54","-dTAG","RepR3","S24","Xist","MSR","other"
"1644",16806,"FJ24-FJ25::chr9:2999602-3038819",428,430,0,2,0,"-","G","+",0,0,"-",2,0,"ACGTT","TS54","-dTAG","RepR3","S24","Xist","MSR","other"
"1645",16807,"FJ24-FJ25::chr9:2999602-3038819",444,446,1,2,2,"-","G","+",0,0,"-",2,2,"TCGTC","TS54","-dTAG","RepR3","S24","Xist","MSR","other"
"1646",16808,"FJ24-FJ25::chr9:2999602-3038819",604,606,0.333,6,2,"B","G","+",2,0,"-",4,2,"CACGT","TS54","-dTAG","RepR3","S24","Xist","MSR","other"
"1647",16809,"FJ24-FJ25::chr9:2999602-3038819",620,622,0.6,5,3,"B","G","+",1,1,"-",4,2,"TTCGT","TS54","-dTAG","RepR3","S24","Xist","MSR","other"
"1648",16810,"FJ24-FJ25::chr9:2999602-3038819",738,740,0.833,24,20,"B","G","+",2,2,"-",22,18,"CTCGC","TS54","-dTAG","RepR3","S24","Xist","MSR","other"
"1649",16811,"FJ24-FJ25::chr9:2999602-3038819",750,752,0.696,23,16,"B","G","+",2,2,"-",21,14,"CACGT","TS54","-dTAG","RepR3","S24","Xist","MSR","other"
"1650",16812,"FJ24-FJ25::chr9:2999602-3038819",778,780,0.815,504,411,"B","G","+",1,0,"-",503,411,"TCCGT","TS54","-dTAG","RepR3","S24","Xist","MSR","other"
"1651",16813,"FJ24-FJ25::chr9:2999602-3038819",796,798,0.806,465,375,"B","G","+",1,1,"-",464,374,"CTCGA","TS54","-dTAG","RepR3","S24","Xist","MSR","other"
"1652",16814,"FJ24-FJ25::chr9:2999602-3038819",838,840,0.511,485,248,"B","G","+",8,5,"-",477,243,"CACGT","TS54","-dTAG","RepR3","S24","Xist","MSR","other"
"1653",16815,"FJ24-FJ25::chr9:2999602-3038819",854,856,0.786,457,359,"B","G","+",10,9,"-",447,350,"TTCGT","TS54","-dTAG","RepR3","S24","Xist","MSR","other"
"1654",16816,"FJ24-FJ25::chr9:2999602-3038819",866,868,0.61,141,86,"B","G","+",1,0,"-",140,86,"CACGT","TS54","-dTAG","RepR3","S24","Xist","MSR","other"
"1655",16817,"FJ24-FJ25::chr9:2999602-3038819",869,871,0.632,437,276,"B","G","+",9,9,"-",428,267,"GTCGT","TS54","-dTAG","RepR3","S24","Xist","MSR","other"
"1656",16818,"FJ24-FJ25::chr9:2999602-3038819",972,974,0.725,120,87,"B","G","+",15,9,"-",105,78,"CTCGC","TS54","-dTAG","RepR3","S24","Xist","MSR","other"
"1657",16819,"FJ24-FJ25::chr9:2999602-3038819",984,986,0.694,121,84,"B","G","+",13,11,"-",108,73,"CACGT","TS54","-dTAG","RepR3","S24","Xist","MSR","other"
"1658",16820,"FJ24-FJ25::chr9:2999602-3038819",1012,1014,0.778,27,21,"B","G","+",11,8,"-",16,13,"TCCGT","TS54","-dTAG","RepR3","S24","Xist","MSR","other"
"1659",16821,"FJ24-FJ25::chr9:2999602-3038819",1030,1032,0.778,9,7,"B","G","+",1,1,"-",8,6,"CTCGA","TS54","-dTAG","RepR3","S24","Xist","MSR","other"
"1660",16822,"FJ24-FJ25::chr9:2999602-3038819",1072,1074,0.562,16,9,"-","G","+",0,0,"-",16,9,"ACGTT","TS54","-dTAG","RepR3","S24","Xist","MSR","other"
"1661",16823,"FJ24-FJ25::chr9:2999602-3038819",1103,1105,0.571,14,8,"-","G","+",0,0,"-",14,8,"TCGTC","TS54","-dTAG","RepR3","S24","Xist","MSR","other"
"1662",16824,"FJ24-FJ25::chr9:2999602-3038819",1158,1160,0.727,11,8,"-","G","+",0,0,"-",11,8,"ACGTC","TS54","-dTAG","RepR3","S24","Xist","MSR","other"
"1663",16825,"FJ24-FJ25::chr9:2999602-3038819",1248,1250,0.469,49,23,"-","G","+",0,0,"-",49,23,"ACGTT","TS54","-dTAG","RepR3","S24","Xist","MSR","other"
"1664",16826,"FJ24-FJ25::chr9:2999602-3038819",1264,1266,0.809,47,38,"-","G","+",0,0,"-",47,38,"TCGTC","TS54","-dTAG","RepR3","S24","Xist","MSR","other"
"1665",16827,"FJ24-FJ25::chr9:2999602-3038819",1382,1384,0.64,75,48,"B","G","+",9,5,"-",66,43,"CTCGC","TS54","-dTAG","RepR3","S24","Xist","MSR","other"
"1666",16828,"FJ24-FJ25::chr9:2999602-3038819",1394,1396,0.762,80,61,"B","G","+",9,8,"-",71,53,"CACGT","TS54","-dTAG","RepR3","S24","Xist","MSR","other"
"1667",16829,"FJ24-FJ25::chr9:2999602-3038819",1422,1424,0.588,34,20,"B","G","+",4,1,"-",30,19,"TCCGT","TS54","-dTAG","RepR3","S24","Xist","MSR","other"
"1668",16830,"FJ24-FJ25::chr9:2999602-3038819",1440,1442,0.833,6,5,"-","G","+",0,0,"-",6,5,"TCGCC","TS54","-dTAG","RepR3","S24","Xist","MSR","other"
"1669",16831,"FJ24-FJ25::chr9:2999602-3038819",1459,1461,0,27,0,"-","G","+",0,0,"-",27,0,"ACGGT","TS54","-dTAG","RepR3","S24","Xist","MSR","other"
"1670",16832,"FJ24-FJ25::chr9:2999602-3038819",1482,1484,0,2,0,"-","G","+",0,0,"-",2,0,"ACGTT","TS54","-dTAG","RepR3","S24","Xist","MSR","other"
"1671",16833,"FJ24-FJ25::chr9:2999602-3038819",1616,1618,0.786,14,11,"-","G","+",0,0,"-",14,11,"TCGCC","TS54","-dTAG","RepR3","S24","Xist","MSR","other"
"1672",16834,"FJ24-FJ25::chr9:2999602-3038819",1674,1676,0.711,142,101,"B","G","+",1,1,"-",141,100,"CTCGC","TS54","-dTAG","RepR3","S24","Xist","MSR","other"
"1673",16835,"FJ24-FJ25::chr9:2999602-3038819",1716,1718,0.537,242,130,"B","G","+",5,4,"-",237,126,"CACGT","TS54","-dTAG","RepR3","S24","Xist","MSR","other"
"1674",16836,"FJ24-FJ25::chr9:2999602-3038819",1732,1734,0.81,252,204,"B","G","+",4,4,"-",248,200,"TTCGT","TS54","-dTAG","RepR3","S24","Xist","MSR","other"
"1675",16837,"FJ24-FJ25::chr9:2999602-3038819",1850,1852,0.736,72,53,"B","G","+",5,4,"-",67,49,"CTCGC","TS54","-dTAG","RepR3","S24","Xist","MSR","other"
"1676",16838,"FJ24-FJ25::chr9:2999602-3038819",1862,1864,0.718,71,51,"B","G","+",5,4,"-",66,47,"CACGT","TS54","-dTAG","RepR3","S24","Xist","MSR","other"
"1677",16839,"FJ24-FJ25::chr9:2999602-3038819",1890,1892,0.786,28,22,"B","G","+",3,3,"-",25,19,"TCCGT","TS54","-dTAG","RepR3","S24","Xist","MSR","other"
"1678",16840,"FJ24-FJ25::chr9:2999602-3038819",1908,1910,0.842,19,16,"B","G","+",3,3,"-",16,13,"CTCGC","TS54","-dTAG","RepR3","S24","Xist","MSR","other"
"1679",16841,"FJ24-FJ25::chr9:2999602-3038819",1949,1951,1,2,2,"-","G","+",0,0,"-",2,2,"ACGTT","TS54","-dTAG","RepR3","S24","Xist","MSR","other"
"1680",16842,"FJ24-FJ25::chr9:2999602-3038819",2083,2085,1,4,4,"-","G","+",0,0,"-",4,4,"TCGCC","TS54","-dTAG","RepR3","S24","Xist","MSR","other"
"1681",16843,"FJ24-FJ25::chr9:2999602-3038819",2095,2097,1,5,5,"-","G","+",0,0,"-",5,5,"ACGTC","TS54","-dTAG","RepR3","S24","Xist","MSR","other"
"1682",16844,"FJ24-FJ25::chr9:2999602-3038819",2123,2125,0.786,28,22,"B","G","+",1,1,"-",27,21,"TCCGT","TS54","-dTAG","RepR3","S24","Xist","MSR","other"
"1683",16845,"FJ24-FJ25::chr9:2999602-3038819",2141,2143,0.774,31,24,"-","G","+",0,0,"-",31,24,"TCGCC","TS54","-dTAG","RepR3","S24","Xist","MSR","other"
"1684",16846,"FJ24-FJ25::chr9:2999602-3038819",2183,2185,0.529,34,18,"B","G","+",2,0,"-",32,18,"CACGT","TS54","-dTAG","RepR3","S24","Xist","MSR","other"
"1685",16847,"FJ24-FJ25::chr9:2999602-3038819",2199,2201,0.714,28,20,"B","G","+",3,0,"-",25,20,"TTCGT","TS54","-dTAG","RepR3","S24","Xist","MSR","other"
"1686",16848,"FJ24-FJ25::chr9:2999602-3038819",2357,2359,0.632,19,12,"B","G","+",8,3,"-",11,9,"TCCGT","TS54","-dTAG","RepR3","S24","Xist","MSR","other"
"1687",16849,"FJ24-FJ25::chr9:2999602-3038819",2375,2377,0.632,19,12,"B","G","+",8,3,"-",11,9,"CTCGC","TS54","-dTAG","RepR3","S24","Xist","MSR","other"
"1688",16850,"FJ24-FJ25::chr9:2999602-3038819",2433,2435,0.872,39,34,"B","G","+",3,3,"-",36,31,"TTCGT","TS54","-dTAG","RepR3","S24","Xist","MSR","other"
"1689",16851,"FJ24-FJ25::chr9:2999602-3038819",2448,2450,0.705,44,31,"B","G","+",6,5,"-",38,26,"GTCGT","TS54","-dTAG","RepR3","S24","Xist","MSR","other"
"1690",16852,"FJ24-FJ25::chr9:2999602-3038819",2551,2553,0.929,14,13,"B","G","+",2,2,"-",12,11,"CTCGC","TS54","-dTAG","RepR3","S24","Xist","MSR","other"
"1691",16853,"FJ24-FJ25::chr9:2999602-3038819",2609,2611,0.905,42,38,"B","G","+",8,8,"-",34,30,"CTCGC","TS54","-dTAG","RepR3","S24","Xist","MSR","other"
"1692",16854,"FJ24-FJ25::chr9:2999602-3038819",2651,2653,0.617,47,29,"B","G","+",9,3,"-",38,26,"CACGT","TS54","-dTAG","RepR3","S24","Xist","MSR","other"
"1693",16855,"FJ24-FJ25::chr9:2999602-3038819",2667,2669,0.894,47,42,"B","G","+",10,10,"-",37,32,"TTCGT","TS54","-dTAG","RepR3","S24","Xist","MSR","other"
"1694",16856,"FJ24-FJ25::chr9:2999602-3038819",2825,2827,0.5,12,6,"-","G","+",0,0,"-",12,6,"CCGTG","TS54","-dTAG","RepR3","S24","Xist","MSR","other"
"1695",16857,"FJ24-FJ25::chr9:2999602-3038819",2885,2887,1,1,1,"-","G","+",0,0,"-",1,1,"ACGTT","TS54","-dTAG","RepR3","S24","Xist","MSR","other"
"1696",16858,"FJ24-FJ25::chr9:2999602-3038819",3001,3003,0.5,2,1,"+","G","+",2,1,"-",0,0,"CACGT","TS54","-dTAG","RepR3","S24","Xist","MSR","other"
"1697",16859,"FJ24-FJ25::chr9:2999602-3038819",3135,3137,1,4,4,"+","G","+",4,4,"-",0,0,"CTCGC","TS54","-dTAG","RepR3","S24","Xist","MSR","other"
"1698",16860,"FJ24-FJ25::chr9:2999602-3038819",3147,3149,1,3,3,"+","G","+",3,3,"-",0,0,"CACGT","TS54","-dTAG","RepR3","S24","Xist","MSR","other"
"1699",16861,"FJ24-FJ25::chr9:2999602-3038819",3175,3177,1,6,6,"B","G","+",3,3,"-",3,3,"TCCGT","TS54","-dTAG","RepR3","S24","Xist","MSR","other"
"1700",16862,"FJ24-FJ25::chr9:2999602-3038819",3193,3195,0.333,3,1,"-","G","+",0,0,"-",3,1,"TCGCC","TS54","-dTAG","RepR3","S24","Xist","MSR","other"
"1701",16863,"FJ24-FJ25::chr9:2999602-3038819",3368,3370,1,1,1,"-","G","+",0,0,"-",1,1,"TCGCC","TS54","-dTAG","RepR3","S24","Xist","MSR","other"
"1702",16864,"FJ24-FJ25::chr9:2999602-3038819",3408,3410,0.9,10,9,"-","G","+",0,0,"-",10,9,"CCGTG","TS54","-dTAG","RepR3","S24","Xist","MSR","other"
"1703",16865,"FJ24-FJ25::chr9:2999602-3038819",3426,3428,0.75,12,9,"B","G","+",1,0,"-",11,9,"CTCGC","TS54","-dTAG","RepR3","S24","Xist","MSR","other"
"1704",16866,"FJ24-FJ25::chr9:2999602-3038819",3468,3470,0.529,17,9,"B","G","+",2,0,"-",15,9,"CACGT","TS54","-dTAG","RepR3","S24","Xist","MSR","other"
"1705",16867,"FJ24-FJ25::chr9:2999602-3038819",3484,3486,0.875,16,14,"B","G","+",2,0,"-",14,14,"TTCGT","TS54","-dTAG","RepR3","S24","Xist","MSR","other"
"1706",16868,"FJ24-FJ25::chr9:2999602-3038819",3642,3644,1,1,1,"-","G","+",0,0,"-",1,1,"CCGTG","TS54","-dTAG","RepR3","S24","Xist","MSR","other"
"1707",16869,"FJ24-FJ25::chr9:2999602-3038819",3660,3662,1,2,2,"-","G","+",0,0,"-",2,2,"TCGCC","TS54","-dTAG","RepR3","S24","Xist","MSR","other"
"1708",16870,"FJ24-FJ25::chr9:2999602-3038819",3718,3720,1,13,13,"B","G","+",4,4,"-",9,9,"TTCGT","TS54","-dTAG","RepR3","S24","Xist","MSR","other"
"1709",16871,"FJ24-FJ25::chr9:2999602-3038819",3733,3735,0.875,16,14,"B","G","+",3,3,"-",13,11,"GTCGT","TS54","-dTAG","RepR3","S24","Xist","MSR","other"
"1710",16872,"FJ24-FJ25::chr9:2999602-3038819",3836,3838,0.941,17,16,"B","G","+",1,1,"-",16,15,"CTCGC","TS54","-dTAG","RepR3","S24","Xist","MSR","other"
"1711",16873,"FJ24-FJ25::chr9:2999602-3038819",3894,3896,0.799,214,171,"B","G","+",1,1,"-",213,170,"CTCGC","TS54","-dTAG","RepR3","S24","Xist","MSR","other"
"1712",16874,"FJ24-FJ25::chr9:2999602-3038819",3936,3938,0.538,210,113,"B","G","+",1,0,"-",209,113,"CACGT","TS54","-dTAG","RepR3","S24","Xist","MSR","other"
"1713",16875,"FJ24-FJ25::chr9:2999602-3038819",4128,4130,0.6,15,9,"B","G","+",1,1,"-",14,8,"CTCGC","TS54","-dTAG","RepR3","S24","Xist","MSR","other"
"1714",16876,"FJ24-FJ25::chr9:2999602-3038819",4187,4189,0.714,7,5,"-","G","+",0,0,"-",7,5,"TCGTC","TS54","-dTAG","RepR3","S24","Xist","MSR","other"
"1715",16877,"FJ24-FJ25::chr9:2999602-3038819",4199,4201,0,1,0,"-","G","+",0,0,"-",1,0,"ACGTT","TS54","-dTAG","RepR3","S24","Xist","MSR","other"
"1716",16878,"FJ24-FJ25::chr9:2999602-3038819",4303,4305,0.6,10,6,"-","G","+",0,0,"-",10,6,"TCGCC","TS54","-dTAG","RepR3","S24","Xist","MSR","other"
"1717",16879,"FJ24-FJ25::chr9:2999602-3038819",4346,4348,0.571,7,4,"-","G","+",0,0,"-",7,4,"ACGTT","TS54","-dTAG","RepR3","S24","Xist","MSR","other"
"1718",16880,"FJ24-FJ25::chr9:2999602-3038819",4362,4364,0.4,5,2,"-","G","+",0,0,"-",5,2,"TCGTC","TS54","-dTAG","RepR3","S24","Xist","MSR","other"
"1719",16881,"FJ24-FJ25::chr9:2999602-3038819",4374,4376,0,1,0,"-","G","+",0,0,"-",1,0,"ACGTT","TS54","-dTAG","RepR3","S24","Xist","MSR","other"
"1720",16882,"FJ24-FJ25::chr9:2999602-3038819",4480,4482,0.786,14,11,"-","G","+",0,0,"-",14,11,"TCGCC","TS54","-dTAG","RepR3","S24","Xist","MSR","other"
"1721",16883,"FJ24-FJ25::chr9:2999602-3038819",4520,4522,0.745,1673,1246,"B","G","+",2,1,"-",1671,1245,"TCCGT","TS54","-dTAG","RepR3","S24","Xist","MSR","other"
"1722",16884,"FJ24-FJ25::chr9:2999602-3038819",4580,4582,0.556,1368,760,"B","G","+",18,11,"-",1350,749,"CACGT","TS54","-dTAG","RepR3","S24","Xist","MSR","other"
"1723",16885,"FJ24-FJ25::chr9:2999602-3038819",4596,4598,0.809,1270,1028,"B","G","+",22,14,"-",1248,1014,"TTCGT","TS54","-dTAG","RepR3","S24","Xist","MSR","other"
"1724",16886,"FJ24-FJ25::chr9:2999602-3038819",4611,4613,0.72,1401,1009,"B","G","+",18,15,"-",1383,994,"GTCGT","TS54","-dTAG","RepR3","S24","Xist","MSR","other"
"1725",16887,"FJ24-FJ25::chr9:2999602-3038819",4654,4656,0.375,24,9,"B","G","+",9,0,"-",15,9,"CTCGC","TS54","-dTAG","RepR3","S24","Xist","MSR","other"
"1726",16888,"FJ24-FJ25::chr9:2999602-3038819",4754,4756,0.889,45,40,"-","G","+",0,0,"-",45,40,"CCGTG","TS54","-dTAG","RepR3","S24","Xist","MSR","other"
"1727",16889,"FJ24-FJ25::chr9:2999602-3038819",4814,4816,0.585,41,24,"-","G","+",0,0,"-",41,24,"ACGTT","TS54","-dTAG","RepR3","S24","Xist","MSR","other"
"1728",16890,"FJ24-FJ25::chr9:2999602-3038819",4844,4846,0.605,43,26,"-","G","+",0,0,"-",43,26,"TCGTC","TS54","-dTAG","RepR3","S24","Xist","MSR","other"
"1729",16891,"FJ24-FJ25::chr9:2999602-3038819",4899,4901,0.833,6,5,"B","G","+",1,1,"-",5,4,"CACGT","TS54","-dTAG","RepR3","S24","Xist","MSR","other"
"1730",16892,"FJ24-FJ25::chr9:2999602-3038819",4947,4949,0.75,4,3,"+","G","+",4,3,"-",0,0,"TTCGC","TS54","-dTAG","RepR3","S24","Xist","MSR","other"
"1731",16893,"FJ24-FJ25::chr9:2999602-3038819",4959,4961,0.857,7,6,"+","G","+",7,6,"-",0,0,"CACGT","TS54","-dTAG","RepR3","S24","Xist","MSR","other"
"1732",16894,"FJ24-FJ25::chr9:2999602-3038819",4987,4989,0.811,122,99,"B","G","+",12,7,"-",110,92,"TCCGT","TS54","-dTAG","RepR3","S24","Xist","MSR","other"
"1733",16895,"FJ24-FJ25::chr9:2999602-3038819",5005,5007,0.752,137,103,"B","G","+",11,9,"-",126,94,"CTCGC","TS54","-dTAG","RepR3","S24","Xist","MSR","other"
"1734",16896,"FJ24-FJ25::chr9:2999602-3038819",5047,5049,0.557,1366,761,"B","G","+",12,5,"-",1354,756,"CACGT","TS54","-dTAG","RepR3","S24","Xist","MSR","other"
"1735",16897,"FJ24-FJ25::chr9:2999602-3038819",5063,5065,0.827,1289,1066,"B","G","+",11,8,"-",1278,1058,"TTCGT","TS54","-dTAG","RepR3","S24","Xist","MSR","other"
"1736",16898,"FJ24-FJ25::chr9:2999602-3038819",5078,5080,0.723,1444,1044,"B","G","+",10,6,"-",1434,1038,"GTCGT","TS54","-dTAG","RepR3","S24","Xist","MSR","other"
"1737",16899,"FJ24-FJ25::chr9:2999602-3038819",5181,5183,0.882,17,15,"B","G","+",11,9,"-",6,6,"CTCGC","TS54","-dTAG","RepR3","S24","Xist","MSR","other"
"1738",16900,"FJ24-FJ25::chr9:2999602-3038819",5193,5195,0.8,15,12,"B","G","+",10,8,"-",5,4,"CACGT","TS54","-dTAG","RepR3","S24","Xist","MSR","other"
"1739",16901,"FJ24-FJ25::chr9:2999602-3038819",5221,5223,0.353,17,6,"B","G","+",7,0,"-",10,6,"ACCGT","TS54","-dTAG","RepR3","S24","Xist","MSR","other"
"1740",16902,"FJ24-FJ25::chr9:2999602-3038819",5455,5457,1,2,2,"-","G","+",0,0,"-",2,2,"TCGTG","TS54","-dTAG","RepR3","S24","Xist","MSR","other"
"1741",16903,"FJ24-FJ25::chr9:2999602-3038819",5473,5475,1,3,3,"-","G","+",0,0,"-",3,3,"TCGCC","TS54","-dTAG","RepR3","S24","Xist","MSR","other"
"1742",16904,"FJ24-FJ25::chr9:2999602-3038819",5515,5517,1,1,1,"-","G","+",0,0,"-",1,1,"ACGTT","TS54","-dTAG","RepR3","S24","Xist","MSR","other"
"1743",16905,"FJ24-FJ25::chr9:2999602-3038819",5707,5709,1,2,2,"-","G","+",0,0,"-",2,2,"TCGCA","TS54","-dTAG","RepR3","S24","Xist","MSR","other"
"1744",16906,"FJ24-FJ25::chr9:2999602-3038819",5766,5768,1,1,1,"+","G","+",1,1,"-",0,0,"TTCGT","TS54","-dTAG","RepR3","S24","Xist","MSR","other"
"1745",16907,"FJ24-FJ25::chr9:2999602-3038819",5778,5780,0,1,0,"+","G","+",1,0,"-",0,0,"CACGT","TS54","-dTAG","RepR3","S24","Xist","MSR","other"
"1746",16908,"FJ24-FJ25::chr9:2999602-3038819",5924,5926,1,3,3,"-","G","+",0,0,"-",3,3,"ACGTT","TS54","-dTAG","RepR3","S24","Xist","MSR","other"
"1747",16909,"FJ24-FJ25::chr9:2999602-3038819",5940,5942,1,1,1,"-","G","+",0,0,"-",1,1,"TCGTC","TS54","-dTAG","RepR3","S24","Xist","MSR","other"
"1748",16910,"FJ24-FJ25::chr9:2999602-3038819",6098,6100,0.778,9,7,"-","G","+",0,0,"-",9,7,"CCGTG","TS54","-dTAG","RepR3","S24","Xist","MSR","other"
"1749",16911,"FJ24-FJ25::chr9:2999602-3038819",6116,6118,0.875,8,7,"-","G","+",0,0,"-",8,7,"TCGCC","TS54","-dTAG","RepR3","S24","Xist","MSR","other"
"1750",16912,"FJ24-FJ25::chr9:2999602-3038819",6158,6160,0.636,11,7,"B","G","+",1,0,"-",10,7,"CACGT","TS54","-dTAG","RepR3","S24","Xist","MSR","other"
"1751",16913,"FJ24-FJ25::chr9:2999602-3038819",6174,6176,0.667,6,4,"B","G","+",2,1,"-",4,3,"TTCGT","TS54","-dTAG","RepR3","S24","Xist","MSR","other"
"1752",16914,"FJ24-FJ25::chr9:2999602-3038819",6186,6188,0,2,0,"+","G","+",2,0,"-",0,0,"CACGT","TS54","-dTAG","RepR3","S24","Xist","MSR","other"
"1753",16915,"FJ24-FJ25::chr9:2999602-3038819",6189,6191,0.692,13,9,"B","G","+",2,1,"-",11,8,"GTCGT","TS54","-dTAG","RepR3","S24","Xist","MSR","other"
"1754",16916,"FJ24-FJ25::chr9:2999602-3038819",6244,6246,0,1,0,"-","G","+",0,0,"-",1,0,"ACGTC","TS54","-dTAG","RepR3","S24","Xist","MSR","other"
"1755",16917,"FJ24-FJ25::chr9:2999602-3038819",6334,6336,1,2,2,"-","G","+",0,0,"-",2,2,"ACGTT","TS54","-dTAG","RepR3","S24","Xist","MSR","other"
"1756",16918,"FJ24-FJ25::chr9:2999602-3038819",6350,6352,1,1,1,"-","G","+",0,0,"-",1,1,"TCGTC","TS54","-dTAG","RepR3","S24","Xist","MSR","other"
"1757",16919,"FJ24-FJ25::chr9:2999602-3038819",6390,6392,0.667,3,2,"-","G","+",0,0,"-",3,2,"CCGTG","TS54","-dTAG","RepR3","S24","Xist","MSR","other"
"1758",16920,"FJ24-FJ25::chr9:2999602-3038819",6434,6436,0,2,0,"-","G","+",0,0,"-",2,0,"ACGTT","TS54","-dTAG","RepR3","S24","Xist","MSR","other"
"1759",16921,"FJ24-FJ25::chr9:2999602-3038819",6760,6762,0.644,45,29,"-","G","+",0,0,"-",45,29,"TCGCC","TS54","-dTAG","RepR3","S24","Xist","MSR","other"
"1760",16922,"FJ24-FJ25::chr9:2999602-3038819",6802,6804,0.51,49,25,"B","G","+",4,2,"-",45,23,"CACGT","TS54","-dTAG","RepR3","S24","Xist","MSR","other"
"1761",16923,"FJ24-FJ25::chr9:2999602-3038819",6818,6820,0.702,47,33,"B","G","+",4,2,"-",43,31,"TTCGT","TS54","-dTAG","RepR3","S24","Xist","MSR","other"
"1762",16924,"FJ24-FJ25::chr9:2999602-3038819",7051,7053,0.583,12,7,"-","G","+",0,0,"-",12,7,"TCGTC","TS54","-dTAG","RepR3","S24","Xist","MSR","other"
"1763",16925,"FJ24-FJ25::chr9:2999602-3038819",7169,7171,0.714,42,30,"B","G","+",12,7,"-",30,23,"CTCGC","TS54","-dTAG","RepR3","S24","Xist","MSR","other"
"1764",16926,"FJ24-FJ25::chr9:2999602-3038819",7181,7183,0.696,46,32,"B","G","+",13,8,"-",33,24,"CACGT","TS54","-dTAG","RepR3","S24","Xist","MSR","other"
"1765",16927,"FJ24-FJ25::chr9:2999602-3038819",7209,7211,0.76,558,424,"B","G","+",16,12,"-",542,412,"TCCGT","TS54","-dTAG","RepR3","S24","Xist","MSR","other"
"1766",16928,"FJ24-FJ25::chr9:2999602-3038819",7227,7229,0.832,547,455,"B","G","+",12,10,"-",535,445,"CTCGC","TS54","-dTAG","RepR3","S24","Xist","MSR","other"
"1767",16929,"FJ24-FJ25::chr9:2999602-3038819",7269,7271,0.435,62,27,"B","G","+",3,1,"-",59,26,"CACGT","TS54","-dTAG","RepR3","S24","Xist","MSR","other"
"1768",16930,"FJ24-FJ25::chr9:2999602-3038819",7285,7287,0.719,57,41,"B","G","+",4,3,"-",53,38,"TTCGT","TS54","-dTAG","RepR3","S24","Xist","MSR","other"
"1769",16931,"FJ24-FJ25::chr9:2999602-3038819",7463,7465,1,2,2,"-","G","+",0,0,"-",2,2,"TCGCC","TS54","-dTAG","RepR3","S24","Xist","MSR","other"
"1770",16932,"FJ24-FJ25::chr9:2999602-3038819",7506,7508,0.2,5,1,"B","G","+",2,1,"-",3,0,"CACGT","TS54","-dTAG","RepR3","S24","Xist","MSR","other"
"1771",16933,"FJ24-FJ25::chr9:2999602-3038819",7522,7524,0.714,7,5,"B","G","+",2,1,"-",5,4,"TTCGT","TS54","-dTAG","RepR3","S24","Xist","MSR","other"
"1772",16934,"FJ24-FJ25::chr9:2999602-3038819",7537,7539,0.667,9,6,"B","G","+",2,1,"-",7,5,"GTCGT","TS54","-dTAG","RepR3","S24","Xist","MSR","other"
"1773",16935,"FJ24-FJ25::chr9:2999602-3038819",7698,7700,0.746,63,47,"-","G","+",0,0,"-",63,47,"TCGCC","TS54","-dTAG","RepR3","S24","Xist","MSR","other"
"1774",16936,"FJ24-FJ25::chr9:2999602-3038819",7799,7801,0.857,28,24,"B","G","+",2,2,"-",26,22,"TCCGT","TS54","-dTAG","RepR3","S24","Xist","MSR","other"
"1775",16937,"FJ24-FJ25::chr9:2999602-3038819",7817,7819,0.792,24,19,"B","G","+",2,2,"-",22,17,"CTCGC","TS54","-dTAG","RepR3","S24","Xist","MSR","other"
"1776",16938,"FJ24-FJ25::chr9:2999602-3038819",7859,7861,0.588,17,10,"-","G","+",0,0,"-",17,10,"ACGTT","TS54","-dTAG","RepR3","S24","Xist","MSR","other"
"1777",16939,"FJ24-FJ25::chr9:2999602-3038819",7992,7994,1,3,3,"B","G","+",2,2,"-",1,1,"CTCGC","TS54","-dTAG","RepR3","S24","Xist","MSR","other"
"1778",16940,"FJ24-FJ25::chr9:2999602-3038819",8004,8006,1,3,3,"B","G","+",2,2,"-",1,1,"CACGT","TS54","-dTAG","RepR3","S24","Xist","MSR","other"
"1779",16941,"FJ24-FJ25::chr9:2999602-3038819",8032,8034,0.737,19,14,"B","G","+",2,2,"-",17,12,"TCCGT","TS54","-dTAG","RepR3","S24","Xist","MSR","other"
"1780",16942,"FJ24-FJ25::chr9:2999602-3038819",8050,8052,0.75,12,9,"-","G","+",0,0,"-",12,9,"TCGCC","TS54","-dTAG","RepR3","S24","Xist","MSR","other"
"1781",16943,"FJ24-FJ25::chr9:2999602-3038819",8091,8093,0.25,4,1,"-","G","+",0,0,"-",4,1,"ACGTT","TS54","-dTAG","RepR3","S24","Xist","MSR","other"
"1782",16944,"FJ24-FJ25::chr9:2999602-3038819",8265,8267,0.667,3,2,"-","G","+",0,0,"-",3,2,"TCGTG","TS54","-dTAG","RepR3","S24","Xist","MSR","other"
"1783",16945,"FJ24-FJ25::chr9:2999602-3038819",8283,8285,0.75,4,3,"-","G","+",0,0,"-",4,3,"TCGCC","TS54","-dTAG","RepR3","S24","Xist","MSR","other"
"1784",16946,"FJ24-FJ25::chr9:2999602-3038819",8325,8327,0.615,13,8,"B","G","+",1,0,"-",12,8,"CACGT","TS54","-dTAG","RepR3","S24","Xist","MSR","other"
"1785",16947,"FJ24-FJ25::chr9:2999602-3038819",8517,8519,0.913,23,21,"B","G","+",1,1,"-",22,20,"CTCGC","TS54","-dTAG","RepR3","S24","Xist","MSR","other"
"1786",16948,"FJ24-FJ25::chr9:2999602-3038819",8576,8578,1,1,1,"-","G","+",0,0,"-",1,1,"TCGTC","TS54","-dTAG","RepR3","S24","Xist","MSR","other"
"1787",16949,"FJ24-FJ25::chr9:2999602-3038819",8692,8694,1,3,3,"B","G","+",1,1,"-",2,2,"CTCGC","TS54","-dTAG","RepR3","S24","Xist","MSR","other"
"1788",16950,"FJ24-FJ25::chr9:2999602-3038819",8735,8737,0,1,0,"+","G","+",1,0,"-",0,0,"CACGT","TS54","-dTAG","RepR3","S24","Xist","MSR","other"
"1789",16951,"FJ24-FJ25::chr9:2999602-3038819",8751,8753,1,1,1,"+","G","+",1,1,"-",0,0,"TTCGT","TS54","-dTAG","RepR3","S24","Xist","MSR","other"
"1790",16952,"FJ24-FJ25::chr9:2999602-3038819",8763,8765,0,1,0,"+","G","+",1,0,"-",0,0,"CACGT","TS54","-dTAG","RepR3","S24","Xist","MSR","other"
"1791",16953,"FJ24-FJ25::chr9:2999602-3038819",8909,8911,0.826,172,142,"-","G","+",0,0,"-",172,142,"CCGTG","TS54","-dTAG","RepR3","S24","Xist","MSR","other"
"1792",16954,"FJ24-FJ25::chr9:2999602-3038819",8969,8971,0.63,27,17,"B","G","+",5,3,"-",22,14,"CACGT","TS54","-dTAG","RepR3","S24","Xist","MSR","other"
"1793",16955,"FJ24-FJ25::chr9:2999602-3038819",8985,8987,0.7,30,21,"B","G","+",6,6,"-",24,15,"TTCGT","TS54","-dTAG","RepR3","S24","Xist","MSR","other"
"1794",16956,"FJ24-FJ25::chr9:2999602-3038819",9161,9163,1,9,9,"-","G","+",0,0,"-",9,9,"TCGCA","TS54","-dTAG","RepR3","S24","Xist","MSR","other"
"1795",16957,"FJ24-FJ25::chr9:2999602-3038819",9220,9222,0.625,8,5,"-","G","+",0,0,"-",8,5,"TCGTC","TS54","-dTAG","RepR3","S24","Xist","MSR","other"
"1796",16958,"FJ24-FJ25::chr9:2999602-3038819",9629,9631,0.5,2,1,"-","G","+",0,0,"-",2,1,"TCGGT","TS54","-dTAG","RepR3","S24","Xist","MSR","other"
"1797",16959,"FJ24-FJ25::chr9:2999602-3038819",9648,9650,0.882,17,15,"B","G","+",1,1,"-",16,14,"CTCGC","TS54","-dTAG","RepR3","S24","Xist","MSR","other"
"1798",16960,"FJ24-FJ25::chr9:2999602-3038819",9691,9693,0.467,30,14,"B","G","+",2,0,"-",28,14,"CACGT","TS54","-dTAG","RepR3","S24","Xist","MSR","other"
"1799",16961,"FJ24-FJ25::chr9:2999602-3038819",9707,9709,0.784,37,29,"B","G","+",2,2,"-",35,27,"TTCGT","TS54","-dTAG","RepR3","S24","Xist","MSR","other"
"1800",16962,"FJ24-FJ25::chr9:2999602-3038819",9722,9724,0.73,37,27,"B","G","+",1,1,"-",36,26,"GTCGT","TS54","-dTAG","RepR3","S24","Xist","MSR","other"
"1801",16963,"FJ24-FJ25::chr9:2999602-3038819",9883,9885,0.859,71,61,"-","G","+",0,0,"-",71,61,"TCGCC","TS54","-dTAG","RepR3","S24","Xist","MSR","other"
"1802",16964,"FJ24-FJ25::chr9:2999602-3038819",9984,9986,0.706,17,12,"-","G","+",0,0,"-",17,12,"CCGTG","TS54","-dTAG","RepR3","S24","Xist","MSR","other"
"1803",16965,"FJ24-FJ25::chr9:2999602-3038819",10002,10004,0.824,17,14,"-","G","+",0,0,"-",17,14,"TCGCC","TS54","-dTAG","RepR3","S24","Xist","MSR","other"
"1804",16966,"FJ24-FJ25::chr9:2999602-3038819",10044,10046,0.429,14,6,"-","G","+",0,0,"-",14,6,"ACGTT","TS54","-dTAG","RepR3","S24","Xist","MSR","other"
"1805",16967,"FJ24-FJ25::chr9:2999602-3038819",10177,10179,0.5,2,1,"-","G","+",0,0,"-",2,1,"TCGCC","TS54","-dTAG","RepR3","S24","Xist","MSR","other"
"1806",16968,"FJ24-FJ25::chr9:2999602-3038819",10189,10191,1,1,1,"-","G","+",0,0,"-",1,1,"ACGTC","TS54","-dTAG","RepR3","S24","Xist","MSR","other"
"1807",16969,"FJ24-FJ25::chr9:2999602-3038819",10217,10219,0.66,188,124,"-","G","+",0,0,"-",188,124,"CCGTG","TS54","-dTAG","RepR3","S24","Xist","MSR","other"
"1808",16970,"FJ24-FJ25::chr9:2999602-3038819",10277,10279,1,3,3,"-","G","+",0,0,"-",3,3,"ACGTT","TS54","-dTAG","RepR3","S24","Xist","MSR","other"
"1809",16971,"FJ24-FJ25::chr9:2999602-3038819",10411,10413,1,2,2,"+","G","+",2,2,"-",0,0,"CTCGC","TS54","-dTAG","RepR3","S24","Xist","MSR","other"
"1810",16972,"FJ24-FJ25::chr9:2999602-3038819",10423,10425,1,2,2,"+","G","+",2,2,"-",0,0,"CACGT","TS54","-dTAG","RepR3","S24","Xist","MSR","other"
"1811",16973,"FJ24-FJ25::chr9:2999602-3038819",10451,10453,1,5,5,"B","G","+",2,2,"-",3,3,"TCCGT","TS54","-dTAG","RepR3","S24","Xist","MSR","other"
"1812",16974,"FJ24-FJ25::chr9:2999602-3038819",10469,10471,1,5,5,"B","G","+",2,2,"-",3,3,"CTCGC","TS54","-dTAG","RepR3","S24","Xist","MSR","other"
"1813",16975,"FJ24-FJ25::chr9:2999602-3038819",10684,10686,0.545,11,6,"-","G","+",0,0,"-",11,6,"CCGTG","TS54","-dTAG","RepR3","S24","Xist","MSR","other"
"1814",16976,"FJ24-FJ25::chr9:2999602-3038819",10702,10704,0.909,11,10,"-","G","+",0,0,"-",11,10,"TCGCC","TS54","-dTAG","RepR3","S24","Xist","MSR","other"
"1815",16977,"FJ24-FJ25::chr9:2999602-3038819",10744,10746,0.562,16,9,"B","G","+",1,1,"-",15,8,"CACGT","TS54","-dTAG","RepR3","S24","Xist","MSR","other"
"1816",16978,"FJ24-FJ25::chr9:2999602-3038819",10760,10762,0.737,19,14,"B","G","+",1,1,"-",18,13,"TTCGT","TS54","-dTAG","RepR3","S24","Xist","MSR","other"
"1817",16979,"FJ24-FJ25::chr9:2999602-3038819",10918,10920,1,1,1,"+","G","+",1,1,"-",0,0,"TCCGT","TS54","-dTAG","RepR3","S24","Xist","MSR","other"
"1818",16980,"FJ24-FJ25::chr9:2999602-3038819",10994,10996,1,2,2,"-","G","+",0,0,"-",2,2,"TCGTC","TS54","-dTAG","RepR3","S24","Xist","MSR","other"
"1819",16981,"FJ24-FJ25::chr9:2999602-3038819",11009,11011,1,4,4,"-","G","+",0,0,"-",4,4,"TCGTC","TS54","-dTAG","RepR3","S24","Xist","MSR","other"
"1820",16982,"FJ24-FJ25::chr9:2999602-3038819",11110,11112,1,3,3,"-","G","+",0,0,"-",3,3,"TCGCT","TS54","-dTAG","RepR3","S24","Xist","MSR","other"
"1821",16983,"FJ24-FJ25::chr9:2999602-3038819",11287,11289,1,1,1,"-","G","+",0,0,"-",1,1,"TCGCC","TS54","-dTAG","RepR3","S24","Xist","MSR","other"
"1822",16984,"FJ24-FJ25::chr9:2999602-3038819",11327,11329,0.713,202,144,"B","G","+",1,1,"-",201,143,"TCCGT","TS54","-dTAG","RepR3","S24","Xist","MSR","other"
"1823",16985,"FJ24-FJ25::chr9:2999602-3038819",11387,11389,0.46,50,23,"B","G","+",4,3,"-",46,20,"CACGT","TS54","-dTAG","RepR3","S24","Xist","MSR","other"
"1824",16986,"FJ24-FJ25::chr9:2999602-3038819",11403,11405,0.787,47,37,"B","G","+",3,3,"-",44,34,"TTCGT","TS54","-dTAG","RepR3","S24","Xist","MSR","other"
"1825",16987,"FJ24-FJ25::chr9:2999602-3038819",11796,11798,0.5,2,1,"-","G","+",0,0,"-",2,1,"ACGTT","TS54","-dTAG","RepR3","S24","Xist","MSR","other"
"1826",16988,"FJ24-FJ25::chr9:2999602-3038819",11812,11814,0.5,2,1,"-","G","+",0,0,"-",2,1,"TCGTC","TS54","-dTAG","RepR3","S24","Xist","MSR","other"
"1827",16989,"FJ24-FJ25::chr9:2999602-3038819",11930,11932,1,2,2,"+","G","+",2,2,"-",0,0,"CTCGC","TS54","-dTAG","RepR3","S24","Xist","MSR","other"
"1828",16990,"FJ24-FJ25::chr9:2999602-3038819",11970,11972,1,5,5,"B","G","+",2,2,"-",3,3,"TCCGT","TS54","-dTAG","RepR3","S24","Xist","MSR","other"
"1829",16991,"FJ24-FJ25::chr9:2999602-3038819",11988,11990,0.571,7,4,"-","G","+",0,0,"-",7,4,"TCGCC","TS54","-dTAG","RepR3","S24","Xist","MSR","other"
"1830",16992,"FJ24-FJ25::chr9:2999602-3038819",12030,12032,0.571,14,8,"-","G","+",0,0,"-",14,8,"ACGTT","TS54","-dTAG","RepR3","S24","Xist","MSR","other"
"1831",16993,"FJ24-FJ25::chr9:2999602-3038819",12046,12048,0.833,12,10,"-","G","+",0,0,"-",12,10,"TCGTC","TS54","-dTAG","RepR3","S24","Xist","MSR","other"
"1832",16994,"FJ24-FJ25::chr9:2999602-3038819",12061,12063,0.545,11,6,"-","G","+",0,0,"-",11,6,"TCGTC","TS54","-dTAG","RepR3","S24","Xist","MSR","other"
"1833",16995,"FJ24-FJ25::chr9:2999602-3038819",12116,12118,0.889,9,8,"B","G","+",1,1,"-",8,7,"CACGT","TS54","-dTAG","RepR3","S24","Xist","MSR","other"
"1834",16996,"FJ24-FJ25::chr9:2999602-3038819",12206,12208,0.464,28,13,"B","G","+",3,1,"-",25,12,"CACGT","TS54","-dTAG","RepR3","S24","Xist","MSR","other"
"1835",16997,"FJ24-FJ25::chr9:2999602-3038819",12222,12224,0.857,28,24,"B","G","+",3,3,"-",25,21,"TTCGT","TS54","-dTAG","RepR3","S24","Xist","MSR","other"
"1836",16998,"FJ24-FJ25::chr9:2999602-3038819",12262,12264,0.0323,31,1,"-","G","+",0,0,"-",31,1,"CCGTG","TS54","-dTAG","RepR3","S24","Xist","MSR","other"
"1837",16999,"FJ24-FJ25::chr9:2999602-3038819",12306,12308,0,10,0,"-","G","+",0,0,"-",10,0,"ACGTT","TS54","-dTAG","RepR3","S24","Xist","MSR","other"
"1838",17000,"FJ24-FJ25::chr9:2999602-3038819",12380,12382,1,2,2,"B","G","+",1,1,"-",1,1,"TCCGT","TS54","-dTAG","RepR3","S24","Xist","MSR","other"
"1839",17001,"FJ24-FJ25::chr9:2999602-3038819",12398,12400,1,1,1,"+","G","+",1,1,"-",0,0,"CTCGC","TS54","-dTAG","RepR3","S24","Xist","MSR","other"
"1840",17002,"FJ24-FJ25::chr9:2999602-3038819",12632,12634,0.706,34,24,"-","G","+",0,0,"-",34,24,"TCGCC","TS54","-dTAG","RepR3","S24","Xist","MSR","other"
"1841",17003,"FJ24-FJ25::chr9:2999602-3038819",12674,12676,0.579,38,22,"B","G","+",1,0,"-",37,22,"CACGT","TS54","-dTAG","RepR3","S24","Xist","MSR","other"
"1842",17004,"FJ24-FJ25::chr9:2999602-3038819",12690,12692,0.812,32,26,"B","G","+",3,3,"-",29,23,"TTCGT","TS54","-dTAG","RepR3","S24","Xist","MSR","other"
"1843",17005,"FJ24-FJ25::chr9:2999602-3038819",12820,12822,1,1,1,"-","G","+",0,0,"-",1,1,"ACGTC","TS54","-dTAG","RepR3","S24","Xist","MSR","other"
"1844",17006,"FJ24-FJ25::chr9:2999602-3038819",12866,12868,0.6,5,3,"B","G","+",1,1,"-",4,2,"CTCGA","TS54","-dTAG","RepR3","S24","Xist","MSR","other"
"1845",17007,"FJ24-FJ25::chr9:2999602-3038819",12923,12925,0.5,2,1,"-","G","+",0,0,"-",2,1,"TCGTC","TS54","-dTAG","RepR3","S24","Xist","MSR","other"
"1846",17008,"FJ24-FJ25::chr9:2999602-3038819",13082,13084,0.4,5,2,"-","G","+",0,0,"-",5,2,"TCGGT","TS54","-dTAG","RepR3","S24","Xist","MSR","other"
"1847",17009,"FJ24-FJ25::chr9:2999602-3038819",13101,13103,0.882,17,15,"-","G","+",0,0,"-",17,15,"TCGCC","TS54","-dTAG","RepR3","S24","Xist","MSR","other"
"1848",17010,"FJ24-FJ25::chr9:2999602-3038819",13144,13146,0.533,15,8,"B","G","+",5,4,"-",10,4,"CACGT","TS54","-dTAG","RepR3","S24","Xist","MSR","other"
"1849",17011,"FJ24-FJ25::chr9:2999602-3038819",13160,13162,0.731,26,19,"B","G","+",6,6,"-",20,13,"TTCGT","TS54","-dTAG","RepR3","S24","Xist","MSR","other"
"1850",17012,"FJ24-FJ25::chr9:2999602-3038819",13175,13177,0.72,25,18,"B","G","+",5,4,"-",20,14,"GTCGT","TS54","-dTAG","RepR3","S24","Xist","MSR","other"
"1851",17013,"FJ24-FJ25::chr9:2999602-3038819",13336,13338,0.595,37,22,"B","G","+",1,0,"-",36,22,"CTCGC","TS54","-dTAG","RepR3","S24","Xist","MSR","other"
"1852",17014,"FJ24-FJ25::chr9:2999602-3038819",13437,13439,0.708,24,17,"-","G","+",0,0,"-",24,17,"CCGTG","TS54","-dTAG","RepR3","S24","Xist","MSR","other"
"1853",17015,"FJ24-FJ25::chr9:2999602-3038819",13455,13457,0.84,25,21,"-","G","+",0,0,"-",25,21,"TCGCC","TS54","-dTAG","RepR3","S24","Xist","MSR","other"
"1854",17016,"FJ24-FJ25::chr9:2999602-3038819",13497,13499,0.789,19,15,"-","G","+",0,0,"-",19,15,"ACGTT","TS54","-dTAG","RepR3","S24","Xist","MSR","other"
"1855",17017,"FJ24-FJ25::chr9:2999602-3038819",13630,13632,0.75,4,3,"B","G","+",1,1,"-",3,2,"CTCGC","TS54","-dTAG","RepR3","S24","Xist","MSR","other"
"1856",17018,"FJ24-FJ25::chr9:2999602-3038819",13642,13644,1,4,4,"B","G","+",2,2,"-",2,2,"CACGT","TS54","-dTAG","RepR3","S24","Xist","MSR","other"
"1857",17019,"FJ24-FJ25::chr9:2999602-3038819",13670,13672,0.704,213,150,"B","G","+",2,2,"-",211,148,"TCCGT","TS54","-dTAG","RepR3","S24","Xist","MSR","other"
"1858",17020,"FJ24-FJ25::chr9:2999602-3038819",13730,13732,0.833,12,10,"B","G","+",1,1,"-",11,9,"CACGT","TS54","-dTAG","RepR3","S24","Xist","MSR","other"
"1859",17021,"FJ24-FJ25::chr9:2999602-3038819",13864,13866,0.667,3,2,"B","G","+",2,2,"-",1,0,"CTCGC","TS54","-dTAG","RepR3","S24","Xist","MSR","other"
"1860",17022,"FJ24-FJ25::chr9:2999602-3038819",13876,13878,1,4,4,"B","G","+",3,3,"-",1,1,"CACGT","TS54","-dTAG","RepR3","S24","Xist","MSR","other"
"1861",17023,"FJ24-FJ25::chr9:2999602-3038819",13904,13906,0.8,10,8,"B","G","+",3,3,"-",7,5,"TCCGT","TS54","-dTAG","RepR3","S24","Xist","MSR","other"
"1862",17024,"FJ24-FJ25::chr9:2999602-3038819",13922,13924,1,10,10,"B","G","+",2,2,"-",8,8,"CTCGC","TS54","-dTAG","RepR3","S24","Xist","MSR","other"
"1863",17025,"FJ24-FJ25::chr9:2999602-3038819",14137,14139,0.889,27,24,"-","G","+",0,0,"-",27,24,"CCGTG","TS54","-dTAG","RepR3","S24","Xist","MSR","other"
"1864",17026,"FJ24-FJ25::chr9:2999602-3038819",14155,14157,0.788,33,26,"-","G","+",0,0,"-",33,26,"TCGCC","TS54","-dTAG","RepR3","S24","Xist","MSR","other"
"1865",17027,"FJ24-FJ25::chr9:2999602-3038819",14197,14199,0.667,33,22,"B","G","+",3,1,"-",30,21,"CACGT","TS54","-dTAG","RepR3","S24","Xist","MSR","other"
"1866",17028,"FJ24-FJ25::chr9:2999602-3038819",14213,14215,0.87,46,40,"B","G","+",3,1,"-",43,39,"TTCGT","TS54","-dTAG","RepR3","S24","Xist","MSR","other"
"1867",17029,"FJ24-FJ25::chr9:2999602-3038819",14311,14313,0,1,0,"+","G","+",1,0,"-",0,0,"TTCGA","TS54","-dTAG","RepR3","S24","Xist","MSR","other"
"1868",17030,"FJ24-FJ25::chr9:2999602-3038819",14371,14373,0.778,9,7,"-","G","+",0,0,"-",9,7,"CCGTG","TS54","-dTAG","RepR3","S24","Xist","MSR","other"
"1869",17031,"FJ24-FJ25::chr9:2999602-3038819",14389,14391,0.846,13,11,"B","G","+",4,2,"-",9,9,"CTCGC","TS54","-dTAG","RepR3","S24","Xist","MSR","other"
"1870",17032,"FJ24-FJ25::chr9:2999602-3038819",14447,14449,0.875,32,28,"B","G","+",1,1,"-",31,27,"TTCGT","TS54","-dTAG","RepR3","S24","Xist","MSR","other"
"1871",17033,"FJ24-FJ25::chr9:2999602-3038819",14462,14464,0.769,39,30,"B","G","+",5,3,"-",34,27,"GTCGT","TS54","-dTAG","RepR3","S24","Xist","MSR","other"
"1872",17034,"FJ24-FJ25::chr9:2999602-3038819",14565,14567,0.667,15,10,"B","G","+",1,0,"-",14,10,"CTCGC","TS54","-dTAG","RepR3","S24","Xist","MSR","other"
"1873",17035,"FJ24-FJ25::chr9:2999602-3038819",14623,14625,0.794,68,54,"B","G","+",2,2,"-",66,52,"CTCGC","TS54","-dTAG","RepR3","S24","Xist","MSR","other"
"1874",17036,"FJ24-FJ25::chr9:2999602-3038819",14665,14667,0.487,76,37,"B","G","+",4,1,"-",72,36,"CACGT","TS54","-dTAG","RepR3","S24","Xist","MSR","other"
"1875",17037,"FJ24-FJ25::chr9:2999602-3038819",14681,14683,0.767,73,56,"B","G","+",4,0,"-",69,56,"TTCGT","TS54","-dTAG","RepR3","S24","Xist","MSR","other"
"1876",17038,"FJ24-FJ25::chr9:2999602-3038819",14839,14841,0.643,14,9,"-","G","+",0,0,"-",14,9,"CCGTG","TS54","-dTAG","RepR3","S24","Xist","MSR","other"
"1877",17039,"FJ24-FJ25::chr9:2999602-3038819",14899,14901,0.333,3,1,"-","G","+",0,0,"-",3,1,"ACGTT","TS54","-dTAG","RepR3","S24","Xist","MSR","other"
"1878",17040,"FJ24-FJ25::chr9:2999602-3038819",15073,15075,0.75,4,3,"-","G","+",0,0,"-",4,3,"TCGTG","TS54","-dTAG","RepR3","S24","Xist","MSR","other"
"1879",17041,"FJ24-FJ25::chr9:2999602-3038819",15091,15093,0.6,5,3,"-","G","+",0,0,"-",5,3,"TCGCC","TS54","-dTAG","RepR3","S24","Xist","MSR","other"
"1880",17042,"FJ24-FJ25::chr9:2999602-3038819",15133,15135,0.615,13,8,"-","G","+",0,0,"-",13,8,"ACGTT","TS54","-dTAG","RepR3","S24","Xist","MSR","other"
"1881",17043,"FJ24-FJ25::chr9:2999602-3038819",15325,15327,0.8,10,8,"-","G","+",0,0,"-",10,8,"TCGCC","TS54","-dTAG","RepR3","S24","Xist","MSR","other"
"1882",17044,"FJ24-FJ25::chr9:2999602-3038819",15384,15386,0.571,7,4,"-","G","+",0,0,"-",7,4,"TCGTC","TS54","-dTAG","RepR3","S24","Xist","MSR","other"
"1883",17045,"FJ24-FJ25::chr9:2999602-3038819",15500,15502,0.5,8,4,"-","G","+",0,0,"-",8,4,"TCGCT","TS54","-dTAG","RepR3","S24","Xist","MSR","other"
"1884",17046,"FJ24-FJ25::chr9:2999602-3038819",15559,15561,1,1,1,"-","G","+",0,0,"-",1,1,"TCGTC","TS54","-dTAG","RepR3","S24","Xist","MSR","other"
"1885",17047,"FJ24-FJ25::chr9:2999602-3038819",15777,15779,0.667,93,62,"B","G","+",12,7,"-",81,55,"CACGT","TS54","-dTAG","RepR3","S24","Xist","MSR","other"
"1886",17048,"FJ24-FJ25::chr9:2999602-3038819",15793,15795,0.829,105,87,"B","G","+",14,11,"-",91,76,"TTCGT","TS54","-dTAG","RepR3","S24","Xist","MSR","other"
"1887",17049,"FJ24-FJ25::chr9:2999602-3038819",15808,15810,0.726,113,82,"B","G","+",12,12,"-",101,70,"GTCGT","TS54","-dTAG","RepR3","S24","Xist","MSR","other"
"1888",17050,"FJ24-FJ25::chr9:2999602-3038819",15851,15853,0.333,6,2,"B","G","+",4,0,"-",2,2,"CTCGC","TS54","-dTAG","RepR3","S24","Xist","MSR","other"
"1889",17051,"FJ24-FJ25::chr9:2999602-3038819",15951,15953,0.909,11,10,"-","G","+",0,0,"-",11,10,"CCGTG","TS54","-dTAG","RepR3","S24","Xist","MSR","other"
"1890",17052,"FJ24-FJ25::chr9:2999602-3038819",16011,16013,0.3,10,3,"-","G","+",0,0,"-",10,3,"ACGTT","TS54","-dTAG","RepR3","S24","Xist","MSR","other"
"1891",17053,"FJ24-FJ25::chr9:2999602-3038819",16041,16043,0.8,10,8,"-","G","+",0,0,"-",10,8,"TCGTC","TS54","-dTAG","RepR3","S24","Xist","MSR","other"
"1892",17054,"FJ24-FJ25::chr9:2999602-3038819",16202,16204,0.9,10,9,"-","G","+",0,0,"-",10,9,"TCGCC","TS54","-dTAG","RepR3","S24","Xist","MSR","other"
"1893",17055,"FJ24-FJ25::chr9:2999602-3038819",16261,16263,0.667,3,2,"-","G","+",0,0,"-",3,2,"TCGTC","TS54","-dTAG","RepR3","S24","Xist","MSR","other"
"1894",17056,"FJ24-FJ25::chr9:2999602-3038819",16377,16379,0.844,45,38,"B","G","+",2,2,"-",43,36,"CTCGC","TS54","-dTAG","RepR3","S24","Xist","MSR","other"
"1895",17057,"FJ24-FJ25::chr9:2999602-3038819",16419,16421,0.6,50,30,"B","G","+",6,5,"-",44,25,"CACGT","TS54","-dTAG","RepR3","S24","Xist","MSR","other"
"1896",17058,"FJ24-FJ25::chr9:2999602-3038819",16435,16437,0.809,47,38,"B","G","+",5,3,"-",42,35,"TTCGT","TS54","-dTAG","RepR3","S24","Xist","MSR","other"
"1897",17059,"FJ24-FJ25::chr9:2999602-3038819",16553,16555,0.5,2,1,"B","G","+",1,0,"-",1,1,"CTCGC","TS54","-dTAG","RepR3","S24","Xist","MSR","other"
"1898",17060,"FJ24-FJ25::chr9:2999602-3038819",16593,16595,1,10,10,"-","G","+",0,0,"-",10,10,"CCGTG","TS54","-dTAG","RepR3","S24","Xist","MSR","other"
"1899",17061,"FJ24-FJ25::chr9:2999602-3038819",16653,16655,1,3,3,"-","G","+",0,0,"-",3,3,"ACGTT","TS54","-dTAG","RepR3","S24","Xist","MSR","other"
"1900",17062,"FJ24-FJ25::chr9:2999602-3038819",16827,16829,1,4,4,"B","G","+",1,1,"-",3,3,"TTCGT","TS54","-dTAG","RepR3","S24","Xist","MSR","other"
"1901",17063,"FJ24-FJ25::chr9:2999602-3038819",16845,16847,1,4,4,"B","G","+",1,1,"-",3,3,"CTCGC","TS54","-dTAG","RepR3","S24","Xist","MSR","other"
"1902",17064,"FJ24-FJ25::chr9:2999602-3038819",16887,16889,0.636,11,7,"B","G","+",1,1,"-",10,6,"CACGT","TS54","-dTAG","RepR3","S24","Xist","MSR","other"
"1903",17065,"FJ24-FJ25::chr9:2999602-3038819",17079,17081,0.944,18,17,"B","G","+",1,1,"-",17,16,"CTCGC","TS54","-dTAG","RepR3","S24","Xist","MSR","other"
"1904",17066,"FJ24-FJ25::chr9:2999602-3038819",17138,17140,1,3,3,"-","G","+",0,0,"-",3,3,"TCGTC","TS54","-dTAG","RepR3","S24","Xist","MSR","other"
"1905",17067,"FJ24-FJ25::chr9:2999602-3038819",17254,17256,1,2,2,"-","G","+",0,0,"-",2,2,"TCGCT","TS54","-dTAG","RepR3","S24","Xist","MSR","other"
"1906",17068,"FJ24-FJ25::chr9:2999602-3038819",17297,17299,0,2,0,"-","G","+",0,0,"-",2,0,"ACGTT","TS54","-dTAG","RepR3","S24","Xist","MSR","other"
"1907",17069,"FJ24-FJ25::chr9:2999602-3038819",17313,17315,1,3,3,"-","G","+",0,0,"-",3,3,"TCGTC","TS54","-dTAG","RepR3","S24","Xist","MSR","other"
"1908",17070,"FJ24-FJ25::chr9:2999602-3038819",17431,17433,0.3,10,3,"-","G","+",0,0,"-",10,3,"TCGCC","TS54","-dTAG","RepR3","S24","Xist","MSR","other"
"1909",17071,"FJ24-FJ25::chr9:2999602-3038819",17471,17473,0.759,473,359,"B","G","+",2,1,"-",471,358,"TCCGT","TS54","-dTAG","RepR3","S24","Xist","MSR","other"
"1910",17072,"FJ24-FJ25::chr9:2999602-3038819",17531,17533,0.528,176,93,"B","G","+",19,14,"-",157,79,"CACGT","TS54","-dTAG","RepR3","S24","Xist","MSR","other"
"1911",17073,"FJ24-FJ25::chr9:2999602-3038819",17547,17549,0.784,162,127,"B","G","+",24,19,"-",138,108,"TTCGT","TS54","-dTAG","RepR3","S24","Xist","MSR","other"
"1912",17074,"FJ24-FJ25::chr9:2999602-3038819",17562,17564,0.692,195,135,"B","G","+",22,22,"-",173,113,"GTCGT","TS54","-dTAG","RepR3","S24","Xist","MSR","other"
"1913",17075,"FJ24-FJ25::chr9:2999602-3038819",17605,17607,0.5,20,10,"B","G","+",3,0,"-",17,10,"CTCGC","TS54","-dTAG","RepR3","S24","Xist","MSR","other"
"1914",17076,"FJ24-FJ25::chr9:2999602-3038819",17705,17707,0.692,13,9,"-","G","+",0,0,"-",13,9,"CCGTG","TS54","-dTAG","RepR3","S24","Xist","MSR","other"
"1915",17077,"FJ24-FJ25::chr9:2999602-3038819",17765,17767,0.273,11,3,"-","G","+",0,0,"-",11,3,"ACGTT","TS54","-dTAG","RepR3","S24","Xist","MSR","other"
"1916",17078,"FJ24-FJ25::chr9:2999602-3038819",17795,17797,0.889,9,8,"-","G","+",0,0,"-",9,8,"TCGTC","TS54","-dTAG","RepR3","S24","Xist","MSR","other"
"1917",17079,"FJ24-FJ25::chr9:2999602-3038819",17956,17958,1,13,13,"B","G","+",1,1,"-",12,12,"CTCGC","TS54","-dTAG","RepR3","S24","Xist","MSR","other"
"1918",17080,"FJ24-FJ25::chr9:2999602-3038819",18131,18133,0.909,11,10,"-","G","+",0,0,"-",11,10,"TCGCC","TS54","-dTAG","RepR3","S24","Xist","MSR","other"
"1919",17081,"FJ24-FJ25::chr9:2999602-3038819",18174,18176,0.4,5,2,"B","G","+",1,1,"-",4,1,"CACGT","TS54","-dTAG","RepR3","S24","Xist","MSR","other"
"1920",17082,"FJ24-FJ25::chr9:2999602-3038819",18190,18192,1,5,5,"B","G","+",1,1,"-",4,4,"TTCGT","TS54","-dTAG","RepR3","S24","Xist","MSR","other"
"1921",17083,"FJ24-FJ25::chr9:2999602-3038819",18308,18310,0.579,19,11,"-","G","+",0,0,"-",19,11,"TCGCC","TS54","-dTAG","RepR3","S24","Xist","MSR","other"
"1922",17084,"FJ24-FJ25::chr9:2999602-3038819",18348,18350,0.799,1773,1416,"B","G","+",7,4,"-",1766,1412,"TCCGT","TS54","-dTAG","RepR3","S24","Xist","MSR","other"
"1923",17085,"FJ24-FJ25::chr9:2999602-3038819",18408,18410,0.543,1478,803,"B","G","+",27,15,"-",1451,788,"CACGT","TS54","-dTAG","RepR3","S24","Xist","MSR","other"
"1924",17086,"FJ24-FJ25::chr9:2999602-3038819",18424,18426,0.847,1344,1139,"B","G","+",27,23,"-",1317,1116,"TTCGT","TS54","-dTAG","RepR3","S24","Xist","MSR","other"
"1925",17087,"FJ24-FJ25::chr9:2999602-3038819",18439,18441,0.722,1528,1103,"B","G","+",27,20,"-",1501,1083,"GTCGT","TS54","-dTAG","RepR3","S24","Xist","MSR","other"
"1926",17088,"FJ24-FJ25::chr9:2999602-3038819",18482,18484,0.346,26,9,"B","G","+",10,0,"-",16,9,"CTCGC","TS54","-dTAG","RepR3","S24","Xist","MSR","other"
"1927",17089,"FJ24-FJ25::chr9:2999602-3038819",18542,18544,1,2,2,"-","G","+",0,0,"-",2,2,"TCGCG","TS54","-dTAG","RepR3","S24","Xist","MSR","other"
"1928",17090,"FJ24-FJ25::chr9:2999602-3038819",18582,18584,0.833,42,35,"B","G","+",2,2,"-",40,33,"TCCGT","TS54","-dTAG","RepR3","S24","Xist","MSR","other"
"1929",17091,"FJ24-FJ25::chr9:2999602-3038819",18642,18644,0.75,36,27,"-","G","+",0,0,"-",36,27,"ACGTT","TS54","-dTAG","RepR3","S24","Xist","MSR","other"
"1930",17092,"FJ24-FJ25::chr9:2999602-3038819",18672,18674,0.545,33,18,"-","G","+",0,0,"-",33,18,"TCGTC","TS54","-dTAG","RepR3","S24","Xist","MSR","other"
"1931",17093,"FJ24-FJ25::chr9:2999602-3038819",18727,18729,0.964,28,27,"B","G","+",17,16,"-",11,11,"CACGT","TS54","-dTAG","RepR3","S24","Xist","MSR","other"
"1932",17094,"FJ24-FJ25::chr9:2999602-3038819",18775,18777,0.818,22,18,"B","G","+",20,18,"-",2,0,"TTCGC","TS54","-dTAG","RepR3","S24","Xist","MSR","other"
"1933",17095,"FJ24-FJ25::chr9:2999602-3038819",18787,18789,0.895,19,17,"B","G","+",17,15,"-",2,2,"CACGT","TS54","-dTAG","RepR3","S24","Xist","MSR","other"
"1934",17096,"FJ24-FJ25::chr9:2999602-3038819",18815,18817,0.793,92,73,"B","G","+",8,8,"-",84,65,"TCCGT","TS54","-dTAG","RepR3","S24","Xist","MSR","other"
"1935",17097,"FJ24-FJ25::chr9:2999602-3038819",18833,18835,0.794,102,81,"B","G","+",4,3,"-",98,78,"CTCGC","TS54","-dTAG","RepR3","S24","Xist","MSR","other"
"1936",17098,"FJ24-FJ25::chr9:2999602-3038819",18875,18877,0.569,1304,742,"B","G","+",1,1,"-",1303,741,"CACGT","TS54","-dTAG","RepR3","S24","Xist","MSR","other"
"1937",17099,"FJ24-FJ25::chr9:2999602-3038819",18891,18893,0.839,1212,1017,"B","G","+",1,1,"-",1211,1016,"TTCGT","TS54","-dTAG","RepR3","S24","Xist","MSR","other"
"1938",17100,"FJ24-FJ25::chr9:2999602-3038819",18906,18908,0.717,1395,1000,"-","G","+",0,0,"-",1395,1000,"TCGTC","TS54","-dTAG","RepR3","S24","Xist","MSR","other"
"1939",17101,"FJ24-FJ25::chr9:2999602-3038819",19009,19011,0.826,115,95,"-","G","+",0,0,"-",115,95,"TCGCC","TS54","-dTAG","RepR3","S24","Xist","MSR","other"
"1940",17102,"FJ24-FJ25::chr9:2999602-3038819",19021,19023,0.936,125,117,"B","G","+",4,3,"-",121,114,"CACGT","TS54","-dTAG","RepR3","S24","Xist","MSR","other"
"1941",17103,"FJ24-FJ25::chr9:2999602-3038819",19049,19051,0.564,521,294,"B","G","+",7,4,"-",514,290,"TCCGT","TS54","-dTAG","RepR3","S24","Xist","MSR","other"
"1942",17104,"FJ24-FJ25::chr9:2999602-3038819",19109,19111,0.333,12,4,"B","G","+",8,2,"-",4,2,"CACGT","TS54","-dTAG","RepR3","S24","Xist","MSR","other"
"1943",17105,"FJ24-FJ25::chr9:2999602-3038819",19283,19285,1,5,5,"-","G","+",0,0,"-",5,5,"TCGTG","TS54","-dTAG","RepR3","S24","Xist","MSR","other"
"1944",17106,"FJ24-FJ25::chr9:2999602-3038819",19301,19303,0.9,10,9,"-","G","+",0,0,"-",10,9,"TCGCC","TS54","-dTAG","RepR3","S24","Xist","MSR","other"
"1945",17107,"FJ24-FJ25::chr9:2999602-3038819",19343,19345,0.857,7,6,"-","G","+",0,0,"-",7,6,"ACGTT","TS54","-dTAG","RepR3","S24","Xist","MSR","other"
"1946",17108,"FJ24-FJ25::chr9:2999602-3038819",19535,19537,0.875,8,7,"B","G","+",1,1,"-",7,6,"CTCGC","TS54","-dTAG","RepR3","S24","Xist","MSR","other"
"1947",17109,"FJ24-FJ25::chr9:2999602-3038819",19575,19577,0.125,8,1,"B","G","+",1,0,"-",7,1,"TCCGT","TS54","-dTAG","RepR3","S24","Xist","MSR","other"
"1948",17110,"FJ24-FJ25::chr9:2999602-3038819",19593,19595,0.333,3,1,"-","G","+",0,0,"-",3,1,"TCGCC","TS54","-dTAG","RepR3","S24","Xist","MSR","other"
"1949",17111,"FJ24-FJ25::chr9:2999602-3038819",19635,19637,0.5,20,10,"-","G","+",0,0,"-",20,10,"ACGTT","TS54","-dTAG","RepR3","S24","Xist","MSR","other"
"1950",17112,"FJ24-FJ25::chr9:2999602-3038819",19651,19653,0.824,17,14,"-","G","+",0,0,"-",17,14,"TCGTC","TS54","-dTAG","RepR3","S24","Xist","MSR","other"
"1951",17113,"FJ24-FJ25::chr9:2999602-3038819",19666,19668,0.705,44,31,"-","G","+",0,0,"-",44,31,"TCGTC","TS54","-dTAG","RepR3","S24","Xist","MSR","other"
"1952",17114,"FJ24-FJ25::chr9:2999602-3038819",19721,19723,0.837,49,41,"B","G","+",2,2,"-",47,39,"CACGT","TS54","-dTAG","RepR3","S24","Xist","MSR","other"
"1953",17115,"FJ24-FJ25::chr9:2999602-3038819",19810,19812,0.833,6,5,"B","G","+",1,1,"-",5,4,"CACGT","TS54","-dTAG","RepR3","S24","Xist","MSR","other"
"1954",17116,"FJ24-FJ25::chr9:2999602-3038819",19826,19828,0.75,4,3,"-","G","+",0,0,"-",4,3,"TCGTC","TS54","-dTAG","RepR3","S24","Xist","MSR","other"
"1955",17117,"FJ24-FJ25::chr9:2999602-3038819",19866,19868,0,5,0,"-","G","+",0,0,"-",5,0,"CCGTG","TS54","-dTAG","RepR3","S24","Xist","MSR","other"
"1956",17118,"FJ24-FJ25::chr9:2999602-3038819",20178,20180,0.5,2,1,"-","G","+",0,0,"-",2,1,"TCGCC","TS54","-dTAG","RepR3","S24","Xist","MSR","other"
"1957",17119,"FJ24-FJ25::chr9:2999602-3038819",20236,20238,1,5,5,"-","G","+",0,0,"-",5,5,"TCGCC","TS54","-dTAG","RepR3","S24","Xist","MSR","other"
"1958",17120,"FJ24-FJ25::chr9:2999602-3038819",20278,20280,0.375,8,3,"-","G","+",0,0,"-",8,3,"ACGTT","TS54","-dTAG","RepR3","S24","Xist","MSR","other"
"1959",17121,"FJ24-FJ25::chr9:2999602-3038819",20294,20296,0.429,7,3,"-","G","+",0,0,"-",7,3,"TCGTC","TS54","-dTAG","RepR3","S24","Xist","MSR","other"
"1960",17122,"FJ24-FJ25::chr9:2999602-3038819",20470,20472,0.818,11,9,"-","G","+",0,0,"-",11,9,"TCGAC","TS54","-dTAG","RepR3","S24","Xist","MSR","other"
"1961",17123,"FJ24-FJ25::chr9:2999602-3038819",20527,20529,0.857,14,12,"-","G","+",0,0,"-",14,12,"TCGTC","TS54","-dTAG","RepR3","S24","Xist","MSR","other"
"1962",17124,"FJ24-FJ25::chr9:2999602-3038819",20645,20647,1,12,12,"B","G","+",6,6,"-",6,6,"CTCGC","TS54","-dTAG","RepR3","S24","Xist","MSR","other"
"1963",17125,"FJ24-FJ25::chr9:2999602-3038819",20657,20659,0.75,12,9,"B","G","+",4,4,"-",8,5,"CACGT","TS54","-dTAG","RepR3","S24","Xist","MSR","other"
"1964",17126,"FJ24-FJ25::chr9:2999602-3038819",20685,20687,0.929,14,13,"B","G","+",5,5,"-",9,8,"TCCGT","TS54","-dTAG","RepR3","S24","Xist","MSR","other"
"1965",17127,"FJ24-FJ25::chr9:2999602-3038819",20703,20705,0.625,8,5,"B","G","+",3,1,"-",5,4,"CTCGC","TS54","-dTAG","RepR3","S24","Xist","MSR","other"
"1966",17128,"FJ24-FJ25::chr9:2999602-3038819",20744,20746,1,2,2,"-","G","+",0,0,"-",2,2,"ACGTT","TS54","-dTAG","RepR3","S24","Xist","MSR","other"
"1967",17129,"FJ24-FJ25::chr9:2999602-3038819",20878,20880,1,5,5,"B","G","+",2,2,"-",3,3,"CTCGC","TS54","-dTAG","RepR3","S24","Xist","MSR","other"
"1968",17130,"FJ24-FJ25::chr9:2999602-3038819",20890,20892,0.625,8,5,"B","G","+",3,2,"-",5,3,"CACGT","TS54","-dTAG","RepR3","S24","Xist","MSR","other"
"1969",17131,"FJ24-FJ25::chr9:2999602-3038819",20918,20920,0.799,1266,1011,"B","G","+",5,4,"-",1261,1007,"TCCGT","TS54","-dTAG","RepR3","S24","Xist","MSR","other"
"1970",17132,"FJ24-FJ25::chr9:2999602-3038819",20936,20938,0.833,1281,1067,"B","G","+",5,4,"-",1276,1063,"CTCGC","TS54","-dTAG","RepR3","S24","Xist","MSR","other"
"1971",17133,"FJ24-FJ25::chr9:2999602-3038819",20978,20980,0.571,576,329,"B","G","+",8,1,"-",568,328,"CACGT","TS54","-dTAG","RepR3","S24","Xist","MSR","other"
"1972",17134,"FJ24-FJ25::chr9:2999602-3038819",20994,20996,0.828,809,670,"B","G","+",3,2,"-",806,668,"TTCGT","TS54","-dTAG","RepR3","S24","Xist","MSR","other"
"1973",17135,"FJ24-FJ25::chr9:2999602-3038819",21152,21154,0.818,11,9,"-","G","+",0,0,"-",11,9,"CCGTG","TS54","-dTAG","RepR3","S24","Xist","MSR","other"
"1974",17136,"FJ24-FJ25::chr9:2999602-3038819",21170,21172,0.857,14,12,"B","G","+",1,1,"-",13,11,"CTCGC","TS54","-dTAG","RepR3","S24","Xist","MSR","other"
"1975",17137,"FJ24-FJ25::chr9:2999602-3038819",21228,21230,0.786,318,250,"B","G","+",1,1,"-",317,249,"TTCGT","TS54","-dTAG","RepR3","S24","Xist","MSR","other"
"1976",17138,"FJ24-FJ25::chr9:2999602-3038819",21243,21245,0.701,351,246,"B","G","+",2,2,"-",349,244,"GTCGT","TS54","-dTAG","RepR3","S24","Xist","MSR","other"
"1977",17139,"FJ24-FJ25::chr9:2999602-3038819",21346,21348,0.741,54,40,"B","G","+",3,1,"-",51,39,"CTCGC","TS54","-dTAG","RepR3","S24","Xist","MSR","other"
"1978",17140,"FJ24-FJ25::chr9:2999602-3038819",21404,21406,0.82,133,109,"B","G","+",3,2,"-",130,107,"CTCGC","TS54","-dTAG","RepR3","S24","Xist","MSR","other"
"1979",17141,"FJ24-FJ25::chr9:2999602-3038819",21446,21448,0.598,408,244,"B","G","+",9,1,"-",399,243,"CACGT","TS54","-dTAG","RepR3","S24","Xist","MSR","other"
"1980",17142,"FJ24-FJ25::chr9:2999602-3038819",21462,21464,0.833,420,350,"B","G","+",6,3,"-",414,347,"TTCGT","TS54","-dTAG","RepR3","S24","Xist","MSR","other"
"1981",17143,"FJ24-FJ25::chr9:2999602-3038819",21620,21622,0.5,8,4,"-","G","+",0,0,"-",8,4,"CCGTG","TS54","-dTAG","RepR3","S24","Xist","MSR","other"
"1982",17144,"FJ24-FJ25::chr9:2999602-3038819",21680,21682,1,2,2,"-","G","+",0,0,"-",2,2,"ACGTT","TS54","-dTAG","RepR3","S24","Xist","MSR","other"
"1983",17145,"FJ24-FJ25::chr9:2999602-3038819",21854,21856,0.571,7,4,"-","G","+",0,0,"-",7,4,"TCGTG","TS54","-dTAG","RepR3","S24","Xist","MSR","other"
"1984",17146,"FJ24-FJ25::chr9:2999602-3038819",21872,21874,1,8,8,"-","G","+",0,0,"-",8,8,"TCGCC","TS54","-dTAG","RepR3","S24","Xist","MSR","other"
"1985",17147,"FJ24-FJ25::chr9:2999602-3038819",21914,21916,0.5,14,7,"B","G","+",1,0,"-",13,7,"CACGT","TS54","-dTAG","RepR3","S24","Xist","MSR","other"
"1986",17148,"FJ24-FJ25::chr9:2999602-3038819",22106,22108,0.75,12,9,"-","G","+",0,0,"-",12,9,"TCGCC","TS54","-dTAG","RepR3","S24","Xist","MSR","other"
"1987",17149,"FJ24-FJ25::chr9:2999602-3038819",22165,22167,1,1,1,"-","G","+",0,0,"-",1,1,"TCGTC","TS54","-dTAG","RepR3","S24","Xist","MSR","other"
"1988",17150,"FJ24-FJ25::chr9:2999602-3038819",22281,22283,0.5,8,4,"-","G","+",0,0,"-",8,4,"TCGCC","TS54","-dTAG","RepR3","S24","Xist","MSR","other"
"1989",17151,"FJ24-FJ25::chr9:2999602-3038819",22324,22326,0.5,4,2,"-","G","+",0,0,"-",4,2,"ACGTT","TS54","-dTAG","RepR3","S24","Xist","MSR","other"
"1990",17152,"FJ24-FJ25::chr9:2999602-3038819",22340,22342,0.75,4,3,"-","G","+",0,0,"-",4,3,"TCGTC","TS54","-dTAG","RepR3","S24","Xist","MSR","other"
"1991",17153,"FJ24-FJ25::chr9:2999602-3038819",22458,22460,0.6,5,3,"-","G","+",0,0,"-",5,3,"TCGCC","TS54","-dTAG","RepR3","S24","Xist","MSR","other"
"1992",17154,"FJ24-FJ25::chr9:2999602-3038819",22498,22500,0.782,496,388,"-","G","+",0,0,"-",496,388,"CCGTG","TS54","-dTAG","RepR3","S24","Xist","MSR","other"
"1993",17155,"FJ24-FJ25::chr9:2999602-3038819",22558,22560,0.535,99,53,"B","G","+",3,1,"-",96,52,"CACGT","TS54","-dTAG","RepR3","S24","Xist","MSR","other"
"1994",17156,"FJ24-FJ25::chr9:2999602-3038819",22574,22576,0.84,94,79,"B","G","+",3,1,"-",91,78,"TTCGT","TS54","-dTAG","RepR3","S24","Xist","MSR","other"
"1995",17157,"FJ24-FJ25::chr9:2999602-3038819",22589,22591,0.716,102,73,"B","G","+",2,2,"-",100,71,"GTCGT","TS54","-dTAG","RepR3","S24","Xist","MSR","other"
"1996",17158,"FJ24-FJ25::chr9:2999602-3038819",22632,22634,0,1,0,"-","G","+",0,0,"-",1,0,"TCGCC","TS54","-dTAG","RepR3","S24","Xist","MSR","other"
"1997",17159,"FJ24-FJ25::chr9:2999602-3038819",22732,22734,0.455,11,5,"-","G","+",0,0,"-",11,5,"CCGTG","TS54","-dTAG","RepR3","S24","Xist","MSR","other"
"1998",17160,"FJ24-FJ25::chr9:2999602-3038819",22792,22794,0,5,0,"-","G","+",0,0,"-",5,0,"ACGTT","TS54","-dTAG","RepR3","S24","Xist","MSR","other"
"1999",17161,"FJ24-FJ25::chr9:2999602-3038819",22822,22824,0.5,8,4,"B","G","+",2,2,"-",6,2,"GTCGT","TS54","-dTAG","RepR3","S24","Xist","MSR","other"
"2000",17162,"FJ24-FJ25::chr9:2999602-3038819",22877,22879,0.833,12,10,"B","G","+",2,2,"-",10,8,"CACGT","TS54","-dTAG","RepR3","S24","Xist","MSR","other"
"2001",17163,"FJ24-FJ25::chr9:2999602-3038819",22925,22927,1,6,6,"B","G","+",1,1,"-",5,5,"CTCGC","TS54","-dTAG","RepR3","S24","Xist","MSR","other"
"2002",17164,"FJ24-FJ25::chr9:2999602-3038819",22937,22939,0.833,6,5,"B","G","+",1,0,"-",5,5,"CACGT","TS54","-dTAG","RepR3","S24","Xist","MSR","other"
"2003",17165,"FJ24-FJ25::chr9:2999602-3038819",22965,22967,0.729,203,148,"B","G","+",3,2,"-",200,146,"TCCGT","TS54","-dTAG","RepR3","S24","Xist","MSR","other"
"2004",17166,"FJ24-FJ25::chr9:2999602-3038819",23025,23027,0.5,2,1,"B","G","+",1,1,"-",1,0,"CACGT","TS54","-dTAG","RepR3","S24","Xist","MSR","other"
"2005",17167,"FJ24-FJ25::chr9:2999602-3038819",23199,23201,0,1,0,"-","G","+",0,0,"-",1,0,"TCGTG","TS54","-dTAG","RepR3","S24","Xist","MSR","other"
"2006",17168,"FJ24-FJ25::chr9:2999602-3038819",23217,23219,0.667,3,2,"B","G","+",1,1,"-",2,1,"CTCGC","TS54","-dTAG","RepR3","S24","Xist","MSR","other"
"2007",17169,"FJ24-FJ25::chr9:2999602-3038819",23259,23261,0.333,9,3,"B","G","+",1,0,"-",8,3,"CACGT","TS54","-dTAG","RepR3","S24","Xist","MSR","other"
"2008",17170,"FJ24-FJ25::chr9:2999602-3038819",23451,23453,0.75,4,3,"-","G","+",0,0,"-",4,3,"TCGCA","TS54","-dTAG","RepR3","S24","Xist","MSR","other"
"2009",17171,"FJ24-FJ25::chr9:2999602-3038819",23510,23512,0,2,0,"-","G","+",0,0,"-",2,0,"TCGTC","TS54","-dTAG","RepR3","S24","Xist","MSR","other"
"2010",17172,"FJ24-FJ25::chr9:2999602-3038819",23626,23628,1,4,4,"-","G","+",0,0,"-",4,4,"TCGCC","TS54","-dTAG","RepR3","S24","Xist","MSR","other"
"2011",17173,"FJ24-FJ25::chr9:2999602-3038819",23669,23671,1,3,3,"-","G","+",0,0,"-",3,3,"ACGTT","TS54","-dTAG","RepR3","S24","Xist","MSR","other"
"2012",17174,"FJ24-FJ25::chr9:2999602-3038819",23685,23687,0.5,4,2,"-","G","+",0,0,"-",4,2,"TCGTC","TS54","-dTAG","RepR3","S24","Xist","MSR","other"
"2013",17175,"FJ24-FJ25::chr9:2999602-3038819",23697,23699,1,1,1,"-","G","+",0,0,"-",1,1,"ACGTT","TS54","-dTAG","RepR3","S24","Xist","MSR","other"
"2014",17176,"FJ24-FJ25::chr9:2999602-3038819",23803,23805,1,1,1,"+","G","+",1,1,"-",0,0,"CTCGC","TS54","-dTAG","RepR3","S24","Xist","MSR","other"
"2015",17177,"FJ24-FJ25::chr9:2999602-3038819",23843,23845,0.692,425,294,"B","G","+",2,2,"-",423,292,"TCCGT","TS54","-dTAG","RepR3","S24","Xist","MSR","other"
"2016",17178,"FJ24-FJ25::chr9:2999602-3038819",23903,23905,0.411,457,188,"B","G","+",10,3,"-",447,185,"CACGT","TS54","-dTAG","RepR3","S24","Xist","MSR","other"
"2017",17179,"FJ24-FJ25::chr9:2999602-3038819",23934,23936,0.592,485,287,"B","G","+",10,6,"-",475,281,"GTCGT","TS54","-dTAG","RepR3","S24","Xist","MSR","other"
"2018",17180,"FJ24-FJ25::chr9:2999602-3038819",24037,24039,0.63,27,17,"B","G","+",1,0,"-",26,17,"CTCGC","TS54","-dTAG","RepR3","S24","Xist","MSR","other"
"2019",17181,"FJ24-FJ25::chr9:2999602-3038819",24049,24051,0.833,24,20,"B","G","+",1,0,"-",23,20,"CACGT","TS54","-dTAG","RepR3","S24","Xist","MSR","other"
"2020",17182,"FJ24-FJ25::chr9:2999602-3038819",24077,24079,0.621,422,262,"B","G","+",2,1,"-",420,261,"TCCGT","TS54","-dTAG","RepR3","S24","Xist","MSR","other"
"2021",17183,"FJ24-FJ25::chr9:2999602-3038819",24137,24139,0.4,5,2,"B","G","+",2,1,"-",3,1,"CACGT","TS54","-dTAG","RepR3","S24","Xist","MSR","other"
"2022",17184,"FJ24-FJ25::chr9:2999602-3038819",24271,24273,0.8,5,4,"-","G","+",0,0,"-",5,4,"TCGCC","TS54","-dTAG","RepR3","S24","Xist","MSR","other"
"2023",17185,"FJ24-FJ25::chr9:2999602-3038819",24283,24285,0.6,5,3,"-","G","+",0,0,"-",5,3,"ACGTC","TS54","-dTAG","RepR3","S24","Xist","MSR","other"
"2024",17186,"FJ24-FJ25::chr9:2999602-3038819",24311,24313,0.783,23,18,"-","G","+",0,0,"-",23,18,"CCGTG","TS54","-dTAG","RepR3","S24","Xist","MSR","other"
"2025",17187,"FJ24-FJ25::chr9:2999602-3038819",24329,24331,0.833,24,20,"-","G","+",0,0,"-",24,20,"TCGCC","TS54","-dTAG","RepR3","S24","Xist","MSR","other"
"2026",17188,"FJ24-FJ25::chr9:2999602-3038819",24370,24372,0.75,16,12,"-","G","+",0,0,"-",16,12,"ACGTT","TS54","-dTAG","RepR3","S24","Xist","MSR","other"
"2027",17189,"FJ24-FJ25::chr9:2999602-3038819",24504,24506,0.667,54,36,"B","G","+",9,6,"-",45,30,"CTCGC","TS54","-dTAG","RepR3","S24","Xist","MSR","other"
"2028",17190,"FJ24-FJ25::chr9:2999602-3038819",24516,24518,0.629,62,39,"B","G","+",10,4,"-",52,35,"CACGT","TS54","-dTAG","RepR3","S24","Xist","MSR","other"
"2029",17191,"FJ24-FJ25::chr9:2999602-3038819",24544,24546,0.812,1568,1274,"B","G","+",9,7,"-",1559,1267,"TCCGT","TS54","-dTAG","RepR3","S24","Xist","MSR","other"
"2030",17192,"FJ24-FJ25::chr9:2999602-3038819",24562,24564,0.824,1552,1279,"B","G","+",7,6,"-",1545,1273,"CTCGC","TS54","-dTAG","RepR3","S24","Xist","MSR","other"
"2031",17193,"FJ24-FJ25::chr9:2999602-3038819",24604,24606,0.532,1074,571,"B","G","+",7,3,"-",1067,568,"CACGT","TS54","-dTAG","RepR3","S24","Xist","MSR","other"
"2032",17194,"FJ24-FJ25::chr9:2999602-3038819",24620,24622,0.842,953,802,"-","G","+",0,0,"-",953,802,"TCGAC","TS54","-dTAG","RepR3","S24","Xist","MSR","other"
"2033",17195,"FJ24-FJ25::chr9:2999602-3038819",24778,24780,0.81,1036,839,"B","G","+",23,16,"-",1013,823,"TCCGT","TS54","-dTAG","RepR3","S24","Xist","MSR","other"
"2034",17196,"FJ24-FJ25::chr9:2999602-3038819",24796,24798,0.836,1034,864,"B","G","+",36,35,"-",998,829,"CTCGC","TS54","-dTAG","RepR3","S24","Xist","MSR","other"
"2035",17197,"FJ24-FJ25::chr9:2999602-3038819",24838,24840,0.569,2213,1260,"B","G","+",62,41,"-",2151,1219,"CACGT","TS54","-dTAG","RepR3","S24","Xist","MSR","other"
"2036",17198,"FJ24-FJ25::chr9:2999602-3038819",24854,24856,0.861,2016,1735,"B","G","+",55,48,"-",1961,1687,"TTCGT","TS54","-dTAG","RepR3","S24","Xist","MSR","other"
"2037",17199,"FJ24-FJ25::chr9:2999602-3038819",24869,24871,0.745,2186,1629,"B","G","+",61,46,"-",2125,1583,"GTCGT","TS54","-dTAG","RepR3","S24","Xist","MSR","other"
"2038",17200,"FJ24-FJ25::chr9:2999602-3038819",24972,24974,0.837,43,36,"B","G","+",2,2,"-",41,34,"CTCGC","TS54","-dTAG","RepR3","S24","Xist","MSR","other"
"2039",17201,"FJ24-FJ25::chr9:2999602-3038819",24984,24986,0.667,39,26,"B","G","+",3,2,"-",36,24,"CACGT","TS54","-dTAG","RepR3","S24","Xist","MSR","other"
"2040",17202,"FJ24-FJ25::chr9:2999602-3038819",25012,25014,0.552,444,245,"B","G","+",3,2,"-",441,243,"TCCGT","TS54","-dTAG","RepR3","S24","Xist","MSR","other"
"2041",17203,"FJ24-FJ25::chr9:2999602-3038819",25072,25074,1,1,1,"-","G","+",0,0,"-",1,1,"ACGTT","TS54","-dTAG","RepR3","S24","Xist","MSR","other"
"2042",17204,"FJ24-FJ25::chr9:2999602-3038819",25206,25208,1,3,3,"B","G","+",1,1,"-",2,2,"CTCGC","TS54","-dTAG","RepR3","S24","Xist","MSR","other"
"2043",17205,"FJ24-FJ25::chr9:2999602-3038819",25218,25220,1,3,3,"B","G","+",1,1,"-",2,2,"CACGT","TS54","-dTAG","RepR3","S24","Xist","MSR","other"
"2044",17206,"FJ24-FJ25::chr9:2999602-3038819",25246,25248,0.778,9,7,"-","G","+",0,0,"-",9,7,"CCGTG","TS54","-dTAG","RepR3","S24","Xist","MSR","other"
"2045",17207,"FJ24-FJ25::chr9:2999602-3038819",25264,25266,0.857,7,6,"-","G","+",0,0,"-",7,6,"TCGCC","TS54","-dTAG","RepR3","S24","Xist","MSR","other"
"2046",17208,"FJ24-FJ25::chr9:2999602-3038819",25305,25307,1,1,1,"-","G","+",0,0,"-",1,1,"ACGTT","TS54","-dTAG","RepR3","S24","Xist","MSR","other"
"2047",17209,"FJ24-FJ25::chr9:2999602-3038819",25439,25441,0.667,3,2,"-","G","+",0,0,"-",3,2,"TCGCC","TS54","-dTAG","RepR3","S24","Xist","MSR","other"
"2048",17210,"FJ24-FJ25::chr9:2999602-3038819",25451,25453,0.8,5,4,"B","G","+",1,1,"-",4,3,"CACGT","TS54","-dTAG","RepR3","S24","Xist","MSR","other"
"2049",17211,"FJ24-FJ25::chr9:2999602-3038819",25479,25481,0.714,14,10,"B","G","+",2,1,"-",12,9,"TCCGT","TS54","-dTAG","RepR3","S24","Xist","MSR","other"
"2050",17212,"FJ24-FJ25::chr9:2999602-3038819",25497,25499,0.857,14,12,"B","G","+",2,1,"-",12,11,"CTCGC","TS54","-dTAG","RepR3","S24","Xist","MSR","other"
"2051",17213,"FJ24-FJ25::chr9:2999602-3038819",25539,25541,0.667,12,8,"B","G","+",1,0,"-",11,8,"CACGT","TS54","-dTAG","RepR3","S24","Xist","MSR","other"
"2052",17214,"FJ24-FJ25::chr9:2999602-3038819",25555,25557,0.9,10,9,"B","G","+",1,0,"-",9,9,"TTCGA","TS54","-dTAG","RepR3","S24","Xist","MSR","other"
"2053",17215,"FJ24-FJ25::chr9:2999602-3038819",25713,25715,1,3,3,"-","G","+",0,0,"-",3,3,"CCGTG","TS54","-dTAG","RepR3","S24","Xist","MSR","other"
"2054",17216,"FJ24-FJ25::chr9:2999602-3038819",25731,25733,0.5,2,1,"-","G","+",0,0,"-",2,1,"TCGCC","TS54","-dTAG","RepR3","S24","Xist","MSR","other"
"2055",17217,"FJ24-FJ25::chr9:2999602-3038819",25906,25908,0.727,11,8,"B","G","+",2,2,"-",9,6,"CTCGC","TS54","-dTAG","RepR3","S24","Xist","MSR","other"
"2056",17218,"FJ24-FJ25::chr9:2999602-3038819",25918,25920,0.714,14,10,"B","G","+",4,2,"-",10,8,"CACGT","TS54","-dTAG","RepR3","S24","Xist","MSR","other"
"2057",17219,"FJ24-FJ25::chr9:2999602-3038819",25946,25948,0.818,522,427,"B","G","+",3,2,"-",519,425,"TCCGT","TS54","-dTAG","RepR3","S24","Xist","MSR","other"
"2058",17220,"FJ24-FJ25::chr9:2999602-3038819",25964,25966,0.824,527,434,"B","G","+",4,4,"-",523,430,"CTCGC","TS54","-dTAG","RepR3","S24","Xist","MSR","other"
"2059",17221,"FJ24-FJ25::chr9:2999602-3038819",26006,26008,0.506,81,41,"B","G","+",1,1,"-",80,40,"CACGT","TS54","-dTAG","RepR3","S24","Xist","MSR","other"
"2060",17222,"FJ24-FJ25::chr9:2999602-3038819",26140,26142,1,8,8,"B","G","+",1,1,"-",7,7,"CTCGC","TS54","-dTAG","RepR3","S24","Xist","MSR","other"
"2061",17223,"FJ24-FJ25::chr9:2999602-3038819",26198,26200,0.82,100,82,"B","G","+",1,1,"-",99,81,"CTCGC","TS54","-dTAG","RepR3","S24","Xist","MSR","other"
"2062",17224,"FJ24-FJ25::chr9:2999602-3038819",26240,26242,0.543,129,70,"B","G","+",1,1,"-",128,69,"CACGT","TS54","-dTAG","RepR3","S24","Xist","MSR","other"
"2063",17225,"FJ24-FJ25::chr9:2999602-3038819",26256,26258,0.76,121,92,"B","G","+",2,2,"-",119,90,"TTCGT","TS54","-dTAG","RepR3","S24","Xist","MSR","other"
"2064",17226,"FJ24-FJ25::chr9:2999602-3038819",26374,26376,1,1,1,"-","G","+",0,0,"-",1,1,"TCGCC","TS54","-dTAG","RepR3","S24","Xist","MSR","other"
"2065",17227,"FJ24-FJ25::chr9:2999602-3038819",26414,26416,0.5,10,5,"-","G","+",0,0,"-",10,5,"CCGTG","TS54","-dTAG","RepR3","S24","Xist","MSR","other"
"2066",17228,"FJ24-FJ25::chr9:2999602-3038819",26474,26476,0,1,0,"-","G","+",0,0,"-",1,0,"ACGTT","TS54","-dTAG","RepR3","S24","Xist","MSR","other"
"2067",17229,"FJ24-FJ25::chr9:2999602-3038819",26648,26650,0.5,2,1,"-","G","+",0,0,"-",2,1,"TCGTG","TS54","-dTAG","RepR3","S24","Xist","MSR","other"
"2068",17230,"FJ24-FJ25::chr9:2999602-3038819",26666,26668,1,2,2,"-","G","+",0,0,"-",2,2,"TCGCC","TS54","-dTAG","RepR3","S24","Xist","MSR","other"
"2069",17231,"FJ24-FJ25::chr9:2999602-3038819",26708,26710,0.594,32,19,"-","G","+",0,0,"-",32,19,"ACGTT","TS54","-dTAG","RepR3","S24","Xist","MSR","other"
"2070",17232,"FJ24-FJ25::chr9:2999602-3038819",27077,27079,0,1,0,"-","G","+",0,0,"-",1,0,"TCGCC","TS54","-dTAG","RepR3","S24","Xist","MSR","other"
"2071",17233,"FJ24-FJ25::chr9:2999602-3038819",27117,27119,0.4,10,4,"B","G","+",2,0,"-",8,4,"TTCGT","TS54","-dTAG","RepR3","S24","Xist","MSR","other"
"2072",17234,"FJ24-FJ25::chr9:2999602-3038819",27177,27179,0.5,4,2,"B","G","+",1,1,"-",3,1,"CACGT","TS54","-dTAG","RepR3","S24","Xist","MSR","other"
"2073",17235,"FJ24-FJ25::chr9:2999602-3038819",27193,27195,1,3,3,"B","G","+",1,1,"-",2,2,"TTCGT","TS54","-dTAG","RepR3","S24","Xist","MSR","other"
"2074",17236,"FJ24-FJ25::chr9:2999602-3038819",27208,27210,0.667,6,4,"B","G","+",2,2,"-",4,2,"GTCGT","TS54","-dTAG","RepR3","S24","Xist","MSR","other"
"2075",17237,"FJ24-FJ25::chr9:2999602-3038819",27545,27547,1,3,3,"+","G","+",3,3,"-",0,0,"TTCGC","TS54","-dTAG","RepR3","S24","Xist","MSR","other"
"2076",17238,"FJ24-FJ25::chr9:2999602-3038819",27557,27559,0.333,3,1,"+","G","+",3,1,"-",0,0,"CACGT","TS54","-dTAG","RepR3","S24","Xist","MSR","other"
"2077",17239,"FJ24-FJ25::chr9:2999602-3038819",27645,27647,0.667,9,6,"-","G","+",0,0,"-",9,6,"ACGTT","TS54","-dTAG","RepR3","S24","Xist","MSR","other"
"2078",17240,"FJ24-FJ25::chr9:2999602-3038819",27661,27663,0.714,7,5,"-","G","+",0,0,"-",7,5,"TCGTC","TS54","-dTAG","RepR3","S24","Xist","MSR","other"
"2079",17241,"FJ24-FJ25::chr9:2999602-3038819",27837,27839,1,3,3,"-","G","+",0,0,"-",3,3,"TCGCC","TS54","-dTAG","RepR3","S24","Xist","MSR","other"
"2080",17242,"FJ24-FJ25::chr9:2999602-3038819",27879,27881,0.8,10,8,"-","G","+",0,0,"-",10,8,"ACGTT","TS54","-dTAG","RepR3","S24","Xist","MSR","other"
"2081",17243,"FJ24-FJ25::chr9:2999602-3038819",27895,27897,1,9,9,"-","G","+",0,0,"-",9,9,"TCGTC","TS54","-dTAG","RepR3","S24","Xist","MSR","other"
"2082",17244,"FJ24-FJ25::chr9:2999602-3038819",27910,27912,0.818,11,9,"-","G","+",0,0,"-",11,9,"ACGTC","TS54","-dTAG","RepR3","S24","Xist","MSR","other"
"2083",17245,"FJ24-FJ25::chr9:2999602-3038819",28013,28015,0,1,0,"-","G","+",0,0,"-",1,0,"TCGCC","TS54","-dTAG","RepR3","S24","Xist","MSR","other"
"2084",17246,"FJ24-FJ25::chr9:2999602-3038819",28025,28027,0,1,0,"-","G","+",0,0,"-",1,0,"ACGTC","TS54","-dTAG","RepR3","S24","Xist","MSR","other"
"2085",17247,"FJ24-FJ25::chr9:2999602-3038819",28053,28055,0.679,28,19,"-","G","+",0,0,"-",28,19,"CCGTG","TS54","-dTAG","RepR3","S24","Xist","MSR","other"
"2086",17248,"FJ24-FJ25::chr9:2999602-3038819",28287,28289,0.556,9,5,"B","G","+",1,0,"-",8,5,"TCCGT","TS54","-dTAG","RepR3","S24","Xist","MSR","other"
"2087",17249,"FJ24-FJ25::chr9:2999602-3038819",28347,28349,0.6,5,3,"B","G","+",1,0,"-",4,3,"CACGT","TS54","-dTAG","RepR3","S24","Xist","MSR","other"
"2088",17250,"FJ24-FJ25::chr9:2999602-3038819",28521,28523,0.726,318,231,"-","G","+",0,0,"-",318,231,"CCGTG","TS54","-dTAG","RepR3","S24","Xist","MSR","other"
"2089",17251,"FJ24-FJ25::chr9:2999602-3038819",28581,28583,0.652,23,15,"-","G","+",0,0,"-",23,15,"ACGTT","TS54","-dTAG","RepR3","S24","Xist","MSR","other"
"2090",17252,"FJ24-FJ25::chr9:2999602-3038819",28597,28599,0.571,21,12,"-","G","+",0,0,"-",21,12,"TCGTC","TS54","-dTAG","RepR3","S24","Xist","MSR","other"
"2091",17253,"FJ24-FJ25::chr9:2999602-3038819",28655,28657,1,1,1,"-","G","+",0,0,"-",1,1,"TCGCC","TS54","-dTAG","RepR3","S24","Xist","MSR","other"
"2092",17254,"FJ24-FJ25::chr9:2999602-3038819",28755,28757,0.5,2,1,"-","G","+",0,0,"-",2,1,"TCGTT","TS54","-dTAG","RepR3","S24","Xist","MSR","other"
"2093",17255,"FJ24-FJ25::chr9:2999602-3038819",28815,28817,0,1,0,"-","G","+",0,0,"-",1,0,"ACGTT","TS54","-dTAG","RepR3","S24","Xist","MSR","other"
"2094",17256,"FJ24-FJ25::chr9:2999602-3038819",28846,28848,1,1,1,"-","G","+",0,0,"-",1,1,"TCGTC","TS54","-dTAG","RepR3","S24","Xist","MSR","other"
"2095",17257,"FJ24-FJ25::chr9:2999602-3038819",28901,28903,0.667,6,4,"B","G","+",4,2,"-",2,2,"CACGT","TS54","-dTAG","RepR3","S24","Xist","MSR","other"
"2096",17258,"FJ24-FJ25::chr9:2999602-3038819",28949,28951,0.364,11,4,"B","G","+",7,2,"-",4,2,"CTCGC","TS54","-dTAG","RepR3","S24","Xist","MSR","other"
"2097",17259,"FJ24-FJ25::chr9:2999602-3038819",28961,28963,0.5,10,5,"B","G","+",6,3,"-",4,2,"CACGT","TS54","-dTAG","RepR3","S24","Xist","MSR","other"
"2098",17260,"FJ24-FJ25::chr9:2999602-3038819",29049,29051,0.636,11,7,"B","G","+",1,0,"-",10,7,"CACGT","TS54","-dTAG","RepR3","S24","Xist","MSR","other"
"2099",17261,"FJ24-FJ25::chr9:2999602-3038819",29065,29067,0.692,13,9,"B","G","+",1,0,"-",12,9,"TTCGT","TS54","-dTAG","RepR3","S24","Xist","MSR","other"
"2100",17262,"FJ24-FJ25::chr9:2999602-3038819",29195,29197,1,1,1,"-","G","+",0,0,"-",1,1,"ACGTC","TS54","-dTAG","RepR3","S24","Xist","MSR","other"
"2101",17263,"FJ24-FJ25::chr9:2999602-3038819",29223,29225,0.736,303,223,"-","G","+",0,0,"-",303,223,"CCGTG","TS54","-dTAG","RepR3","S24","Xist","MSR","other"
"2102",17264,"FJ24-FJ25::chr9:2999602-3038819",29417,29419,1,5,5,"B","G","+",4,4,"-",1,1,"CTCGC","TS54","-dTAG","RepR3","S24","Xist","MSR","other"
"2103",17265,"FJ24-FJ25::chr9:2999602-3038819",29429,29431,1,4,4,"B","G","+",3,3,"-",1,1,"CACGT","TS54","-dTAG","RepR3","S24","Xist","MSR","other"
"2104",17266,"FJ24-FJ25::chr9:2999602-3038819",29457,29459,0.6,5,3,"B","G","+",3,1,"-",2,2,"TCCGT","TS54","-dTAG","RepR3","S24","Xist","MSR","other"
"2105",17267,"FJ24-FJ25::chr9:2999602-3038819",29652,29654,1,1,1,"-","G","+",0,0,"-",1,1,"TCGCC","TS54","-dTAG","RepR3","S24","Xist","MSR","other"
"2106",17268,"FJ24-FJ25::chr9:2999602-3038819",29664,29666,1,1,1,"-","G","+",0,0,"-",1,1,"ACGTG","TS54","-dTAG","RepR3","S24","Xist","MSR","other"
"2107",17269,"FJ24-FJ25::chr9:2999602-3038819",29692,29694,0.8,5,4,"-","G","+",0,0,"-",5,4,"TCGTG","TS54","-dTAG","RepR3","S24","Xist","MSR","other"
"2108",17270,"FJ24-FJ25::chr9:2999602-3038819",29710,29712,0.75,4,3,"-","G","+",0,0,"-",4,3,"TCGCC","TS54","-dTAG","RepR3","S24","Xist","MSR","other"
"2109",17271,"FJ24-FJ25::chr9:2999602-3038819",29752,29754,0.667,6,4,"-","G","+",0,0,"-",6,4,"ACGTT","TS54","-dTAG","RepR3","S24","Xist","MSR","other"
"2110",17272,"FJ24-FJ25::chr9:2999602-3038819",30121,30123,1,5,5,"B","G","+",3,3,"-",2,2,"CTCGC","TS54","-dTAG","RepR3","S24","Xist","MSR","other"
"2111",17273,"FJ24-FJ25::chr9:2999602-3038819",30133,30135,1,6,6,"B","G","+",4,4,"-",2,2,"CACGT","TS54","-dTAG","RepR3","S24","Xist","MSR","other"
"2112",17274,"FJ24-FJ25::chr9:2999602-3038819",30221,30223,0.472,89,42,"B","G","+",1,0,"-",88,42,"CACGT","TS54","-dTAG","RepR3","S24","Xist","MSR","other"
"2113",17275,"FJ24-FJ25::chr9:2999602-3038819",30237,30239,0.703,74,52,"-","G","+",0,0,"-",74,52,"TCGTC","TS54","-dTAG","RepR3","S24","Xist","MSR","other"
"2114",17276,"FJ24-FJ25::chr9:2999602-3038819",30252,30254,0.718,85,61,"-","G","+",0,0,"-",85,61,"TCGTC","TS54","-dTAG","RepR3","S24","Xist","MSR","other"
"2115",17277,"FJ24-FJ25::chr9:2999602-3038819",30295,30297,0.667,3,2,"-","G","+",0,0,"-",3,2,"TCGCC","TS54","-dTAG","RepR3","S24","Xist","MSR","other"
"2116",17278,"FJ24-FJ25::chr9:2999602-3038819",30395,30397,1,3,3,"-","G","+",0,0,"-",3,3,"TCGTT","TS54","-dTAG","RepR3","S24","Xist","MSR","other"
"2117",17279,"FJ24-FJ25::chr9:2999602-3038819",30455,30457,0.333,3,1,"-","G","+",0,0,"-",3,1,"ACGTT","TS54","-dTAG","RepR3","S24","Xist","MSR","other"
"2118",17280,"FJ24-FJ25::chr9:2999602-3038819",30486,30488,0.5,2,1,"-","G","+",0,0,"-",2,1,"TCGTC","TS54","-dTAG","RepR3","S24","Xist","MSR","other"
"2119",17281,"FJ24-FJ25::chr9:2999602-3038819",30590,30592,1,2,2,"+","G","+",2,2,"-",0,0,"CTCGC","TS54","-dTAG","RepR3","S24","Xist","MSR","other"
"2120",17282,"FJ24-FJ25::chr9:2999602-3038819",30602,30604,0.5,2,1,"B","G","+",1,1,"-",1,0,"CACGT","TS54","-dTAG","RepR3","S24","Xist","MSR","other"
"2121",17283,"FJ24-FJ25::chr9:2999602-3038819",30690,30692,0.562,16,9,"-","G","+",0,0,"-",16,9,"ACGTT","TS54","-dTAG","RepR3","S24","Xist","MSR","other"
"2122",17284,"FJ24-FJ25::chr9:2999602-3038819",30706,30708,0.9,10,9,"-","G","+",0,0,"-",10,9,"TCGTC","TS54","-dTAG","RepR3","S24","Xist","MSR","other"
"2123",17285,"FJ24-FJ25::chr9:2999602-3038819",30882,30884,0.5,2,1,"B","G","+",1,1,"-",1,0,"CTCGC","TS54","-dTAG","RepR3","S24","Xist","MSR","other"
"2124",17286,"FJ24-FJ25::chr9:2999602-3038819",30924,30926,0.468,62,29,"B","G","+",1,0,"-",61,29,"CACGT","TS54","-dTAG","RepR3","S24","Xist","MSR","other"
"2125",17287,"FJ24-FJ25::chr9:2999602-3038819",30940,30942,0.707,58,41,"-","G","+",0,0,"-",58,41,"TCGTC","TS54","-dTAG","RepR3","S24","Xist","MSR","other"
"2126",17288,"FJ24-FJ25::chr9:2999602-3038819",30955,30957,0.683,63,43,"-","G","+",0,0,"-",63,43,"ACGTC","TS54","-dTAG","RepR3","S24","Xist","MSR","other"
"2127",17289,"FJ24-FJ25::chr9:2999602-3038819",31058,31060,0.5,6,3,"-","G","+",0,0,"-",6,3,"TCGCC","TS54","-dTAG","RepR3","S24","Xist","MSR","other"
"2128",17290,"FJ24-FJ25::chr9:2999602-3038819",31070,31072,1,3,3,"-","G","+",0,0,"-",3,3,"ACGTC","TS54","-dTAG","RepR3","S24","Xist","MSR","other"
"2129",17291,"FJ24-FJ25::chr9:2999602-3038819",31098,31100,0.594,32,19,"-","G","+",0,0,"-",32,19,"CCGTG","TS54","-dTAG","RepR3","S24","Xist","MSR","other"
"2130",17292,"FJ24-FJ25::chr9:2999602-3038819",31292,31294,0.75,4,3,"B","G","+",3,2,"-",1,1,"CTCGC","TS54","-dTAG","RepR3","S24","Xist","MSR","other"
"2131",17293,"FJ24-FJ25::chr9:2999602-3038819",31304,31306,0.75,4,3,"B","G","+",3,2,"-",1,1,"CACGT","TS54","-dTAG","RepR3","S24","Xist","MSR","other"
"2132",17294,"FJ24-FJ25::chr9:2999602-3038819",31332,31334,1,2,2,"B","G","+",1,1,"-",1,1,"TTCGT","TS54","-dTAG","RepR3","S24","Xist","MSR","other"
"2133",17295,"FJ24-FJ25::chr9:2999602-3038819",31350,31352,1,1,1,"+","G","+",1,1,"-",0,0,"CTCGC","TS54","-dTAG","RepR3","S24","Xist","MSR","other"
"2134",17296,"FJ24-FJ25::chr9:2999602-3038819",31392,31394,0.5,2,1,"B","G","+",1,1,"-",1,0,"CACGT","TS54","-dTAG","RepR3","S24","Xist","MSR","other"
"2135",17297,"FJ24-FJ25::chr9:2999602-3038819",31679,31681,0.567,314,178,"B","G","+",2,2,"-",312,176,"TCCGT","TS54","-dTAG","RepR3","S24","Xist","MSR","other"
"2136",17298,"FJ24-FJ25::chr9:2999602-3038819",31739,31741,0.704,27,19,"B","G","+",2,1,"-",25,18,"CACGT","TS54","-dTAG","RepR3","S24","Xist","MSR","other"
"2137",17299,"FJ24-FJ25::chr9:2999602-3038819",31755,31757,0.704,27,19,"B","G","+",2,2,"-",25,17,"TTCGT","TS54","-dTAG","RepR3","S24","Xist","MSR","other"
"2138",17300,"FJ24-FJ25::chr9:2999602-3038819",31913,31915,0.75,4,3,"-","G","+",0,0,"-",4,3,"TCGTT","TS54","-dTAG","RepR3","S24","Xist","MSR","other"
"2139",17301,"FJ24-FJ25::chr9:2999602-3038819",31973,31975,0.333,3,1,"-","G","+",0,0,"-",3,1,"ACGTT","TS54","-dTAG","RepR3","S24","Xist","MSR","other"
"2140",17302,"FJ24-FJ25::chr9:2999602-3038819",32004,32006,0.5,4,2,"-","G","+",0,0,"-",4,2,"TCGTC","TS54","-dTAG","RepR3","S24","Xist","MSR","other"
"2141",17303,"FJ24-FJ25::chr9:2999602-3038819",32059,32061,0,1,0,"-","G","+",0,0,"-",1,0,"ACGTC","TS54","-dTAG","RepR3","S24","Xist","MSR","other"
"2142",17304,"FJ24-FJ25::chr9:2999602-3038819",32107,32109,0.5,6,3,"B","G","+",1,1,"-",5,2,"CTCGC","TS54","-dTAG","RepR3","S24","Xist","MSR","other"
"2143",17305,"FJ24-FJ25::chr9:2999602-3038819",32119,32121,0.5,6,3,"B","G","+",1,1,"-",5,2,"CACGT","TS54","-dTAG","RepR3","S24","Xist","MSR","other"
"2144",17306,"FJ24-FJ25::chr9:2999602-3038819",32207,32209,0.538,26,14,"-","G","+",0,0,"-",26,14,"ACGTT","TS54","-dTAG","RepR3","S24","Xist","MSR","other"
"2145",17307,"FJ24-FJ25::chr9:2999602-3038819",32223,32225,0.684,19,13,"-","G","+",0,0,"-",19,13,"TCGTC","TS54","-dTAG","RepR3","S24","Xist","MSR","other"
"2146",17308,"FJ24-FJ25::chr9:2999602-3038819",32441,32443,0.692,13,9,"-","G","+",0,0,"-",13,9,"ACGTT","TS54","-dTAG","RepR3","S24","Xist","MSR","other"
"2147",17309,"FJ24-FJ25::chr9:2999602-3038819",32457,32459,0.636,11,7,"-","G","+",0,0,"-",11,7,"TCGTC","TS54","-dTAG","RepR3","S24","Xist","MSR","other"
"2148",17310,"FJ24-FJ25::chr9:2999602-3038819",32472,32474,0.667,15,10,"-","G","+",0,0,"-",15,10,"ACGTC","TS54","-dTAG","RepR3","S24","Xist","MSR","other"
"2149",17311,"FJ24-FJ25::chr9:2999602-3038819",32575,32577,0.8,5,4,"-","G","+",0,0,"-",5,4,"TCGCC","TS54","-dTAG","RepR3","S24","Xist","MSR","other"
"2150",17312,"FJ24-FJ25::chr9:2999602-3038819",32587,32589,0.5,4,2,"-","G","+",0,0,"-",4,2,"ACGTC","TS54","-dTAG","RepR3","S24","Xist","MSR","other"
"2151",17313,"FJ24-FJ25::chr9:2999602-3038819",32615,32617,0.646,48,31,"-","G","+",0,0,"-",48,31,"CCGTG","TS54","-dTAG","RepR3","S24","Xist","MSR","other"
"2152",17314,"FJ24-FJ25::chr9:2999602-3038819",32675,32677,0.778,9,7,"-","G","+",0,0,"-",9,7,"ACGTT","TS54","-dTAG","RepR3","S24","Xist","MSR","other"
"2153",17315,"FJ24-FJ25::chr9:2999602-3038819",32821,32823,0,2,0,"B","G","+",1,0,"-",1,0,"CACGT","TS54","-dTAG","RepR3","S24","Xist","MSR","other"
"2154",17316,"FJ24-FJ25::chr9:2999602-3038819",32849,32851,0.728,92,67,"B","G","+",1,1,"-",91,66,"TCCGT","TS54","-dTAG","RepR3","S24","Xist","MSR","other"
"2155",17317,"FJ24-FJ25::chr9:2999602-3038819",32867,32869,0.791,86,68,"B","G","+",1,1,"-",85,67,"CTCGC","TS54","-dTAG","RepR3","S24","Xist","MSR","other"
"2156",17318,"FJ24-FJ25::chr9:2999602-3038819",32909,32911,0.579,38,22,"-","G","+",0,0,"-",38,22,"ACGTT","TS54","-dTAG","RepR3","S24","Xist","MSR","other"
"2157",17319,"FJ24-FJ25::chr9:2999602-3038819",33043,33045,0.727,11,8,"-","G","+",0,0,"-",11,8,"TCGCC","TS54","-dTAG","RepR3","S24","Xist","MSR","other"
"2158",17320,"FJ24-FJ25::chr9:2999602-3038819",33143,33145,0.667,6,4,"-","G","+",0,0,"-",6,4,"ACGTT","TS54","-dTAG","RepR3","S24","Xist","MSR","other"
"2159",17321,"FJ24-FJ25::chr9:2999602-3038819",33277,33279,0,1,0,"+","G","+",1,0,"-",0,0,"CTCGC","TS54","-dTAG","RepR3","S24","Xist","MSR","other"
"2160",17322,"FJ24-FJ25::chr9:2999602-3038819",33289,33291,0,1,0,"+","G","+",1,0,"-",0,0,"CACGT","TS54","-dTAG","RepR3","S24","Xist","MSR","other"
"2161",17323,"FJ24-FJ25::chr9:2999602-3038819",33317,33319,0.8,5,4,"B","G","+",2,1,"-",3,3,"TCCGT","TS54","-dTAG","RepR3","S24","Xist","MSR","other"
"2162",17324,"FJ24-FJ25::chr9:2999602-3038819",33335,33337,1,3,3,"B","G","+",1,1,"-",2,2,"CTCGC","TS54","-dTAG","RepR3","S24","Xist","MSR","other"
"2163",17325,"FJ24-FJ25::chr9:2999602-3038819",33376,33378,1,2,2,"B","G","+",1,1,"-",1,1,"CACGT","TS54","-dTAG","RepR3","S24","Xist","MSR","other"
"2164",17326,"FJ24-FJ25::chr9:2999602-3038819",33550,33552,1,7,7,"-","G","+",0,0,"-",7,7,"CCGTG","TS54","-dTAG","RepR3","S24","Xist","MSR","other"
"2165",17327,"FJ24-FJ25::chr9:2999602-3038819",33568,33570,1,7,7,"-","G","+",0,0,"-",7,7,"TCGCC","TS54","-dTAG","RepR3","S24","Xist","MSR","other"
"2166",17328,"FJ24-FJ25::chr9:2999602-3038819",33610,33612,0.529,17,9,"B","G","+",2,2,"-",15,7,"CACGT","TS54","-dTAG","RepR3","S24","Xist","MSR","other"
"2167",17329,"FJ24-FJ25::chr9:2999602-3038819",33626,33628,0.867,15,13,"B","G","+",2,2,"-",13,11,"TTCGT","TS54","-dTAG","RepR3","S24","Xist","MSR","other"
"2168",17330,"FJ24-FJ25::chr9:2999602-3038819",33860,33862,1,1,1,"-","G","+",0,0,"-",1,1,"TCGTC","TS54","-dTAG","RepR3","S24","Xist","MSR","other"
"2169",17331,"FJ24-FJ25::chr9:2999602-3038819",33875,33877,0.6,5,3,"-","G","+",0,0,"-",5,3,"TCGTC","TS54","-dTAG","RepR3","S24","Xist","MSR","other"
"2170",17332,"FJ24-FJ25::chr9:2999602-3038819",33976,33978,0,2,0,"-","G","+",0,0,"-",2,0,"TCGCT","TS54","-dTAG","RepR3","S24","Xist","MSR","other"
"2171",17333,"FJ24-FJ25::chr9:2999602-3038819",34153,34155,0.8,5,4,"B","G","+",2,2,"-",3,2,"CTCGC","TS54","-dTAG","RepR3","S24","Xist","MSR","other"
"2172",17334,"FJ24-FJ25::chr9:2999602-3038819",34193,34195,0.791,182,144,"B","G","+",2,2,"-",180,142,"TCCGT","TS54","-dTAG","RepR3","S24","Xist","MSR","other"
"2173",17335,"FJ24-FJ25::chr9:2999602-3038819",34253,34255,0.52,25,13,"B","G","+",2,1,"-",23,12,"CACGT","TS54","-dTAG","RepR3","S24","Xist","MSR","other"
"2174",17336,"FJ24-FJ25::chr9:2999602-3038819",34269,34271,0.909,22,20,"B","G","+",1,1,"-",21,19,"TTCGT","TS54","-dTAG","RepR3","S24","Xist","MSR","other"
"2175",17337,"FJ24-FJ25::chr9:2999602-3038819",34445,34447,1,2,2,"-","G","+",0,0,"-",2,2,"TCGCA","TS54","-dTAG","RepR3","S24","Xist","MSR","other"
"2176",17338,"FJ24-FJ25::chr9:2999602-3038819",34621,34623,0.769,26,20,"-","G","+",0,0,"-",26,20,"TCGCC","TS54","-dTAG","RepR3","S24","Xist","MSR","other"
"2177",17339,"FJ24-FJ25::chr9:2999602-3038819",34633,34635,0.875,16,14,"-","G","+",0,0,"-",16,14,"ACGTC","TS54","-dTAG","RepR3","S24","Xist","MSR","other"
"2178",17340,"FJ24-FJ25::chr9:2999602-3038819",34679,34681,0.733,15,11,"-","G","+",0,0,"-",15,11,"TCGCC","TS54","-dTAG","RepR3","S24","Xist","MSR","other"
"2179",17341,"FJ24-FJ25::chr9:2999602-3038819",34721,34723,0.6,15,9,"B","G","+",2,1,"-",13,8,"CACGT","TS54","-dTAG","RepR3","S24","Xist","MSR","other"
"2180",17342,"FJ24-FJ25::chr9:2999602-3038819",34737,34739,0.846,13,11,"B","G","+",1,1,"-",12,10,"TTCGT","TS54","-dTAG","RepR3","S24","Xist","MSR","other"
"2181",17343,"FJ24-FJ25::chr9:2999602-3038819",34752,34754,0.786,14,11,"B","G","+",1,1,"-",13,10,"GACGT","TS54","-dTAG","RepR3","S24","Xist","MSR","other"
"2182",17344,"FJ24-FJ25::chr9:2999602-3038819",34855,34857,0.571,7,4,"-","G","+",0,0,"-",7,4,"TCGCC","TS54","-dTAG","RepR3","S24","Xist","MSR","other"
"2183",17345,"FJ24-FJ25::chr9:2999602-3038819",34867,34869,0.75,8,6,"-","G","+",0,0,"-",8,6,"ACGTC","TS54","-dTAG","RepR3","S24","Xist","MSR","other"
"2184",17346,"FJ24-FJ25::chr9:2999602-3038819",34895,34897,0.387,31,12,"-","G","+",0,0,"-",31,12,"CCGTG","TS54","-dTAG","RepR3","S24","Xist","MSR","other"
"2185",17347,"FJ24-FJ25::chr9:2999602-3038819",34955,34957,0,1,0,"-","G","+",0,0,"-",1,0,"ACGTT","TS54","-dTAG","RepR3","S24","Xist","MSR","other"
"2186",17348,"FJ24-FJ25::chr9:2999602-3038819",35089,35091,0.667,3,2,"-","G","+",0,0,"-",3,2,"TCGCC","TS54","-dTAG","RepR3","S24","Xist","MSR","other"
"2187",17349,"FJ24-FJ25::chr9:2999602-3038819",35101,35103,1,4,4,"B","G","+",1,1,"-",3,3,"CACGT","TS54","-dTAG","RepR3","S24","Xist","MSR","other"
"2188",17350,"FJ24-FJ25::chr9:2999602-3038819",35129,35131,1,1,1,"-","G","+",0,0,"-",1,1,"TCGTG","TS54","-dTAG","RepR3","S24","Xist","MSR","other"
"2189",17351,"FJ24-FJ25::chr9:2999602-3038819",35147,35149,0,1,0,"-","G","+",0,0,"-",1,0,"TCGCC","TS54","-dTAG","RepR3","S24","Xist","MSR","other"
"2190",17352,"FJ24-FJ25::chr9:2999602-3038819",35189,35191,1,1,1,"-","G","+",0,0,"-",1,1,"ACGTT","TS54","-dTAG","RepR3","S24","Xist","MSR","other"
"2191",17353,"FJ24-FJ25::chr9:2999602-3038819",35323,35325,0,4,0,"-","G","+",0,0,"-",4,0,"TCGCC","TS54","-dTAG","RepR3","S24","Xist","MSR","other"
"2192",17354,"FJ24-FJ25::chr9:2999602-3038819",35381,35383,0.864,66,57,"-","G","+",0,0,"-",66,57,"TCGCC","TS54","-dTAG","RepR3","S24","Xist","MSR","other"
"2193",17355,"FJ24-FJ25::chr9:2999602-3038819",35423,35425,0.507,71,36,"B","G","+",2,2,"-",69,34,"CACGT","TS54","-dTAG","RepR3","S24","Xist","MSR","other"
"2194",17356,"FJ24-FJ25::chr9:2999602-3038819",35439,35441,0.769,65,50,"B","G","+",2,2,"-",63,48,"TTCGT","TS54","-dTAG","RepR3","S24","Xist","MSR","other"
"2195",17357,"FJ24-FJ25::chr9:2999602-3038819",35454,35456,0.79,81,64,"B","G","+",2,2,"-",79,62,"GACGT","TS54","-dTAG","RepR3","S24","Xist","MSR","other"
"2196",17358,"FJ24-FJ25::chr9:2999602-3038819",35557,35559,0.667,15,10,"B","G","+",1,1,"-",14,9,"CTCGC","TS54","-dTAG","RepR3","S24","Xist","MSR","other"
"2197",17359,"FJ24-FJ25::chr9:2999602-3038819",35569,35571,0.875,16,14,"B","G","+",1,1,"-",15,13,"CACGT","TS54","-dTAG","RepR3","S24","Xist","MSR","other"
"2198",17360,"FJ24-FJ25::chr9:2999602-3038819",35597,35599,0.409,399,163,"-","G","+",0,0,"-",399,163,"CCGTG","TS54","-dTAG","RepR3","S24","Xist","MSR","other"
"2199",17361,"FJ24-FJ25::chr9:2999602-3038819",35657,35659,1,1,1,"-","G","+",0,0,"-",1,1,"ACGTT","TS54","-dTAG","RepR3","S24","Xist","MSR","other"
"2200",17362,"FJ24-FJ25::chr9:2999602-3038819",36066,36068,0.875,8,7,"-","G","+",0,0,"-",8,7,"TCGTG","TS54","-dTAG","RepR3","S24","Xist","MSR","other"
"2201",17363,"FJ24-FJ25::chr9:2999602-3038819",36084,36086,1,7,7,"-","G","+",0,0,"-",7,7,"TCGCC","TS54","-dTAG","RepR3","S24","Xist","MSR","other"
"2202",17364,"FJ24-FJ25::chr9:2999602-3038819",36126,36128,0.615,13,8,"-","G","+",0,0,"-",13,8,"ACGTT","TS54","-dTAG","RepR3","S24","Xist","MSR","other"
"2203",17365,"FJ24-FJ25::chr9:2999602-3038819",36259,36261,0.714,7,5,"B","G","+",3,1,"-",4,4,"CTCGC","TS54","-dTAG","RepR3","S24","Xist","MSR","other"
"2204",17366,"FJ24-FJ25::chr9:2999602-3038819",36299,36301,0.75,32,24,"B","G","+",5,4,"-",27,20,"TCCGT","TS54","-dTAG","RepR3","S24","Xist","MSR","other"
"2205",17367,"FJ24-FJ25::chr9:2999602-3038819",36475,36477,1,3,3,"B","G","+",1,1,"-",2,2,"TCCGT","TS54","-dTAG","RepR3","S24","Xist","MSR","other"
"2206",17368,"FJ24-FJ25::chr9:2999602-3038819",36493,36495,1,1,1,"-","G","+",0,0,"-",1,1,"TCGCC","TS54","-dTAG","RepR3","S24","Xist","MSR","other"
"2207",17369,"FJ24-FJ25::chr9:2999602-3038819",36534,36536,1,3,3,"-","G","+",0,0,"-",3,3,"ACGTT","TS54","-dTAG","RepR3","S24","Xist","MSR","other"
"2208",17370,"FJ24-FJ25::chr9:2999602-3038819",36668,36670,1,2,2,"B","G","+",1,1,"-",1,1,"CTCGC","TS54","-dTAG","RepR3","S24","Xist","MSR","other"
"2209",17371,"FJ24-FJ25::chr9:2999602-3038819",36680,36682,1,2,2,"B","G","+",1,1,"-",1,1,"CACGT","TS54","-dTAG","RepR3","S24","Xist","MSR","other"
"2210",17372,"FJ24-FJ25::chr9:2999602-3038819",36708,36710,0.667,3,2,"-","G","+",0,0,"-",3,2,"CCGTG","TS54","-dTAG","RepR3","S24","Xist","MSR","other"
"2211",17373,"FJ24-FJ25::chr9:2999602-3038819",36726,36728,1,2,2,"B","G","+",1,1,"-",1,1,"CTCGC","TS54","-dTAG","RepR3","S24","Xist","MSR","other"
"2212",17374,"FJ24-FJ25::chr9:2999602-3038819",36767,36769,0.714,7,5,"B","G","+",1,0,"-",6,5,"CACGT","TS54","-dTAG","RepR3","S24","Xist","MSR","other"
"2213",17375,"FJ24-FJ25::chr9:2999602-3038819",36781,36783,0.875,8,7,"-","G","+",0,0,"-",8,7,"TCGTC","TS54","-dTAG","RepR3","S24","Xist","MSR","other"
"2214",17376,"FJ24-FJ25::chr9:2999602-3038819",36999,37001,1,1,1,"-","G","+",0,0,"-",1,1,"ACGTT","TS54","-dTAG","RepR3","S24","Xist","MSR","other"
"2215",17377,"FJ24-FJ25::chr9:2999602-3038819",37319,37321,1,2,2,"+","G","+",2,2,"-",0,0,"CACGT","TS54","-dTAG","RepR3","S24","Xist","MSR","other"
"2216",17378,"FJ24-FJ25::chr9:2999602-3038819",37367,37369,0.5,2,1,"+","G","+",2,1,"-",0,0,"CTCGC","TS54","-dTAG","RepR3","S24","Xist","MSR","other"
"2217",17379,"FJ24-FJ25::chr9:2999602-3038819",37379,37381,1,3,3,"+","G","+",3,3,"-",0,0,"CACGT","TS54","-dTAG","RepR3","S24","Xist","MSR","other"
"2218",17380,"FJ24-FJ25::chr9:2999602-3038819",37425,37427,1,3,3,"+","G","+",3,3,"-",0,0,"CTCGC","TS54","-dTAG","RepR3","S24","Xist","MSR","other"
"2219",17381,"FJ24-FJ25::chr9:2999602-3038819",37467,37469,0.714,7,5,"B","G","+",2,0,"-",5,5,"CACGT","TS54","-dTAG","RepR3","S24","Xist","MSR","other"
"2220",17382,"FJ24-FJ25::chr9:2999602-3038819",37483,37485,0.857,7,6,"B","G","+",1,1,"-",6,5,"TTCGT","TS54","-dTAG","RepR3","S24","Xist","MSR","other"
"2221",17383,"FJ24-FJ25::chr9:2999602-3038819",37498,37500,0.857,7,6,"B","G","+",1,1,"-",6,5,"GACGT","TS54","-dTAG","RepR3","S24","Xist","MSR","other"
"2222",17384,"FJ24-FJ25::chr9:2999602-3038819",37641,37643,0.5,14,7,"-","G","+",0,0,"-",14,7,"CCGTG","TS54","-dTAG","RepR3","S24","Xist","MSR","other"
"2223",17385,"FJ24-FJ25::chr9:2999602-3038819",37659,37661,0.929,14,13,"-","G","+",0,0,"-",14,13,"TCGCC","TS54","-dTAG","RepR3","S24","Xist","MSR","other"
"2224",17386,"FJ24-FJ25::chr9:2999602-3038819",37875,37877,0.5,2,1,"B","G","+",1,0,"-",1,1,"TTCGT","TS54","-dTAG","RepR3","S24","Xist","MSR","other"
"2225",17387,"FJ24-FJ25::chr9:2999602-3038819",37893,37895,1,2,2,"-","G","+",0,0,"-",2,2,"TCGCC","TS54","-dTAG","RepR3","S24","Xist","MSR","other"
"2226",17388,"FJ24-FJ25::chr9:2999602-3038819",37935,37937,0.5,2,1,"-","G","+",0,0,"-",2,1,"ACGTT","TS54","-dTAG","RepR3","S24","Xist","MSR","other"
"2227",17389,"FJ24-FJ25::chr9:2999602-3038819",38069,38071,1,2,2,"+","G","+",2,2,"-",0,0,"CTCGC","TS54","-dTAG","RepR3","S24","Xist","MSR","other"
"2228",17390,"FJ24-FJ25::chr9:2999602-3038819",38081,38083,1,4,4,"+","G","+",4,4,"-",0,0,"CACGT","TS54","-dTAG","RepR3","S24","Xist","MSR","other"
"2229",17391,"FJ24-FJ25::chr9:2999602-3038819",38127,38129,0.667,3,2,"+","G","+",3,2,"-",0,0,"CTCGC","TS54","-dTAG","RepR3","S24","Xist","MSR","other"
"2230",17392,"FJ24-FJ25::chr9:2999602-3038819",38169,38171,0.2,5,1,"B","G","+",3,0,"-",2,1,"CACGT","TS54","-dTAG","RepR3","S24","Xist","MSR","other"
"2231",17393,"FJ24-FJ25::chr9:2999602-3038819",38200,38202,1,1,1,"-","G","+",0,0,"-",1,1,"ACGTC","TS54","-dTAG","RepR3","S24","Xist","MSR","other"
"2232",17394,"FJ24-FJ25::chr9:2999602-3038819",38303,38305,1,1,1,"-","G","+",0,0,"-",1,1,"TCGCC","TS54","-dTAG","RepR3","S24","Xist","MSR","other"
"2233",17395,"FJ24-FJ25::chr9:2999602-3038819",38315,38317,0.5,2,1,"-","G","+",0,0,"-",2,1,"ACGTC","TS54","-dTAG","RepR3","S24","Xist","MSR","other"
"2234",17396,"FJ24-FJ25::chr9:2999602-3038819",38343,38345,0.676,34,23,"-","G","+",0,0,"-",34,23,"CCGTG","TS54","-dTAG","RepR3","S24","Xist","MSR","other"
"2235",17397,"FJ24-FJ25::chr9:2999602-3038819",38361,38363,0.774,31,24,"-","G","+",0,0,"-",31,24,"TCGCC","TS54","-dTAG","RepR3","S24","Xist","MSR","other"
"2236",17398,"FJ24-FJ25::chr9:2999602-3038819",38403,38405,0.786,14,11,"-","G","+",0,0,"-",14,11,"ACGTT","TS54","-dTAG","RepR3","S24","Xist","MSR","other"
"2237",17399,"FJ24-FJ25::chr9:2999602-3038819",38419,38421,0.857,14,12,"-","G","+",0,0,"-",14,12,"TCGTC","TS54","-dTAG","RepR3","S24","Xist","MSR","other"
"2238",17400,"FJ24-FJ25::chr9:2999602-3038819",38489,38491,0.917,12,11,"B","G","+",1,0,"-",11,11,"CACGT","TS54","-dTAG","RepR3","S24","Xist","MSR","other"
"2239",17401,"FJ24-FJ25::chr9:2999602-3038819",38537,38539,0.667,3,2,"B","G","+",1,1,"-",2,1,"CTCGC","TS54","-dTAG","RepR3","S24","Xist","MSR","other"
"2240",17402,"FJ24-FJ25::chr9:2999602-3038819",38549,38551,1,4,4,"B","G","+",2,2,"-",2,2,"CACGT","TS54","-dTAG","RepR3","S24","Xist","MSR","other"
"2241",17403,"FJ24-FJ25::chr9:2999602-3038819",38637,38639,0,2,0,"-","G","+",0,0,"-",2,0,"ACGTT","TS54","-dTAG","RepR3","S24","Xist","MSR","other"
"2242",17404,"FJ24-FJ25::chr9:2999602-3038819",38653,38655,1,2,2,"-","G","+",0,0,"-",2,2,"TCGTC","TS54","-dTAG","RepR3","S24","Xist","MSR","other"
"2243",17405,"FJ24-FJ25::chr9:35304805-35306009",436,438,0.333,3,1,"+","G","+",3,1,"-",0,0,"TGCGA","TS54","-dTAG","RepR3","S24","Xist","MSR","other"
"2244",17406,"FJ24-FJ25::chr9:35304805-35306009",454,456,0.25,12,3,"B","G","+",10,3,"-",2,0,"CACGG","TS54","-dTAG","RepR3","S24","Xist","MSR","other"
"2245",17407,"FJ24-FJ25::chr9:35304805-35306009",482,484,0.684,19,13,"B","G","+",16,11,"-",3,2,"GACGT","TS54","-dTAG","RepR3","S24","Xist","MSR","other"
"2246",17408,"FJ24-FJ25::chr9:35304805-35306009",494,496,0.8,20,16,"B","G","+",17,15,"-",3,1,"GGCGA","TS54","-dTAG","RepR3","S24","Xist","MSR","other"
"2247",17409,"FJ24-FJ25::chr9:35304805-35306009",612,614,0.773,4850,3747,"B","G","+",4843,3742,"-",7,5,"GACGA","TS54","-dTAG","RepR3","S24","Xist","MSR","other"
"2248",17410,"FJ24-FJ25::chr9:35304805-35306009",628,630,0.482,4730,2282,"B","G","+",4722,2281,"-",8,1,"AACGT","TS54","-dTAG","RepR3","S24","Xist","MSR","other"
"2249",17411,"FJ24-FJ25::chr9:35304805-35306009",688,690,0.798,4977,3970,"B","G","+",4961,3955,"-",16,15,"CACGG","TS54","-dTAG","RepR3","S24","Xist","MSR","other"
"2250",17412,"FJ24-FJ25::chr9:35304805-35306009",716,718,0.732,41,30,"B","G","+",23,12,"-",18,18,"GACGT","TS54","-dTAG","RepR3","S24","Xist","MSR","other"
"2251",17413,"FJ24-FJ25::chr9:35304805-35306009",728,730,0.711,38,27,"B","G","+",22,15,"-",16,12,"GGCGA","TS54","-dTAG","RepR3","S24","Xist","MSR","other"
"2252",17414,"FJ24-FJ25::chr9:35304805-35306009",776,778,0.5,8,4,"B","G","+",7,3,"-",1,1,"GACGT","TS54","-dTAG","RepR3","S24","Xist","MSR","other"
"2253",17415,"FJ24-FJ25::chr9:35304805-35306009",1063,1065,0,2,0,"-","G","+",0,0,"-",2,0,"CCGGA","TS54","-dTAG","RepR3","S24","Xist","MSR","other"
"2254",17416,"FJ24-FJ25::chrX:75643946-75646608",2448,2450,0.3,10,3,"-","G","+",0,0,"-",10,3,"CCGGG","TS54","-dTAG","RepR3","S24","Xist","MSR","other"
"2255",17417,"FJ24-FJ25::chrX:75643946-75646608",2589,2591,0,1,0,"-","G","+",0,0,"-",1,0,"TCGGT","TS54","-dTAG","RepR3","S24","Xist","MSR","other"
"2256",17418,"FJ28-FJ29.FJ26-FJ27::chrX:103482701-103483891",480,482,0.268,20614,5521,"+","G","+",20614,5521,"-",0,0,"CACGG","TS54","-dTAG","RepR3","S24","Xist","RE58","RE58_CGI_2"
"2257",17419,"FJ28-FJ29.FJ26-FJ27::chrX:103482701-103483891",489,491,0.324,20949,6793,"+","G","+",20949,6793,"-",0,0,"ACCGC","TS54","-dTAG","RepR3","S24","Xist","RE58","RE58_CGI_2"
"2258",17420,"FJ28-FJ29.FJ26-FJ27::chrX:103482701-103483891",499,501,0.403,20326,8183,"+","G","+",20326,8183,"-",0,0,"CACGG","TS54","-dTAG","RepR3","S24","Xist","RE58","RE58_CGI_2"
"2259",17421,"FJ28-FJ29.FJ26-FJ27::chrX:103482701-103483891",506,508,0.38,20575,7822,"+","G","+",20575,7822,"-",0,0,"AACGA","TS54","-dTAG","RepR3","S24","Xist","RE58","RE58_CGI_2"
"2260",17422,"FJ28-FJ29.FJ26-FJ27::chrX:103482701-103483891",530,532,0.537,20566,11046,"+","G","+",20566,11046,"-",0,0,"GCCGT","TS54","-dTAG","RepR3","S24","Xist","RE58","RE58_CGI_2"
"2261",17423,"FJ28-FJ29.FJ26-FJ27::chrX:103482701-103483891",537,539,0.473,20705,9796,"+","G","+",20705,9796,"-",0,0,"CACGC","TS54","-dTAG","RepR3","S24","Xist","RE58","RE58_CGI_2"
"2262",17424,"FJ28-FJ29.FJ26-FJ27::chrX:103482701-103483891",552,554,0.247,21408,5278,"+","G","+",21408,5278,"-",0,0,"TCCGC","TS54","-dTAG","RepR3","S24","Xist","RE58","RE58_CGI_2"
"2263",17425,"FJ28-FJ29.FJ26-FJ27::chrX:103482701-103483891",554,556,0.432,20964,9048,"+","G","+",20964,9048,"-",0,0,"CGCGG","TS54","-dTAG","RepR3","S24","Xist","RE58","RE58_CGI_2"
"2264",17426,"FJ28-FJ29.FJ26-FJ27::chrX:103482701-103483891",557,559,0.343,21157,7249,"+","G","+",21157,7249,"-",0,0,"GGCGC","TS54","-dTAG","RepR3","S24","Xist","RE58","RE58_CGI_2"
"2265",17427,"FJ28-FJ29.FJ26-FJ27::chrX:103482701-103483891",566,568,0.597,19762,11802,"+","G","+",19762,11802,"-",0,0,"GGCGG","TS54","-dTAG","RepR3","S24","Xist","RE58","RE58_CGI_2"
"2266",17428,"FJ28-FJ29.FJ26-FJ27::chrX:103482701-103483891",675,677,0.963,63982,61598,"B","G","+",43294,40933,"-",20688,20665,"TACGT","TS54","-dTAG","RepR3","S24","Xist","RE58","RE58_CGI_1"
"2267",17429,"FJ28-FJ29.FJ26-FJ27::chrX:103482701-103483891",694,696,0.903,63850,57646,"B","G","+",43671,37488,"-",20179,20158,"GACGC","TS54","-dTAG","RepR3","S24","Xist","RE58","RE58_CGI_1"
"2268",17430,"FJ28-FJ29.FJ26-FJ27::chrX:103482701-103483891",696,698,0.919,63374,58243,"B","G","+",42816,37699,"-",20558,20544,"CGCGT","TS54","-dTAG","RepR3","S24","Xist","RE58","RE58_CGI_1"
"2269",17431,"FJ28-FJ29.FJ26-FJ27::chrX:103482701-103483891",715,717,0.896,62789,56270,"B","G","+",42759,36261,"-",20030,20009,"TGCGC","TS54","-dTAG","RepR3","S24","Xist","RE58","RE58_CGI_1"
"2270",17432,"FJ28-FJ29.FJ26-FJ27::chrX:103482701-103483891",717,719,0.887,62162,55112,"B","G","+",41879,34839,"-",20283,20273,"CGCGA","TS54","-dTAG","RepR3","S24","Xist","RE58","RE58_CGI_1"
"2271",17433,"FJ28-FJ29.FJ26-FJ27::chrX:103482701-103483891",753,755,0.431,35269,15188,"B","G","+",23698,3618,"-",11571,11570,"AACGT","TS54","-dTAG","RepR3","S24","Xist","RE58","RE58_CGI_1"
"2272",17434,"FJ14-FJ15.FJ10-FJ11::chrX:103481327-103482781",433,435,0.517,37120,19204,"+","G","+",37120,19204,"-",0,0,"TCCGC","TS54","+dTAG","RepR1","S19","Xist","RE57","RE57_YY1"
"2273",17435,"FJ14-FJ15.FJ10-FJ11::chrX:103481327-103482781",520,522,0.525,30164,15830,"+","G","+",30164,15830,"-",0,0,"TGCGT","TS54","+dTAG","RepR1","S19","Xist","RE57","RE57_YY1"
"2274",17436,"FJ14-FJ15.FJ10-FJ11::chrX:103481327-103482781",528,530,0.538,30512,16407,"+","G","+",30512,16407,"-",0,0,"ACCGC","TS54","+dTAG","RepR1","S19","Xist","RE57","RE57_YY1"
"2275",17437,"FJ14-FJ15.FJ10-FJ11::chrX:103481327-103482781",546,548,0.568,33648,19128,"+","G","+",33648,19128,"-",0,0,"GCCGC","TS54","+dTAG","RepR1","S19","Xist","RE57","RE57_YY1"
"2276",17438,"FJ14-FJ15.FJ10-FJ11::chrX:103481327-103482781",563,565,0.621,33803,20999,"+","G","+",33803,20999,"-",0,0,"TACGA","TS54","+dTAG","RepR1","S19","Xist","RE57","RE57_YY1"
"2277",17439,"FJ14-FJ15.FJ10-FJ11::chrX:103481327-103482781",617,619,0.62,34157,21164,"+","G","+",34157,21164,"-",0,0,"GTCGA","TS54","+dTAG","RepR1","S19","Xist","RE57","RE57_YY1"
"2278",17440,"FJ14-FJ15.FJ10-FJ11::chrX:103481327-103482781",624,626,0.584,34045,19892,"+","G","+",34045,19892,"-",0,0,"CTCGG","TS54","+dTAG","RepR1","S19","Xist","RE57","RE57_YY1"
"2279",17441,"FJ14-FJ15.FJ10-FJ11::chrX:103481327-103482781",637,639,0.639,34426,21983,"+","G","+",34426,21983,"-",0,0,"CCCGA","TS54","+dTAG","RepR1","S19","Xist","RE57","RE57_YY1"
"2280",17442,"FJ14-FJ15.FJ10-FJ11::chrX:103481327-103482781",642,644,0.531,34262,18181,"+","G","+",34262,18181,"-",0,0,"GCCGC","TS54","+dTAG","RepR1","S19","Xist","RE57","RE57_YY1"
"2281",17443,"FJ14-FJ15.FJ10-FJ11::chrX:103481327-103482781",736,738,0.419,4718,1979,"+","G","+",4718,1979,"-",0,0,"CACGC","TS54","+dTAG","RepR1","S19","Xist","RE57","RE57_CGI"
"2282",17444,"FJ14-FJ15.FJ10-FJ11::chrX:103481327-103482781",763,765,0.644,3547,2284,"+","G","+",3547,2284,"-",0,0,"TGCGG","TS54","+dTAG","RepR1","S19","Xist","RE57","RE57_CGI"
"2283",17445,"FJ14-FJ15.FJ10-FJ11::chrX:103481327-103482781",770,772,0.688,3766,2592,"+","G","+",3766,2592,"-",0,0,"TCCGC","TS54","+dTAG","RepR1","S19","Xist","RE57","RE57_CGI"
"2284",17446,"FJ14-FJ15.FJ10-FJ11::chrX:103481327-103482781",772,774,0.712,3666,2612,"+","G","+",3666,2612,"-",0,0,"CGCGC","TS54","+dTAG","RepR1","S19","Xist","RE57","RE57_CGI"
"2285",17447,"FJ14-FJ15.FJ10-FJ11::chrX:103481327-103482781",780,782,0.698,3665,2558,"+","G","+",3665,2558,"-",0,0,"ACCGC","TS54","+dTAG","RepR1","S19","Xist","RE57","RE57_CGI"
"2286",17448,"FJ14-FJ15.FJ10-FJ11::chrX:103481327-103482781",792,794,0.719,3298,2372,"+","G","+",3298,2372,"-",0,0,"TACGA","TS54","+dTAG","RepR1","S19","Xist","RE57","RE57_CGI"
"2287",17449,"FJ14-FJ15.FJ10-FJ11::chrX:103481327-103482781",817,819,0.737,2923,2155,"+","G","+",2923,2155,"-",0,0,"TCCGG","TS54","+dTAG","RepR1","S19","Xist","RE57","RE57_CGI"
"2288",17450,"FJ14-FJ15.FJ10-FJ11::chrX:103481327-103482781",832,834,0.714,2912,2080,"+","G","+",2912,2080,"-",0,0,"CCCGC","TS54","+dTAG","RepR1","S19","Xist","RE57","RE57_CGI"
"2289",17451,"FJ14-FJ15.FJ10-FJ11::chrX:103481327-103482781",856,858,0.557,149,83,"+","G","+",149,83,"-",0,0,"GGCGA","TS54","+dTAG","RepR1","S19","Xist","RE57","intermediate_RE57"
"2290",17452,"FJ14-FJ15.FJ10-FJ11::chrX:103481327-103482781",863,865,0.669,151,101,"+","G","+",151,101,"-",0,0,"CCCGC","TS54","+dTAG","RepR1","S19","Xist","RE57","intermediate_RE57"
"2291",17453,"FJ14-FJ15.FJ10-FJ11::chrX:103481327-103482781",871,873,0.56,159,89,"+","G","+",159,89,"-",0,0,"CCCGC","TS54","+dTAG","RepR1","S19","Xist","RE57","intermediate_RE57"
"2292",17454,"FJ14-FJ15.FJ10-FJ11::chrX:103481327-103482781",899,901,0.7,250,175,"+","G","+",250,175,"-",0,0,"AGCGC","TS54","+dTAG","RepR1","S19","Xist","RE57","intermediate_RE57"
"2293",17455,"FJ14-FJ15.FJ10-FJ11::chrX:103481327-103482781",904,906,0.637,339,216,"+","G","+",339,216,"-",0,0,"AGCGC","TS54","+dTAG","RepR1","S19","Xist","RE57","intermediate_RE57"
"2294",17456,"FJ14-FJ15.FJ10-FJ11::chrX:103481327-103482781",929,931,0.684,3718,2543,"+","G","+",3718,2543,"-",0,0,"TCCGC","TS54","+dTAG","RepR1","S19","Xist","RE57","RE57_CGI"
"2295",17457,"FJ14-FJ15.FJ10-FJ11::chrX:103481327-103482781",941,943,0.718,3788,2720,"+","G","+",3788,2720,"-",0,0,"CTCGG","TS54","+dTAG","RepR1","S19","Xist","RE57","RE57_CGI"
"2296",17458,"FJ14-FJ15.FJ10-FJ11::chrX:103481327-103482781",959,961,0.761,3941,3000,"+","G","+",3941,3000,"-",0,0,"GGCGT","TS54","+dTAG","RepR1","S19","Xist","RE57","RE57_CGI"
"2297",17459,"FJ14-FJ15.FJ10-FJ11::chrX:103481327-103482781",970,972,0.736,3905,2876,"+","G","+",3905,2876,"-",0,0,"CTCGA","TS54","+dTAG","RepR1","S19","Xist","RE57","RE57_CGI"
"2298",17460,"FJ14-FJ15.FJ10-FJ11::chrX:103481327-103482781",980,982,0.765,3998,3057,"+","G","+",3998,3057,"-",0,0,"GCCGT","TS54","+dTAG","RepR1","S19","Xist","RE57","RE57_CGI"
"2299",17461,"FJ14-FJ15.FJ10-FJ11::chrX:103481327-103482781",987,989,0.748,4102,3067,"+","G","+",4102,3067,"-",0,0,"CACGC","TS54","+dTAG","RepR1","S19","Xist","RE57","RE57_CGI"
"2300",17462,"FJ14-FJ15.FJ10-FJ11::chrX:103481327-103482781",1004,1006,0.721,4119,2970,"+","G","+",4119,2970,"-",0,0,"GGCGG","TS54","+dTAG","RepR1","S19","Xist","RE57","RE57_CGI"
"2301",17463,"FJ14-FJ15.FJ10-FJ11::chrX:103481327-103482781",1008,1010,0.713,4173,2974,"+","G","+",4173,2974,"-",0,0,"GACGC","TS54","+dTAG","RepR1","S19","Xist","RE57","RE57_CGI"
"2302",17464,"FJ14-FJ15.FJ10-FJ11::chrX:103481327-103482781",1010,1012,0.63,4153,2615,"+","G","+",4153,2615,"-",0,0,"CGCGG","TS54","+dTAG","RepR1","S19","Xist","RE57","RE57_CGI"
"2303",17465,"FJ14-FJ15.FJ10-FJ11::chrX:103481327-103482781",1021,1023,0.737,4114,3032,"+","G","+",4114,3032,"-",0,0,"CACGC","TS54","+dTAG","RepR1","S19","Xist","RE57","RE57_CGI"
"2304",17466,"FJ24-FJ25.FJ24-FJ25.FJ24-FJ25::chrX:75653690-75658384",4515,4517,1,3,3,"B","G","+",1,1,"-",2,2,"GCCGC","TS54","+dTAG","RepR1","S19","Xist","MSR","other"
"2305",17467,"FJ24-FJ25.FJ24-FJ25.FJ24-FJ25::chrX:75653690-75658384",4561,4563,0.8,5,4,"B","G","+",3,2,"-",2,2,"TCCGG","TS54","+dTAG","RepR1","S19","Xist","MSR","other"
"2306",17468,"FJ24-FJ25.FJ24-FJ25::chr2:98661834-98663393",429,431,0.67,185,124,"B","G","+",1,1,"-",184,123,"CACGT","TS54","+dTAG","RepR1","S19","Xist","MSR","other"
"2307",17469,"FJ24-FJ25.FJ24-FJ25::chr2:98661834-98663393",445,447,0.842,222,187,"B","G","+",1,1,"-",221,186,"TTCGT","TS54","+dTAG","RepR1","S19","Xist","MSR","other"
"2308",17470,"FJ24-FJ25.FJ24-FJ25::chr2:98661834-98663393",460,462,0.808,229,185,"B","G","+",1,0,"-",228,185,"GTCGT","TS54","+dTAG","RepR1","S19","Xist","MSR","other"
"2309",17471,"FJ24-FJ25.FJ24-FJ25::chr2:98661834-98663393",515,517,0.854,246,210,"B","G","+",1,0,"-",245,210,"CACGT","TS54","+dTAG","RepR1","S19","Xist","MSR","other"
"2310",17472,"FJ24-FJ25.FJ24-FJ25::chr2:98661834-98663393",575,577,0.857,21,18,"-","G","+",0,0,"-",21,18,"ACGTC","TS54","+dTAG","RepR1","S19","Xist","MSR","other"
"2311",17473,"FJ24-FJ25.FJ24-FJ25::chr2:98661834-98663393",603,605,0.636,11,7,"-","G","+",0,0,"-",11,7,"CCGTG","TS54","+dTAG","RepR1","S19","Xist","MSR","other"
"2312",17474,"FJ24-FJ25.FJ24-FJ25::chr2:98661834-98663393",621,623,0.889,9,8,"-","G","+",0,0,"-",9,8,"TCGCC","TS54","+dTAG","RepR1","S19","Xist","MSR","other"
"2313",17475,"FJ24-FJ25.FJ24-FJ25::chr2:98661834-98663393",850,852,1,2,2,"+","G","+",2,2,"-",0,0,"AACGA","TS54","+dTAG","RepR1","S19","Xist","MSR","other"
"2314",17476,"FJ24-FJ25.FJ24-FJ25::chr2:98661834-98663393",1021,1023,0.815,227,185,"+","G","+",227,185,"-",0,0,"GACGT","TS54","+dTAG","RepR1","S19","Xist","MSR","other"
"2315",17477,"FJ24-FJ25.FJ24-FJ25::chr2:98661834-98663393",1068,1070,0.5,2,1,"+","G","+",2,1,"-",0,0,"ATCGA","TS54","+dTAG","RepR1","S19","Xist","MSR","other"
"2316",17478,"FJ24-FJ25.FJ24-FJ25::chr2:98661834-98663393",1076,1078,0.779,136,106,"+","G","+",136,106,"-",0,0,"GACGA","TS54","+dTAG","RepR1","S19","Xist","MSR","other"
"2317",17479,"FJ24-FJ25.FJ24-FJ25::chr2:98661834-98663393",1091,1093,0.903,124,112,"+","G","+",124,112,"-",0,0,"GACGA","TS54","+dTAG","RepR1","S19","Xist","MSR","other"
"2318",17480,"FJ24-FJ25.FJ24-FJ25::chr2:98661834-98663393",1107,1109,0.866,112,97,"+","G","+",112,97,"-",0,0,"TACGT","TS54","+dTAG","RepR1","S19","Xist","MSR","other"
"2319",17481,"FJ24-FJ25::chr12:3109471-3110521",439,441,1,5,5,"B","G","+",4,4,"-",1,1,"GACGT","TS54","+dTAG","RepR1","S19","Xist","MSR","other"
"2320",17482,"FJ24-FJ25::chr12:3109471-3110521",451,453,0.857,7,6,"B","G","+",6,6,"-",1,0,"GGCGA","TS54","+dTAG","RepR1","S19","Xist","MSR","other"
"2321",17483,"FJ24-FJ25::chr12:3109471-3110521",554,556,0.923,26,24,"+","G","+",26,24,"-",0,0,"GACGA","TS54","+dTAG","RepR1","S19","Xist","MSR","other"
"2322",17484,"FJ24-FJ25::chr12:3109471-3110521",627,629,0.778,9,7,"+","G","+",9,7,"-",0,0,"GGCGA","TS54","+dTAG","RepR1","S19","Xist","MSR","other"
"2323",17485,"FJ24-FJ25::chr12:3109471-3110521",645,647,1,2,2,"+","G","+",2,2,"-",0,0,"CACGG","TS54","+dTAG","RepR1","S19","Xist","MSR","other"
"2324",17486,"FJ24-FJ25::chr13:77438509-77439457",415,417,1,1,1,"-","G","+",0,0,"-",1,1,"TCGTC","TS54","+dTAG","RepR1","S19","Xist","MSR","other"
"2325",17487,"FJ24-FJ25::chr13:77438509-77439457",430,432,1,1,1,"-","G","+",0,0,"-",1,1,"TCGTC","TS54","+dTAG","RepR1","S19","Xist","MSR","other"
"2326",17488,"FJ24-FJ25::chr14:19415282-19420102",457,459,0.333,3,1,"+","G","+",3,1,"-",0,0,"GGCGA","TS54","+dTAG","RepR1","S19","Xist","MSR","other"
"2327",17489,"FJ24-FJ25::chr14:19415282-19420102",475,477,1,5,5,"+","G","+",5,5,"-",0,0,"CACGG","TS54","+dTAG","RepR1","S19","Xist","MSR","other"
"2328",17490,"FJ24-FJ25::chr14:19415282-19420102",618,620,0.655,29,19,"+","G","+",29,19,"-",0,0,"GACGA","TS54","+dTAG","RepR1","S19","Xist","MSR","other"
"2329",17491,"FJ24-FJ25::chr14:19415282-19420102",633,635,0.8,20,16,"+","G","+",20,16,"-",0,0,"GACGA","TS54","+dTAG","RepR1","S19","Xist","MSR","other"
"2330",17492,"FJ24-FJ25::chr14:19415282-19420102",691,693,0.786,14,11,"+","G","+",14,11,"-",0,0,"GGCGA","TS54","+dTAG","RepR1","S19","Xist","MSR","other"
"2331",17493,"FJ24-FJ25::chr14:19415282-19420102",709,711,0.8,15,12,"+","G","+",15,12,"-",0,0,"CACGG","TS54","+dTAG","RepR1","S19","Xist","MSR","other"
"2332",17494,"FJ24-FJ25::chr14:19415282-19420102",852,854,1,1,1,"+","G","+",1,1,"-",0,0,"GACGA","TS54","+dTAG","RepR1","S19","Xist","MSR","other"
"2333",17495,"FJ24-FJ25::chr14:19415282-19420102",883,885,1,1,1,"+","G","+",1,1,"-",0,0,"AACGT","TS54","+dTAG","RepR1","S19","Xist","MSR","other"
"2334",17496,"FJ24-FJ25::chr14:19415282-19420102",963,965,1,2,2,"+","G","+",2,2,"-",0,0,"CTCGT","TS54","+dTAG","RepR1","S19","Xist","MSR","other"
"2335",17497,"FJ24-FJ25::chr14:19415282-19420102",1219,1221,1,2,2,"+","G","+",2,2,"-",0,0,"GACGA","TS54","+dTAG","RepR1","S19","Xist","MSR","other"
"2336",17498,"FJ24-FJ25::chr14:19415282-19420102",1276,1278,1,3,3,"+","G","+",3,3,"-",0,0,"GGCGA","TS54","+dTAG","RepR1","S19","Xist","MSR","other"
"2337",17499,"FJ24-FJ25::chr14:19415282-19420102",1294,1296,0.8,5,4,"+","G","+",5,4,"-",0,0,"CACGG","TS54","+dTAG","RepR1","S19","Xist","MSR","other"
"2338",17500,"FJ24-FJ25::chr14:19415282-19420102",1436,1438,0,2,0,"+","G","+",2,0,"-",0,0,"GACGA","TS54","+dTAG","RepR1","S19","Xist","MSR","other"
"2339",17501,"FJ24-FJ25::chr14:19415282-19420102",1451,1453,0,1,0,"+","G","+",1,0,"-",0,0,"GACGA","TS54","+dTAG","RepR1","S19","Xist","MSR","other"
"2340",17502,"FJ24-FJ25::chr14:19415282-19420102",1509,1511,0.5,4,2,"+","G","+",4,2,"-",0,0,"GGCGA","TS54","+dTAG","RepR1","S19","Xist","MSR","other"
"2341",17503,"FJ24-FJ25::chr14:19415282-19420102",1527,1529,0.571,7,4,"+","G","+",7,4,"-",0,0,"CTCGG","TS54","+dTAG","RepR1","S19","Xist","MSR","other"
"2342",17504,"FJ24-FJ25::chr14:19415282-19420102",1628,1630,0,2,0,"+","G","+",2,0,"-",0,0,"AGCGA","TS54","+dTAG","RepR1","S19","Xist","MSR","other"
"2343",17505,"FJ24-FJ25::chr14:19415282-19420102",1671,1673,0.692,13,9,"+","G","+",13,9,"-",0,0,"GACGA","TS54","+dTAG","RepR1","S19","Xist","MSR","other"
"2344",17506,"FJ24-FJ25::chr14:19415282-19420102",1686,1688,0.889,9,8,"+","G","+",9,8,"-",0,0,"GACGA","TS54","+dTAG","RepR1","S19","Xist","MSR","other"
"2345",17507,"FJ24-FJ25::chr14:19415282-19420102",1702,1704,0.917,12,11,"+","G","+",12,11,"-",0,0,"AACGT","TS54","+dTAG","RepR1","S19","Xist","MSR","other"
"2346",17508,"FJ24-FJ25::chr14:19415282-19420102",1744,1746,0.882,17,15,"+","G","+",17,15,"-",0,0,"GGCGA","TS54","+dTAG","RepR1","S19","Xist","MSR","other"
"2347",17509,"FJ24-FJ25::chr14:19415282-19420102",1762,1764,0.938,16,15,"+","G","+",16,15,"-",0,0,"CACGG","TS54","+dTAG","RepR1","S19","Xist","MSR","other"
"2348",17510,"FJ24-FJ25::chr14:19415282-19420102",1819,1821,0.5,2,1,"+","G","+",2,1,"-",0,0,"ATCGT","TS54","+dTAG","RepR1","S19","Xist","MSR","other"
"2349",17511,"FJ24-FJ25::chr14:19415282-19420102",1861,1863,1,1,1,"+","G","+",1,1,"-",0,0,"GGCGA","TS54","+dTAG","RepR1","S19","Xist","MSR","other"
"2350",17512,"FJ24-FJ25::chr14:19415282-19420102",1879,1881,1,2,2,"+","G","+",2,2,"-",0,0,"CACGG","TS54","+dTAG","RepR1","S19","Xist","MSR","other"
"2351",17513,"FJ24-FJ25::chr14:19415282-19420102",2022,2024,0.8,140,112,"B","G","+",139,111,"-",1,1,"GACGA","TS54","+dTAG","RepR1","S19","Xist","MSR","other"
"2352",17514,"FJ24-FJ25::chr14:19415282-19420102",2037,2039,0.833,126,105,"B","G","+",125,104,"-",1,1,"GACGA","TS54","+dTAG","RepR1","S19","Xist","MSR","other"
"2353",17515,"FJ24-FJ25::chr14:19415282-19420102",2053,2055,0.686,137,94,"B","G","+",135,94,"-",2,0,"AACGT","TS54","+dTAG","RepR1","S19","Xist","MSR","other"
"2354",17516,"FJ24-FJ25::chr14:19415282-19420102",2095,2097,0.891,46,41,"+","G","+",46,41,"-",0,0,"GGCGA","TS54","+dTAG","RepR1","S19","Xist","MSR","other"
"2355",17517,"FJ24-FJ25::chr14:19415282-19420102",2153,2155,1,2,2,"+","G","+",2,2,"-",0,0,"GACGA","TS54","+dTAG","RepR1","S19","Xist","MSR","other"
"2356",17518,"FJ24-FJ25::chr14:19415282-19420102",2170,2172,1,1,1,"+","G","+",1,1,"-",0,0,"ATCGT","TS54","+dTAG","RepR1","S19","Xist","MSR","other"
"2357",17519,"FJ24-FJ25::chr14:19415282-19420102",2230,2232,1,13,13,"+","G","+",13,13,"-",0,0,"CACGG","TS54","+dTAG","RepR1","S19","Xist","MSR","other"
"2358",17520,"FJ24-FJ25::chr14:19415282-19420102",2370,2372,0.1,10,1,"+","G","+",10,1,"-",0,0,"CTCGA","TS54","+dTAG","RepR1","S19","Xist","MSR","other"
"2359",17521,"FJ24-FJ25::chr14:19415282-19420102",2404,2406,0.667,9,6,"+","G","+",9,6,"-",0,0,"AACGT","TS54","+dTAG","RepR1","S19","Xist","MSR","other"
"2360",17522,"FJ24-FJ25::chr14:19415282-19420102",2437,2439,0.5,2,1,"+","G","+",2,1,"-",0,0,"CTCGA","TS54","+dTAG","RepR1","S19","Xist","MSR","other"
"2361",17523,"FJ24-FJ25::chr14:19415282-19420102",2446,2448,0.857,7,6,"+","G","+",7,6,"-",0,0,"GGCGA","TS54","+dTAG","RepR1","S19","Xist","MSR","other"
"2362",17524,"FJ24-FJ25::chr14:19415282-19420102",2464,2466,0.857,7,6,"+","G","+",7,6,"-",0,0,"CACGG","TS54","+dTAG","RepR1","S19","Xist","MSR","other"
"2363",17525,"FJ24-FJ25::chr14:19415282-19420102",2606,2608,0.69,29,20,"B","G","+",27,18,"-",2,2,"GACGA","TS54","+dTAG","RepR1","S19","Xist","MSR","other"
"2364",17526,"FJ24-FJ25::chr14:19415282-19420102",2621,2623,0.885,26,23,"+","G","+",26,23,"-",0,0,"GACGA","TS54","+dTAG","RepR1","S19","Xist","MSR","other"
"2365",17527,"FJ24-FJ25::chr14:19415282-19420102",2637,2639,0.625,24,15,"+","G","+",24,15,"-",0,0,"AACGT","TS54","+dTAG","RepR1","S19","Xist","MSR","other"
"2366",17528,"FJ24-FJ25::chr14:19415282-19420102",2678,2680,1,8,8,"+","G","+",8,8,"-",0,0,"GGCGA","TS54","+dTAG","RepR1","S19","Xist","MSR","other"
"2367",17529,"FJ24-FJ25::chr14:19415282-19420102",2853,2855,0.821,28,23,"+","G","+",28,23,"-",0,0,"GACGA","TS54","+dTAG","RepR1","S19","Xist","MSR","other"
"2368",17530,"FJ24-FJ25::chr14:19415282-19420102",2929,2931,0.69,58,40,"+","G","+",58,40,"-",0,0,"CACGG","TS54","+dTAG","RepR1","S19","Xist","MSR","other"
"2369",17531,"FJ24-FJ25::chr14:19415282-19420102",2957,2959,1,1,1,"+","G","+",1,1,"-",0,0,"GACGT","TS54","+dTAG","RepR1","S19","Xist","MSR","other"
"2370",17532,"FJ24-FJ25::chr14:19415282-19420102",2969,2971,0,1,0,"+","G","+",1,0,"-",0,0,"GGCGA","TS54","+dTAG","RepR1","S19","Xist","MSR","other"
"2371",17533,"FJ24-FJ25::chr14:19415282-19420102",3305,3307,0.571,7,4,"+","G","+",7,4,"-",0,0,"GACGA","TS54","+dTAG","RepR1","S19","Xist","MSR","other"
"2372",17534,"FJ24-FJ25::chr14:19415282-19420102",3320,3322,0.667,9,6,"+","G","+",9,6,"-",0,0,"GACGA","TS54","+dTAG","RepR1","S19","Xist","MSR","other"
"2373",17535,"FJ24-FJ25::chr14:19415282-19420102",3336,3338,0.667,9,6,"+","G","+",9,6,"-",0,0,"AACGT","TS54","+dTAG","RepR1","S19","Xist","MSR","other"
"2374",17536,"FJ24-FJ25::chr14:19415282-19420102",3386,3388,1,1,1,"+","G","+",1,1,"-",0,0,"AACGG","TS54","+dTAG","RepR1","S19","Xist","MSR","other"
"2375",17537,"FJ24-FJ25::chr14:19415282-19420102",3396,3398,0.8,5,4,"+","G","+",5,4,"-",0,0,"CACGG","TS54","+dTAG","RepR1","S19","Xist","MSR","other"
"2376",17538,"FJ24-FJ25::chr14:19415282-19420102",3416,3418,0.5,2,1,"+","G","+",2,1,"-",0,0,"CACGT","TS54","+dTAG","RepR1","S19","Xist","MSR","other"
"2377",17539,"FJ24-FJ25::chr14:19415282-19420102",3495,3497,1,1,1,"+","G","+",1,1,"-",0,0,"GGCGA","TS54","+dTAG","RepR1","S19","Xist","MSR","other"
"2378",17540,"FJ24-FJ25::chr14:19415282-19420102",3513,3515,1,2,2,"+","G","+",2,2,"-",0,0,"CACGG","TS54","+dTAG","RepR1","S19","Xist","MSR","other"
"2379",17541,"FJ24-FJ25::chr14:19415282-19420102",3656,3658,0.5,2,1,"+","G","+",2,1,"-",0,0,"GACGA","TS54","+dTAG","RepR1","S19","Xist","MSR","other"
"2380",17542,"FJ24-FJ25::chr14:19415282-19420102",3671,3673,1,2,2,"+","G","+",2,2,"-",0,0,"GACGA","TS54","+dTAG","RepR1","S19","Xist","MSR","other"
"2381",17543,"FJ24-FJ25::chr14:19415282-19420102",3687,3689,1,2,2,"+","G","+",2,2,"-",0,0,"AACGT","TS54","+dTAG","RepR1","S19","Xist","MSR","other"
"2382",17544,"FJ24-FJ25::chr14:19415282-19420102",3905,3907,1,4,4,"+","G","+",4,4,"-",0,0,"GACGA","TS54","+dTAG","RepR1","S19","Xist","MSR","other"
"2383",17545,"FJ24-FJ25::chr14:19415282-19420102",3921,3923,0.571,7,4,"+","G","+",7,4,"-",0,0,"AACGT","TS54","+dTAG","RepR1","S19","Xist","MSR","other"
"2384",17546,"FJ24-FJ25::chr14:19415282-19420102",3963,3965,0.8,5,4,"+","G","+",5,4,"-",0,0,"GGCGA","TS54","+dTAG","RepR1","S19","Xist","MSR","other"
"2385",17547,"FJ24-FJ25::chr14:19415282-19420102",3981,3983,0.8,5,4,"+","G","+",5,4,"-",0,0,"CACGG","TS54","+dTAG","RepR1","S19","Xist","MSR","other"
"2386",17548,"FJ24-FJ25::chr2:98663241-98664491",474,476,1,8,8,"-","G","+",0,0,"-",8,8,"CCGTG","TS54","+dTAG","RepR1","S19","Xist","MSR","other"
"2387",17549,"FJ24-FJ25::chr2:98663241-98664491",533,535,1,9,9,"-","G","+",0,0,"-",9,9,"ACGTT","TS54","+dTAG","RepR1","S19","Xist","MSR","other"
"2388",17550,"FJ24-FJ25::chr2:98663241-98664491",705,707,1,4,4,"-","G","+",0,0,"-",4,4,"CCGTG","TS54","+dTAG","RepR1","S19","Xist","MSR","other"
"2389",17551,"FJ24-FJ25::chr2:98663241-98664491",723,725,1,4,4,"-","G","+",0,0,"-",4,4,"TCGCC","TS54","+dTAG","RepR1","S19","Xist","MSR","other"
"2390",17552,"FJ24-FJ25::chr2:98666144-98667732",446,448,0.847,190,161,"B","G","+",189,161,"-",1,0,"GACGA","TS54","+dTAG","RepR1","S19","Xist","MSR","other"
"2391",17553,"FJ24-FJ25::chr2:98666144-98667732",461,463,0.962,183,176,"B","G","+",182,175,"-",1,1,"GACGA","TS54","+dTAG","RepR1","S19","Xist","MSR","other"
"2392",17554,"FJ24-FJ25::chr2:98666144-98667732",477,479,0.836,195,163,"B","G","+",194,162,"-",1,1,"TACGT","TS54","+dTAG","RepR1","S19","Xist","MSR","other"
"2393",17555,"FJ24-FJ25::chr2:98666144-98667732",537,539,0.863,190,164,"B","G","+",189,164,"-",1,0,"CACGG","TS54","+dTAG","RepR1","S19","Xist","MSR","other"
"2394",17556,"FJ24-FJ25::chr2:98666144-98667732",565,567,0.81,21,17,"+","G","+",21,17,"-",0,0,"GACGT","TS54","+dTAG","RepR1","S19","Xist","MSR","other"
"2395",17557,"FJ24-FJ25::chr2:98666144-98667732",577,579,0.926,27,25,"+","G","+",27,25,"-",0,0,"GGCGA","TS54","+dTAG","RepR1","S19","Xist","MSR","other"
"2396",17558,"FJ24-FJ25::chr2:98666144-98667732",625,627,0.857,11131,9539,"+","G","+",11131,9539,"-",0,0,"GACGT","TS54","+dTAG","RepR1","S19","Xist","MSR","other"
"2397",17559,"FJ24-FJ25::chr2:98666144-98667732",680,682,0.81,11582,9387,"+","G","+",11582,9387,"-",0,0,"GACGA","TS54","+dTAG","RepR1","S19","Xist","MSR","other"
"2398",17560,"FJ24-FJ25::chr2:98666144-98667732",695,697,0.866,11309,9797,"+","G","+",11309,9797,"-",0,0,"GACGA","TS54","+dTAG","RepR1","S19","Xist","MSR","other"
"2399",17561,"FJ24-FJ25::chr2:98666144-98667732",711,713,0.708,10925,7738,"+","G","+",10925,7738,"-",0,0,"AACGT","TS54","+dTAG","RepR1","S19","Xist","MSR","other"
"2400",17562,"FJ24-FJ25::chr2:98666144-98667732",753,755,0.861,1968,1695,"+","G","+",1968,1695,"-",0,0,"GGCGA","TS54","+dTAG","RepR1","S19","Xist","MSR","other"
"2401",17563,"FJ24-FJ25::chr2:98666144-98667732",771,773,0.862,1701,1467,"+","G","+",1701,1467,"-",0,0,"CACGG","TS54","+dTAG","RepR1","S19","Xist","MSR","other"
"2402",17564,"FJ24-FJ25::chr2:98666144-98667732",799,801,1,16,16,"B","G","+",15,15,"-",1,1,"GACGT","TS54","+dTAG","RepR1","S19","Xist","MSR","other"
"2403",17565,"FJ24-FJ25::chr2:98666144-98667732",811,813,0.895,19,17,"B","G","+",18,16,"-",1,1,"GGCGA","TS54","+dTAG","RepR1","S19","Xist","MSR","other"
"2404",17566,"FJ24-FJ25::chr2:98666144-98667732",859,861,0.867,15,13,"B","G","+",14,12,"-",1,1,"GACGT","TS54","+dTAG","RepR1","S19","Xist","MSR","other"
"2405",17567,"FJ24-FJ25::chr2:98666144-98667732",946,948,0.865,9911,8572,"B","G","+",9909,8570,"-",2,2,"GACGA","TS54","+dTAG","RepR1","S19","Xist","MSR","other"
"2406",17568,"FJ24-FJ25::chr2:98666144-98667732",962,964,0.698,9915,6925,"B","G","+",9913,6923,"-",2,2,"AACGT","TS54","+dTAG","RepR1","S19","Xist","MSR","other"
"2407",17569,"FJ24-FJ25::chr2:98666144-98667732",1004,1006,0.856,9980,8543,"B","G","+",9978,8541,"-",2,2,"GGCGA","TS54","+dTAG","RepR1","S19","Xist","MSR","other"
"2408",17570,"FJ24-FJ25::chr2:98666144-98667732",1022,1024,0.863,10256,8855,"B","G","+",10254,8853,"-",2,2,"CACGG","TS54","+dTAG","RepR1","S19","Xist","MSR","other"
"2409",17571,"FJ24-FJ25::chr2:98666144-98667732",1050,1052,0.869,61,53,"+","G","+",61,53,"-",0,0,"GACGT","TS54","+dTAG","RepR1","S19","Xist","MSR","other"
"2410",17572,"FJ24-FJ25::chr2:98666144-98667732",1062,1064,0.785,79,62,"+","G","+",79,62,"-",0,0,"GGCGA","TS54","+dTAG","RepR1","S19","Xist","MSR","other"
"2411",17573,"FJ24-FJ25::chr2:98666144-98667732",1110,1112,0.904,167,151,"+","G","+",167,151,"-",0,0,"GACGT","TS54","+dTAG","RepR1","S19","Xist","MSR","other"
"2412",17574,"FJ24-FJ25::chr2:98666144-98667732",1165,1167,0.789,19,15,"+","G","+",19,15,"-",0,0,"GACGA","TS54","+dTAG","RepR1","S19","Xist","MSR","other"
"2413",17575,"FJ24-FJ25::chr2:98666144-98667732",1180,1182,1,4,4,"+","G","+",4,4,"-",0,0,"GACGA","TS54","+dTAG","RepR1","S19","Xist","MSR","other"
"2414",17576,"FJ24-FJ25::chr9:2999602-3038819",428,430,0,2,0,"-","G","+",0,0,"-",2,0,"ACGTT","TS54","+dTAG","RepR1","S19","Xist","MSR","other"
"2415",17577,"FJ24-FJ25::chr9:2999602-3038819",444,446,0,2,0,"-","G","+",0,0,"-",2,0,"TCGTC","TS54","+dTAG","RepR1","S19","Xist","MSR","other"
"2416",17578,"FJ24-FJ25::chr9:2999602-3038819",738,740,0.875,8,7,"-","G","+",0,0,"-",8,7,"TCGCC","TS54","+dTAG","RepR1","S19","Xist","MSR","other"
"2417",17579,"FJ24-FJ25::chr9:2999602-3038819",750,752,0.571,7,4,"-","G","+",0,0,"-",7,4,"ACGTC","TS54","+dTAG","RepR1","S19","Xist","MSR","other"
"2418",17580,"FJ24-FJ25::chr9:2999602-3038819",778,780,0.829,199,165,"-","G","+",0,0,"-",199,165,"CCGTG","TS54","+dTAG","RepR1","S19","Xist","MSR","other"
"2419",17581,"FJ24-FJ25::chr9:2999602-3038819",796,798,0.806,186,150,"-","G","+",0,0,"-",186,150,"TCGAC","TS54","+dTAG","RepR1","S19","Xist","MSR","other"
"2420",17582,"FJ24-FJ25::chr9:2999602-3038819",838,840,0.755,192,145,"-","G","+",0,0,"-",192,145,"ACGTT","TS54","+dTAG","RepR1","S19","Xist","MSR","other"
"2421",17583,"FJ24-FJ25::chr9:2999602-3038819",854,856,0.876,177,155,"-","G","+",0,0,"-",177,155,"TCGTC","TS54","+dTAG","RepR1","S19","Xist","MSR","other"
"2422",17584,"FJ24-FJ25::chr9:2999602-3038819",866,868,0.839,56,47,"-","G","+",0,0,"-",56,47,"ACGTC","TS54","+dTAG","RepR1","S19","Xist","MSR","other"
"2423",17585,"FJ24-FJ25::chr9:2999602-3038819",869,871,0.698,182,127,"-","G","+",0,0,"-",182,127,"TCGTC","TS54","+dTAG","RepR1","S19","Xist","MSR","other"
"2424",17586,"FJ24-FJ25::chr9:2999602-3038819",972,974,0.771,35,27,"-","G","+",0,0,"-",35,27,"TCGCC","TS54","+dTAG","RepR1","S19","Xist","MSR","other"
"2425",17587,"FJ24-FJ25::chr9:2999602-3038819",984,986,0.84,25,21,"-","G","+",0,0,"-",25,21,"ACGTC","TS54","+dTAG","RepR1","S19","Xist","MSR","other"
"2426",17588,"FJ24-FJ25::chr9:2999602-3038819",1012,1014,0.75,4,3,"-","G","+",0,0,"-",4,3,"CCGTG","TS54","+dTAG","RepR1","S19","Xist","MSR","other"
"2427",17589,"FJ24-FJ25::chr9:2999602-3038819",1030,1032,0.667,3,2,"-","G","+",0,0,"-",3,2,"TCGAC","TS54","+dTAG","RepR1","S19","Xist","MSR","other"
"2428",17590,"FJ24-FJ25::chr9:2999602-3038819",1072,1074,0.5,2,1,"-","G","+",0,0,"-",2,1,"ACGTT","TS54","+dTAG","RepR1","S19","Xist","MSR","other"
"2429",17591,"FJ24-FJ25::chr9:2999602-3038819",1103,1105,0.5,2,1,"-","G","+",0,0,"-",2,1,"TCGTC","TS54","+dTAG","RepR1","S19","Xist","MSR","other"
"2430",17592,"FJ24-FJ25::chr9:2999602-3038819",1158,1160,0.5,2,1,"-","G","+",0,0,"-",2,1,"ACGTC","TS54","+dTAG","RepR1","S19","Xist","MSR","other"
"2431",17593,"FJ24-FJ25::chr9:2999602-3038819",1248,1250,0.824,17,14,"B","G","+",1,1,"-",16,13,"CACGT","TS54","+dTAG","RepR1","S19","Xist","MSR","other"
"2432",17594,"FJ24-FJ25::chr9:2999602-3038819",1264,1266,0.882,17,15,"B","G","+",1,0,"-",16,15,"TTCGT","TS54","+dTAG","RepR1","S19","Xist","MSR","other"
"2433",17595,"FJ24-FJ25::chr9:2999602-3038819",1382,1384,0.889,27,24,"-","G","+",0,0,"-",27,24,"TCGCC","TS54","+dTAG","RepR1","S19","Xist","MSR","other"
"2434",17596,"FJ24-FJ25::chr9:2999602-3038819",1394,1396,0.842,19,16,"-","G","+",0,0,"-",19,16,"ACGTC","TS54","+dTAG","RepR1","S19","Xist","MSR","other"
"2435",17597,"FJ24-FJ25::chr9:2999602-3038819",1422,1424,0.8,15,12,"-","G","+",0,0,"-",15,12,"CCGTG","TS54","+dTAG","RepR1","S19","Xist","MSR","other"
"2436",17598,"FJ24-FJ25::chr9:2999602-3038819",1440,1442,1,4,4,"-","G","+",0,0,"-",4,4,"TCGCC","TS54","+dTAG","RepR1","S19","Xist","MSR","other"
"2437",17599,"FJ24-FJ25::chr9:2999602-3038819",1459,1461,0,11,0,"-","G","+",0,0,"-",11,0,"ACGGT","TS54","+dTAG","RepR1","S19","Xist","MSR","other"
"2438",17600,"FJ24-FJ25::chr9:2999602-3038819",1616,1618,0.714,7,5,"-","G","+",0,0,"-",7,5,"TCGCC","TS54","+dTAG","RepR1","S19","Xist","MSR","other"
"2439",17601,"FJ24-FJ25::chr9:2999602-3038819",1674,1676,0.778,63,49,"-","G","+",0,0,"-",63,49,"TCGCC","TS54","+dTAG","RepR1","S19","Xist","MSR","other"
"2440",17602,"FJ24-FJ25::chr9:2999602-3038819",1716,1718,0.758,95,72,"-","G","+",0,0,"-",95,72,"ACGTT","TS54","+dTAG","RepR1","S19","Xist","MSR","other"
"2441",17603,"FJ24-FJ25::chr9:2999602-3038819",1732,1734,0.866,112,97,"-","G","+",0,0,"-",112,97,"TCGTC","TS54","+dTAG","RepR1","S19","Xist","MSR","other"
"2442",17604,"FJ24-FJ25::chr9:2999602-3038819",1850,1852,0.739,23,17,"-","G","+",0,0,"-",23,17,"TCGCC","TS54","+dTAG","RepR1","S19","Xist","MSR","other"
"2443",17605,"FJ24-FJ25::chr9:2999602-3038819",1862,1864,0.824,17,14,"-","G","+",0,0,"-",17,14,"ACGTC","TS54","+dTAG","RepR1","S19","Xist","MSR","other"
"2444",17606,"FJ24-FJ25::chr9:2999602-3038819",1890,1892,0.692,13,9,"-","G","+",0,0,"-",13,9,"CCGTG","TS54","+dTAG","RepR1","S19","Xist","MSR","other"
"2445",17607,"FJ24-FJ25::chr9:2999602-3038819",1908,1910,0.833,6,5,"-","G","+",0,0,"-",6,5,"TCGCC","TS54","+dTAG","RepR1","S19","Xist","MSR","other"
"2446",17608,"FJ24-FJ25::chr9:2999602-3038819",2083,2085,1,3,3,"-","G","+",0,0,"-",3,3,"TCGCC","TS54","+dTAG","RepR1","S19","Xist","MSR","other"
"2447",17609,"FJ24-FJ25::chr9:2999602-3038819",2095,2097,0.667,3,2,"-","G","+",0,0,"-",3,2,"ACGTC","TS54","+dTAG","RepR1","S19","Xist","MSR","other"
"2448",17610,"FJ24-FJ25::chr9:2999602-3038819",2123,2125,1,16,16,"-","G","+",0,0,"-",16,16,"CCGTG","TS54","+dTAG","RepR1","S19","Xist","MSR","other"
"2449",17611,"FJ24-FJ25::chr9:2999602-3038819",2141,2143,0.882,17,15,"B","G","+",1,1,"-",16,14,"CTCGC","TS54","+dTAG","RepR1","S19","Xist","MSR","other"
"2450",17612,"FJ24-FJ25::chr9:2999602-3038819",2183,2185,0.8,15,12,"B","G","+",1,1,"-",14,11,"CACGT","TS54","+dTAG","RepR1","S19","Xist","MSR","other"
"2451",17613,"FJ24-FJ25::chr9:2999602-3038819",2199,2201,0.857,14,12,"B","G","+",1,0,"-",13,12,"TTCGT","TS54","+dTAG","RepR1","S19","Xist","MSR","other"
"2452",17614,"FJ24-FJ25::chr9:2999602-3038819",2357,2359,1,4,4,"-","G","+",0,0,"-",4,4,"CCGTG","TS54","+dTAG","RepR1","S19","Xist","MSR","other"
"2453",17615,"FJ24-FJ25::chr9:2999602-3038819",2375,2377,1,4,4,"-","G","+",0,0,"-",4,4,"TCGCC","TS54","+dTAG","RepR1","S19","Xist","MSR","other"
"2454",17616,"FJ24-FJ25::chr9:2999602-3038819",2433,2435,0.9,10,9,"-","G","+",0,0,"-",10,9,"TCGTC","TS54","+dTAG","RepR1","S19","Xist","MSR","other"
"2455",17617,"FJ24-FJ25::chr9:2999602-3038819",2448,2450,0.684,19,13,"-","G","+",0,0,"-",19,13,"TCGTC","TS54","+dTAG","RepR1","S19","Xist","MSR","other"
"2456",17618,"FJ24-FJ25::chr9:2999602-3038819",2551,2553,0.833,6,5,"-","G","+",0,0,"-",6,5,"TCGCC","TS54","+dTAG","RepR1","S19","Xist","MSR","other"
"2457",17619,"FJ24-FJ25::chr9:2999602-3038819",2609,2611,0.857,14,12,"-","G","+",0,0,"-",14,12,"TCGCC","TS54","+dTAG","RepR1","S19","Xist","MSR","other"
"2458",17620,"FJ24-FJ25::chr9:2999602-3038819",2651,2653,0.5,18,9,"-","G","+",0,0,"-",18,9,"ACGTT","TS54","+dTAG","RepR1","S19","Xist","MSR","other"
"2459",17621,"FJ24-FJ25::chr9:2999602-3038819",2667,2669,0.889,18,16,"-","G","+",0,0,"-",18,16,"TCGTC","TS54","+dTAG","RepR1","S19","Xist","MSR","other"
"2460",17622,"FJ24-FJ25::chr9:2999602-3038819",2825,2827,0.333,6,2,"-","G","+",0,0,"-",6,2,"CCGTG","TS54","+dTAG","RepR1","S19","Xist","MSR","other"
"2461",17623,"FJ24-FJ25::chr9:2999602-3038819",3001,3003,1,1,1,"-","G","+",0,0,"-",1,1,"ACGTT","TS54","+dTAG","RepR1","S19","Xist","MSR","other"
"2462",17624,"FJ24-FJ25::chr9:2999602-3038819",3175,3177,1,4,4,"-","G","+",0,0,"-",4,4,"CCGTG","TS54","+dTAG","RepR1","S19","Xist","MSR","other"
"2463",17625,"FJ24-FJ25::chr9:2999602-3038819",3193,3195,1,2,2,"-","G","+",0,0,"-",2,2,"TCGCC","TS54","+dTAG","RepR1","S19","Xist","MSR","other"
"2464",17626,"FJ24-FJ25::chr9:2999602-3038819",3234,3236,0.5,2,1,"-","G","+",0,0,"-",2,1,"ACGTT","TS54","+dTAG","RepR1","S19","Xist","MSR","other"
"2465",17627,"FJ24-FJ25::chr9:2999602-3038819",3408,3410,0.75,8,6,"-","G","+",0,0,"-",8,6,"CCGTG","TS54","+dTAG","RepR1","S19","Xist","MSR","other"
"2466",17628,"FJ24-FJ25::chr9:2999602-3038819",3426,3428,0.714,7,5,"-","G","+",0,0,"-",7,5,"TCGCC","TS54","+dTAG","RepR1","S19","Xist","MSR","other"
"2467",17629,"FJ24-FJ25::chr9:2999602-3038819",3468,3470,0.7,10,7,"-","G","+",0,0,"-",10,7,"ACGTT","TS54","+dTAG","RepR1","S19","Xist","MSR","other"
"2468",17630,"FJ24-FJ25::chr9:2999602-3038819",3484,3486,0.9,10,9,"-","G","+",0,0,"-",10,9,"TCGTC","TS54","+dTAG","RepR1","S19","Xist","MSR","other"
"2469",17631,"FJ24-FJ25::chr9:2999602-3038819",3642,3644,0.8,5,4,"-","G","+",0,0,"-",5,4,"CCGTG","TS54","+dTAG","RepR1","S19","Xist","MSR","other"
"2470",17632,"FJ24-FJ25::chr9:2999602-3038819",3660,3662,0.8,5,4,"-","G","+",0,0,"-",5,4,"TCGCC","TS54","+dTAG","RepR1","S19","Xist","MSR","other"
"2471",17633,"FJ24-FJ25::chr9:2999602-3038819",3718,3720,1,12,12,"B","G","+",1,1,"-",11,11,"TTCGT","TS54","+dTAG","RepR1","S19","Xist","MSR","other"
"2472",17634,"FJ24-FJ25::chr9:2999602-3038819",3733,3735,0.8,15,12,"-","G","+",0,0,"-",15,12,"TCGTC","TS54","+dTAG","RepR1","S19","Xist","MSR","other"
"2473",17635,"FJ24-FJ25::chr9:2999602-3038819",3836,3838,0.667,6,4,"-","G","+",0,0,"-",6,4,"TCGCC","TS54","+dTAG","RepR1","S19","Xist","MSR","other"
"2474",17636,"FJ24-FJ25::chr9:2999602-3038819",3894,3896,0.79,81,64,"-","G","+",0,0,"-",81,64,"TCGCC","TS54","+dTAG","RepR1","S19","Xist","MSR","other"
"2475",17637,"FJ24-FJ25::chr9:2999602-3038819",3936,3938,0.653,75,49,"-","G","+",0,0,"-",75,49,"ACGTT","TS54","+dTAG","RepR1","S19","Xist","MSR","other"
"2476",17638,"FJ24-FJ25::chr9:2999602-3038819",4128,4130,1,1,1,"-","G","+",0,0,"-",1,1,"TCGCC","TS54","+dTAG","RepR1","S19","Xist","MSR","other"
"2477",17639,"FJ24-FJ25::chr9:2999602-3038819",4303,4305,0.857,7,6,"-","G","+",0,0,"-",7,6,"TCGCC","TS54","+dTAG","RepR1","S19","Xist","MSR","other"
"2478",17640,"FJ24-FJ25::chr9:2999602-3038819",4346,4348,0.5,2,1,"-","G","+",0,0,"-",2,1,"ACGTT","TS54","+dTAG","RepR1","S19","Xist","MSR","other"
"2479",17641,"FJ24-FJ25::chr9:2999602-3038819",4362,4364,1,3,3,"-","G","+",0,0,"-",3,3,"TCGTC","TS54","+dTAG","RepR1","S19","Xist","MSR","other"
"2480",17642,"FJ24-FJ25::chr9:2999602-3038819",4374,4376,0,1,0,"-","G","+",0,0,"-",1,0,"ACGTT","TS54","+dTAG","RepR1","S19","Xist","MSR","other"
"2481",17643,"FJ24-FJ25::chr9:2999602-3038819",4480,4482,0.875,8,7,"-","G","+",0,0,"-",8,7,"TCGCC","TS54","+dTAG","RepR1","S19","Xist","MSR","other"
"2482",17644,"FJ24-FJ25::chr9:2999602-3038819",4520,4522,0.754,812,612,"-","G","+",0,0,"-",812,612,"CCGTG","TS54","+dTAG","RepR1","S19","Xist","MSR","other"
"2483",17645,"FJ24-FJ25::chr9:2999602-3038819",4580,4582,0.687,648,445,"-","G","+",0,0,"-",648,445,"ACGTT","TS54","+dTAG","RepR1","S19","Xist","MSR","other"
"2484",17646,"FJ24-FJ25::chr9:2999602-3038819",4596,4598,0.876,558,489,"-","G","+",0,0,"-",558,489,"TCGTC","TS54","+dTAG","RepR1","S19","Xist","MSR","other"
"2485",17647,"FJ24-FJ25::chr9:2999602-3038819",4611,4613,0.784,635,498,"-","G","+",0,0,"-",635,498,"TCGTC","TS54","+dTAG","RepR1","S19","Xist","MSR","other"
"2486",17648,"FJ24-FJ25::chr9:2999602-3038819",4654,4656,0.429,7,3,"-","G","+",0,0,"-",7,3,"TCGCC","TS54","+dTAG","RepR1","S19","Xist","MSR","other"
"2487",17649,"FJ24-FJ25::chr9:2999602-3038819",4754,4756,0.833,24,20,"-","G","+",0,0,"-",24,20,"CCGTG","TS54","+dTAG","RepR1","S19","Xist","MSR","other"
"2488",17650,"FJ24-FJ25::chr9:2999602-3038819",4814,4816,0.647,17,11,"-","G","+",0,0,"-",17,11,"ACGTT","TS54","+dTAG","RepR1","S19","Xist","MSR","other"
"2489",17651,"FJ24-FJ25::chr9:2999602-3038819",4844,4846,0.833,18,15,"-","G","+",0,0,"-",18,15,"TCGTC","TS54","+dTAG","RepR1","S19","Xist","MSR","other"
"2490",17652,"FJ24-FJ25::chr9:2999602-3038819",4899,4901,1,2,2,"-","G","+",0,0,"-",2,2,"ACGTC","TS54","+dTAG","RepR1","S19","Xist","MSR","other"
"2491",17653,"FJ24-FJ25::chr9:2999602-3038819",4987,4989,0.824,51,42,"-","G","+",0,0,"-",51,42,"CCGTG","TS54","+dTAG","RepR1","S19","Xist","MSR","other"
"2492",17654,"FJ24-FJ25::chr9:2999602-3038819",5005,5007,0.782,55,43,"-","G","+",0,0,"-",55,43,"TCGCC","TS54","+dTAG","RepR1","S19","Xist","MSR","other"
"2493",17655,"FJ24-FJ25::chr9:2999602-3038819",5047,5049,0.691,602,416,"-","G","+",0,0,"-",602,416,"ACGTT","TS54","+dTAG","RepR1","S19","Xist","MSR","other"
"2494",17656,"FJ24-FJ25::chr9:2999602-3038819",5063,5065,0.876,541,474,"-","G","+",0,0,"-",541,474,"TCGTC","TS54","+dTAG","RepR1","S19","Xist","MSR","other"
"2495",17657,"FJ24-FJ25::chr9:2999602-3038819",5078,5080,0.791,654,517,"-","G","+",0,0,"-",654,517,"TCGTC","TS54","+dTAG","RepR1","S19","Xist","MSR","other"
"2496",17658,"FJ24-FJ25::chr9:2999602-3038819",5221,5223,0.75,4,3,"-","G","+",0,0,"-",4,3,"CCGTG","TS54","+dTAG","RepR1","S19","Xist","MSR","other"
"2497",17659,"FJ24-FJ25::chr9:2999602-3038819",5281,5283,1,1,1,"-","G","+",0,0,"-",1,1,"ACGTT","TS54","+dTAG","RepR1","S19","Xist","MSR","other"
"2498",17660,"FJ24-FJ25::chr9:2999602-3038819",5455,5457,1,2,2,"-","G","+",0,0,"-",2,2,"TCGTG","TS54","+dTAG","RepR1","S19","Xist","MSR","other"
"2499",17661,"FJ24-FJ25::chr9:2999602-3038819",5473,5475,1,3,3,"-","G","+",0,0,"-",3,3,"TCGCC","TS54","+dTAG","RepR1","S19","Xist","MSR","other"
"2500",17662,"FJ24-FJ25::chr9:2999602-3038819",5515,5517,0.667,3,2,"-","G","+",0,0,"-",3,2,"ACGTT","TS54","+dTAG","RepR1","S19","Xist","MSR","other"
"2501",17663,"FJ24-FJ25::chr9:2999602-3038819",6098,6100,1,2,2,"-","G","+",0,0,"-",2,2,"CCGTG","TS54","+dTAG","RepR1","S19","Xist","MSR","other"
"2502",17664,"FJ24-FJ25::chr9:2999602-3038819",6116,6118,0.8,5,4,"-","G","+",0,0,"-",5,4,"TCGCC","TS54","+dTAG","RepR1","S19","Xist","MSR","other"
"2503",17665,"FJ24-FJ25::chr9:2999602-3038819",6158,6160,0.4,5,2,"-","G","+",0,0,"-",5,2,"ACGTT","TS54","+dTAG","RepR1","S19","Xist","MSR","other"
"2504",17666,"FJ24-FJ25::chr9:2999602-3038819",6174,6176,1,2,2,"-","G","+",0,0,"-",2,2,"TCGTC","TS54","+dTAG","RepR1","S19","Xist","MSR","other"
"2505",17667,"FJ24-FJ25::chr9:2999602-3038819",6189,6191,0.75,4,3,"-","G","+",0,0,"-",4,3,"TCGTC","TS54","+dTAG","RepR1","S19","Xist","MSR","other"
"2506",17668,"FJ24-FJ25::chr9:2999602-3038819",6244,6246,1,1,1,"-","G","+",0,0,"-",1,1,"ACGTC","TS54","+dTAG","RepR1","S19","Xist","MSR","other"
"2507",17669,"FJ24-FJ25::chr9:2999602-3038819",6390,6392,1,1,1,"-","G","+",0,0,"-",1,1,"CCGTG","TS54","+dTAG","RepR1","S19","Xist","MSR","other"
"2508",17670,"FJ24-FJ25::chr9:2999602-3038819",6434,6436,0,1,0,"-","G","+",0,0,"-",1,0,"ACGTT","TS54","+dTAG","RepR1","S19","Xist","MSR","other"
"2509",17671,"FJ24-FJ25::chr9:2999602-3038819",6760,6762,0.667,21,14,"-","G","+",0,0,"-",21,14,"TCGCC","TS54","+dTAG","RepR1","S19","Xist","MSR","other"
"2510",17672,"FJ24-FJ25::chr9:2999602-3038819",6802,6804,0.636,22,14,"-","G","+",0,0,"-",22,14,"ACGTT","TS54","+dTAG","RepR1","S19","Xist","MSR","other"
"2511",17673,"FJ24-FJ25::chr9:2999602-3038819",6818,6820,0.842,19,16,"-","G","+",0,0,"-",19,16,"TCGTC","TS54","+dTAG","RepR1","S19","Xist","MSR","other"
"2512",17674,"FJ24-FJ25::chr9:2999602-3038819",7051,7053,0.833,6,5,"-","G","+",0,0,"-",6,5,"TCGTC","TS54","+dTAG","RepR1","S19","Xist","MSR","other"
"2513",17675,"FJ24-FJ25::chr9:2999602-3038819",7169,7171,0.667,9,6,"-","G","+",0,0,"-",9,6,"TCGCC","TS54","+dTAG","RepR1","S19","Xist","MSR","other"
"2514",17676,"FJ24-FJ25::chr9:2999602-3038819",7181,7183,0.818,11,9,"-","G","+",0,0,"-",11,9,"ACGTC","TS54","+dTAG","RepR1","S19","Xist","MSR","other"
"2515",17677,"FJ24-FJ25::chr9:2999602-3038819",7209,7211,0.754,252,190,"-","G","+",0,0,"-",252,190,"CCGTG","TS54","+dTAG","RepR1","S19","Xist","MSR","other"
"2516",17678,"FJ24-FJ25::chr9:2999602-3038819",7227,7229,0.779,244,190,"-","G","+",0,0,"-",244,190,"TCGCC","TS54","+dTAG","RepR1","S19","Xist","MSR","other"
"2517",17679,"FJ24-FJ25::chr9:2999602-3038819",7269,7271,0.526,19,10,"-","G","+",0,0,"-",19,10,"ACGTT","TS54","+dTAG","RepR1","S19","Xist","MSR","other"
"2518",17680,"FJ24-FJ25::chr9:2999602-3038819",7285,7287,0.765,17,13,"-","G","+",0,0,"-",17,13,"TCGTC","TS54","+dTAG","RepR1","S19","Xist","MSR","other"
"2519",17681,"FJ24-FJ25::chr9:2999602-3038819",7506,7508,0.5,2,1,"-","G","+",0,0,"-",2,1,"ACGTT","TS54","+dTAG","RepR1","S19","Xist","MSR","other"
"2520",17682,"FJ24-FJ25::chr9:2999602-3038819",7522,7524,1,2,2,"-","G","+",0,0,"-",2,2,"TCGTC","TS54","+dTAG","RepR1","S19","Xist","MSR","other"
"2521",17683,"FJ24-FJ25::chr9:2999602-3038819",7537,7539,1,3,3,"-","G","+",0,0,"-",3,3,"TCGTC","TS54","+dTAG","RepR1","S19","Xist","MSR","other"
"2522",17684,"FJ24-FJ25::chr9:2999602-3038819",7698,7700,0.811,37,30,"-","G","+",0,0,"-",37,30,"TCGCC","TS54","+dTAG","RepR1","S19","Xist","MSR","other"
"2523",17685,"FJ24-FJ25::chr9:2999602-3038819",7799,7801,0.692,13,9,"-","G","+",0,0,"-",13,9,"CCGTG","TS54","+dTAG","RepR1","S19","Xist","MSR","other"
"2524",17686,"FJ24-FJ25::chr9:2999602-3038819",7817,7819,0.929,14,13,"-","G","+",0,0,"-",14,13,"TCGCC","TS54","+dTAG","RepR1","S19","Xist","MSR","other"
"2525",17687,"FJ24-FJ25::chr9:2999602-3038819",7859,7861,0.714,7,5,"-","G","+",0,0,"-",7,5,"ACGTT","TS54","+dTAG","RepR1","S19","Xist","MSR","other"
"2526",17688,"FJ24-FJ25::chr9:2999602-3038819",8032,8034,0.25,4,1,"-","G","+",0,0,"-",4,1,"CCGTG","TS54","+dTAG","RepR1","S19","Xist","MSR","other"
"2527",17689,"FJ24-FJ25::chr9:2999602-3038819",8050,8052,0.333,3,1,"-","G","+",0,0,"-",3,1,"TCGCC","TS54","+dTAG","RepR1","S19","Xist","MSR","other"
"2528",17690,"FJ24-FJ25::chr9:2999602-3038819",8091,8093,0,1,0,"-","G","+",0,0,"-",1,0,"ACGTT","TS54","+dTAG","RepR1","S19","Xist","MSR","other"
"2529",17691,"FJ24-FJ25::chr9:2999602-3038819",8265,8267,1,4,4,"-","G","+",0,0,"-",4,4,"TCGTG","TS54","+dTAG","RepR1","S19","Xist","MSR","other"
"2530",17692,"FJ24-FJ25::chr9:2999602-3038819",8283,8285,1,3,3,"-","G","+",0,0,"-",3,3,"TCGCC","TS54","+dTAG","RepR1","S19","Xist","MSR","other"
"2531",17693,"FJ24-FJ25::chr9:2999602-3038819",8325,8327,0.625,8,5,"-","G","+",0,0,"-",8,5,"ACGTT","TS54","+dTAG","RepR1","S19","Xist","MSR","other"
"2532",17694,"FJ24-FJ25::chr9:2999602-3038819",8517,8519,0.75,4,3,"-","G","+",0,0,"-",4,3,"TCGCC","TS54","+dTAG","RepR1","S19","Xist","MSR","other"
"2533",17695,"FJ24-FJ25::chr9:2999602-3038819",8576,8578,1,1,1,"-","G","+",0,0,"-",1,1,"TCGTC","TS54","+dTAG","RepR1","S19","Xist","MSR","other"
"2534",17696,"FJ24-FJ25::chr9:2999602-3038819",8909,8911,0.838,117,98,"-","G","+",0,0,"-",117,98,"CCGTG","TS54","+dTAG","RepR1","S19","Xist","MSR","other"
"2535",17697,"FJ24-FJ25::chr9:2999602-3038819",8969,8971,0.857,7,6,"-","G","+",0,0,"-",7,6,"ACGTT","TS54","+dTAG","RepR1","S19","Xist","MSR","other"
"2536",17698,"FJ24-FJ25::chr9:2999602-3038819",8985,8987,1,6,6,"-","G","+",0,0,"-",6,6,"TCGTC","TS54","+dTAG","RepR1","S19","Xist","MSR","other"
"2537",17699,"FJ24-FJ25::chr9:2999602-3038819",9161,9163,0,1,0,"-","G","+",0,0,"-",1,0,"TCGCA","TS54","+dTAG","RepR1","S19","Xist","MSR","other"
"2538",17700,"FJ24-FJ25::chr9:2999602-3038819",9220,9222,0,1,0,"-","G","+",0,0,"-",1,0,"TCGTC","TS54","+dTAG","RepR1","S19","Xist","MSR","other"
"2539",17701,"FJ24-FJ25::chr9:2999602-3038819",9470,9472,1,1,1,"-","G","+",0,0,"-",1,1,"TCGTC","TS54","+dTAG","RepR1","S19","Xist","MSR","other"
"2540",17702,"FJ24-FJ25::chr9:2999602-3038819",9648,9650,0.5,4,2,"-","G","+",0,0,"-",4,2,"TCGCC","TS54","+dTAG","RepR1","S19","Xist","MSR","other"
"2541",17703,"FJ24-FJ25::chr9:2999602-3038819",9691,9693,0.5,8,4,"-","G","+",0,0,"-",8,4,"ACGTT","TS54","+dTAG","RepR1","S19","Xist","MSR","other"
"2542",17704,"FJ24-FJ25::chr9:2999602-3038819",9707,9709,0.727,11,8,"-","G","+",0,0,"-",11,8,"TCGTC","TS54","+dTAG","RepR1","S19","Xist","MSR","other"
"2543",17705,"FJ24-FJ25::chr9:2999602-3038819",9722,9724,0.727,11,8,"-","G","+",0,0,"-",11,8,"TCGTC","TS54","+dTAG","RepR1","S19","Xist","MSR","other"
"2544",17706,"FJ24-FJ25::chr9:2999602-3038819",9883,9885,0.852,27,23,"-","G","+",0,0,"-",27,23,"TCGCC","TS54","+dTAG","RepR1","S19","Xist","MSR","other"
"2545",17707,"FJ24-FJ25::chr9:2999602-3038819",9944,9946,1,1,1,"-","G","+",0,0,"-",1,1,"TCGCC","TS54","+dTAG","RepR1","S19","Xist","MSR","other"
"2546",17708,"FJ24-FJ25::chr9:2999602-3038819",9984,9986,0.5,6,3,"-","G","+",0,0,"-",6,3,"CCGTG","TS54","+dTAG","RepR1","S19","Xist","MSR","other"
"2547",17709,"FJ24-FJ25::chr9:2999602-3038819",10002,10004,0.875,8,7,"-","G","+",0,0,"-",8,7,"TCGCC","TS54","+dTAG","RepR1","S19","Xist","MSR","other"
"2548",17710,"FJ24-FJ25::chr9:2999602-3038819",10044,10046,1,5,5,"-","G","+",0,0,"-",5,5,"ACGTT","TS54","+dTAG","RepR1","S19","Xist","MSR","other"
"2549",17711,"FJ24-FJ25::chr9:2999602-3038819",10217,10219,0.75,84,63,"-","G","+",0,0,"-",84,63,"CCGTG","TS54","+dTAG","RepR1","S19","Xist","MSR","other"
"2550",17712,"FJ24-FJ25::chr9:2999602-3038819",10451,10453,0.75,4,3,"-","G","+",0,0,"-",4,3,"CCGTG","TS54","+dTAG","RepR1","S19","Xist","MSR","other"
"2551",17713,"FJ24-FJ25::chr9:2999602-3038819",10469,10471,0.5,2,1,"-","G","+",0,0,"-",2,1,"TCGCC","TS54","+dTAG","RepR1","S19","Xist","MSR","other"
"2552",17714,"FJ24-FJ25::chr9:2999602-3038819",10510,10512,0,1,0,"-","G","+",0,0,"-",1,0,"ACGTT","TS54","+dTAG","RepR1","S19","Xist","MSR","other"
"2553",17715,"FJ24-FJ25::chr9:2999602-3038819",10684,10686,1,5,5,"-","G","+",0,0,"-",5,5,"CCGTG","TS54","+dTAG","RepR1","S19","Xist","MSR","other"
"2554",17716,"FJ24-FJ25::chr9:2999602-3038819",10702,10704,1,3,3,"-","G","+",0,0,"-",3,3,"TCGCC","TS54","+dTAG","RepR1","S19","Xist","MSR","other"
"2555",17717,"FJ24-FJ25::chr9:2999602-3038819",10744,10746,1,6,6,"-","G","+",0,0,"-",6,6,"ACGTT","TS54","+dTAG","RepR1","S19","Xist","MSR","other"
"2556",17718,"FJ24-FJ25::chr9:2999602-3038819",10760,10762,1,5,5,"-","G","+",0,0,"-",5,5,"TCGTC","TS54","+dTAG","RepR1","S19","Xist","MSR","other"
"2557",17719,"FJ24-FJ25::chr9:2999602-3038819",10994,10996,1,2,2,"-","G","+",0,0,"-",2,2,"TCGTC","TS54","+dTAG","RepR1","S19","Xist","MSR","other"
"2558",17720,"FJ24-FJ25::chr9:2999602-3038819",11009,11011,0.667,3,2,"-","G","+",0,0,"-",3,2,"TCGTC","TS54","+dTAG","RepR1","S19","Xist","MSR","other"
"2559",17721,"FJ24-FJ25::chr9:2999602-3038819",11169,11171,1,1,1,"-","G","+",0,0,"-",1,1,"TCGTC","TS54","+dTAG","RepR1","S19","Xist","MSR","other"
"2560",17722,"FJ24-FJ25::chr9:2999602-3038819",11327,11329,0.783,106,83,"-","G","+",0,0,"-",106,83,"CCGTG","TS54","+dTAG","RepR1","S19","Xist","MSR","other"
"2561",17723,"FJ24-FJ25::chr9:2999602-3038819",11387,11389,0.895,19,17,"-","G","+",0,0,"-",19,17,"ACGTT","TS54","+dTAG","RepR1","S19","Xist","MSR","other"
"2562",17724,"FJ24-FJ25::chr9:2999602-3038819",11403,11405,0.882,17,15,"-","G","+",0,0,"-",17,15,"TCGTC","TS54","+dTAG","RepR1","S19","Xist","MSR","other"
"2563",17725,"FJ24-FJ25::chr9:2999602-3038819",11930,11932,1,1,1,"-","G","+",0,0,"-",1,1,"TCGCC","TS54","+dTAG","RepR1","S19","Xist","MSR","other"
"2564",17726,"FJ24-FJ25::chr9:2999602-3038819",11970,11972,1,2,2,"-","G","+",0,0,"-",2,2,"CCGTG","TS54","+dTAG","RepR1","S19","Xist","MSR","other"
"2565",17727,"FJ24-FJ25::chr9:2999602-3038819",11988,11990,1,1,1,"-","G","+",0,0,"-",1,1,"TCGCC","TS54","+dTAG","RepR1","S19","Xist","MSR","other"
"2566",17728,"FJ24-FJ25::chr9:2999602-3038819",12030,12032,0,3,0,"-","G","+",0,0,"-",3,0,"ACGTT","TS54","+dTAG","RepR1","S19","Xist","MSR","other"
"2567",17729,"FJ24-FJ25::chr9:2999602-3038819",12046,12048,1,2,2,"-","G","+",0,0,"-",2,2,"TCGTC","TS54","+dTAG","RepR1","S19","Xist","MSR","other"
"2568",17730,"FJ24-FJ25::chr9:2999602-3038819",12061,12063,1,3,3,"-","G","+",0,0,"-",3,3,"TCGTC","TS54","+dTAG","RepR1","S19","Xist","MSR","other"
"2569",17731,"FJ24-FJ25::chr9:2999602-3038819",12116,12118,0.5,4,2,"-","G","+",0,0,"-",4,2,"ACGTC","TS54","+dTAG","RepR1","S19","Xist","MSR","other"
"2570",17732,"FJ24-FJ25::chr9:2999602-3038819",12206,12208,1,13,13,"-","G","+",0,0,"-",13,13,"ACGTT","TS54","+dTAG","RepR1","S19","Xist","MSR","other"
"2571",17733,"FJ24-FJ25::chr9:2999602-3038819",12222,12224,0.917,12,11,"-","G","+",0,0,"-",12,11,"TCGTC","TS54","+dTAG","RepR1","S19","Xist","MSR","other"
"2572",17734,"FJ24-FJ25::chr9:2999602-3038819",12262,12264,0.0769,13,1,"-","G","+",0,0,"-",13,1,"CCGTG","TS54","+dTAG","RepR1","S19","Xist","MSR","other"
"2573",17735,"FJ24-FJ25::chr9:2999602-3038819",12306,12308,0,6,0,"-","G","+",0,0,"-",6,0,"ACGTT","TS54","+dTAG","RepR1","S19","Xist","MSR","other"
"2574",17736,"FJ24-FJ25::chr9:2999602-3038819",12632,12634,0.667,9,6,"-","G","+",0,0,"-",9,6,"TCGCC","TS54","+dTAG","RepR1","S19","Xist","MSR","other"
"2575",17737,"FJ24-FJ25::chr9:2999602-3038819",12674,12676,0.7,10,7,"-","G","+",0,0,"-",10,7,"ACGTT","TS54","+dTAG","RepR1","S19","Xist","MSR","other"
"2576",17738,"FJ24-FJ25::chr9:2999602-3038819",12690,12692,0.875,8,7,"-","G","+",0,0,"-",8,7,"TCGTC","TS54","+dTAG","RepR1","S19","Xist","MSR","other"
"2577",17739,"FJ24-FJ25::chr9:2999602-3038819",13101,13103,1,3,3,"-","G","+",0,0,"-",3,3,"TCGCC","TS54","+dTAG","RepR1","S19","Xist","MSR","other"
"2578",17740,"FJ24-FJ25::chr9:2999602-3038819",13144,13146,0.857,7,6,"-","G","+",0,0,"-",7,6,"ACGTT","TS54","+dTAG","RepR1","S19","Xist","MSR","other"
"2579",17741,"FJ24-FJ25::chr9:2999602-3038819",13160,13162,0.833,12,10,"-","G","+",0,0,"-",12,10,"TCGTC","TS54","+dTAG","RepR1","S19","Xist","MSR","other"
"2580",17742,"FJ24-FJ25::chr9:2999602-3038819",13175,13177,0.929,14,13,"-","G","+",0,0,"-",14,13,"TCGTC","TS54","+dTAG","RepR1","S19","Xist","MSR","other"
"2581",17743,"FJ24-FJ25::chr9:2999602-3038819",13336,13338,0.889,27,24,"-","G","+",0,0,"-",27,24,"TCGCC","TS54","+dTAG","RepR1","S19","Xist","MSR","other"
"2582",17744,"FJ24-FJ25::chr9:2999602-3038819",13437,13439,0.778,9,7,"-","G","+",0,0,"-",9,7,"CCGTG","TS54","+dTAG","RepR1","S19","Xist","MSR","other"
"2583",17745,"FJ24-FJ25::chr9:2999602-3038819",13455,13457,0.909,11,10,"-","G","+",0,0,"-",11,10,"TCGCC","TS54","+dTAG","RepR1","S19","Xist","MSR","other"
"2584",17746,"FJ24-FJ25::chr9:2999602-3038819",13497,13499,0.857,7,6,"-","G","+",0,0,"-",7,6,"ACGTT","TS54","+dTAG","RepR1","S19","Xist","MSR","other"
"2585",17747,"FJ24-FJ25::chr9:2999602-3038819",13642,13644,1,1,1,"-","G","+",0,0,"-",1,1,"ACGTC","TS54","+dTAG","RepR1","S19","Xist","MSR","other"
"2586",17748,"FJ24-FJ25::chr9:2999602-3038819",13670,13672,0.711,76,54,"-","G","+",0,0,"-",76,54,"CCGTG","TS54","+dTAG","RepR1","S19","Xist","MSR","other"
"2587",17749,"FJ24-FJ25::chr9:2999602-3038819",13730,13732,0.667,3,2,"-","G","+",0,0,"-",3,2,"ACGTT","TS54","+dTAG","RepR1","S19","Xist","MSR","other"
"2588",17750,"FJ24-FJ25::chr9:2999602-3038819",13876,13878,1,1,1,"-","G","+",0,0,"-",1,1,"ACGTC","TS54","+dTAG","RepR1","S19","Xist","MSR","other"
"2589",17751,"FJ24-FJ25::chr9:2999602-3038819",13904,13906,0.5,2,1,"-","G","+",0,0,"-",2,1,"CCGTG","TS54","+dTAG","RepR1","S19","Xist","MSR","other"
"2590",17752,"FJ24-FJ25::chr9:2999602-3038819",13922,13924,1,1,1,"-","G","+",0,0,"-",1,1,"TCGCC","TS54","+dTAG","RepR1","S19","Xist","MSR","other"
"2591",17753,"FJ24-FJ25::chr9:2999602-3038819",14137,14139,0.75,8,6,"-","G","+",0,0,"-",8,6,"CCGTG","TS54","+dTAG","RepR1","S19","Xist","MSR","other"
"2592",17754,"FJ24-FJ25::chr9:2999602-3038819",14155,14157,0.818,11,9,"-","G","+",0,0,"-",11,9,"TCGCC","TS54","+dTAG","RepR1","S19","Xist","MSR","other"
"2593",17755,"FJ24-FJ25::chr9:2999602-3038819",14197,14199,1,7,7,"-","G","+",0,0,"-",7,7,"ACGTT","TS54","+dTAG","RepR1","S19","Xist","MSR","other"
"2594",17756,"FJ24-FJ25::chr9:2999602-3038819",14213,14215,1,10,10,"-","G","+",0,0,"-",10,10,"TCGTC","TS54","+dTAG","RepR1","S19","Xist","MSR","other"
"2595",17757,"FJ24-FJ25::chr9:2999602-3038819",14371,14373,0.667,6,4,"-","G","+",0,0,"-",6,4,"CCGTG","TS54","+dTAG","RepR1","S19","Xist","MSR","other"
"2596",17758,"FJ24-FJ25::chr9:2999602-3038819",14389,14391,0.857,7,6,"-","G","+",0,0,"-",7,6,"TCGCC","TS54","+dTAG","RepR1","S19","Xist","MSR","other"
"2597",17759,"FJ24-FJ25::chr9:2999602-3038819",14447,14449,0.7,10,7,"-","G","+",0,0,"-",10,7,"TCGTC","TS54","+dTAG","RepR1","S19","Xist","MSR","other"
"2598",17760,"FJ24-FJ25::chr9:2999602-3038819",14462,14464,0.786,14,11,"-","G","+",0,0,"-",14,11,"TCGTC","TS54","+dTAG","RepR1","S19","Xist","MSR","other"
"2599",17761,"FJ24-FJ25::chr9:2999602-3038819",14565,14567,0.625,8,5,"-","G","+",0,0,"-",8,5,"TCGCC","TS54","+dTAG","RepR1","S19","Xist","MSR","other"
"2600",17762,"FJ24-FJ25::chr9:2999602-3038819",14623,14625,0.865,37,32,"-","G","+",0,0,"-",37,32,"TCGCC","TS54","+dTAG","RepR1","S19","Xist","MSR","other"
"2601",17763,"FJ24-FJ25::chr9:2999602-3038819",14665,14667,0.725,40,29,"-","G","+",0,0,"-",40,29,"ACGTT","TS54","+dTAG","RepR1","S19","Xist","MSR","other"
"2602",17764,"FJ24-FJ25::chr9:2999602-3038819",14681,14683,0.829,35,29,"-","G","+",0,0,"-",35,29,"TCGTC","TS54","+dTAG","RepR1","S19","Xist","MSR","other"
"2603",17765,"FJ24-FJ25::chr9:2999602-3038819",14839,14841,0.375,8,3,"-","G","+",0,0,"-",8,3,"CCGTG","TS54","+dTAG","RepR1","S19","Xist","MSR","other"
"2604",17766,"FJ24-FJ25::chr9:2999602-3038819",15073,15075,0.5,4,2,"-","G","+",0,0,"-",4,2,"TCGTG","TS54","+dTAG","RepR1","S19","Xist","MSR","other"
"2605",17767,"FJ24-FJ25::chr9:2999602-3038819",15091,15093,0.75,4,3,"-","G","+",0,0,"-",4,3,"TCGCC","TS54","+dTAG","RepR1","S19","Xist","MSR","other"
"2606",17768,"FJ24-FJ25::chr9:2999602-3038819",15133,15135,0.556,9,5,"-","G","+",0,0,"-",9,5,"ACGTT","TS54","+dTAG","RepR1","S19","Xist","MSR","other"
"2607",17769,"FJ24-FJ25::chr9:2999602-3038819",15325,15327,0.714,7,5,"-","G","+",0,0,"-",7,5,"TCGCC","TS54","+dTAG","RepR1","S19","Xist","MSR","other"
"2608",17770,"FJ24-FJ25::chr9:2999602-3038819",15384,15386,1,2,2,"-","G","+",0,0,"-",2,2,"TCGTC","TS54","+dTAG","RepR1","S19","Xist","MSR","other"
"2609",17771,"FJ24-FJ25::chr9:2999602-3038819",15777,15779,0.744,39,29,"B","G","+",1,0,"-",38,29,"CACGT","TS54","+dTAG","RepR1","S19","Xist","MSR","other"
"2610",17772,"FJ24-FJ25::chr9:2999602-3038819",15793,15795,0.846,39,33,"B","G","+",1,1,"-",38,32,"TTCGT","TS54","+dTAG","RepR1","S19","Xist","MSR","other"
"2611",17773,"FJ24-FJ25::chr9:2999602-3038819",15808,15810,0.739,46,34,"-","G","+",0,0,"-",46,34,"TCGTC","TS54","+dTAG","RepR1","S19","Xist","MSR","other"
"2612",17774,"FJ24-FJ25::chr9:2999602-3038819",15851,15853,0.5,4,2,"B","G","+",1,0,"-",3,2,"CTCGC","TS54","+dTAG","RepR1","S19","Xist","MSR","other"
"2613",17775,"FJ24-FJ25::chr9:2999602-3038819",15911,15913,0,1,0,"-","G","+",0,0,"-",1,0,"TCGCG","TS54","+dTAG","RepR1","S19","Xist","MSR","other"
"2614",17776,"FJ24-FJ25::chr9:2999602-3038819",15951,15953,0.667,3,2,"-","G","+",0,0,"-",3,2,"CCGTG","TS54","+dTAG","RepR1","S19","Xist","MSR","other"
"2615",17777,"FJ24-FJ25::chr9:2999602-3038819",16011,16013,1,2,2,"-","G","+",0,0,"-",2,2,"ACGTT","TS54","+dTAG","RepR1","S19","Xist","MSR","other"
"2616",17778,"FJ24-FJ25::chr9:2999602-3038819",16041,16043,1,1,1,"-","G","+",0,0,"-",1,1,"TCGTC","TS54","+dTAG","RepR1","S19","Xist","MSR","other"
"2617",17779,"FJ24-FJ25::chr9:2999602-3038819",16202,16204,0.857,7,6,"-","G","+",0,0,"-",7,6,"TCGCC","TS54","+dTAG","RepR1","S19","Xist","MSR","other"
"2618",17780,"FJ24-FJ25::chr9:2999602-3038819",16261,16263,1,1,1,"-","G","+",0,0,"-",1,1,"TCGTC","TS54","+dTAG","RepR1","S19","Xist","MSR","other"
"2619",17781,"FJ24-FJ25::chr9:2999602-3038819",16377,16379,0.75,12,9,"-","G","+",0,0,"-",12,9,"TCGCC","TS54","+dTAG","RepR1","S19","Xist","MSR","other"
"2620",17782,"FJ24-FJ25::chr9:2999602-3038819",16419,16421,0.786,14,11,"-","G","+",0,0,"-",14,11,"ACGTT","TS54","+dTAG","RepR1","S19","Xist","MSR","other"
"2621",17783,"FJ24-FJ25::chr9:2999602-3038819",16435,16437,1,12,12,"-","G","+",0,0,"-",12,12,"TCGTC","TS54","+dTAG","RepR1","S19","Xist","MSR","other"
"2622",17784,"FJ24-FJ25::chr9:2999602-3038819",16593,16595,1,1,1,"-","G","+",0,0,"-",1,1,"CCGTG","TS54","+dTAG","RepR1","S19","Xist","MSR","other"
"2623",17785,"FJ24-FJ25::chr9:2999602-3038819",16653,16655,0,1,0,"-","G","+",0,0,"-",1,0,"ACGTT","TS54","+dTAG","RepR1","S19","Xist","MSR","other"
"2624",17786,"FJ24-FJ25::chr9:2999602-3038819",16827,16829,0,3,0,"-","G","+",0,0,"-",3,0,"TCGTG","TS54","+dTAG","RepR1","S19","Xist","MSR","other"
"2625",17787,"FJ24-FJ25::chr9:2999602-3038819",16845,16847,1,3,3,"-","G","+",0,0,"-",3,3,"TCGCC","TS54","+dTAG","RepR1","S19","Xist","MSR","other"
"2626",17788,"FJ24-FJ25::chr9:2999602-3038819",16887,16889,0.667,6,4,"-","G","+",0,0,"-",6,4,"ACGTT","TS54","+dTAG","RepR1","S19","Xist","MSR","other"
"2627",17789,"FJ24-FJ25::chr9:2999602-3038819",17079,17081,1,4,4,"-","G","+",0,0,"-",4,4,"TCGCC","TS54","+dTAG","RepR1","S19","Xist","MSR","other"
"2628",17790,"FJ24-FJ25::chr9:2999602-3038819",17138,17140,1,3,3,"-","G","+",0,0,"-",3,3,"TCGTC","TS54","+dTAG","RepR1","S19","Xist","MSR","other"
"2629",17791,"FJ24-FJ25::chr9:2999602-3038819",17254,17256,0.667,3,2,"-","G","+",0,0,"-",3,2,"TCGCT","TS54","+dTAG","RepR1","S19","Xist","MSR","other"
"2630",17792,"FJ24-FJ25::chr9:2999602-3038819",17297,17299,1,1,1,"-","G","+",0,0,"-",1,1,"ACGTT","TS54","+dTAG","RepR1","S19","Xist","MSR","other"
"2631",17793,"FJ24-FJ25::chr9:2999602-3038819",17313,17315,1,1,1,"-","G","+",0,0,"-",1,1,"TCGTC","TS54","+dTAG","RepR1","S19","Xist","MSR","other"
"2632",17794,"FJ24-FJ25::chr9:2999602-3038819",17431,17433,0.667,3,2,"-","G","+",0,0,"-",3,2,"TCGCC","TS54","+dTAG","RepR1","S19","Xist","MSR","other"
"2633",17795,"FJ24-FJ25::chr9:2999602-3038819",17471,17473,0.823,232,191,"-","G","+",0,0,"-",232,191,"CCGTG","TS54","+dTAG","RepR1","S19","Xist","MSR","other"
"2634",17796,"FJ24-FJ25::chr9:2999602-3038819",17531,17533,0.756,90,68,"-","G","+",0,0,"-",90,68,"ACGTT","TS54","+dTAG","RepR1","S19","Xist","MSR","other"
"2635",17797,"FJ24-FJ25::chr9:2999602-3038819",17547,17549,0.876,89,78,"-","G","+",0,0,"-",89,78,"TCGTC","TS54","+dTAG","RepR1","S19","Xist","MSR","other"
"2636",17798,"FJ24-FJ25::chr9:2999602-3038819",17562,17564,0.676,102,69,"-","G","+",0,0,"-",102,69,"TCGTC","TS54","+dTAG","RepR1","S19","Xist","MSR","other"
"2637",17799,"FJ24-FJ25::chr9:2999602-3038819",17605,17607,0.75,12,9,"-","G","+",0,0,"-",12,9,"TCGCC","TS54","+dTAG","RepR1","S19","Xist","MSR","other"
"2638",17800,"FJ24-FJ25::chr9:2999602-3038819",17705,17707,0.333,6,2,"-","G","+",0,0,"-",6,2,"CCGTG","TS54","+dTAG","RepR1","S19","Xist","MSR","other"
"2639",17801,"FJ24-FJ25::chr9:2999602-3038819",17765,17767,0.667,3,2,"-","G","+",0,0,"-",3,2,"ACGTT","TS54","+dTAG","RepR1","S19","Xist","MSR","other"
"2640",17802,"FJ24-FJ25::chr9:2999602-3038819",17795,17797,1,2,2,"-","G","+",0,0,"-",2,2,"TCGTC","TS54","+dTAG","RepR1","S19","Xist","MSR","other"
"2641",17803,"FJ24-FJ25::chr9:2999602-3038819",17956,17958,0.75,4,3,"-","G","+",0,0,"-",4,3,"TCGCC","TS54","+dTAG","RepR1","S19","Xist","MSR","other"
"2642",17804,"FJ24-FJ25::chr9:2999602-3038819",18015,18017,1,1,1,"-","G","+",0,0,"-",1,1,"TCGTC","TS54","+dTAG","RepR1","S19","Xist","MSR","other"
"2643",17805,"FJ24-FJ25::chr9:2999602-3038819",18131,18133,0.833,6,5,"-","G","+",0,0,"-",6,5,"TCGCC","TS54","+dTAG","RepR1","S19","Xist","MSR","other"
"2644",17806,"FJ24-FJ25::chr9:2999602-3038819",18174,18176,0.5,2,1,"-","G","+",0,0,"-",2,1,"ACGTT","TS54","+dTAG","RepR1","S19","Xist","MSR","other"
"2645",17807,"FJ24-FJ25::chr9:2999602-3038819",18190,18192,0.5,2,1,"-","G","+",0,0,"-",2,1,"TCGTC","TS54","+dTAG","RepR1","S19","Xist","MSR","other"
"2646",17808,"FJ24-FJ25::chr9:2999602-3038819",18308,18310,0.5,4,2,"-","G","+",0,0,"-",4,2,"TCGCC","TS54","+dTAG","RepR1","S19","Xist","MSR","other"
"2647",17809,"FJ24-FJ25::chr9:2999602-3038819",18348,18350,0.842,748,630,"-","G","+",0,0,"-",748,630,"CCGTG","TS54","+dTAG","RepR1","S19","Xist","MSR","other"
"2648",17810,"FJ24-FJ25::chr9:2999602-3038819",18408,18410,0.712,597,425,"-","G","+",0,0,"-",597,425,"ACGTT","TS54","+dTAG","RepR1","S19","Xist","MSR","other"
"2649",17811,"FJ24-FJ25::chr9:2999602-3038819",18424,18426,0.885,574,508,"-","G","+",0,0,"-",574,508,"TCGTC","TS54","+dTAG","RepR1","S19","Xist","MSR","other"
"2650",17812,"FJ24-FJ25::chr9:2999602-3038819",18439,18441,0.803,633,508,"-","G","+",0,0,"-",633,508,"TCGTC","TS54","+dTAG","RepR1","S19","Xist","MSR","other"
"2651",17813,"FJ24-FJ25::chr9:2999602-3038819",18482,18484,0.714,7,5,"-","G","+",0,0,"-",7,5,"TCGCC","TS54","+dTAG","RepR1","S19","Xist","MSR","other"
"2652",17814,"FJ24-FJ25::chr9:2999602-3038819",18582,18584,0.733,15,11,"-","G","+",0,0,"-",15,11,"CCGTG","TS54","+dTAG","RepR1","S19","Xist","MSR","other"
"2653",17815,"FJ24-FJ25::chr9:2999602-3038819",18642,18644,0.533,15,8,"-","G","+",0,0,"-",15,8,"ACGTT","TS54","+dTAG","RepR1","S19","Xist","MSR","other"
"2654",17816,"FJ24-FJ25::chr9:2999602-3038819",18672,18674,0.5,16,8,"-","G","+",0,0,"-",16,8,"TCGTC","TS54","+dTAG","RepR1","S19","Xist","MSR","other"
"2655",17817,"FJ24-FJ25::chr9:2999602-3038819",18727,18729,1,2,2,"-","G","+",0,0,"-",2,2,"ACGTC","TS54","+dTAG","RepR1","S19","Xist","MSR","other"
"2656",17818,"FJ24-FJ25::chr9:2999602-3038819",18815,18817,0.867,45,39,"-","G","+",0,0,"-",45,39,"CCGTG","TS54","+dTAG","RepR1","S19","Xist","MSR","other"
"2657",17819,"FJ24-FJ25::chr9:2999602-3038819",18833,18835,0.977,43,42,"-","G","+",0,0,"-",43,42,"TCGCA","TS54","+dTAG","RepR1","S19","Xist","MSR","other"
"2658",17820,"FJ24-FJ25::chr9:2999602-3038819",18875,18877,0.703,532,374,"-","G","+",0,0,"-",532,374,"ACGTT","TS54","+dTAG","RepR1","S19","Xist","MSR","other"
"2659",17821,"FJ24-FJ25::chr9:2999602-3038819",18891,18893,0.876,526,461,"-","G","+",0,0,"-",526,461,"TCGTC","TS54","+dTAG","RepR1","S19","Xist","MSR","other"
"2660",17822,"FJ24-FJ25::chr9:2999602-3038819",18906,18908,0.806,593,478,"-","G","+",0,0,"-",593,478,"TCGTC","TS54","+dTAG","RepR1","S19","Xist","MSR","other"
"2661",17823,"FJ24-FJ25::chr9:2999602-3038819",19009,19011,0.829,41,34,"-","G","+",0,0,"-",41,34,"TCGCC","TS54","+dTAG","RepR1","S19","Xist","MSR","other"
"2662",17824,"FJ24-FJ25::chr9:2999602-3038819",19021,19023,1,45,45,"-","G","+",0,0,"-",45,45,"ACGTC","TS54","+dTAG","RepR1","S19","Xist","MSR","other"
"2663",17825,"FJ24-FJ25::chr9:2999602-3038819",19049,19051,0.621,264,164,"-","G","+",0,0,"-",264,164,"CCGTG","TS54","+dTAG","RepR1","S19","Xist","MSR","other"
"2664",17826,"FJ24-FJ25::chr9:2999602-3038819",19109,19111,0,1,0,"-","G","+",0,0,"-",1,0,"ACGTT","TS54","+dTAG","RepR1","S19","Xist","MSR","other"
"2665",17827,"FJ24-FJ25::chr9:2999602-3038819",19283,19285,1,1,1,"-","G","+",0,0,"-",1,1,"TCGTG","TS54","+dTAG","RepR1","S19","Xist","MSR","other"
"2666",17828,"FJ24-FJ25::chr9:2999602-3038819",19301,19303,1,1,1,"-","G","+",0,0,"-",1,1,"TCGCC","TS54","+dTAG","RepR1","S19","Xist","MSR","other"
"2667",17829,"FJ24-FJ25::chr9:2999602-3038819",19343,19345,1,1,1,"-","G","+",0,0,"-",1,1,"ACGTT","TS54","+dTAG","RepR1","S19","Xist","MSR","other"
"2668",17830,"FJ24-FJ25::chr9:2999602-3038819",19535,19537,1,3,3,"-","G","+",0,0,"-",3,3,"TCGCA","TS54","+dTAG","RepR1","S19","Xist","MSR","other"
"2669",17831,"FJ24-FJ25::chr9:2999602-3038819",19575,19577,1,3,3,"-","G","+",0,0,"-",3,3,"CCGTG","TS54","+dTAG","RepR1","S19","Xist","MSR","other"
"2670",17832,"FJ24-FJ25::chr9:2999602-3038819",19593,19595,1,2,2,"-","G","+",0,0,"-",2,2,"TCGCC","TS54","+dTAG","RepR1","S19","Xist","MSR","other"
"2671",17833,"FJ24-FJ25::chr9:2999602-3038819",19635,19637,0.818,11,9,"-","G","+",0,0,"-",11,9,"ACGTT","TS54","+dTAG","RepR1","S19","Xist","MSR","other"
"2672",17834,"FJ24-FJ25::chr9:2999602-3038819",19651,19653,0.833,12,10,"-","G","+",0,0,"-",12,10,"TCGTC","TS54","+dTAG","RepR1","S19","Xist","MSR","other"
"2673",17835,"FJ24-FJ25::chr9:2999602-3038819",19666,19668,0.864,22,19,"-","G","+",0,0,"-",22,19,"TCGTC","TS54","+dTAG","RepR1","S19","Xist","MSR","other"
"2674",17836,"FJ24-FJ25::chr9:2999602-3038819",19721,19723,0.833,24,20,"-","G","+",0,0,"-",24,20,"ACGTC","TS54","+dTAG","RepR1","S19","Xist","MSR","other"
"2675",17837,"FJ24-FJ25::chr9:2999602-3038819",20236,20238,1,4,4,"-","G","+",0,0,"-",4,4,"TCGCC","TS54","+dTAG","RepR1","S19","Xist","MSR","other"
"2676",17838,"FJ24-FJ25::chr9:2999602-3038819",20278,20280,0.667,6,4,"-","G","+",0,0,"-",6,4,"ACGTT","TS54","+dTAG","RepR1","S19","Xist","MSR","other"
"2677",17839,"FJ24-FJ25::chr9:2999602-3038819",20294,20296,0.75,4,3,"-","G","+",0,0,"-",4,3,"TCGTC","TS54","+dTAG","RepR1","S19","Xist","MSR","other"
"2678",17840,"FJ24-FJ25::chr9:2999602-3038819",20470,20472,1,2,2,"-","G","+",0,0,"-",2,2,"TCGAC","TS54","+dTAG","RepR1","S19","Xist","MSR","other"
"2679",17841,"FJ24-FJ25::chr9:2999602-3038819",20527,20529,0.875,8,7,"-","G","+",0,0,"-",8,7,"TCGTC","TS54","+dTAG","RepR1","S19","Xist","MSR","other"
"2680",17842,"FJ24-FJ25::chr9:2999602-3038819",20645,20647,0.857,7,6,"-","G","+",0,0,"-",7,6,"TCGCC","TS54","+dTAG","RepR1","S19","Xist","MSR","other"
"2681",17843,"FJ24-FJ25::chr9:2999602-3038819",20657,20659,1,2,2,"-","G","+",0,0,"-",2,2,"ACGTC","TS54","+dTAG","RepR1","S19","Xist","MSR","other"
"2682",17844,"FJ24-FJ25::chr9:2999602-3038819",20685,20687,0.778,9,7,"-","G","+",0,0,"-",9,7,"CCGTG","TS54","+dTAG","RepR1","S19","Xist","MSR","other"
"2683",17845,"FJ24-FJ25::chr9:2999602-3038819",20703,20705,1,5,5,"-","G","+",0,0,"-",5,5,"TCGCC","TS54","+dTAG","RepR1","S19","Xist","MSR","other"
"2684",17846,"FJ24-FJ25::chr9:2999602-3038819",20744,20746,0.5,2,1,"-","G","+",0,0,"-",2,1,"ACGTT","TS54","+dTAG","RepR1","S19","Xist","MSR","other"
"2685",17847,"FJ24-FJ25::chr9:2999602-3038819",20878,20880,1,1,1,"-","G","+",0,0,"-",1,1,"TCGCC","TS54","+dTAG","RepR1","S19","Xist","MSR","other"
"2686",17848,"FJ24-FJ25::chr9:2999602-3038819",20890,20892,1,1,1,"+","G","+",1,1,"-",0,0,"CACGT","TS54","+dTAG","RepR1","S19","Xist","MSR","other"
"2687",17849,"FJ24-FJ25::chr9:2999602-3038819",20918,20920,0.841,554,466,"B","G","+",1,1,"-",553,465,"TCCGT","TS54","+dTAG","RepR1","S19","Xist","MSR","other"
"2688",17850,"FJ24-FJ25::chr9:2999602-3038819",20936,20938,0.859,560,481,"B","G","+",1,1,"-",559,480,"CTCGC","TS54","+dTAG","RepR1","S19","Xist","MSR","other"
"2689",17851,"FJ24-FJ25::chr9:2999602-3038819",20978,20980,0.716,232,166,"B","G","+",1,0,"-",231,166,"CACGT","TS54","+dTAG","RepR1","S19","Xist","MSR","other"
"2690",17852,"FJ24-FJ25::chr9:2999602-3038819",20994,20996,0.879,330,290,"B","G","+",1,1,"-",329,289,"TTCGT","TS54","+dTAG","RepR1","S19","Xist","MSR","other"
"2691",17853,"FJ24-FJ25::chr9:2999602-3038819",21152,21154,1,4,4,"-","G","+",0,0,"-",4,4,"CCGTG","TS54","+dTAG","RepR1","S19","Xist","MSR","other"
"2692",17854,"FJ24-FJ25::chr9:2999602-3038819",21170,21172,1,5,5,"-","G","+",0,0,"-",5,5,"TCGCC","TS54","+dTAG","RepR1","S19","Xist","MSR","other"
"2693",17855,"FJ24-FJ25::chr9:2999602-3038819",21228,21230,0.854,123,105,"-","G","+",0,0,"-",123,105,"TCGTC","TS54","+dTAG","RepR1","S19","Xist","MSR","other"
"2694",17856,"FJ24-FJ25::chr9:2999602-3038819",21243,21245,0.737,137,101,"-","G","+",0,0,"-",137,101,"TCGTC","TS54","+dTAG","RepR1","S19","Xist","MSR","other"
"2695",17857,"FJ24-FJ25::chr9:2999602-3038819",21346,21348,0.952,21,20,"-","G","+",0,0,"-",21,20,"TCGCC","TS54","+dTAG","RepR1","S19","Xist","MSR","other"
"2696",17858,"FJ24-FJ25::chr9:2999602-3038819",21404,21406,0.769,65,50,"-","G","+",0,0,"-",65,50,"TCGCC","TS54","+dTAG","RepR1","S19","Xist","MSR","other"
"2697",17859,"FJ24-FJ25::chr9:2999602-3038819",21446,21448,0.727,172,125,"-","G","+",0,0,"-",172,125,"ACGTT","TS54","+dTAG","RepR1","S19","Xist","MSR","other"
"2698",17860,"FJ24-FJ25::chr9:2999602-3038819",21462,21464,0.91,177,161,"-","G","+",0,0,"-",177,161,"TCGTC","TS54","+dTAG","RepR1","S19","Xist","MSR","other"
"2699",17861,"FJ24-FJ25::chr9:2999602-3038819",21620,21622,0.778,9,7,"-","G","+",0,0,"-",9,7,"CCGTG","TS54","+dTAG","RepR1","S19","Xist","MSR","other"
"2700",17862,"FJ24-FJ25::chr9:2999602-3038819",21680,21682,0.5,2,1,"-","G","+",0,0,"-",2,1,"ACGTT","TS54","+dTAG","RepR1","S19","Xist","MSR","other"
"2701",17863,"FJ24-FJ25::chr9:2999602-3038819",21854,21856,1,2,2,"-","G","+",0,0,"-",2,2,"TCGTG","TS54","+dTAG","RepR1","S19","Xist","MSR","other"
"2702",17864,"FJ24-FJ25::chr9:2999602-3038819",21872,21874,1,1,1,"-","G","+",0,0,"-",1,1,"TCGCC","TS54","+dTAG","RepR1","S19","Xist","MSR","other"
"2703",17865,"FJ24-FJ25::chr9:2999602-3038819",21914,21916,0.75,4,3,"-","G","+",0,0,"-",4,3,"ACGTT","TS54","+dTAG","RepR1","S19","Xist","MSR","other"
"2704",17866,"FJ24-FJ25::chr9:2999602-3038819",22106,22108,1,2,2,"-","G","+",0,0,"-",2,2,"TCGCC","TS54","+dTAG","RepR1","S19","Xist","MSR","other"
"2705",17867,"FJ24-FJ25::chr9:2999602-3038819",22281,22283,1,1,1,"-","G","+",0,0,"-",1,1,"TCGCC","TS54","+dTAG","RepR1","S19","Xist","MSR","other"
"2706",17868,"FJ24-FJ25::chr9:2999602-3038819",22340,22342,0,1,0,"-","G","+",0,0,"-",1,0,"TCGTC","TS54","+dTAG","RepR1","S19","Xist","MSR","other"
"2707",17869,"FJ24-FJ25::chr9:2999602-3038819",22458,22460,1,2,2,"-","G","+",0,0,"-",2,2,"TCGCC","TS54","+dTAG","RepR1","S19","Xist","MSR","other"
"2708",17870,"FJ24-FJ25::chr9:2999602-3038819",22498,22500,0.796,240,191,"-","G","+",0,0,"-",240,191,"CCGTG","TS54","+dTAG","RepR1","S19","Xist","MSR","other"
"2709",17871,"FJ24-FJ25::chr9:2999602-3038819",22558,22560,0.812,32,26,"-","G","+",0,0,"-",32,26,"ACGTT","TS54","+dTAG","RepR1","S19","Xist","MSR","other"
"2710",17872,"FJ24-FJ25::chr9:2999602-3038819",22574,22576,0.794,34,27,"-","G","+",0,0,"-",34,27,"TCGTC","TS54","+dTAG","RepR1","S19","Xist","MSR","other"
"2711",17873,"FJ24-FJ25::chr9:2999602-3038819",22589,22591,0.711,38,27,"-","G","+",0,0,"-",38,27,"TCGTC","TS54","+dTAG","RepR1","S19","Xist","MSR","other"
"2712",17874,"FJ24-FJ25::chr9:2999602-3038819",22632,22634,0.5,4,2,"-","G","+",0,0,"-",4,2,"TCGCC","TS54","+dTAG","RepR1","S19","Xist","MSR","other"
"2713",17875,"FJ24-FJ25::chr9:2999602-3038819",22732,22734,0.833,6,5,"-","G","+",0,0,"-",6,5,"CCGTG","TS54","+dTAG","RepR1","S19","Xist","MSR","other"
"2714",17876,"FJ24-FJ25::chr9:2999602-3038819",22792,22794,0.333,3,1,"-","G","+",0,0,"-",3,1,"ACGTT","TS54","+dTAG","RepR1","S19","Xist","MSR","other"
"2715",17877,"FJ24-FJ25::chr9:2999602-3038819",22822,22824,0.667,3,2,"-","G","+",0,0,"-",3,2,"TCGTC","TS54","+dTAG","RepR1","S19","Xist","MSR","other"
"2716",17878,"FJ24-FJ25::chr9:2999602-3038819",22877,22879,1,2,2,"-","G","+",0,0,"-",2,2,"ACGTC","TS54","+dTAG","RepR1","S19","Xist","MSR","other"
"2717",17879,"FJ24-FJ25::chr9:2999602-3038819",22965,22967,0.76,100,76,"-","G","+",0,0,"-",100,76,"CCGTG","TS54","+dTAG","RepR1","S19","Xist","MSR","other"
"2718",17880,"FJ24-FJ25::chr9:2999602-3038819",23162,23164,0,1,0,"-","G","+",0,0,"-",1,0,"CCGTA","TS54","+dTAG","RepR1","S19","Xist","MSR","other"
"2719",17881,"FJ24-FJ25::chr9:2999602-3038819",23259,23261,0.5,2,1,"-","G","+",0,0,"-",2,1,"ACGTT","TS54","+dTAG","RepR1","S19","Xist","MSR","other"
"2720",17882,"FJ24-FJ25::chr9:2999602-3038819",23451,23453,1,1,1,"-","G","+",0,0,"-",1,1,"TCGCA","TS54","+dTAG","RepR1","S19","Xist","MSR","other"
"2721",17883,"FJ24-FJ25::chr9:2999602-3038819",23843,23845,0.763,173,132,"-","G","+",0,0,"-",173,132,"CCGTG","TS54","+dTAG","RepR1","S19","Xist","MSR","other"
"2722",17884,"FJ24-FJ25::chr9:2999602-3038819",23903,23905,0.621,177,110,"-","G","+",0,0,"-",177,110,"ACGTT","TS54","+dTAG","RepR1","S19","Xist","MSR","other"
"2723",17885,"FJ24-FJ25::chr9:2999602-3038819",23934,23936,0.703,185,130,"-","G","+",0,0,"-",185,130,"TCGTC","TS54","+dTAG","RepR1","S19","Xist","MSR","other"
"2724",17886,"FJ24-FJ25::chr9:2999602-3038819",24037,24039,0.929,14,13,"-","G","+",0,0,"-",14,13,"TCGCC","TS54","+dTAG","RepR1","S19","Xist","MSR","other"
"2725",17887,"FJ24-FJ25::chr9:2999602-3038819",24049,24051,0.923,13,12,"-","G","+",0,0,"-",13,12,"ACGTC","TS54","+dTAG","RepR1","S19","Xist","MSR","other"
"2726",17888,"FJ24-FJ25::chr9:2999602-3038819",24077,24079,0.618,217,134,"-","G","+",0,0,"-",217,134,"CCGTG","TS54","+dTAG","RepR1","S19","Xist","MSR","other"
"2727",17889,"FJ24-FJ25::chr9:2999602-3038819",24137,24139,1,2,2,"-","G","+",0,0,"-",2,2,"ACGTT","TS54","+dTAG","RepR1","S19","Xist","MSR","other"
"2728",17890,"FJ24-FJ25::chr9:2999602-3038819",24271,24273,1,1,1,"-","G","+",0,0,"-",1,1,"TCGCC","TS54","+dTAG","RepR1","S19","Xist","MSR","other"
"2729",17891,"FJ24-FJ25::chr9:2999602-3038819",24283,24285,1,1,1,"-","G","+",0,0,"-",1,1,"ACGTC","TS54","+dTAG","RepR1","S19","Xist","MSR","other"
"2730",17892,"FJ24-FJ25::chr9:2999602-3038819",24311,24313,0.75,8,6,"-","G","+",0,0,"-",8,6,"CCGTG","TS54","+dTAG","RepR1","S19","Xist","MSR","other"
"2731",17893,"FJ24-FJ25::chr9:2999602-3038819",24329,24331,0.571,7,4,"-","G","+",0,0,"-",7,4,"TCGCC","TS54","+dTAG","RepR1","S19","Xist","MSR","other"
"2732",17894,"FJ24-FJ25::chr9:2999602-3038819",24370,24372,0.75,8,6,"-","G","+",0,0,"-",8,6,"ACGTT","TS54","+dTAG","RepR1","S19","Xist","MSR","other"
"2733",17895,"FJ24-FJ25::chr9:2999602-3038819",24504,24506,1,7,7,"-","G","+",0,0,"-",7,7,"TCGCC","TS54","+dTAG","RepR1","S19","Xist","MSR","other"
"2734",17896,"FJ24-FJ25::chr9:2999602-3038819",24516,24518,0.714,7,5,"-","G","+",0,0,"-",7,5,"ACGTC","TS54","+dTAG","RepR1","S19","Xist","MSR","other"
"2735",17897,"FJ24-FJ25::chr9:2999602-3038819",24544,24546,0.84,719,604,"-","G","+",0,0,"-",719,604,"CCGTG","TS54","+dTAG","RepR1","S19","Xist","MSR","other"
"2736",17898,"FJ24-FJ25::chr9:2999602-3038819",24562,24564,0.848,723,613,"-","G","+",0,0,"-",723,613,"TCGCC","TS54","+dTAG","RepR1","S19","Xist","MSR","other"
"2737",17899,"FJ24-FJ25::chr9:2999602-3038819",24604,24606,0.691,479,331,"-","G","+",0,0,"-",479,331,"ACGTT","TS54","+dTAG","RepR1","S19","Xist","MSR","other"
"2738",17900,"FJ24-FJ25::chr9:2999602-3038819",24620,24622,0.842,431,363,"-","G","+",0,0,"-",431,363,"TCGAC","TS54","+dTAG","RepR1","S19","Xist","MSR","other"
"2739",17901,"FJ24-FJ25::chr9:2999602-3038819",24778,24780,0.87,455,396,"B","G","+",1,1,"-",454,395,"TCCGT","TS54","+dTAG","RepR1","S19","Xist","MSR","other"
"2740",17902,"FJ24-FJ25::chr9:2999602-3038819",24796,24798,0.789,469,370,"B","G","+",2,2,"-",467,368,"CTCGC","TS54","+dTAG","RepR1","S19","Xist","MSR","other"
"2741",17903,"FJ24-FJ25::chr9:2999602-3038819",24838,24840,0.699,976,682,"B","G","+",2,0,"-",974,682,"CACGT","TS54","+dTAG","RepR1","S19","Xist","MSR","other"
"2742",17904,"FJ24-FJ25::chr9:2999602-3038819",24854,24856,0.859,886,761,"B","G","+",2,1,"-",884,760,"TTCGT","TS54","+dTAG","RepR1","S19","Xist","MSR","other"
"2743",17905,"FJ24-FJ25::chr9:2999602-3038819",24869,24871,0.817,967,790,"B","G","+",1,0,"-",966,790,"GTCGT","TS54","+dTAG","RepR1","S19","Xist","MSR","other"
"2744",17906,"FJ24-FJ25::chr9:2999602-3038819",24972,24974,0.87,23,20,"-","G","+",0,0,"-",23,20,"TCGCC","TS54","+dTAG","RepR1","S19","Xist","MSR","other"
"2745",17907,"FJ24-FJ25::chr9:2999602-3038819",24984,24986,0.824,17,14,"-","G","+",0,0,"-",17,14,"ACGTC","TS54","+dTAG","RepR1","S19","Xist","MSR","other"
"2746",17908,"FJ24-FJ25::chr9:2999602-3038819",25012,25014,0.532,218,116,"-","G","+",0,0,"-",218,116,"CCGTG","TS54","+dTAG","RepR1","S19","Xist","MSR","other"
"2747",17909,"FJ24-FJ25::chr9:2999602-3038819",25246,25248,0.667,3,2,"-","G","+",0,0,"-",3,2,"CCGTG","TS54","+dTAG","RepR1","S19","Xist","MSR","other"
"2748",17910,"FJ24-FJ25::chr9:2999602-3038819",25264,25266,0,1,0,"-","G","+",0,0,"-",1,0,"TCGCC","TS54","+dTAG","RepR1","S19","Xist","MSR","other"
"2749",17911,"FJ24-FJ25::chr9:2999602-3038819",25305,25307,1,1,1,"-","G","+",0,0,"-",1,1,"ACGTT","TS54","+dTAG","RepR1","S19","Xist","MSR","other"
"2750",17912,"FJ24-FJ25::chr9:2999602-3038819",25479,25481,0.833,6,5,"-","G","+",0,0,"-",6,5,"CCGTG","TS54","+dTAG","RepR1","S19","Xist","MSR","other"
"2751",17913,"FJ24-FJ25::chr9:2999602-3038819",25497,25499,0.75,4,3,"-","G","+",0,0,"-",4,3,"TCGCC","TS54","+dTAG","RepR1","S19","Xist","MSR","other"
"2752",17914,"FJ24-FJ25::chr9:2999602-3038819",25539,25541,1,7,7,"-","G","+",0,0,"-",7,7,"ACGTT","TS54","+dTAG","RepR1","S19","Xist","MSR","other"
"2753",17915,"FJ24-FJ25::chr9:2999602-3038819",25555,25557,0.8,5,4,"-","G","+",0,0,"-",5,4,"TCGAC","TS54","+dTAG","RepR1","S19","Xist","MSR","other"
"2754",17916,"FJ24-FJ25::chr9:2999602-3038819",25773,25775,1,1,1,"-","G","+",0,0,"-",1,1,"ACGTT","TS54","+dTAG","RepR1","S19","Xist","MSR","other"
"2755",17917,"FJ24-FJ25::chr9:2999602-3038819",25789,25791,0,1,0,"-","G","+",0,0,"-",1,0,"TCGTC","TS54","+dTAG","RepR1","S19","Xist","MSR","other"
"2756",17918,"FJ24-FJ25::chr9:2999602-3038819",25906,25908,0.75,4,3,"-","G","+",0,0,"-",4,3,"TCGCC","TS54","+dTAG","RepR1","S19","Xist","MSR","other"
"2757",17919,"FJ24-FJ25::chr9:2999602-3038819",25918,25920,1,1,1,"-","G","+",0,0,"-",1,1,"ACGTC","TS54","+dTAG","RepR1","S19","Xist","MSR","other"
"2758",17920,"FJ24-FJ25::chr9:2999602-3038819",25946,25948,0.806,232,187,"-","G","+",0,0,"-",232,187,"CCGTG","TS54","+dTAG","RepR1","S19","Xist","MSR","other"
"2759",17921,"FJ24-FJ25::chr9:2999602-3038819",25964,25966,0.801,236,189,"-","G","+",0,0,"-",236,189,"TCGCC","TS54","+dTAG","RepR1","S19","Xist","MSR","other"
"2760",17922,"FJ24-FJ25::chr9:2999602-3038819",26006,26008,0.636,22,14,"-","G","+",0,0,"-",22,14,"ACGTT","TS54","+dTAG","RepR1","S19","Xist","MSR","other"
"2761",17923,"FJ24-FJ25::chr9:2999602-3038819",26140,26142,1,4,4,"-","G","+",0,0,"-",4,4,"TCGCC","TS54","+dTAG","RepR1","S19","Xist","MSR","other"
"2762",17924,"FJ24-FJ25::chr9:2999602-3038819",26198,26200,0.86,50,43,"-","G","+",0,0,"-",50,43,"TCGCC","TS54","+dTAG","RepR1","S19","Xist","MSR","other"
"2763",17925,"FJ24-FJ25::chr9:2999602-3038819",26240,26242,0.703,64,45,"-","G","+",0,0,"-",64,45,"ACGTT","TS54","+dTAG","RepR1","S19","Xist","MSR","other"
"2764",17926,"FJ24-FJ25::chr9:2999602-3038819",26256,26258,0.882,51,45,"-","G","+",0,0,"-",51,45,"TCGTC","TS54","+dTAG","RepR1","S19","Xist","MSR","other"
"2765",17927,"FJ24-FJ25::chr9:2999602-3038819",26374,26376,1,1,1,"-","G","+",0,0,"-",1,1,"TCGCC","TS54","+dTAG","RepR1","S19","Xist","MSR","other"
"2766",17928,"FJ24-FJ25::chr9:2999602-3038819",26414,26416,0.6,5,3,"-","G","+",0,0,"-",5,3,"CCGTG","TS54","+dTAG","RepR1","S19","Xist","MSR","other"
"2767",17929,"FJ24-FJ25::chr9:2999602-3038819",26708,26710,0.545,11,6,"-","G","+",0,0,"-",11,6,"ACGTT","TS54","+dTAG","RepR1","S19","Xist","MSR","other"
"2768",17930,"FJ24-FJ25::chr9:2999602-3038819",26959,26961,1,1,1,"-","G","+",0,0,"-",1,1,"TCGTC","TS54","+dTAG","RepR1","S19","Xist","MSR","other"
"2769",17931,"FJ24-FJ25::chr9:2999602-3038819",27117,27119,0.143,7,1,"-","G","+",0,0,"-",7,1,"TCGTT","TS54","+dTAG","RepR1","S19","Xist","MSR","other"
"2770",17932,"FJ24-FJ25::chr9:2999602-3038819",27177,27179,1,3,3,"-","G","+",0,0,"-",3,3,"ACGTT","TS54","+dTAG","RepR1","S19","Xist","MSR","other"
"2771",17933,"FJ24-FJ25::chr9:2999602-3038819",27193,27195,1,3,3,"-","G","+",0,0,"-",3,3,"TCGTC","TS54","+dTAG","RepR1","S19","Xist","MSR","other"
"2772",17934,"FJ24-FJ25::chr9:2999602-3038819",27208,27210,1,2,2,"-","G","+",0,0,"-",2,2,"TCGTC","TS54","+dTAG","RepR1","S19","Xist","MSR","other"
"2773",17935,"FJ24-FJ25::chr9:2999602-3038819",27411,27413,0,1,0,"-","G","+",0,0,"-",1,0,"ACGTT","TS54","+dTAG","RepR1","S19","Xist","MSR","other"
"2774",17936,"FJ24-FJ25::chr9:2999602-3038819",27442,27444,1,1,1,"-","G","+",0,0,"-",1,1,"TCGTC","TS54","+dTAG","RepR1","S19","Xist","MSR","other"
"2775",17937,"FJ24-FJ25::chr9:2999602-3038819",27645,27647,0.5,2,1,"-","G","+",0,0,"-",2,1,"ACGTT","TS54","+dTAG","RepR1","S19","Xist","MSR","other"
"2776",17938,"FJ24-FJ25::chr9:2999602-3038819",27661,27663,0.5,2,1,"-","G","+",0,0,"-",2,1,"TCGTC","TS54","+dTAG","RepR1","S19","Xist","MSR","other"
"2777",17939,"FJ24-FJ25::chr9:2999602-3038819",28013,28015,1,1,1,"-","G","+",0,0,"-",1,1,"TCGCC","TS54","+dTAG","RepR1","S19","Xist","MSR","other"
"2778",17940,"FJ24-FJ25::chr9:2999602-3038819",28025,28027,0.5,2,1,"-","G","+",0,0,"-",2,1,"ACGTC","TS54","+dTAG","RepR1","S19","Xist","MSR","other"
"2779",17941,"FJ24-FJ25::chr9:2999602-3038819",28053,28055,0.556,27,15,"-","G","+",0,0,"-",27,15,"CCGTG","TS54","+dTAG","RepR1","S19","Xist","MSR","other"
"2780",17942,"FJ24-FJ25::chr9:2999602-3038819",28287,28289,0.333,3,1,"-","G","+",0,0,"-",3,1,"CCGTG","TS54","+dTAG","RepR1","S19","Xist","MSR","other"
"2781",17943,"FJ24-FJ25::chr9:2999602-3038819",28521,28523,0.712,132,94,"-","G","+",0,0,"-",132,94,"CCGTG","TS54","+dTAG","RepR1","S19","Xist","MSR","other"
"2782",17944,"FJ24-FJ25::chr9:2999602-3038819",28581,28583,0.857,7,6,"-","G","+",0,0,"-",7,6,"ACGTT","TS54","+dTAG","RepR1","S19","Xist","MSR","other"
"2783",17945,"FJ24-FJ25::chr9:2999602-3038819",28597,28599,0.857,7,6,"-","G","+",0,0,"-",7,6,"TCGTC","TS54","+dTAG","RepR1","S19","Xist","MSR","other"
"2784",17946,"FJ24-FJ25::chr9:2999602-3038819",29049,29051,0.667,6,4,"-","G","+",0,0,"-",6,4,"ACGTT","TS54","+dTAG","RepR1","S19","Xist","MSR","other"
"2785",17947,"FJ24-FJ25::chr9:2999602-3038819",29065,29067,1,7,7,"-","G","+",0,0,"-",7,7,"TCGTC","TS54","+dTAG","RepR1","S19","Xist","MSR","other"
"2786",17948,"FJ24-FJ25::chr9:2999602-3038819",29223,29225,0.777,130,101,"-","G","+",0,0,"-",130,101,"CCGTG","TS54","+dTAG","RepR1","S19","Xist","MSR","other"
"2787",17949,"FJ24-FJ25::chr9:2999602-3038819",29457,29459,1,3,3,"-","G","+",0,0,"-",3,3,"CCGTG","TS54","+dTAG","RepR1","S19","Xist","MSR","other"
"2788",17950,"FJ24-FJ25::chr9:2999602-3038819",29517,29519,1,1,1,"-","G","+",0,0,"-",1,1,"ACGTT","TS54","+dTAG","RepR1","S19","Xist","MSR","other"
"2789",17951,"FJ24-FJ25::chr9:2999602-3038819",29692,29694,1,3,3,"-","G","+",0,0,"-",3,3,"TCGTG","TS54","+dTAG","RepR1","S19","Xist","MSR","other"
"2790",17952,"FJ24-FJ25::chr9:2999602-3038819",29710,29712,1,4,4,"-","G","+",0,0,"-",4,4,"TCGCC","TS54","+dTAG","RepR1","S19","Xist","MSR","other"
"2791",17953,"FJ24-FJ25::chr9:2999602-3038819",29752,29754,0.6,5,3,"-","G","+",0,0,"-",5,3,"ACGTT","TS54","+dTAG","RepR1","S19","Xist","MSR","other"
"2792",17954,"FJ24-FJ25::chr9:2999602-3038819",29944,29946,0.5,4,2,"-","G","+",0,0,"-",4,2,"TCGCC","TS54","+dTAG","RepR1","S19","Xist","MSR","other"
"2793",17955,"FJ24-FJ25::chr9:2999602-3038819",30121,30123,1,1,1,"-","G","+",0,0,"-",1,1,"TCGCC","TS54","+dTAG","RepR1","S19","Xist","MSR","other"
"2794",17956,"FJ24-FJ25::chr9:2999602-3038819",30133,30135,1,1,1,"-","G","+",0,0,"-",1,1,"ACGTC","TS54","+dTAG","RepR1","S19","Xist","MSR","other"
"2795",17957,"FJ24-FJ25::chr9:2999602-3038819",30221,30223,0.517,29,15,"B","G","+",1,1,"-",28,14,"CACGT","TS54","+dTAG","RepR1","S19","Xist","MSR","other"
"2796",17958,"FJ24-FJ25::chr9:2999602-3038819",30237,30239,0.897,29,26,"B","G","+",1,1,"-",28,25,"TTCGT","TS54","+dTAG","RepR1","S19","Xist","MSR","other"
"2797",17959,"FJ24-FJ25::chr9:2999602-3038819",30252,30254,0.714,28,20,"-","G","+",0,0,"-",28,20,"TCGTC","TS54","+dTAG","RepR1","S19","Xist","MSR","other"
"2798",17960,"FJ24-FJ25::chr9:2999602-3038819",30395,30397,1,1,1,"-","G","+",0,0,"-",1,1,"TCGTT","TS54","+dTAG","RepR1","S19","Xist","MSR","other"
"2799",17961,"FJ24-FJ25::chr9:2999602-3038819",30486,30488,1,1,1,"-","G","+",0,0,"-",1,1,"TCGTC","TS54","+dTAG","RepR1","S19","Xist","MSR","other"
"2800",17962,"FJ24-FJ25::chr9:2999602-3038819",30541,30543,1,1,1,"-","G","+",0,0,"-",1,1,"ACGTC","TS54","+dTAG","RepR1","S19","Xist","MSR","other"
"2801",17963,"FJ24-FJ25::chr9:2999602-3038819",30590,30592,1,1,1,"-","G","+",0,0,"-",1,1,"TCGCC","TS54","+dTAG","RepR1","S19","Xist","MSR","other"
"2802",17964,"FJ24-FJ25::chr9:2999602-3038819",30602,30604,1,1,1,"-","G","+",0,0,"-",1,1,"ACGTC","TS54","+dTAG","RepR1","S19","Xist","MSR","other"
"2803",17965,"FJ24-FJ25::chr9:2999602-3038819",30690,30692,0.667,6,4,"-","G","+",0,0,"-",6,4,"ACGTT","TS54","+dTAG","RepR1","S19","Xist","MSR","other"
"2804",17966,"FJ24-FJ25::chr9:2999602-3038819",30706,30708,1,6,6,"-","G","+",0,0,"-",6,6,"TCGTC","TS54","+dTAG","RepR1","S19","Xist","MSR","other"
"2805",17967,"FJ24-FJ25::chr9:2999602-3038819",30882,30884,0.333,3,1,"-","G","+",0,0,"-",3,1,"TCGCC","TS54","+dTAG","RepR1","S19","Xist","MSR","other"
"2806",17968,"FJ24-FJ25::chr9:2999602-3038819",30924,30926,0.696,23,16,"-","G","+",0,0,"-",23,16,"ACGTT","TS54","+dTAG","RepR1","S19","Xist","MSR","other"
"2807",17969,"FJ24-FJ25::chr9:2999602-3038819",30940,30942,0.852,27,23,"-","G","+",0,0,"-",27,23,"TCGTC","TS54","+dTAG","RepR1","S19","Xist","MSR","other"
"2808",17970,"FJ24-FJ25::chr9:2999602-3038819",30955,30957,0.72,25,18,"-","G","+",0,0,"-",25,18,"ACGTC","TS54","+dTAG","RepR1","S19","Xist","MSR","other"
"2809",17971,"FJ24-FJ25::chr9:2999602-3038819",31058,31060,1,1,1,"-","G","+",0,0,"-",1,1,"TCGCC","TS54","+dTAG","RepR1","S19","Xist","MSR","other"
"2810",17972,"FJ24-FJ25::chr9:2999602-3038819",31070,31072,1,1,1,"-","G","+",0,0,"-",1,1,"ACGTC","TS54","+dTAG","RepR1","S19","Xist","MSR","other"
"2811",17973,"FJ24-FJ25::chr9:2999602-3038819",31098,31100,0.818,11,9,"-","G","+",0,0,"-",11,9,"CCGTG","TS54","+dTAG","RepR1","S19","Xist","MSR","other"
"2812",17974,"FJ24-FJ25::chr9:2999602-3038819",31679,31681,0.534,174,93,"-","G","+",0,0,"-",174,93,"CCGTG","TS54","+dTAG","RepR1","S19","Xist","MSR","other"
"2813",17975,"FJ24-FJ25::chr9:2999602-3038819",31739,31741,0.778,9,7,"-","G","+",0,0,"-",9,7,"ACGTT","TS54","+dTAG","RepR1","S19","Xist","MSR","other"
"2814",17976,"FJ24-FJ25::chr9:2999602-3038819",31755,31757,0.909,11,10,"-","G","+",0,0,"-",11,10,"TCGTC","TS54","+dTAG","RepR1","S19","Xist","MSR","other"
"2815",17977,"FJ24-FJ25::chr9:2999602-3038819",31913,31915,1,2,2,"-","G","+",0,0,"-",2,2,"TCGTT","TS54","+dTAG","RepR1","S19","Xist","MSR","other"
"2816",17978,"FJ24-FJ25::chr9:2999602-3038819",31973,31975,0.5,2,1,"-","G","+",0,0,"-",2,1,"ACGTT","TS54","+dTAG","RepR1","S19","Xist","MSR","other"
"2817",17979,"FJ24-FJ25::chr9:2999602-3038819",32004,32006,0.5,2,1,"-","G","+",0,0,"-",2,1,"TCGTC","TS54","+dTAG","RepR1","S19","Xist","MSR","other"
"2818",17980,"FJ24-FJ25::chr9:2999602-3038819",32207,32209,0.5,2,1,"-","G","+",0,0,"-",2,1,"ACGTT","TS54","+dTAG","RepR1","S19","Xist","MSR","other"
"2819",17981,"FJ24-FJ25::chr9:2999602-3038819",32223,32225,1,3,3,"-","G","+",0,0,"-",3,3,"TCGTC","TS54","+dTAG","RepR1","S19","Xist","MSR","other"
"2820",17982,"FJ24-FJ25::chr9:2999602-3038819",32441,32443,0.714,7,5,"-","G","+",0,0,"-",7,5,"ACGTT","TS54","+dTAG","RepR1","S19","Xist","MSR","other"
"2821",17983,"FJ24-FJ25::chr9:2999602-3038819",32457,32459,0.6,5,3,"-","G","+",0,0,"-",5,3,"TCGTC","TS54","+dTAG","RepR1","S19","Xist","MSR","other"
"2822",17984,"FJ24-FJ25::chr9:2999602-3038819",32472,32474,0.6,5,3,"-","G","+",0,0,"-",5,3,"ACGTC","TS54","+dTAG","RepR1","S19","Xist","MSR","other"
"2823",17985,"FJ24-FJ25::chr9:2999602-3038819",32575,32577,1,1,1,"-","G","+",0,0,"-",1,1,"TCGCC","TS54","+dTAG","RepR1","S19","Xist","MSR","other"
"2824",17986,"FJ24-FJ25::chr9:2999602-3038819",32587,32589,1,1,1,"-","G","+",0,0,"-",1,1,"ACGTC","TS54","+dTAG","RepR1","S19","Xist","MSR","other"
"2825",17987,"FJ24-FJ25::chr9:2999602-3038819",32615,32617,0.632,19,12,"-","G","+",0,0,"-",19,12,"CCGTG","TS54","+dTAG","RepR1","S19","Xist","MSR","other"
"2826",17988,"FJ24-FJ25::chr9:2999602-3038819",32675,32677,0.667,9,6,"-","G","+",0,0,"-",9,6,"ACGTT","TS54","+dTAG","RepR1","S19","Xist","MSR","other"
"2827",17989,"FJ24-FJ25::chr9:2999602-3038819",32800,32802,0,1,0,"-","G","+",0,0,"-",1,0,"CCGTT","TS54","+dTAG","RepR1","S19","Xist","MSR","other"
"2828",17990,"FJ24-FJ25::chr9:2999602-3038819",32849,32851,0.836,55,46,"-","G","+",0,0,"-",55,46,"CCGTG","TS54","+dTAG","RepR1","S19","Xist","MSR","other"
"2829",17991,"FJ24-FJ25::chr9:2999602-3038819",32867,32869,0.804,56,45,"-","G","+",0,0,"-",56,45,"TCGCC","TS54","+dTAG","RepR1","S19","Xist","MSR","other"
"2830",17992,"FJ24-FJ25::chr9:2999602-3038819",32909,32911,0.56,25,14,"-","G","+",0,0,"-",25,14,"ACGTT","TS54","+dTAG","RepR1","S19","Xist","MSR","other"
"2831",17993,"FJ24-FJ25::chr9:2999602-3038819",33043,33045,0.5,2,1,"-","G","+",0,0,"-",2,1,"TCGCC","TS54","+dTAG","RepR1","S19","Xist","MSR","other"
"2832",17994,"FJ24-FJ25::chr9:2999602-3038819",33317,33319,0.667,3,2,"-","G","+",0,0,"-",3,2,"CCGTG","TS54","+dTAG","RepR1","S19","Xist","MSR","other"
"2833",17995,"FJ24-FJ25::chr9:2999602-3038819",33335,33337,1,3,3,"-","G","+",0,0,"-",3,3,"TCGCC","TS54","+dTAG","RepR1","S19","Xist","MSR","other"
"2834",17996,"FJ24-FJ25::chr9:2999602-3038819",33376,33378,1,2,2,"-","G","+",0,0,"-",2,2,"ACGTT","TS54","+dTAG","RepR1","S19","Xist","MSR","other"
"2835",17997,"FJ24-FJ25::chr9:2999602-3038819",33550,33552,0.8,5,4,"-","G","+",0,0,"-",5,4,"CCGTG","TS54","+dTAG","RepR1","S19","Xist","MSR","other"
"2836",17998,"FJ24-FJ25::chr9:2999602-3038819",33568,33570,1,6,6,"-","G","+",0,0,"-",6,6,"TCGCC","TS54","+dTAG","RepR1","S19","Xist","MSR","other"
"2837",17999,"FJ24-FJ25::chr9:2999602-3038819",33610,33612,0.667,6,4,"-","G","+",0,0,"-",6,4,"ACGTT","TS54","+dTAG","RepR1","S19","Xist","MSR","other"
"2838",18000,"FJ24-FJ25::chr9:2999602-3038819",33626,33628,1,9,9,"-","G","+",0,0,"-",9,9,"TCGTC","TS54","+dTAG","RepR1","S19","Xist","MSR","other"
"2839",18001,"FJ24-FJ25::chr9:2999602-3038819",33860,33862,1,1,1,"-","G","+",0,0,"-",1,1,"TCGTC","TS54","+dTAG","RepR1","S19","Xist","MSR","other"
"2840",18002,"FJ24-FJ25::chr9:2999602-3038819",33875,33877,0,1,0,"-","G","+",0,0,"-",1,0,"TCGTC","TS54","+dTAG","RepR1","S19","Xist","MSR","other"
"2841",18003,"FJ24-FJ25::chr9:2999602-3038819",34193,34195,0.697,109,76,"-","G","+",0,0,"-",109,76,"CCGTG","TS54","+dTAG","RepR1","S19","Xist","MSR","other"
"2842",18004,"FJ24-FJ25::chr9:2999602-3038819",34253,34255,0.818,11,9,"-","G","+",0,0,"-",11,9,"ACGTT","TS54","+dTAG","RepR1","S19","Xist","MSR","other"
"2843",18005,"FJ24-FJ25::chr9:2999602-3038819",34269,34271,0.889,9,8,"-","G","+",0,0,"-",9,8,"TCGTC","TS54","+dTAG","RepR1","S19","Xist","MSR","other"
"2844",18006,"FJ24-FJ25::chr9:2999602-3038819",34445,34447,1,3,3,"-","G","+",0,0,"-",3,3,"TCGCA","TS54","+dTAG","RepR1","S19","Xist","MSR","other"
"2845",18007,"FJ24-FJ25::chr9:2999602-3038819",34621,34623,1,4,4,"-","G","+",0,0,"-",4,4,"TCGCC","TS54","+dTAG","RepR1","S19","Xist","MSR","other"
"2846",18008,"FJ24-FJ25::chr9:2999602-3038819",34633,34635,0,2,0,"-","G","+",0,0,"-",2,0,"ACGTC","TS54","+dTAG","RepR1","S19","Xist","MSR","other"
"2847",18009,"FJ24-FJ25::chr9:2999602-3038819",34721,34723,1,1,1,"-","G","+",0,0,"-",1,1,"ACGTT","TS54","+dTAG","RepR1","S19","Xist","MSR","other"
"2848",18010,"FJ24-FJ25::chr9:2999602-3038819",34752,34754,1,1,1,"-","G","+",0,0,"-",1,1,"ACGTC","TS54","+dTAG","RepR1","S19","Xist","MSR","other"
"2849",18011,"FJ24-FJ25::chr9:2999602-3038819",34855,34857,0.8,5,4,"-","G","+",0,0,"-",5,4,"TCGCC","TS54","+dTAG","RepR1","S19","Xist","MSR","other"
"2850",18012,"FJ24-FJ25::chr9:2999602-3038819",34867,34869,1,3,3,"-","G","+",0,0,"-",3,3,"ACGTC","TS54","+dTAG","RepR1","S19","Xist","MSR","other"
"2851",18013,"FJ24-FJ25::chr9:2999602-3038819",34895,34897,0.619,21,13,"-","G","+",0,0,"-",21,13,"CCGTG","TS54","+dTAG","RepR1","S19","Xist","MSR","other"
"2852",18014,"FJ24-FJ25::chr9:2999602-3038819",35089,35091,0,2,0,"-","G","+",0,0,"-",2,0,"TCGCC","TS54","+dTAG","RepR1","S19","Xist","MSR","other"
"2853",18015,"FJ24-FJ25::chr9:2999602-3038819",35101,35103,1,2,2,"-","G","+",0,0,"-",2,2,"ACGTG","TS54","+dTAG","RepR1","S19","Xist","MSR","other"
"2854",18016,"FJ24-FJ25::chr9:2999602-3038819",35129,35131,0.333,3,1,"-","G","+",0,0,"-",3,1,"TCGTG","TS54","+dTAG","RepR1","S19","Xist","MSR","other"
"2855",18017,"FJ24-FJ25::chr9:2999602-3038819",35147,35149,1,3,3,"-","G","+",0,0,"-",3,3,"TCGCC","TS54","+dTAG","RepR1","S19","Xist","MSR","other"
"2856",18018,"FJ24-FJ25::chr9:2999602-3038819",35189,35191,1,1,1,"-","G","+",0,0,"-",1,1,"ACGTT","TS54","+dTAG","RepR1","S19","Xist","MSR","other"
"2857",18019,"FJ24-FJ25::chr9:2999602-3038819",35323,35325,0.667,3,2,"-","G","+",0,0,"-",3,2,"TCGCC","TS54","+dTAG","RepR1","S19","Xist","MSR","other"
"2858",18020,"FJ24-FJ25::chr9:2999602-3038819",35381,35383,0.964,28,27,"-","G","+",0,0,"-",28,27,"TCGCC","TS54","+dTAG","RepR1","S19","Xist","MSR","other"
"2859",18021,"FJ24-FJ25::chr9:2999602-3038819",35423,35425,0.741,27,20,"-","G","+",0,0,"-",27,20,"ACGTT","TS54","+dTAG","RepR1","S19","Xist","MSR","other"
"2860",18022,"FJ24-FJ25::chr9:2999602-3038819",35439,35441,0.783,23,18,"-","G","+",0,0,"-",23,18,"TCGTC","TS54","+dTAG","RepR1","S19","Xist","MSR","other"
"2861",18023,"FJ24-FJ25::chr9:2999602-3038819",35454,35456,0.731,26,19,"-","G","+",0,0,"-",26,19,"ACGTC","TS54","+dTAG","RepR1","S19","Xist","MSR","other"
"2862",18024,"FJ24-FJ25::chr9:2999602-3038819",35557,35559,0.5,10,5,"-","G","+",0,0,"-",10,5,"TCGCC","TS54","+dTAG","RepR1","S19","Xist","MSR","other"
"2863",18025,"FJ24-FJ25::chr9:2999602-3038819",35569,35571,1,10,10,"-","G","+",0,0,"-",10,10,"ACGTC","TS54","+dTAG","RepR1","S19","Xist","MSR","other"
"2864",18026,"FJ24-FJ25::chr9:2999602-3038819",35597,35599,0.531,213,113,"-","G","+",0,0,"-",213,113,"CCGTG","TS54","+dTAG","RepR1","S19","Xist","MSR","other"
"2865",18027,"FJ24-FJ25::chr9:2999602-3038819",36066,36068,1,2,2,"-","G","+",0,0,"-",2,2,"TCGTG","TS54","+dTAG","RepR1","S19","Xist","MSR","other"
"2866",18028,"FJ24-FJ25::chr9:2999602-3038819",36084,36086,1,2,2,"-","G","+",0,0,"-",2,2,"TCGCC","TS54","+dTAG","RepR1","S19","Xist","MSR","other"
"2867",18029,"FJ24-FJ25::chr9:2999602-3038819",36126,36128,0.5,2,1,"-","G","+",0,0,"-",2,1,"ACGTT","TS54","+dTAG","RepR1","S19","Xist","MSR","other"
"2868",18030,"FJ24-FJ25::chr9:2999602-3038819",36259,36261,1,1,1,"-","G","+",0,0,"-",1,1,"TCGCC","TS54","+dTAG","RepR1","S19","Xist","MSR","other"
"2869",18031,"FJ24-FJ25::chr9:2999602-3038819",36299,36301,1,13,13,"-","G","+",0,0,"-",13,13,"CCGTG","TS54","+dTAG","RepR1","S19","Xist","MSR","other"
"2870",18032,"FJ24-FJ25::chr9:2999602-3038819",36435,36437,1,2,2,"-","G","+",0,0,"-",2,2,"TCGCC","TS54","+dTAG","RepR1","S19","Xist","MSR","other"
"2871",18033,"FJ24-FJ25::chr9:2999602-3038819",36447,36449,1,2,2,"-","G","+",0,0,"-",2,2,"ACGTC","TS54","+dTAG","RepR1","S19","Xist","MSR","other"
"2872",18034,"FJ24-FJ25::chr9:2999602-3038819",36534,36536,1,1,1,"-","G","+",0,0,"-",1,1,"ACGTT","TS54","+dTAG","RepR1","S19","Xist","MSR","other"
"2873",18035,"FJ24-FJ25::chr9:2999602-3038819",36708,36710,1,2,2,"-","G","+",0,0,"-",2,2,"CCGTG","TS54","+dTAG","RepR1","S19","Xist","MSR","other"
"2874",18036,"FJ24-FJ25::chr9:2999602-3038819",36726,36728,1,2,2,"-","G","+",0,0,"-",2,2,"TCGCC","TS54","+dTAG","RepR1","S19","Xist","MSR","other"
"2875",18037,"FJ24-FJ25::chr9:2999602-3038819",36781,36783,1,6,6,"-","G","+",0,0,"-",6,6,"TCGTC","TS54","+dTAG","RepR1","S19","Xist","MSR","other"
"2876",18038,"FJ24-FJ25::chr9:2999602-3038819",36999,37001,1,1,1,"-","G","+",0,0,"-",1,1,"ACGTT","TS54","+dTAG","RepR1","S19","Xist","MSR","other"
"2877",18039,"FJ24-FJ25::chr9:2999602-3038819",37173,37175,1,1,1,"-","G","+",0,0,"-",1,1,"TCGTG","TS54","+dTAG","RepR1","S19","Xist","MSR","other"
"2878",18040,"FJ24-FJ25::chr9:2999602-3038819",37233,37235,1,3,3,"-","G","+",0,0,"-",3,3,"ACGTT","TS54","+dTAG","RepR1","S19","Xist","MSR","other"
"2879",18041,"FJ24-FJ25::chr9:2999602-3038819",37319,37321,1,2,2,"-","G","+",0,0,"-",2,2,"ACGTC","TS54","+dTAG","RepR1","S19","Xist","MSR","other"
"2880",18042,"FJ24-FJ25::chr9:2999602-3038819",37467,37469,1,4,4,"-","G","+",0,0,"-",4,4,"ACGTT","TS54","+dTAG","RepR1","S19","Xist","MSR","other"
"2881",18043,"FJ24-FJ25::chr9:2999602-3038819",37483,37485,1,5,5,"-","G","+",0,0,"-",5,5,"TCGTC","TS54","+dTAG","RepR1","S19","Xist","MSR","other"
"2882",18044,"FJ24-FJ25::chr9:2999602-3038819",37498,37500,0.5,4,2,"-","G","+",0,0,"-",4,2,"ACGTC","TS54","+dTAG","RepR1","S19","Xist","MSR","other"
"2883",18045,"FJ24-FJ25::chr9:2999602-3038819",37641,37643,0.667,6,4,"-","G","+",0,0,"-",6,4,"CCGTG","TS54","+dTAG","RepR1","S19","Xist","MSR","other"
"2884",18046,"FJ24-FJ25::chr9:2999602-3038819",37659,37661,1,6,6,"-","G","+",0,0,"-",6,6,"TCGCC","TS54","+dTAG","RepR1","S19","Xist","MSR","other"
"2885",18047,"FJ24-FJ25::chr9:2999602-3038819",37893,37895,1,1,1,"-","G","+",0,0,"-",1,1,"TCGCC","TS54","+dTAG","RepR1","S19","Xist","MSR","other"
"2886",18048,"FJ24-FJ25::chr9:2999602-3038819",37935,37937,1,1,1,"-","G","+",0,0,"-",1,1,"ACGTT","TS54","+dTAG","RepR1","S19","Xist","MSR","other"
"2887",18049,"FJ24-FJ25::chr9:2999602-3038819",38169,38171,1,1,1,"-","G","+",0,0,"-",1,1,"ACGTT","TS54","+dTAG","RepR1","S19","Xist","MSR","other"
"2888",18050,"FJ24-FJ25::chr9:2999602-3038819",38185,38187,1,1,1,"-","G","+",0,0,"-",1,1,"TCGTC","TS54","+dTAG","RepR1","S19","Xist","MSR","other"
"2889",18051,"FJ24-FJ25::chr9:2999602-3038819",38200,38202,1,1,1,"-","G","+",0,0,"-",1,1,"ACGTC","TS54","+dTAG","RepR1","S19","Xist","MSR","other"
"2890",18052,"FJ24-FJ25::chr9:2999602-3038819",38303,38305,1,2,2,"-","G","+",0,0,"-",2,2,"TCGCC","TS54","+dTAG","RepR1","S19","Xist","MSR","other"
"2891",18053,"FJ24-FJ25::chr9:2999602-3038819",38343,38345,0.812,16,13,"-","G","+",0,0,"-",16,13,"CCGTG","TS54","+dTAG","RepR1","S19","Xist","MSR","other"
"2892",18054,"FJ24-FJ25::chr9:2999602-3038819",38361,38363,0.933,15,14,"-","G","+",0,0,"-",15,14,"TCGCC","TS54","+dTAG","RepR1","S19","Xist","MSR","other"
"2893",18055,"FJ24-FJ25::chr9:2999602-3038819",38403,38405,0.857,7,6,"-","G","+",0,0,"-",7,6,"ACGTT","TS54","+dTAG","RepR1","S19","Xist","MSR","other"
"2894",18056,"FJ24-FJ25::chr9:2999602-3038819",38419,38421,0.8,10,8,"-","G","+",0,0,"-",10,8,"TCGTC","TS54","+dTAG","RepR1","S19","Xist","MSR","other"
"2895",18057,"FJ24-FJ25::chr9:2999602-3038819",38489,38491,0.667,6,4,"-","G","+",0,0,"-",6,4,"ACGTC","TS54","+dTAG","RepR1","S19","Xist","MSR","other"
"2896",18058,"FJ24-FJ25::chr9:2999602-3038819",38537,38539,1,4,4,"-","G","+",0,0,"-",4,4,"TCGCC","TS54","+dTAG","RepR1","S19","Xist","MSR","other"
"2897",18059,"FJ24-FJ25::chr9:2999602-3038819",38549,38551,1,3,3,"-","G","+",0,0,"-",3,3,"ACGTC","TS54","+dTAG","RepR1","S19","Xist","MSR","other"
"2898",18060,"FJ24-FJ25::chr9:2999602-3038819",38637,38639,0.333,3,1,"-","G","+",0,0,"-",3,1,"ACGTT","TS54","+dTAG","RepR1","S19","Xist","MSR","other"
"2899",18061,"FJ24-FJ25::chr9:2999602-3038819",38653,38655,0.5,2,1,"-","G","+",0,0,"-",2,1,"TCGTC","TS54","+dTAG","RepR1","S19","Xist","MSR","other"
"2900",18062,"FJ24-FJ25::chr9:35304805-35306009",482,484,1,1,1,"+","G","+",1,1,"-",0,0,"GACGT","TS54","+dTAG","RepR1","S19","Xist","MSR","other"
"2901",18063,"FJ24-FJ25::chr9:35304805-35306009",494,496,0.667,3,2,"+","G","+",3,2,"-",0,0,"GGCGA","TS54","+dTAG","RepR1","S19","Xist","MSR","other"
"2902",18064,"FJ24-FJ25::chr9:35304805-35306009",612,614,0.841,1941,1632,"+","G","+",1941,1632,"-",0,0,"GACGA","TS54","+dTAG","RepR1","S19","Xist","MSR","other"
"2903",18065,"FJ24-FJ25::chr9:35304805-35306009",628,630,0.661,1874,1239,"+","G","+",1874,1239,"-",0,0,"AACGT","TS54","+dTAG","RepR1","S19","Xist","MSR","other"
"2904",18066,"FJ24-FJ25::chr9:35304805-35306009",688,690,0.842,1964,1653,"+","G","+",1964,1653,"-",0,0,"CACGG","TS54","+dTAG","RepR1","S19","Xist","MSR","other"
"2905",18067,"FJ24-FJ25::chr9:35304805-35306009",716,718,1,5,5,"+","G","+",5,5,"-",0,0,"GACGT","TS54","+dTAG","RepR1","S19","Xist","MSR","other"
"2906",18068,"FJ24-FJ25::chr9:35304805-35306009",728,730,1,5,5,"+","G","+",5,5,"-",0,0,"GGCGA","TS54","+dTAG","RepR1","S19","Xist","MSR","other"
"2907",18069,"FJ24-FJ25::chr9:35304805-35306009",776,778,1,2,2,"+","G","+",2,2,"-",0,0,"GACGT","TS54","+dTAG","RepR1","S19","Xist","MSR","other"
"2908",18070,"FJ28-FJ29.FJ26-FJ27::chrX:103482701-103483891",480,482,0.572,46829,26801,"+","G","+",46829,26801,"-",0,0,"CACGG","TS54","+dTAG","RepR1","S19","Xist","RE58","RE58_CGI_2"
"2909",18071,"FJ28-FJ29.FJ26-FJ27::chrX:103482701-103483891",489,491,0.635,47667,30256,"+","G","+",47667,30256,"-",0,0,"ACCGC","TS54","+dTAG","RepR1","S19","Xist","RE58","RE58_CGI_2"
"2910",18072,"FJ28-FJ29.FJ26-FJ27::chrX:103482701-103483891",499,501,0.643,47715,30688,"+","G","+",47715,30688,"-",0,0,"CACGG","TS54","+dTAG","RepR1","S19","Xist","RE58","RE58_CGI_2"
"2911",18073,"FJ28-FJ29.FJ26-FJ27::chrX:103482701-103483891",506,508,0.621,47700,29625,"+","G","+",47700,29625,"-",0,0,"AACGA","TS54","+dTAG","RepR1","S19","Xist","RE58","RE58_CGI_2"
"2912",18074,"FJ28-FJ29.FJ26-FJ27::chrX:103482701-103483891",530,532,0.617,48748,30087,"+","G","+",48748,30087,"-",0,0,"GCCGT","TS54","+dTAG","RepR1","S19","Xist","RE58","RE58_CGI_2"
"2913",18075,"FJ28-FJ29.FJ26-FJ27::chrX:103482701-103483891",537,539,0.652,48329,31515,"+","G","+",48329,31515,"-",0,0,"CACGC","TS54","+dTAG","RepR1","S19","Xist","RE58","RE58_CGI_2"
"2914",18076,"FJ28-FJ29.FJ26-FJ27::chrX:103482701-103483891",552,554,0.481,49488,23780,"+","G","+",49488,23780,"-",0,0,"TCCGC","TS54","+dTAG","RepR1","S19","Xist","RE58","RE58_CGI_2"
"2915",18077,"FJ28-FJ29.FJ26-FJ27::chrX:103482701-103483891",554,556,0.598,48652,29088,"+","G","+",48652,29088,"-",0,0,"CGCGG","TS54","+dTAG","RepR1","S19","Xist","RE58","RE58_CGI_2"
"2916",18078,"FJ28-FJ29.FJ26-FJ27::chrX:103482701-103483891",557,559,0.573,48820,27982,"+","G","+",48820,27982,"-",0,0,"GGCGC","TS54","+dTAG","RepR1","S19","Xist","RE58","RE58_CGI_2"
"2917",18079,"FJ28-FJ29.FJ26-FJ27::chrX:103482701-103483891",566,568,0.653,47292,30897,"+","G","+",47292,30897,"-",0,0,"GGCGG","TS54","+dTAG","RepR1","S19","Xist","RE58","RE58_CGI_2"
"2918",18080,"FJ28-FJ29.FJ26-FJ27::chrX:103482701-103483891",675,677,0.923,99241,91623,"B","G","+",70139,62543,"-",29102,29080,"TACGT","TS54","+dTAG","RepR1","S19","Xist","RE58","RE58_CGI_1"
"2919",18081,"FJ28-FJ29.FJ26-FJ27::chrX:103482701-103483891",694,696,0.805,99081,79717,"B","G","+",70785,51459,"-",28296,28258,"GACGC","TS54","+dTAG","RepR1","S19","Xist","RE58","RE58_CGI_1"
"2920",18082,"FJ28-FJ29.FJ26-FJ27::chrX:103482701-103483891",696,698,0.818,98636,80655,"B","G","+",69860,51914,"-",28776,28741,"CGCGT","TS54","+dTAG","RepR1","S19","Xist","RE58","RE58_CGI_1"
"2921",18083,"FJ28-FJ29.FJ26-FJ27::chrX:103482701-103483891",715,717,0.789,97852,77218,"B","G","+",69827,49235,"-",28025,27983,"TGCGC","TS54","+dTAG","RepR1","S19","Xist","RE58","RE58_CGI_1"
"2922",18084,"FJ28-FJ29.FJ26-FJ27::chrX:103482701-103483891",717,719,0.755,97416,73593,"B","G","+",69262,45465,"-",28154,28128,"CGCGA","TS54","+dTAG","RepR1","S19","Xist","RE58","RE58_CGI_1"
"2923",18085,"FJ28-FJ29.FJ26-FJ27::chrX:103482701-103483891",753,755,0.396,59997,23782,"B","G","+",43178,6963,"-",16819,16819,"AACGT","TS54","+dTAG","RepR1","S19","Xist","RE58","RE58_CGI_1"
"2924",18086,"FJ14-FJ15.FJ10-FJ11::chrX:103481327-103482781",433,435,0.543,28859,15662,"+","G","+",28859,15662,"-",0,0,"TCCGC","TS54","+dTAG","RepR2","S21","Xist","RE57","RE57_YY1"
"2925",18087,"FJ14-FJ15.FJ10-FJ11::chrX:103481327-103482781",520,522,0.536,26159,14034,"+","G","+",26159,14034,"-",0,0,"TGCGT","TS54","+dTAG","RepR2","S21","Xist","RE57","RE57_YY1"
"2926",18088,"FJ14-FJ15.FJ10-FJ11::chrX:103481327-103482781",528,530,0.548,26950,14772,"+","G","+",26950,14772,"-",0,0,"ACCGC","TS54","+dTAG","RepR2","S21","Xist","RE57","RE57_YY1"
"2927",18089,"FJ14-FJ15.FJ10-FJ11::chrX:103481327-103482781",546,548,0.552,28592,15778,"+","G","+",28592,15778,"-",0,0,"GCCGC","TS54","+dTAG","RepR2","S21","Xist","RE57","RE57_YY1"
"2928",18090,"FJ14-FJ15.FJ10-FJ11::chrX:103481327-103482781",563,565,0.6,29034,17408,"+","G","+",29034,17408,"-",0,0,"TACGA","TS54","+dTAG","RepR2","S21","Xist","RE57","RE57_YY1"
"2929",18091,"FJ14-FJ15.FJ10-FJ11::chrX:103481327-103482781",617,619,0.624,29064,18126,"+","G","+",29064,18126,"-",0,0,"GTCGA","TS54","+dTAG","RepR2","S21","Xist","RE57","RE57_YY1"
"2930",18092,"FJ14-FJ15.FJ10-FJ11::chrX:103481327-103482781",624,626,0.584,29026,16945,"+","G","+",29026,16945,"-",0,0,"CTCGG","TS54","+dTAG","RepR2","S21","Xist","RE57","RE57_YY1"
"2931",18093,"FJ14-FJ15.FJ10-FJ11::chrX:103481327-103482781",637,639,0.635,29118,18494,"+","G","+",29118,18494,"-",0,0,"CCCGA","TS54","+dTAG","RepR2","S21","Xist","RE57","RE57_YY1"
"2932",18094,"FJ14-FJ15.FJ10-FJ11::chrX:103481327-103482781",642,644,0.514,29069,14937,"+","G","+",29069,14937,"-",0,0,"GCCGC","TS54","+dTAG","RepR2","S21","Xist","RE57","RE57_YY1"
"2933",18095,"FJ14-FJ15.FJ10-FJ11::chrX:103481327-103482781",736,738,0.564,3325,1876,"+","G","+",3325,1876,"-",0,0,"CACGC","TS54","+dTAG","RepR2","S21","Xist","RE57","RE57_CGI"
"2934",18096,"FJ14-FJ15.FJ10-FJ11::chrX:103481327-103482781",763,765,0.715,3024,2162,"+","G","+",3024,2162,"-",0,0,"TGCGG","TS54","+dTAG","RepR2","S21","Xist","RE57","RE57_CGI"
"2935",18097,"FJ14-FJ15.FJ10-FJ11::chrX:103481327-103482781",770,772,0.758,3181,2412,"+","G","+",3181,2412,"-",0,0,"TCCGC","TS54","+dTAG","RepR2","S21","Xist","RE57","RE57_CGI"
"2936",18098,"FJ14-FJ15.FJ10-FJ11::chrX:103481327-103482781",772,774,0.765,3157,2414,"+","G","+",3157,2414,"-",0,0,"CGCGC","TS54","+dTAG","RepR2","S21","Xist","RE57","RE57_CGI"
"2937",18099,"FJ14-FJ15.FJ10-FJ11::chrX:103481327-103482781",780,782,0.76,3217,2445,"+","G","+",3217,2445,"-",0,0,"ACCGC","TS54","+dTAG","RepR2","S21","Xist","RE57","RE57_CGI"
"2938",18100,"FJ14-FJ15.FJ10-FJ11::chrX:103481327-103482781",792,794,0.774,2908,2252,"+","G","+",2908,2252,"-",0,0,"TACGA","TS54","+dTAG","RepR2","S21","Xist","RE57","RE57_CGI"
"2939",18101,"FJ14-FJ15.FJ10-FJ11::chrX:103481327-103482781",817,819,0.778,2685,2088,"+","G","+",2685,2088,"-",0,0,"TCCGG","TS54","+dTAG","RepR2","S21","Xist","RE57","RE57_CGI"
"2940",18102,"FJ14-FJ15.FJ10-FJ11::chrX:103481327-103482781",832,834,0.742,2668,1979,"+","G","+",2668,1979,"-",0,0,"CCCGC","TS54","+dTAG","RepR2","S21","Xist","RE57","RE57_CGI"
"2941",18103,"FJ14-FJ15.FJ10-FJ11::chrX:103481327-103482781",856,858,0.673,113,76,"+","G","+",113,76,"-",0,0,"GGCGA","TS54","+dTAG","RepR2","S21","Xist","RE57","intermediate_RE57"
"2942",18104,"FJ14-FJ15.FJ10-FJ11::chrX:103481327-103482781",863,865,0.692,117,81,"+","G","+",117,81,"-",0,0,"CCCGC","TS54","+dTAG","RepR2","S21","Xist","RE57","intermediate_RE57"
"2943",18105,"FJ14-FJ15.FJ10-FJ11::chrX:103481327-103482781",871,873,0.651,126,82,"+","G","+",126,82,"-",0,0,"CCCGC","TS54","+dTAG","RepR2","S21","Xist","RE57","intermediate_RE57"
"2944",18106,"FJ14-FJ15.FJ10-FJ11::chrX:103481327-103482781",899,901,0.687,249,171,"+","G","+",249,171,"-",0,0,"AGCGC","TS54","+dTAG","RepR2","S21","Xist","RE57","intermediate_RE57"
"2945",18107,"FJ14-FJ15.FJ10-FJ11::chrX:103481327-103482781",904,906,0.619,339,210,"+","G","+",339,210,"-",0,0,"AGCGC","TS54","+dTAG","RepR2","S21","Xist","RE57","intermediate_RE57"
"2946",18108,"FJ14-FJ15.FJ10-FJ11::chrX:103481327-103482781",929,931,0.742,3163,2347,"+","G","+",3163,2347,"-",0,0,"TCCGC","TS54","+dTAG","RepR2","S21","Xist","RE57","RE57_CGI"
"2947",18109,"FJ14-FJ15.FJ10-FJ11::chrX:103481327-103482781",941,943,0.765,3179,2431,"+","G","+",3179,2431,"-",0,0,"CTCGG","TS54","+dTAG","RepR2","S21","Xist","RE57","RE57_CGI"
"2948",18110,"FJ14-FJ15.FJ10-FJ11::chrX:103481327-103482781",959,961,0.828,3206,2655,"+","G","+",3206,2655,"-",0,0,"GGCGT","TS54","+dTAG","RepR2","S21","Xist","RE57","RE57_CGI"
"2949",18111,"FJ14-FJ15.FJ10-FJ11::chrX:103481327-103482781",970,972,0.814,3211,2615,"+","G","+",3211,2615,"-",0,0,"CTCGA","TS54","+dTAG","RepR2","S21","Xist","RE57","RE57_CGI"
"2950",18112,"FJ14-FJ15.FJ10-FJ11::chrX:103481327-103482781",980,982,0.824,3242,2671,"+","G","+",3242,2671,"-",0,0,"GCCGT","TS54","+dTAG","RepR2","S21","Xist","RE57","RE57_CGI"
"2951",18113,"FJ14-FJ15.FJ10-FJ11::chrX:103481327-103482781",987,989,0.815,3318,2703,"+","G","+",3318,2703,"-",0,0,"CACGC","TS54","+dTAG","RepR2","S21","Xist","RE57","RE57_CGI"
"2952",18114,"FJ14-FJ15.FJ10-FJ11::chrX:103481327-103482781",1004,1006,0.798,3284,2620,"+","G","+",3284,2620,"-",0,0,"GGCGG","TS54","+dTAG","RepR2","S21","Xist","RE57","RE57_CGI"
"2953",18115,"FJ14-FJ15.FJ10-FJ11::chrX:103481327-103482781",1008,1010,0.792,3299,2613,"+","G","+",3299,2613,"-",0,0,"GACGC","TS54","+dTAG","RepR2","S21","Xist","RE57","RE57_CGI"
"2954",18116,"FJ14-FJ15.FJ10-FJ11::chrX:103481327-103482781",1010,1012,0.715,3288,2350,"+","G","+",3288,2350,"-",0,0,"CGCGG","TS54","+dTAG","RepR2","S21","Xist","RE57","RE57_CGI"
"2955",18117,"FJ14-FJ15.FJ10-FJ11::chrX:103481327-103482781",1021,1023,0.818,3245,2653,"+","G","+",3245,2653,"-",0,0,"CACGC","TS54","+dTAG","RepR2","S21","Xist","RE57","RE57_CGI"
"2956",18118,"FJ24-FJ25.FJ24-FJ25.FJ24-FJ25.FJ24-FJ25.FJ24-FJ25.FJ24-FJ25.FJ24-FJ25.FJ24-FJ25::chrX:75658294-75672942",71,73,0,2,0,"+","G","+",2,0,"-",0,0,"ACCGA","TS54","+dTAG","RepR2","S21","Xist","MSR","other"
"2957",18119,"FJ24-FJ25.FJ24-FJ25.FJ24-FJ25.FJ24-FJ25.FJ24-FJ25.FJ24-FJ25.FJ24-FJ25.FJ24-FJ25::chrX:75658294-75672942",212,214,0.417,12,5,"B","G","+",9,3,"-",3,2,"CCCGG","TS54","+dTAG","RepR2","S21","Xist","MSR","other"
"2958",18120,"FJ24-FJ25.FJ24-FJ25.FJ24-FJ25::chrX:75646518-75653780",17,19,0,3,0,"-","G","+",0,0,"-",3,0,"TCGGT","TS54","+dTAG","RepR2","S21","Xist","MSR","other"
"2959",18121,"FJ24-FJ25.FJ24-FJ25.FJ24-FJ25::chrX:75646518-75653780",131,133,0.5,32,16,"B","G","+",4,3,"-",28,13,"CCCGG","TS54","+dTAG","RepR2","S21","Xist","MSR","other"
"2960",18122,"FJ24-FJ25.FJ24-FJ25.FJ24-FJ25::chrX:75646518-75653780",177,179,0.654,26,17,"B","G","+",7,5,"-",19,12,"GGCGG","TS54","+dTAG","RepR2","S21","Xist","MSR","other"
"2961",18123,"FJ24-FJ25.FJ24-FJ25.FJ24-FJ25::chrX:75646518-75653780",210,212,0.875,8,7,"-","G","+",0,0,"-",8,7,"ACGCA","TS54","+dTAG","RepR2","S21","Xist","MSR","other"
"2962",18124,"FJ24-FJ25.FJ24-FJ25.FJ24-FJ25::chrX:75646518-75653780",7048,7050,0.4,15,6,"B","G","+",6,4,"-",9,2,"TCCGG","TS54","+dTAG","RepR2","S21","Xist","MSR","other"
"2963",18125,"FJ24-FJ25.FJ24-FJ25.FJ24-FJ25::chrX:75646518-75653780",7189,7191,0,4,0,"-","G","+",0,0,"-",4,0,"TCGGT","TS54","+dTAG","RepR2","S21","Xist","MSR","other"
"2964",18126,"FJ24-FJ25.FJ24-FJ25.FJ24-FJ25::chrX:75653690-75658384",17,19,0,1,0,"-","G","+",0,0,"-",1,0,"TCGGT","TS54","+dTAG","RepR2","S21","Xist","MSR","other"
"2965",18127,"FJ24-FJ25.FJ24-FJ25.FJ24-FJ25::chrX:75653690-75658384",131,133,0.686,35,24,"B","G","+",7,7,"-",28,17,"CCCGG","TS54","+dTAG","RepR2","S21","Xist","MSR","other"
"2966",18128,"FJ24-FJ25.FJ24-FJ25.FJ24-FJ25::chrX:75653690-75658384",177,179,0.568,37,21,"B","G","+",15,8,"-",22,13,"GGCGG","TS54","+dTAG","RepR2","S21","Xist","MSR","other"
"2967",18129,"FJ24-FJ25.FJ24-FJ25.FJ24-FJ25::chrX:75653690-75658384",210,212,0,3,0,"-","G","+",0,0,"-",3,0,"ACGCA","TS54","+dTAG","RepR2","S21","Xist","MSR","other"
"2968",18130,"FJ24-FJ25.FJ24-FJ25.FJ24-FJ25::chrX:75653690-75658384",4482,4484,0,4,0,"B","G","+",2,0,"-",2,0,"TGCGT","TS54","+dTAG","RepR2","S21","Xist","MSR","other"
"2969",18131,"FJ24-FJ25.FJ24-FJ25.FJ24-FJ25::chrX:75653690-75658384",4515,4517,0.739,23,17,"B","G","+",14,8,"-",9,9,"GCCGC","TS54","+dTAG","RepR2","S21","Xist","MSR","other"
"2970",18132,"FJ24-FJ25.FJ24-FJ25.FJ24-FJ25::chrX:75653690-75658384",4561,4563,0.667,18,12,"B","G","+",13,9,"-",5,3,"TCCGG","TS54","+dTAG","RepR2","S21","Xist","MSR","other"
"2971",18133,"FJ24-FJ25.FJ24-FJ25.FJ24-FJ25::chrX:75653690-75658384",4675,4677,0,1,0,"+","G","+",1,0,"-",0,0,"ACCGA","TS54","+dTAG","RepR2","S21","Xist","MSR","other"
"2972",18134,"FJ24-FJ25.FJ24-FJ25::chr2:98661834-98663393",429,431,0.695,419,291,"B","G","+",5,3,"-",414,288,"CACGT","TS54","+dTAG","RepR2","S21","Xist","MSR","other"
"2973",18135,"FJ24-FJ25.FJ24-FJ25::chr2:98661834-98663393",445,447,0.831,467,388,"B","G","+",5,5,"-",462,383,"TTCGT","TS54","+dTAG","RepR2","S21","Xist","MSR","other"
"2974",18136,"FJ24-FJ25.FJ24-FJ25::chr2:98661834-98663393",460,462,0.748,476,356,"B","G","+",2,2,"-",474,354,"GTCGT","TS54","+dTAG","RepR2","S21","Xist","MSR","other"
"2975",18137,"FJ24-FJ25.FJ24-FJ25::chr2:98661834-98663393",515,517,0.837,508,425,"B","G","+",1,1,"-",507,424,"CACGT","TS54","+dTAG","RepR2","S21","Xist","MSR","other"
"2976",18138,"FJ24-FJ25.FJ24-FJ25::chr2:98661834-98663393",575,577,0.86,43,37,"B","G","+",13,9,"-",30,28,"CACGT","TS54","+dTAG","RepR2","S21","Xist","MSR","other"
"2977",18139,"FJ24-FJ25.FJ24-FJ25::chr2:98661834-98663393",603,605,0.632,38,24,"B","G","+",19,11,"-",19,13,"TCCGT","TS54","+dTAG","RepR2","S21","Xist","MSR","other"
"2978",18140,"FJ24-FJ25.FJ24-FJ25::chr2:98661834-98663393",621,623,0.852,27,23,"B","G","+",13,13,"-",14,10,"CTCGC","TS54","+dTAG","RepR2","S21","Xist","MSR","other"
"2979",18141,"FJ24-FJ25.FJ24-FJ25::chr2:98661834-98663393",663,665,0.25,4,1,"B","G","+",3,0,"-",1,1,"CACGT","TS54","+dTAG","RepR2","S21","Xist","MSR","other"
"2980",18142,"FJ24-FJ25.FJ24-FJ25::chr2:98661834-98663393",721,723,0.833,18,15,"B","G","+",16,13,"-",2,2,"CCCGT","TS54","+dTAG","RepR2","S21","Xist","MSR","other"
"2981",18143,"FJ24-FJ25.FJ24-FJ25::chr2:98661834-98663393",730,732,0.682,22,15,"B","G","+",20,13,"-",2,2,"AACGA","TS54","+dTAG","RepR2","S21","Xist","MSR","other"
"2982",18144,"FJ24-FJ25.FJ24-FJ25::chr2:98661834-98663393",766,768,0.08,25,2,"+","G","+",25,2,"-",0,0,"TACGT","TS54","+dTAG","RepR2","S21","Xist","MSR","other"
"2983",18145,"FJ24-FJ25.FJ24-FJ25::chr2:98661834-98663393",794,796,0,2,0,"+","G","+",2,0,"-",0,0,"TTCGA","TS54","+dTAG","RepR2","S21","Xist","MSR","other"
"2984",18146,"FJ24-FJ25.FJ24-FJ25::chr2:98661834-98663393",841,843,0.708,24,17,"B","G","+",22,15,"-",2,2,"CCCGT","TS54","+dTAG","RepR2","S21","Xist","MSR","other"
"2985",18147,"FJ24-FJ25.FJ24-FJ25::chr2:98661834-98663393",850,852,0.829,35,29,"B","G","+",31,26,"-",4,3,"AACGA","TS54","+dTAG","RepR2","S21","Xist","MSR","other"
"2986",18148,"FJ24-FJ25.FJ24-FJ25::chr2:98661834-98663393",959,961,1,1,1,"+","G","+",1,1,"-",0,0,"GCCGG","TS54","+dTAG","RepR2","S21","Xist","MSR","other"
"2987",18149,"FJ24-FJ25.FJ24-FJ25::chr2:98661834-98663393",969,971,1,2,2,"+","G","+",2,2,"-",0,0,"AACGT","TS54","+dTAG","RepR2","S21","Xist","MSR","other"
"2988",18150,"FJ24-FJ25.FJ24-FJ25::chr2:98661834-98663393",992,994,0,2,0,"+","G","+",2,0,"-",0,0,"CTCGG","TS54","+dTAG","RepR2","S21","Xist","MSR","other"
"2989",18151,"FJ24-FJ25.FJ24-FJ25::chr2:98661834-98663393",1021,1023,0.903,382,345,"+","G","+",382,345,"-",0,0,"GACGT","TS54","+dTAG","RepR2","S21","Xist","MSR","other"
"2990",18152,"FJ24-FJ25.FJ24-FJ25::chr2:98661834-98663393",1068,1070,0.75,12,9,"B","G","+",11,9,"-",1,0,"ATCGA","TS54","+dTAG","RepR2","S21","Xist","MSR","other"
"2991",18153,"FJ24-FJ25.FJ24-FJ25::chr2:98661834-98663393",1076,1078,0.827,266,220,"B","G","+",264,218,"-",2,2,"GACGA","TS54","+dTAG","RepR2","S21","Xist","MSR","other"
"2992",18154,"FJ24-FJ25.FJ24-FJ25::chr2:98661834-98663393",1091,1093,0.881,243,214,"B","G","+",240,211,"-",3,3,"GACGA","TS54","+dTAG","RepR2","S21","Xist","MSR","other"
"2993",18155,"FJ24-FJ25.FJ24-FJ25::chr2:98661834-98663393",1107,1109,0.82,245,201,"B","G","+",241,197,"-",4,4,"TACGT","TS54","+dTAG","RepR2","S21","Xist","MSR","other"
"2994",18156,"FJ24-FJ25::chr12:3109471-3110521",411,413,0.5,4,2,"-","G","+",0,0,"-",4,2,"ACGGA","TS54","+dTAG","RepR2","S21","Xist","MSR","other"
"2995",18157,"FJ24-FJ25::chr12:3109471-3110521",439,441,0.944,36,34,"B","G","+",30,28,"-",6,6,"GACGT","TS54","+dTAG","RepR2","S21","Xist","MSR","other"
"2996",18158,"FJ24-FJ25::chr12:3109471-3110521",451,453,0.837,49,41,"B","G","+",43,35,"-",6,6,"GGCGA","TS54","+dTAG","RepR2","S21","Xist","MSR","other"
"2997",18159,"FJ24-FJ25::chr12:3109471-3110521",554,556,0.854,48,41,"B","G","+",36,31,"-",12,10,"GACGA","TS54","+dTAG","RepR2","S21","Xist","MSR","other"
"2998",18160,"FJ24-FJ25::chr12:3109471-3110521",627,629,1,15,15,"+","G","+",15,15,"-",0,0,"GGCGA","TS54","+dTAG","RepR2","S21","Xist","MSR","other"
"2999",18161,"FJ24-FJ25::chr12:3109471-3110521",645,647,0.6,5,3,"+","G","+",5,3,"-",0,0,"CACGG","TS54","+dTAG","RepR2","S21","Xist","MSR","other"
"3000",18162,"FJ24-FJ25::chr12:67058771-67060356",938,940,1,1,1,"-","G","+",0,0,"-",1,1,"GCGAA","TS54","+dTAG","RepR2","S21","Xist","MSR","other"
"3001",18163,"FJ24-FJ25::chr12:67058771-67060356",955,957,1,1,1,"-","G","+",0,0,"-",1,1,"ACGTG","TS54","+dTAG","RepR2","S21","Xist","MSR","other"
"3002",18164,"FJ24-FJ25::chr13:77438509-77439457",415,417,1,1,1,"+","G","+",1,1,"-",0,0,"TTCGT","TS54","+dTAG","RepR2","S21","Xist","MSR","other"
"3003",18165,"FJ24-FJ25::chr13:77438509-77439457",430,432,1,2,2,"+","G","+",2,2,"-",0,0,"GTCGT","TS54","+dTAG","RepR2","S21","Xist","MSR","other"
"3004",18166,"FJ24-FJ25::chr14:19415282-19420102",357,359,1,5,5,"-","G","+",0,0,"-",5,5,"CCGAC","TS54","+dTAG","RepR2","S21","Xist","MSR","other"
"3005",18167,"FJ24-FJ25::chr14:19415282-19420102",457,459,1,7,7,"B","G","+",5,5,"-",2,2,"GGCGA","TS54","+dTAG","RepR2","S21","Xist","MSR","other"
"3006",18168,"FJ24-FJ25::chr14:19415282-19420102",475,477,0.75,8,6,"B","G","+",6,4,"-",2,2,"CACGG","TS54","+dTAG","RepR2","S21","Xist","MSR","other"
"3007",18169,"FJ24-FJ25::chr14:19415282-19420102",503,505,1,3,3,"-","G","+",0,0,"-",3,3,"ACGTG","TS54","+dTAG","RepR2","S21","Xist","MSR","other"
"3008",18170,"FJ24-FJ25::chr14:19415282-19420102",515,517,1,2,2,"B","G","+",1,1,"-",1,1,"GTCGA","TS54","+dTAG","RepR2","S21","Xist","MSR","other"
"3009",18171,"FJ24-FJ25::chr14:19415282-19420102",618,620,0.806,72,58,"B","G","+",65,51,"-",7,7,"GACGA","TS54","+dTAG","RepR2","S21","Xist","MSR","other"
"3010",18172,"FJ24-FJ25::chr14:19415282-19420102",633,635,0.818,66,54,"B","G","+",60,48,"-",6,6,"GACGA","TS54","+dTAG","RepR2","S21","Xist","MSR","other"
"3011",18173,"FJ24-FJ25::chr14:19415282-19420102",691,693,0.769,52,40,"+","G","+",52,40,"-",0,0,"GGCGA","TS54","+dTAG","RepR2","S21","Xist","MSR","other"
"3012",18174,"FJ24-FJ25::chr14:19415282-19420102",709,711,0.797,59,47,"+","G","+",59,47,"-",0,0,"CACGG","TS54","+dTAG","RepR2","S21","Xist","MSR","other"
"3013",18175,"FJ24-FJ25::chr14:19415282-19420102",852,854,1,1,1,"+","G","+",1,1,"-",0,0,"GACGA","TS54","+dTAG","RepR2","S21","Xist","MSR","other"
"3014",18176,"FJ24-FJ25::chr14:19415282-19420102",883,885,1,1,1,"+","G","+",1,1,"-",0,0,"AACGT","TS54","+dTAG","RepR2","S21","Xist","MSR","other"
"3015",18177,"FJ24-FJ25::chr14:19415282-19420102",963,965,0.875,16,14,"+","G","+",16,14,"-",0,0,"CTCGT","TS54","+dTAG","RepR2","S21","Xist","MSR","other"
"3016",18178,"FJ24-FJ25::chr14:19415282-19420102",1060,1062,0.25,4,1,"+","G","+",4,1,"-",0,0,"CACGA","TS54","+dTAG","RepR2","S21","Xist","MSR","other"
"3017",18179,"FJ24-FJ25::chr14:19415282-19420102",1219,1221,0.75,4,3,"B","G","+",3,2,"-",1,1,"GACGA","TS54","+dTAG","RepR2","S21","Xist","MSR","other"
"3018",18180,"FJ24-FJ25::chr14:19415282-19420102",1276,1278,1,8,8,"+","G","+",8,8,"-",0,0,"GGCGA","TS54","+dTAG","RepR2","S21","Xist","MSR","other"
"3019",18181,"FJ24-FJ25::chr14:19415282-19420102",1294,1296,0.889,9,8,"B","G","+",7,6,"-",2,2,"CACGG","TS54","+dTAG","RepR2","S21","Xist","MSR","other"
"3020",18182,"FJ24-FJ25::chr14:19415282-19420102",1322,1324,0.875,8,7,"B","G","+",6,5,"-",2,2,"GACGT","TS54","+dTAG","RepR2","S21","Xist","MSR","other"
"3021",18183,"FJ24-FJ25::chr14:19415282-19420102",1334,1336,1,2,2,"-","G","+",0,0,"-",2,2,"ACGAG","TS54","+dTAG","RepR2","S21","Xist","MSR","other"
"3022",18184,"FJ24-FJ25::chr14:19415282-19420102",1436,1438,0.95,20,19,"B","G","+",19,18,"-",1,1,"GACGA","TS54","+dTAG","RepR2","S21","Xist","MSR","other"
"3023",18185,"FJ24-FJ25::chr14:19415282-19420102",1451,1453,0.917,12,11,"B","G","+",10,9,"-",2,2,"GACGA","TS54","+dTAG","RepR2","S21","Xist","MSR","other"
"3024",18186,"FJ24-FJ25::chr14:19415282-19420102",1509,1511,0.765,17,13,"+","G","+",17,13,"-",0,0,"GGCGA","TS54","+dTAG","RepR2","S21","Xist","MSR","other"
"3025",18187,"FJ24-FJ25::chr14:19415282-19420102",1527,1529,0.75,16,12,"+","G","+",16,12,"-",0,0,"CTCGG","TS54","+dTAG","RepR2","S21","Xist","MSR","other"
"3026",18188,"FJ24-FJ25::chr14:19415282-19420102",1628,1630,0,6,0,"-","G","+",0,0,"-",6,0,"GCGAG","TS54","+dTAG","RepR2","S21","Xist","MSR","other"
"3027",18189,"FJ24-FJ25::chr14:19415282-19420102",1671,1673,0.887,53,47,"B","G","+",34,29,"-",19,18,"GACGA","TS54","+dTAG","RepR2","S21","Xist","MSR","other"
"3028",18190,"FJ24-FJ25::chr14:19415282-19420102",1686,1688,0.76,50,38,"B","G","+",28,23,"-",22,15,"GACGA","TS54","+dTAG","RepR2","S21","Xist","MSR","other"
"3029",18191,"FJ24-FJ25::chr14:19415282-19420102",1702,1704,0.755,53,40,"B","G","+",33,26,"-",20,14,"AACGT","TS54","+dTAG","RepR2","S21","Xist","MSR","other"
"3030",18192,"FJ24-FJ25::chr14:19415282-19420102",1744,1746,0.914,35,32,"B","G","+",31,28,"-",4,4,"GGCGA","TS54","+dTAG","RepR2","S21","Xist","MSR","other"
"3031",18193,"FJ24-FJ25::chr14:19415282-19420102",1762,1764,0.842,38,32,"B","G","+",36,31,"-",2,1,"CACGG","TS54","+dTAG","RepR2","S21","Xist","MSR","other"
"3032",18194,"FJ24-FJ25::chr14:19415282-19420102",1819,1821,0,2,0,"B","G","+",1,0,"-",1,0,"ATCGT","TS54","+dTAG","RepR2","S21","Xist","MSR","other"
"3033",18195,"FJ24-FJ25::chr14:19415282-19420102",1861,1863,1,9,9,"B","G","+",8,8,"-",1,1,"GGCGA","TS54","+dTAG","RepR2","S21","Xist","MSR","other"
"3034",18196,"FJ24-FJ25::chr14:19415282-19420102",1879,1881,0.778,9,7,"B","G","+",8,6,"-",1,1,"CACGG","TS54","+dTAG","RepR2","S21","Xist","MSR","other"
"3035",18197,"FJ24-FJ25::chr14:19415282-19420102",1939,1941,0,2,0,"-","G","+",0,0,"-",2,0,"TCGAA","TS54","+dTAG","RepR2","S21","Xist","MSR","other"
"3036",18198,"FJ24-FJ25::chr14:19415282-19420102",2022,2024,0.788,481,379,"B","G","+",424,330,"-",57,49,"GACGA","TS54","+dTAG","RepR2","S21","Xist","MSR","other"
"3037",18199,"FJ24-FJ25::chr14:19415282-19420102",2037,2039,0.857,470,403,"B","G","+",417,361,"-",53,42,"GACGA","TS54","+dTAG","RepR2","S21","Xist","MSR","other"
"3038",18200,"FJ24-FJ25::chr14:19415282-19420102",2053,2055,0.704,452,318,"B","G","+",403,280,"-",49,38,"AACGT","TS54","+dTAG","RepR2","S21","Xist","MSR","other"
"3039",18201,"FJ24-FJ25::chr14:19415282-19420102",2095,2097,0.811,111,90,"B","G","+",100,81,"-",11,9,"GGCGA","TS54","+dTAG","RepR2","S21","Xist","MSR","other"
"3040",18202,"FJ24-FJ25::chr14:19415282-19420102",2153,2155,0.5,2,1,"+","G","+",2,1,"-",0,0,"GACGA","TS54","+dTAG","RepR2","S21","Xist","MSR","other"
"3041",18203,"FJ24-FJ25::chr14:19415282-19420102",2170,2172,0,1,0,"+","G","+",1,0,"-",0,0,"ATCGT","TS54","+dTAG","RepR2","S21","Xist","MSR","other"
"3042",18204,"FJ24-FJ25::chr14:19415282-19420102",2230,2232,0.647,34,22,"+","G","+",34,22,"-",0,0,"CACGG","TS54","+dTAG","RepR2","S21","Xist","MSR","other"
"3043",18205,"FJ24-FJ25::chr14:19415282-19420102",2370,2372,0.0263,38,1,"+","G","+",38,1,"-",0,0,"CTCGA","TS54","+dTAG","RepR2","S21","Xist","MSR","other"
"3044",18206,"FJ24-FJ25::chr14:19415282-19420102",2404,2406,0.611,36,22,"+","G","+",36,22,"-",0,0,"AACGT","TS54","+dTAG","RepR2","S21","Xist","MSR","other"
"3045",18207,"FJ24-FJ25::chr14:19415282-19420102",2437,2439,0.571,7,4,"+","G","+",7,4,"-",0,0,"CTCGA","TS54","+dTAG","RepR2","S21","Xist","MSR","other"
"3046",18208,"FJ24-FJ25::chr14:19415282-19420102",2446,2448,0.774,31,24,"+","G","+",31,24,"-",0,0,"GGCGA","TS54","+dTAG","RepR2","S21","Xist","MSR","other"
"3047",18209,"FJ24-FJ25::chr14:19415282-19420102",2464,2466,0.774,31,24,"+","G","+",31,24,"-",0,0,"CACGG","TS54","+dTAG","RepR2","S21","Xist","MSR","other"
"3048",18210,"FJ24-FJ25::chr14:19415282-19420102",2491,2493,1,1,1,"+","G","+",1,1,"-",0,0,"GACGG","TS54","+dTAG","RepR2","S21","Xist","MSR","other"
"3049",18211,"FJ24-FJ25::chr14:19415282-19420102",2606,2608,0.815,130,106,"B","G","+",124,101,"-",6,5,"GACGA","TS54","+dTAG","RepR2","S21","Xist","MSR","other"
"3050",18212,"FJ24-FJ25::chr14:19415282-19420102",2621,2623,0.884,121,107,"B","G","+",116,102,"-",5,5,"GACGA","TS54","+dTAG","RepR2","S21","Xist","MSR","other"
"3051",18213,"FJ24-FJ25::chr14:19415282-19420102",2637,2639,0.745,102,76,"B","G","+",98,72,"-",4,4,"AACGT","TS54","+dTAG","RepR2","S21","Xist","MSR","other"
"3052",18214,"FJ24-FJ25::chr14:19415282-19420102",2678,2680,0.694,49,34,"B","G","+",48,33,"-",1,1,"GGCGA","TS54","+dTAG","RepR2","S21","Xist","MSR","other"
"3053",18215,"FJ24-FJ25::chr14:19415282-19420102",2853,2855,0.806,67,54,"B","G","+",66,53,"-",1,1,"GACGA","TS54","+dTAG","RepR2","S21","Xist","MSR","other"
"3054",18216,"FJ24-FJ25::chr14:19415282-19420102",2929,2931,0.583,175,102,"+","G","+",175,102,"-",0,0,"CACGG","TS54","+dTAG","RepR2","S21","Xist","MSR","other"
"3055",18217,"FJ24-FJ25::chr14:19415282-19420102",2957,2959,1,1,1,"+","G","+",1,1,"-",0,0,"GACGT","TS54","+dTAG","RepR2","S21","Xist","MSR","other"
"3056",18218,"FJ24-FJ25::chr14:19415282-19420102",3072,3074,1,5,5,"B","G","+",2,2,"-",3,3,"GACGA","TS54","+dTAG","RepR2","S21","Xist","MSR","other"
"3057",18219,"FJ24-FJ25::chr14:19415282-19420102",3087,3089,0.8,5,4,"B","G","+",2,1,"-",3,3,"GACGG","TS54","+dTAG","RepR2","S21","Xist","MSR","other"
"3058",18220,"FJ24-FJ25::chr14:19415282-19420102",3103,3105,1,5,5,"B","G","+",2,2,"-",3,3,"AACGT","TS54","+dTAG","RepR2","S21","Xist","MSR","other"
"3059",18221,"FJ24-FJ25::chr14:19415282-19420102",3163,3165,0.5,2,1,"B","G","+",1,0,"-",1,1,"CACGA","TS54","+dTAG","RepR2","S21","Xist","MSR","other"
"3060",18222,"FJ24-FJ25::chr14:19415282-19420102",3190,3192,1,1,1,"-","G","+",0,0,"-",1,1,"ACGTG","TS54","+dTAG","RepR2","S21","Xist","MSR","other"
"3061",18223,"FJ24-FJ25::chr14:19415282-19420102",3305,3307,0.733,30,22,"B","G","+",28,20,"-",2,2,"GACGA","TS54","+dTAG","RepR2","S21","Xist","MSR","other"
"3062",18224,"FJ24-FJ25::chr14:19415282-19420102",3320,3322,0.815,27,22,"B","G","+",24,19,"-",3,3,"GACGA","TS54","+dTAG","RepR2","S21","Xist","MSR","other"
"3063",18225,"FJ24-FJ25::chr14:19415282-19420102",3336,3338,0.64,25,16,"B","G","+",23,14,"-",2,2,"AACGT","TS54","+dTAG","RepR2","S21","Xist","MSR","other"
"3064",18226,"FJ24-FJ25::chr14:19415282-19420102",3386,3388,1,4,4,"+","G","+",4,4,"-",0,0,"AACGG","TS54","+dTAG","RepR2","S21","Xist","MSR","other"
"3065",18227,"FJ24-FJ25::chr14:19415282-19420102",3396,3398,0.808,26,21,"+","G","+",26,21,"-",0,0,"CACGG","TS54","+dTAG","RepR2","S21","Xist","MSR","other"
"3066",18228,"FJ24-FJ25::chr14:19415282-19420102",3416,3418,0.8,5,4,"+","G","+",5,4,"-",0,0,"CACGT","TS54","+dTAG","RepR2","S21","Xist","MSR","other"
"3067",18229,"FJ24-FJ25::chr14:19415282-19420102",3495,3497,0.909,11,10,"B","G","+",4,3,"-",7,7,"GGCGA","TS54","+dTAG","RepR2","S21","Xist","MSR","other"
"3068",18230,"FJ24-FJ25::chr14:19415282-19420102",3513,3515,0.824,17,14,"B","G","+",7,6,"-",10,8,"CACGG","TS54","+dTAG","RepR2","S21","Xist","MSR","other"
"3069",18231,"FJ24-FJ25::chr14:19415282-19420102",3541,3543,1,10,10,"B","G","+",2,2,"-",8,8,"GACGT","TS54","+dTAG","RepR2","S21","Xist","MSR","other"
"3070",18232,"FJ24-FJ25::chr14:19415282-19420102",3553,3555,0.7,10,7,"B","G","+",1,1,"-",9,6,"GGCGA","TS54","+dTAG","RepR2","S21","Xist","MSR","other"
"3071",18233,"FJ24-FJ25::chr14:19415282-19420102",3656,3658,0.75,4,3,"B","G","+",2,1,"-",2,2,"GACGA","TS54","+dTAG","RepR2","S21","Xist","MSR","other"
"3072",18234,"FJ24-FJ25::chr14:19415282-19420102",3671,3673,1,5,5,"B","G","+",3,3,"-",2,2,"GACGA","TS54","+dTAG","RepR2","S21","Xist","MSR","other"
"3073",18235,"FJ24-FJ25::chr14:19415282-19420102",3687,3689,1,5,5,"B","G","+",3,3,"-",2,2,"AACGT","TS54","+dTAG","RepR2","S21","Xist","MSR","other"
"3074",18236,"FJ24-FJ25::chr14:19415282-19420102",3729,3731,0,1,0,"+","G","+",1,0,"-",0,0,"GGCGA","TS54","+dTAG","RepR2","S21","Xist","MSR","other"
"3075",18237,"FJ24-FJ25::chr14:19415282-19420102",3905,3907,0.9,20,18,"B","G","+",18,16,"-",2,2,"GACGA","TS54","+dTAG","RepR2","S21","Xist","MSR","other"
"3076",18238,"FJ24-FJ25::chr14:19415282-19420102",3921,3923,0.867,15,13,"B","G","+",13,11,"-",2,2,"AACGT","TS54","+dTAG","RepR2","S21","Xist","MSR","other"
"3077",18239,"FJ24-FJ25::chr14:19415282-19420102",3963,3965,1,16,16,"+","G","+",16,16,"-",0,0,"GGCGA","TS54","+dTAG","RepR2","S21","Xist","MSR","other"
"3078",18240,"FJ24-FJ25::chr14:19415282-19420102",3981,3983,0.882,17,15,"+","G","+",17,15,"-",0,0,"CACGG","TS54","+dTAG","RepR2","S21","Xist","MSR","other"
"3079",18241,"FJ24-FJ25::chr14:19415282-19420102",4124,4126,0.75,4,3,"+","G","+",4,3,"-",0,0,"GACGA","TS54","+dTAG","RepR2","S21","Xist","MSR","other"
"3080",18242,"FJ24-FJ25::chr14:19415282-19420102",4155,4157,0.25,4,1,"+","G","+",4,1,"-",0,0,"AACGT","TS54","+dTAG","RepR2","S21","Xist","MSR","other"
"3081",18243,"FJ24-FJ25::chr14:19415282-19420102",4166,4168,0,1,0,"+","G","+",1,0,"-",0,0,"TGCGA","TS54","+dTAG","RepR2","S21","Xist","MSR","other"
"3082",18244,"FJ24-FJ25::chr14:19415282-19420102",4272,4274,0,1,0,"-","G","+",0,0,"-",1,0,"ACGTG","TS54","+dTAG","RepR2","S21","Xist","MSR","other"
"3083",18245,"FJ24-FJ25::chr14:19415282-19420102",4332,4334,0.571,7,4,"B","G","+",5,3,"-",2,1,"CACGA","TS54","+dTAG","RepR2","S21","Xist","MSR","other"
"3084",18246,"FJ24-FJ25::chr18:3007116-3008067",529,531,0,2,0,"-","G","+",0,0,"-",2,0,"TCGAG","TS54","+dTAG","RepR2","S21","Xist","MSR","other"
"3085",18247,"FJ24-FJ25::chr18:3007116-3008067",545,547,1,2,2,"-","G","+",0,0,"-",2,2,"ACGTG","TS54","+dTAG","RepR2","S21","Xist","MSR","other"
"3086",18248,"FJ24-FJ25::chr18:3007116-3008067",592,594,0,2,0,"-","G","+",0,0,"-",2,0,"GCGAT","TS54","+dTAG","RepR2","S21","Xist","MSR","other"
"3087",18249,"FJ24-FJ25::chr2:98663241-98664491",474,476,0.875,16,14,"B","G","+",1,1,"-",15,13,"TCCGT","TS54","+dTAG","RepR2","S21","Xist","MSR","other"
"3088",18250,"FJ24-FJ25::chr2:98663241-98664491",533,535,0.72,25,18,"B","G","+",1,1,"-",24,17,"CACGT","TS54","+dTAG","RepR2","S21","Xist","MSR","other"
"3089",18251,"FJ24-FJ25::chr2:98663241-98664491",665,667,0.857,7,6,"B","G","+",5,4,"-",2,2,"CTCGT","TS54","+dTAG","RepR2","S21","Xist","MSR","other"
"3090",18252,"FJ24-FJ25::chr2:98663241-98664491",705,707,0.667,9,6,"B","G","+",4,3,"-",5,3,"TCCGT","TS54","+dTAG","RepR2","S21","Xist","MSR","other"
"3091",18253,"FJ24-FJ25::chr2:98663241-98664491",723,725,1,8,8,"B","G","+",4,4,"-",4,4,"CTCGC","TS54","+dTAG","RepR2","S21","Xist","MSR","other"
"3092",18254,"FJ24-FJ25::chr2:98663241-98664491",796,798,1,4,4,"-","G","+",0,0,"-",4,4,"TCGTC","TS54","+dTAG","RepR2","S21","Xist","MSR","other"
"3093",18255,"FJ24-FJ25::chr2:98666144-98667732",117,119,1,7,7,"B","G","+",5,5,"-",2,2,"GCCGG","TS54","+dTAG","RepR2","S21","Xist","MSR","other"
"3094",18256,"FJ24-FJ25::chr2:98666144-98667732",127,129,0.875,8,7,"B","G","+",6,5,"-",2,2,"AACGA","TS54","+dTAG","RepR2","S21","Xist","MSR","other"
"3095",18257,"FJ24-FJ25::chr2:98666144-98667732",239,241,0.714,7,5,"B","G","+",6,4,"-",1,1,"CCCGT","TS54","+dTAG","RepR2","S21","Xist","MSR","other"
"3096",18258,"FJ24-FJ25::chr2:98666144-98667732",248,250,0.667,6,4,"B","G","+",5,4,"-",1,0,"AACGA","TS54","+dTAG","RepR2","S21","Xist","MSR","other"
"3097",18259,"FJ24-FJ25::chr2:98666144-98667732",358,360,1,4,4,"+","G","+",4,4,"-",0,0,"GCCGG","TS54","+dTAG","RepR2","S21","Xist","MSR","other"
"3098",18260,"FJ24-FJ25::chr2:98666144-98667732",368,370,1,2,2,"+","G","+",2,2,"-",0,0,"AACGT","TS54","+dTAG","RepR2","S21","Xist","MSR","other"
"3099",18261,"FJ24-FJ25::chr2:98666144-98667732",446,448,0.833,545,454,"B","G","+",422,353,"-",123,101,"GACGA","TS54","+dTAG","RepR2","S21","Xist","MSR","other"
"3100",18262,"FJ24-FJ25::chr2:98666144-98667732",461,463,0.867,565,490,"B","G","+",443,383,"-",122,107,"GACGA","TS54","+dTAG","RepR2","S21","Xist","MSR","other"
"3101",18263,"FJ24-FJ25::chr2:98666144-98667732",477,479,0.838,568,476,"B","G","+",454,383,"-",114,93,"TACGT","TS54","+dTAG","RepR2","S21","Xist","MSR","other"
"3102",18264,"FJ24-FJ25::chr2:98666144-98667732",537,539,0.873,465,406,"B","G","+",431,374,"-",34,32,"CACGG","TS54","+dTAG","RepR2","S21","Xist","MSR","other"
"3103",18265,"FJ24-FJ25::chr2:98666144-98667732",565,567,0.884,86,76,"B","G","+",67,58,"-",19,18,"GACGT","TS54","+dTAG","RepR2","S21","Xist","MSR","other"
"3104",18266,"FJ24-FJ25::chr2:98666144-98667732",577,579,0.857,98,84,"B","G","+",83,70,"-",15,14,"GGCGA","TS54","+dTAG","RepR2","S21","Xist","MSR","other"
"3105",18267,"FJ24-FJ25::chr2:98666144-98667732",625,627,0.882,37424,33024,"B","G","+",37420,33021,"-",4,3,"GACGT","TS54","+dTAG","RepR2","S21","Xist","MSR","other"
"3106",18268,"FJ24-FJ25::chr2:98666144-98667732",680,682,0.822,38141,31368,"B","G","+",38120,31353,"-",21,15,"GACGA","TS54","+dTAG","RepR2","S21","Xist","MSR","other"
"3107",18269,"FJ24-FJ25::chr2:98666144-98667732",695,697,0.87,37082,32248,"B","G","+",37062,32231,"-",20,17,"GACGA","TS54","+dTAG","RepR2","S21","Xist","MSR","other"
"3108",18270,"FJ24-FJ25::chr2:98666144-98667732",711,713,0.718,36065,25891,"B","G","+",36041,25873,"-",24,18,"AACGT","TS54","+dTAG","RepR2","S21","Xist","MSR","other"
"3109",18271,"FJ24-FJ25::chr2:98666144-98667732",753,755,0.874,5529,4830,"B","G","+",5503,4809,"-",26,21,"GGCGA","TS54","+dTAG","RepR2","S21","Xist","MSR","other"
"3110",18272,"FJ24-FJ25::chr2:98666144-98667732",771,773,0.873,5375,4694,"B","G","+",5273,4606,"-",102,88,"CACGG","TS54","+dTAG","RepR2","S21","Xist","MSR","other"
"3111",18273,"FJ24-FJ25::chr2:98666144-98667732",799,801,0.869,206,179,"B","G","+",43,35,"-",163,144,"GACGT","TS54","+dTAG","RepR2","S21","Xist","MSR","other"
"3112",18274,"FJ24-FJ25::chr2:98666144-98667732",811,813,0.856,201,172,"B","G","+",41,35,"-",160,137,"GGCGA","TS54","+dTAG","RepR2","S21","Xist","MSR","other"
"3113",18275,"FJ24-FJ25::chr2:98666144-98667732",859,861,0.868,121,105,"B","G","+",33,28,"-",88,77,"GACGT","TS54","+dTAG","RepR2","S21","Xist","MSR","other"
"3114",18276,"FJ24-FJ25::chr2:98666144-98667732",946,948,0.87,33244,28906,"B","G","+",33146,28825,"-",98,81,"GACGA","TS54","+dTAG","RepR2","S21","Xist","MSR","other"
"3115",18277,"FJ24-FJ25::chr2:98666144-98667732",962,964,0.712,33135,23605,"B","G","+",32979,23483,"-",156,122,"AACGT","TS54","+dTAG","RepR2","S21","Xist","MSR","other"
"3116",18278,"FJ24-FJ25::chr2:98666144-98667732",1004,1006,0.865,33372,28861,"B","G","+",33174,28686,"-",198,175,"GGCGA","TS54","+dTAG","RepR2","S21","Xist","MSR","other"
"3117",18279,"FJ24-FJ25::chr2:98666144-98667732",1022,1024,0.874,34340,30027,"B","G","+",34180,29894,"-",160,133,"CACGG","TS54","+dTAG","RepR2","S21","Xist","MSR","other"
"3118",18280,"FJ24-FJ25::chr2:98666144-98667732",1050,1052,0.875,272,238,"B","G","+",170,149,"-",102,89,"GACGT","TS54","+dTAG","RepR2","S21","Xist","MSR","other"
"3119",18281,"FJ24-FJ25::chr2:98666144-98667732",1062,1064,0.83,264,219,"B","G","+",177,142,"-",87,77,"GGCGA","TS54","+dTAG","RepR2","S21","Xist","MSR","other"
"3120",18282,"FJ24-FJ25::chr2:98666144-98667732",1110,1112,0.862,376,324,"B","G","+",330,281,"-",46,43,"GACGT","TS54","+dTAG","RepR2","S21","Xist","MSR","other"
"3121",18283,"FJ24-FJ25::chr2:98666144-98667732",1165,1167,0.8,55,44,"B","G","+",47,37,"-",8,7,"GACGA","TS54","+dTAG","RepR2","S21","Xist","MSR","other"
"3122",18284,"FJ24-FJ25::chr2:98666144-98667732",1180,1182,0.722,18,13,"B","G","+",12,7,"-",6,6,"GACGA","TS54","+dTAG","RepR2","S21","Xist","MSR","other"
"3123",18285,"FJ24-FJ25::chr3:99980694-99981794",526,528,0,2,0,"-","G","+",0,0,"-",2,0,"TCGCC","TS54","+dTAG","RepR2","S21","Xist","MSR","other"
"3124",18286,"FJ24-FJ25::chr3:99980694-99981794",568,570,0,2,0,"-","G","+",0,0,"-",2,0,"TCGTT","TS54","+dTAG","RepR2","S21","Xist","MSR","other"
"3125",18287,"FJ24-FJ25::chr4:3089104-3091584",2375,2377,0,2,0,"-","G","+",0,0,"-",2,0,"TCGAG","TS54","+dTAG","RepR2","S21","Xist","MSR","other"
"3126",18288,"FJ24-FJ25::chr4:3089104-3091584",2440,2442,0,1,0,"-","G","+",0,0,"-",1,0,"TCGAA","TS54","+dTAG","RepR2","S21","Xist","MSR","other"
"3127",18289,"FJ24-FJ25::chr8:23095075-23096205",551,553,0,1,0,"-","G","+",0,0,"-",1,0,"ACGTG","TS54","+dTAG","RepR2","S21","Xist","MSR","other"
"3128",18290,"FJ24-FJ25::chr8:23095075-23096205",593,595,1,1,1,"-","G","+",0,0,"-",1,1,"GCGAT","TS54","+dTAG","RepR2","S21","Xist","MSR","other"
"3129",18291,"FJ24-FJ25::chr9:2999602-3038819",428,430,0,2,0,"-","G","+",0,0,"-",2,0,"ACGTT","TS54","+dTAG","RepR2","S21","Xist","MSR","other"
"3130",18292,"FJ24-FJ25::chr9:2999602-3038819",444,446,0.6,5,3,"B","G","+",1,1,"-",4,2,"TTCGT","TS54","+dTAG","RepR2","S21","Xist","MSR","other"
"3131",18293,"FJ24-FJ25::chr9:2999602-3038819",604,606,0.375,8,3,"B","G","+",1,0,"-",7,3,"CACGT","TS54","+dTAG","RepR2","S21","Xist","MSR","other"
"3132",18294,"FJ24-FJ25::chr9:2999602-3038819",620,622,1,5,5,"-","G","+",0,0,"-",5,5,"TCGTC","TS54","+dTAG","RepR2","S21","Xist","MSR","other"
"3133",18295,"FJ24-FJ25::chr9:2999602-3038819",738,740,0.897,29,26,"B","G","+",8,8,"-",21,18,"CTCGC","TS54","+dTAG","RepR2","S21","Xist","MSR","other"
"3134",18296,"FJ24-FJ25::chr9:2999602-3038819",750,752,0.857,28,24,"B","G","+",7,5,"-",21,19,"CACGT","TS54","+dTAG","RepR2","S21","Xist","MSR","other"
"3135",18297,"FJ24-FJ25::chr9:2999602-3038819",778,780,0.891,603,537,"B","G","+",8,6,"-",595,531,"TCCGT","TS54","+dTAG","RepR2","S21","Xist","MSR","other"
"3136",18298,"FJ24-FJ25::chr9:2999602-3038819",796,798,0.861,568,489,"B","G","+",2,2,"-",566,487,"CTCGA","TS54","+dTAG","RepR2","S21","Xist","MSR","other"
"3137",18299,"FJ24-FJ25::chr9:2999602-3038819",838,840,0.699,548,383,"B","G","+",11,9,"-",537,374,"CACGT","TS54","+dTAG","RepR2","S21","Xist","MSR","other"
"3138",18300,"FJ24-FJ25::chr9:2999602-3038819",854,856,0.855,538,460,"B","G","+",11,6,"-",527,454,"TTCGT","TS54","+dTAG","RepR2","S21","Xist","MSR","other"
"3139",18301,"FJ24-FJ25::chr9:2999602-3038819",866,868,0.738,168,124,"B","G","+",7,1,"-",161,123,"CACGT","TS54","+dTAG","RepR2","S21","Xist","MSR","other"
"3140",18302,"FJ24-FJ25::chr9:2999602-3038819",869,871,0.7,510,357,"B","G","+",11,5,"-",499,352,"GTCGT","TS54","+dTAG","RepR2","S21","Xist","MSR","other"
"3141",18303,"FJ24-FJ25::chr9:2999602-3038819",972,974,0.822,107,88,"B","G","+",11,9,"-",96,79,"CTCGC","TS54","+dTAG","RepR2","S21","Xist","MSR","other"
"3142",18304,"FJ24-FJ25::chr9:2999602-3038819",984,986,0.811,106,86,"B","G","+",14,9,"-",92,77,"CACGT","TS54","+dTAG","RepR2","S21","Xist","MSR","other"
"3143",18305,"FJ24-FJ25::chr9:2999602-3038819",1012,1014,0.8,20,16,"B","G","+",7,5,"-",13,11,"TCCGT","TS54","+dTAG","RepR2","S21","Xist","MSR","other"
"3144",18306,"FJ24-FJ25::chr9:2999602-3038819",1030,1032,0.8,5,4,"B","G","+",1,0,"-",4,4,"CTCGA","TS54","+dTAG","RepR2","S21","Xist","MSR","other"
"3145",18307,"FJ24-FJ25::chr9:2999602-3038819",1072,1074,0.643,14,9,"-","G","+",0,0,"-",14,9,"ACGTT","TS54","+dTAG","RepR2","S21","Xist","MSR","other"
"3146",18308,"FJ24-FJ25::chr9:2999602-3038819",1103,1105,0.818,11,9,"-","G","+",0,0,"-",11,9,"TCGTC","TS54","+dTAG","RepR2","S21","Xist","MSR","other"
"3147",18309,"FJ24-FJ25::chr9:2999602-3038819",1158,1160,0.714,14,10,"B","G","+",1,1,"-",13,9,"CACGT","TS54","+dTAG","RepR2","S21","Xist","MSR","other"
"3148",18310,"FJ24-FJ25::chr9:2999602-3038819",1248,1250,0.78,41,32,"B","G","+",1,1,"-",40,31,"CACGT","TS54","+dTAG","RepR2","S21","Xist","MSR","other"
"3149",18311,"FJ24-FJ25::chr9:2999602-3038819",1264,1266,0.784,37,29,"B","G","+",1,1,"-",36,28,"TTCGT","TS54","+dTAG","RepR2","S21","Xist","MSR","other"
"3150",18312,"FJ24-FJ25::chr9:2999602-3038819",1382,1384,0.797,69,55,"B","G","+",19,13,"-",50,42,"CTCGC","TS54","+dTAG","RepR2","S21","Xist","MSR","other"
"3151",18313,"FJ24-FJ25::chr9:2999602-3038819",1394,1396,0.889,63,56,"B","G","+",16,14,"-",47,42,"CACGT","TS54","+dTAG","RepR2","S21","Xist","MSR","other"
"3152",18314,"FJ24-FJ25::chr9:2999602-3038819",1422,1424,0.588,34,20,"B","G","+",6,5,"-",28,15,"TCCGT","TS54","+dTAG","RepR2","S21","Xist","MSR","other"
"3153",18315,"FJ24-FJ25::chr9:2999602-3038819",1440,1442,0.714,7,5,"B","G","+",1,0,"-",6,5,"ATCGC","TS54","+dTAG","RepR2","S21","Xist","MSR","other"
"3154",18316,"FJ24-FJ25::chr9:2999602-3038819",1459,1461,0,25,0,"-","G","+",0,0,"-",25,0,"ACGGT","TS54","+dTAG","RepR2","S21","Xist","MSR","other"
"3155",18317,"FJ24-FJ25::chr9:2999602-3038819",1616,1618,0.8,5,4,"B","G","+",3,2,"-",2,2,"CTCGC","TS54","+dTAG","RepR2","S21","Xist","MSR","other"
"3156",18318,"FJ24-FJ25::chr9:2999602-3038819",1674,1676,0.731,212,155,"B","G","+",1,0,"-",211,155,"CTCGC","TS54","+dTAG","RepR2","S21","Xist","MSR","other"
"3157",18319,"FJ24-FJ25::chr9:2999602-3038819",1716,1718,0.729,273,199,"B","G","+",3,3,"-",270,196,"CACGT","TS54","+dTAG","RepR2","S21","Xist","MSR","other"
"3158",18320,"FJ24-FJ25::chr9:2999602-3038819",1732,1734,0.818,285,233,"B","G","+",3,2,"-",282,231,"TTCGT","TS54","+dTAG","RepR2","S21","Xist","MSR","other"
"3159",18321,"FJ24-FJ25::chr9:2999602-3038819",1850,1852,0.911,56,51,"B","G","+",8,7,"-",48,44,"CTCGC","TS54","+dTAG","RepR2","S21","Xist","MSR","other"
"3160",18322,"FJ24-FJ25::chr9:2999602-3038819",1862,1864,0.88,50,44,"B","G","+",9,8,"-",41,36,"CACGT","TS54","+dTAG","RepR2","S21","Xist","MSR","other"
"3161",18323,"FJ24-FJ25::chr9:2999602-3038819",1890,1892,0.75,28,21,"B","G","+",8,8,"-",20,13,"TCCGT","TS54","+dTAG","RepR2","S21","Xist","MSR","other"
"3162",18324,"FJ24-FJ25::chr9:2999602-3038819",1908,1910,0.833,18,15,"B","G","+",5,5,"-",13,10,"CTCGC","TS54","+dTAG","RepR2","S21","Xist","MSR","other"
"3163",18325,"FJ24-FJ25::chr9:2999602-3038819",1949,1951,1,1,1,"-","G","+",0,0,"-",1,1,"ACGTT","TS54","+dTAG","RepR2","S21","Xist","MSR","other"
"3164",18326,"FJ24-FJ25::chr9:2999602-3038819",2083,2085,1,4,4,"-","G","+",0,0,"-",4,4,"TCGCC","TS54","+dTAG","RepR2","S21","Xist","MSR","other"
"3165",18327,"FJ24-FJ25::chr9:2999602-3038819",2095,2097,1,4,4,"-","G","+",0,0,"-",4,4,"ACGTC","TS54","+dTAG","RepR2","S21","Xist","MSR","other"
"3166",18328,"FJ24-FJ25::chr9:2999602-3038819",2123,2125,0.839,31,26,"-","G","+",0,0,"-",31,26,"CCGTG","TS54","+dTAG","RepR2","S21","Xist","MSR","other"
"3167",18329,"FJ24-FJ25::chr9:2999602-3038819",2141,2143,0.724,29,21,"-","G","+",0,0,"-",29,21,"TCGCC","TS54","+dTAG","RepR2","S21","Xist","MSR","other"
"3168",18330,"FJ24-FJ25::chr9:2999602-3038819",2183,2185,0.773,22,17,"B","G","+",4,3,"-",18,14,"CACGT","TS54","+dTAG","RepR2","S21","Xist","MSR","other"
"3169",18331,"FJ24-FJ25::chr9:2999602-3038819",2199,2201,0.862,29,25,"B","G","+",4,3,"-",25,22,"TTCGT","TS54","+dTAG","RepR2","S21","Xist","MSR","other"
"3170",18332,"FJ24-FJ25::chr9:2999602-3038819",2357,2359,0.75,16,12,"B","G","+",6,5,"-",10,7,"TCCGT","TS54","+dTAG","RepR2","S21","Xist","MSR","other"
"3171",18333,"FJ24-FJ25::chr9:2999602-3038819",2375,2377,0.895,19,17,"B","G","+",6,6,"-",13,11,"CTCGC","TS54","+dTAG","RepR2","S21","Xist","MSR","other"
"3172",18334,"FJ24-FJ25::chr9:2999602-3038819",2433,2435,0.852,54,46,"B","G","+",5,3,"-",49,43,"TTCGT","TS54","+dTAG","RepR2","S21","Xist","MSR","other"
"3173",18335,"FJ24-FJ25::chr9:2999602-3038819",2448,2450,0.887,71,63,"B","G","+",6,5,"-",65,58,"GTCGT","TS54","+dTAG","RepR2","S21","Xist","MSR","other"
"3174",18336,"FJ24-FJ25::chr9:2999602-3038819",2551,2553,0.9,20,18,"B","G","+",2,2,"-",18,16,"CTCGC","TS54","+dTAG","RepR2","S21","Xist","MSR","other"
"3175",18337,"FJ24-FJ25::chr9:2999602-3038819",2609,2611,0.923,39,36,"B","G","+",5,5,"-",34,31,"CTCGC","TS54","+dTAG","RepR2","S21","Xist","MSR","other"
"3176",18338,"FJ24-FJ25::chr9:2999602-3038819",2651,2653,0.796,54,43,"B","G","+",11,7,"-",43,36,"CACGT","TS54","+dTAG","RepR2","S21","Xist","MSR","other"
"3177",18339,"FJ24-FJ25::chr9:2999602-3038819",2667,2669,0.848,46,39,"B","G","+",8,6,"-",38,33,"TTCGT","TS54","+dTAG","RepR2","S21","Xist","MSR","other"
"3178",18340,"FJ24-FJ25::chr9:2999602-3038819",2825,2827,0.857,7,6,"B","G","+",1,1,"-",6,5,"TCCGT","TS54","+dTAG","RepR2","S21","Xist","MSR","other"
"3179",18341,"FJ24-FJ25::chr9:2999602-3038819",2885,2887,0.6,5,3,"B","G","+",2,0,"-",3,3,"CACGT","TS54","+dTAG","RepR2","S21","Xist","MSR","other"
"3180",18342,"FJ24-FJ25::chr9:2999602-3038819",3001,3003,0.6,5,3,"-","G","+",0,0,"-",5,3,"ACGTT","TS54","+dTAG","RepR2","S21","Xist","MSR","other"
"3181",18343,"FJ24-FJ25::chr9:2999602-3038819",3135,3137,1,1,1,"-","G","+",0,0,"-",1,1,"TCGCC","TS54","+dTAG","RepR2","S21","Xist","MSR","other"
"3182",18344,"FJ24-FJ25::chr9:2999602-3038819",3147,3149,1,2,2,"B","G","+",1,1,"-",1,1,"CACGT","TS54","+dTAG","RepR2","S21","Xist","MSR","other"
"3183",18345,"FJ24-FJ25::chr9:2999602-3038819",3175,3177,0.667,3,2,"B","G","+",2,2,"-",1,0,"TCCGT","TS54","+dTAG","RepR2","S21","Xist","MSR","other"
"3184",18346,"FJ24-FJ25::chr9:2999602-3038819",3193,3195,0.667,3,2,"B","G","+",2,2,"-",1,0,"CTCGC","TS54","+dTAG","RepR2","S21","Xist","MSR","other"
"3185",18347,"FJ24-FJ25::chr9:2999602-3038819",3408,3410,0.818,11,9,"-","G","+",0,0,"-",11,9,"CCGTG","TS54","+dTAG","RepR2","S21","Xist","MSR","other"
"3186",18348,"FJ24-FJ25::chr9:2999602-3038819",3426,3428,0.917,12,11,"-","G","+",0,0,"-",12,11,"TCGCC","TS54","+dTAG","RepR2","S21","Xist","MSR","other"
"3187",18349,"FJ24-FJ25::chr9:2999602-3038819",3468,3470,0.852,27,23,"B","G","+",5,3,"-",22,20,"CACGT","TS54","+dTAG","RepR2","S21","Xist","MSR","other"
"3188",18350,"FJ24-FJ25::chr9:2999602-3038819",3484,3486,0.765,17,13,"B","G","+",5,3,"-",12,10,"TTCGT","TS54","+dTAG","RepR2","S21","Xist","MSR","other"
"3189",18351,"FJ24-FJ25::chr9:2999602-3038819",3642,3644,0.944,18,17,"B","G","+",2,2,"-",16,15,"TCCGT","TS54","+dTAG","RepR2","S21","Xist","MSR","other"
"3190",18352,"FJ24-FJ25::chr9:2999602-3038819",3660,3662,0.783,23,18,"B","G","+",7,4,"-",16,14,"CTCGC","TS54","+dTAG","RepR2","S21","Xist","MSR","other"
"3191",18353,"FJ24-FJ25::chr9:2999602-3038819",3718,3720,0.882,17,15,"B","G","+",2,2,"-",15,13,"TTCGT","TS54","+dTAG","RepR2","S21","Xist","MSR","other"
"3192",18354,"FJ24-FJ25::chr9:2999602-3038819",3733,3735,0.719,32,23,"B","G","+",3,1,"-",29,22,"GTCGT","TS54","+dTAG","RepR2","S21","Xist","MSR","other"
"3193",18355,"FJ24-FJ25::chr9:2999602-3038819",3836,3838,0.824,17,14,"B","G","+",2,0,"-",15,14,"CTCGC","TS54","+dTAG","RepR2","S21","Xist","MSR","other"
"3194",18356,"FJ24-FJ25::chr9:2999602-3038819",3894,3896,0.865,245,212,"-","G","+",0,0,"-",245,212,"TCGCC","TS54","+dTAG","RepR2","S21","Xist","MSR","other"
"3195",18357,"FJ24-FJ25::chr9:2999602-3038819",3936,3938,0.632,250,158,"-","G","+",0,0,"-",250,158,"ACGTT","TS54","+dTAG","RepR2","S21","Xist","MSR","other"
"3196",18358,"FJ24-FJ25::chr9:2999602-3038819",4128,4130,0.727,11,8,"-","G","+",0,0,"-",11,8,"TCGCC","TS54","+dTAG","RepR2","S21","Xist","MSR","other"
"3197",18359,"FJ24-FJ25::chr9:2999602-3038819",4187,4189,0.5,2,1,"-","G","+",0,0,"-",2,1,"TCGTC","TS54","+dTAG","RepR2","S21","Xist","MSR","other"
"3198",18360,"FJ24-FJ25::chr9:2999602-3038819",4303,4305,1,10,10,"B","G","+",1,1,"-",9,9,"CTCGC","TS54","+dTAG","RepR2","S21","Xist","MSR","other"
"3199",18361,"FJ24-FJ25::chr9:2999602-3038819",4346,4348,0.625,8,5,"B","G","+",1,0,"-",7,5,"CACGT","TS54","+dTAG","RepR2","S21","Xist","MSR","other"
"3200",18362,"FJ24-FJ25::chr9:2999602-3038819",4362,4364,0.778,9,7,"-","G","+",0,0,"-",9,7,"TCGTC","TS54","+dTAG","RepR2","S21","Xist","MSR","other"
"3201",18363,"FJ24-FJ25::chr9:2999602-3038819",4480,4482,0.667,6,4,"-","G","+",0,0,"-",6,4,"TCGCC","TS54","+dTAG","RepR2","S21","Xist","MSR","other"
"3202",18364,"FJ24-FJ25::chr9:2999602-3038819",4520,4522,0.799,2064,1650,"B","G","+",9,7,"-",2055,1643,"TCCGT","TS54","+dTAG","RepR2","S21","Xist","MSR","other"
"3203",18365,"FJ24-FJ25::chr9:2999602-3038819",4580,4582,0.701,1817,1274,"B","G","+",39,28,"-",1778,1246,"CACGT","TS54","+dTAG","RepR2","S21","Xist","MSR","other"
"3204",18366,"FJ24-FJ25::chr9:2999602-3038819",4596,4598,0.877,1700,1491,"B","G","+",49,45,"-",1651,1446,"TTCGT","TS54","+dTAG","RepR2","S21","Xist","MSR","other"
"3205",18367,"FJ24-FJ25::chr9:2999602-3038819",4611,4613,0.805,1913,1540,"B","G","+",50,41,"-",1863,1499,"GTCGT","TS54","+dTAG","RepR2","S21","Xist","MSR","other"
"3206",18368,"FJ24-FJ25::chr9:2999602-3038819",4654,4656,0.565,23,13,"B","G","+",3,0,"-",20,13,"CTCGC","TS54","+dTAG","RepR2","S21","Xist","MSR","other"
"3207",18369,"FJ24-FJ25::chr9:2999602-3038819",4754,4756,0.873,55,48,"-","G","+",0,0,"-",55,48,"CCGTG","TS54","+dTAG","RepR2","S21","Xist","MSR","other"
"3208",18370,"FJ24-FJ25::chr9:2999602-3038819",4814,4816,0.642,53,34,"-","G","+",0,0,"-",53,34,"ACGTT","TS54","+dTAG","RepR2","S21","Xist","MSR","other"
"3209",18371,"FJ24-FJ25::chr9:2999602-3038819",4844,4846,0.617,47,29,"-","G","+",0,0,"-",47,29,"TCGTC","TS54","+dTAG","RepR2","S21","Xist","MSR","other"
"3210",18372,"FJ24-FJ25::chr9:2999602-3038819",4899,4901,1,6,6,"B","G","+",2,2,"-",4,4,"CACGT","TS54","+dTAG","RepR2","S21","Xist","MSR","other"
"3211",18373,"FJ24-FJ25::chr9:2999602-3038819",4947,4949,1,7,7,"B","G","+",6,6,"-",1,1,"TTCGC","TS54","+dTAG","RepR2","S21","Xist","MSR","other"
"3212",18374,"FJ24-FJ25::chr9:2999602-3038819",4959,4961,0.9,10,9,"B","G","+",8,7,"-",2,2,"CACGT","TS54","+dTAG","RepR2","S21","Xist","MSR","other"
"3213",18375,"FJ24-FJ25::chr9:2999602-3038819",4987,4989,0.892,148,132,"B","G","+",12,12,"-",136,120,"TCCGT","TS54","+dTAG","RepR2","S21","Xist","MSR","other"
"3214",18376,"FJ24-FJ25::chr9:2999602-3038819",5005,5007,0.756,164,124,"B","G","+",13,11,"-",151,113,"CTCGC","TS54","+dTAG","RepR2","S21","Xist","MSR","other"
"3215",18377,"FJ24-FJ25::chr9:2999602-3038819",5047,5049,0.695,1748,1214,"B","G","+",15,9,"-",1733,1205,"CACGT","TS54","+dTAG","RepR2","S21","Xist","MSR","other"
"3216",18378,"FJ24-FJ25::chr9:2999602-3038819",5063,5065,0.872,1669,1455,"B","G","+",14,12,"-",1655,1443,"TTCGT","TS54","+dTAG","RepR2","S21","Xist","MSR","other"
"3217",18379,"FJ24-FJ25::chr9:2999602-3038819",5078,5080,0.802,1912,1534,"B","G","+",15,11,"-",1897,1523,"GTCGT","TS54","+dTAG","RepR2","S21","Xist","MSR","other"
"3218",18380,"FJ24-FJ25::chr9:2999602-3038819",5181,5183,0.846,13,11,"B","G","+",5,3,"-",8,8,"CTCGC","TS54","+dTAG","RepR2","S21","Xist","MSR","other"
"3219",18381,"FJ24-FJ25::chr9:2999602-3038819",5193,5195,0.786,14,11,"B","G","+",6,4,"-",8,7,"CACGT","TS54","+dTAG","RepR2","S21","Xist","MSR","other"
"3220",18382,"FJ24-FJ25::chr9:2999602-3038819",5221,5223,0.571,14,8,"B","G","+",6,0,"-",8,8,"ACCGT","TS54","+dTAG","RepR2","S21","Xist","MSR","other"
"3221",18383,"FJ24-FJ25::chr9:2999602-3038819",5281,5283,1,1,1,"-","G","+",0,0,"-",1,1,"ACGTT","TS54","+dTAG","RepR2","S21","Xist","MSR","other"
"3222",18384,"FJ24-FJ25::chr9:2999602-3038819",5455,5457,1,6,6,"B","G","+",2,2,"-",4,4,"TTCGT","TS54","+dTAG","RepR2","S21","Xist","MSR","other"
"3223",18385,"FJ24-FJ25::chr9:2999602-3038819",5473,5475,0.8,5,4,"B","G","+",1,1,"-",4,3,"CTCGC","TS54","+dTAG","RepR2","S21","Xist","MSR","other"
"3224",18386,"FJ24-FJ25::chr9:2999602-3038819",5515,5517,0.5,2,1,"B","G","+",1,1,"-",1,0,"CACGT","TS54","+dTAG","RepR2","S21","Xist","MSR","other"
"3225",18387,"FJ24-FJ25::chr9:2999602-3038819",5707,5709,1,2,2,"-","G","+",0,0,"-",2,2,"TCGCA","TS54","+dTAG","RepR2","S21","Xist","MSR","other"
"3226",18388,"FJ24-FJ25::chr9:2999602-3038819",5924,5926,0.5,2,1,"-","G","+",0,0,"-",2,1,"ACGTT","TS54","+dTAG","RepR2","S21","Xist","MSR","other"
"3227",18389,"FJ24-FJ25::chr9:2999602-3038819",5940,5942,1,2,2,"-","G","+",0,0,"-",2,2,"TCGTC","TS54","+dTAG","RepR2","S21","Xist","MSR","other"
"3228",18390,"FJ24-FJ25::chr9:2999602-3038819",6098,6100,1,7,7,"-","G","+",0,0,"-",7,7,"CCGTG","TS54","+dTAG","RepR2","S21","Xist","MSR","other"
"3229",18391,"FJ24-FJ25::chr9:2999602-3038819",6116,6118,1,7,7,"-","G","+",0,0,"-",7,7,"TCGCC","TS54","+dTAG","RepR2","S21","Xist","MSR","other"
"3230",18392,"FJ24-FJ25::chr9:2999602-3038819",6158,6160,0.818,11,9,"B","G","+",1,1,"-",10,8,"CACGT","TS54","+dTAG","RepR2","S21","Xist","MSR","other"
"3231",18393,"FJ24-FJ25::chr9:2999602-3038819",6174,6176,1,9,9,"B","G","+",1,1,"-",8,8,"TTCGT","TS54","+dTAG","RepR2","S21","Xist","MSR","other"
"3232",18394,"FJ24-FJ25::chr9:2999602-3038819",6186,6188,0,2,0,"+","G","+",2,0,"-",0,0,"CACGT","TS54","+dTAG","RepR2","S21","Xist","MSR","other"
"3233",18395,"FJ24-FJ25::chr9:2999602-3038819",6189,6191,0.9,10,9,"B","G","+",2,2,"-",8,7,"GTCGT","TS54","+dTAG","RepR2","S21","Xist","MSR","other"
"3234",18396,"FJ24-FJ25::chr9:2999602-3038819",6244,6246,1,7,7,"B","G","+",5,5,"-",2,2,"CACGT","TS54","+dTAG","RepR2","S21","Xist","MSR","other"
"3235",18397,"FJ24-FJ25::chr9:2999602-3038819",6334,6336,0,1,0,"-","G","+",0,0,"-",1,0,"ACGTT","TS54","+dTAG","RepR2","S21","Xist","MSR","other"
"3236",18398,"FJ24-FJ25::chr9:2999602-3038819",6350,6352,0.333,3,1,"B","G","+",2,0,"-",1,1,"TTCGT","TS54","+dTAG","RepR2","S21","Xist","MSR","other"
"3237",18399,"FJ24-FJ25::chr9:2999602-3038819",6390,6392,0.333,3,1,"-","G","+",0,0,"-",3,1,"CCGTG","TS54","+dTAG","RepR2","S21","Xist","MSR","other"
"3238",18400,"FJ24-FJ25::chr9:2999602-3038819",6434,6436,0,1,0,"-","G","+",0,0,"-",1,0,"ACGTT","TS54","+dTAG","RepR2","S21","Xist","MSR","other"
"3239",18401,"FJ24-FJ25::chr9:2999602-3038819",6526,6528,1,1,1,"-","G","+",0,0,"-",1,1,"TCGCC","TS54","+dTAG","RepR2","S21","Xist","MSR","other"
"3240",18402,"FJ24-FJ25::chr9:2999602-3038819",6702,6704,1,2,2,"+","G","+",2,2,"-",0,0,"CTCGC","TS54","+dTAG","RepR2","S21","Xist","MSR","other"
"3241",18403,"FJ24-FJ25::chr9:2999602-3038819",6760,6762,0.747,75,56,"B","G","+",2,0,"-",73,56,"CTCGC","TS54","+dTAG","RepR2","S21","Xist","MSR","other"
"3242",18404,"FJ24-FJ25::chr9:2999602-3038819",6802,6804,0.684,57,39,"-","G","+",0,0,"-",57,39,"ACGTT","TS54","+dTAG","RepR2","S21","Xist","MSR","other"
"3243",18405,"FJ24-FJ25::chr9:2999602-3038819",6818,6820,0.848,46,39,"B","G","+",1,1,"-",45,38,"TTCGT","TS54","+dTAG","RepR2","S21","Xist","MSR","other"
"3244",18406,"FJ24-FJ25::chr9:2999602-3038819",6994,6996,1,3,3,"-","G","+",0,0,"-",3,3,"TCGAC","TS54","+dTAG","RepR2","S21","Xist","MSR","other"
"3245",18407,"FJ24-FJ25::chr9:2999602-3038819",7051,7053,0.722,18,13,"B","G","+",1,1,"-",17,12,"TTCGT","TS54","+dTAG","RepR2","S21","Xist","MSR","other"
"3246",18408,"FJ24-FJ25::chr9:2999602-3038819",7169,7171,0.703,37,26,"B","G","+",3,3,"-",34,23,"CTCGC","TS54","+dTAG","RepR2","S21","Xist","MSR","other"
"3247",18409,"FJ24-FJ25::chr9:2999602-3038819",7181,7183,0.762,42,32,"B","G","+",4,3,"-",38,29,"CACGT","TS54","+dTAG","RepR2","S21","Xist","MSR","other"
"3248",18410,"FJ24-FJ25::chr9:2999602-3038819",7209,7211,0.811,566,459,"B","G","+",2,1,"-",564,458,"TCCGT","TS54","+dTAG","RepR2","S21","Xist","MSR","other"
"3249",18411,"FJ24-FJ25::chr9:2999602-3038819",7227,7229,0.856,562,481,"B","G","+",5,3,"-",557,478,"CTCGC","TS54","+dTAG","RepR2","S21","Xist","MSR","other"
"3250",18412,"FJ24-FJ25::chr9:2999602-3038819",7269,7271,0.585,53,31,"B","G","+",3,1,"-",50,30,"CACGT","TS54","+dTAG","RepR2","S21","Xist","MSR","other"
"3251",18413,"FJ24-FJ25::chr9:2999602-3038819",7285,7287,0.769,39,30,"B","G","+",1,1,"-",38,29,"TTCGT","TS54","+dTAG","RepR2","S21","Xist","MSR","other"
"3252",18414,"FJ24-FJ25::chr9:2999602-3038819",7463,7465,1,2,2,"-","G","+",0,0,"-",2,2,"TCGCC","TS54","+dTAG","RepR2","S21","Xist","MSR","other"
"3253",18415,"FJ24-FJ25::chr9:2999602-3038819",7506,7508,0.455,11,5,"B","G","+",8,4,"-",3,1,"CACGT","TS54","+dTAG","RepR2","S21","Xist","MSR","other"
"3254",18416,"FJ24-FJ25::chr9:2999602-3038819",7522,7524,0.538,13,7,"B","G","+",10,6,"-",3,1,"TTCGT","TS54","+dTAG","RepR2","S21","Xist","MSR","other"
"3255",18417,"FJ24-FJ25::chr9:2999602-3038819",7537,7539,0.938,16,15,"B","G","+",12,12,"-",4,3,"GTCGT","TS54","+dTAG","RepR2","S21","Xist","MSR","other"
"3256",18418,"FJ24-FJ25::chr9:2999602-3038819",7698,7700,0.779,86,67,"B","G","+",1,0,"-",85,67,"CTCGC","TS54","+dTAG","RepR2","S21","Xist","MSR","other"
"3257",18419,"FJ24-FJ25::chr9:2999602-3038819",7799,7801,0.882,34,30,"B","G","+",3,3,"-",31,27,"TCCGT","TS54","+dTAG","RepR2","S21","Xist","MSR","other"
"3258",18420,"FJ24-FJ25::chr9:2999602-3038819",7817,7819,0.966,29,28,"B","G","+",3,3,"-",26,25,"CTCGC","TS54","+dTAG","RepR2","S21","Xist","MSR","other"
"3259",18421,"FJ24-FJ25::chr9:2999602-3038819",7859,7861,0.708,24,17,"-","G","+",0,0,"-",24,17,"ACGTT","TS54","+dTAG","RepR2","S21","Xist","MSR","other"
"3260",18422,"FJ24-FJ25::chr9:2999602-3038819",7992,7994,1,3,3,"+","G","+",3,3,"-",0,0,"CTCGC","TS54","+dTAG","RepR2","S21","Xist","MSR","other"
"3261",18423,"FJ24-FJ25::chr9:2999602-3038819",8004,8006,0.6,5,3,"B","G","+",4,2,"-",1,1,"CACGT","TS54","+dTAG","RepR2","S21","Xist","MSR","other"
"3262",18424,"FJ24-FJ25::chr9:2999602-3038819",8032,8034,0.786,14,11,"B","G","+",3,3,"-",11,8,"TCCGT","TS54","+dTAG","RepR2","S21","Xist","MSR","other"
"3263",18425,"FJ24-FJ25::chr9:2999602-3038819",8050,8052,0.923,13,12,"B","G","+",4,4,"-",9,8,"CTCGC","TS54","+dTAG","RepR2","S21","Xist","MSR","other"
"3264",18426,"FJ24-FJ25::chr9:2999602-3038819",8265,8267,1,5,5,"-","G","+",0,0,"-",5,5,"TCGTG","TS54","+dTAG","RepR2","S21","Xist","MSR","other"
"3265",18427,"FJ24-FJ25::chr9:2999602-3038819",8283,8285,1,5,5,"-","G","+",0,0,"-",5,5,"TCGCC","TS54","+dTAG","RepR2","S21","Xist","MSR","other"
"3266",18428,"FJ24-FJ25::chr9:2999602-3038819",8325,8327,0.667,21,14,"B","G","+",2,2,"-",19,12,"CACGT","TS54","+dTAG","RepR2","S21","Xist","MSR","other"
"3267",18429,"FJ24-FJ25::chr9:2999602-3038819",8517,8519,0.739,23,17,"B","G","+",3,1,"-",20,16,"CTCGC","TS54","+dTAG","RepR2","S21","Xist","MSR","other"
"3268",18430,"FJ24-FJ25::chr9:2999602-3038819",8576,8578,1,1,1,"-","G","+",0,0,"-",1,1,"TCGTC","TS54","+dTAG","RepR2","S21","Xist","MSR","other"
"3269",18431,"FJ24-FJ25::chr9:2999602-3038819",8692,8694,1,1,1,"-","G","+",0,0,"-",1,1,"TCGCT","TS54","+dTAG","RepR2","S21","Xist","MSR","other"
"3270",18432,"FJ24-FJ25::chr9:2999602-3038819",8735,8737,1,1,1,"-","G","+",0,0,"-",1,1,"ACGTT","TS54","+dTAG","RepR2","S21","Xist","MSR","other"
"3271",18433,"FJ24-FJ25::chr9:2999602-3038819",8869,8871,0,3,0,"-","G","+",0,0,"-",3,0,"TCGCC","TS54","+dTAG","RepR2","S21","Xist","MSR","other"
"3272",18434,"FJ24-FJ25::chr9:2999602-3038819",8909,8911,0.824,216,178,"-","G","+",0,0,"-",216,178,"CCGTG","TS54","+dTAG","RepR2","S21","Xist","MSR","other"
"3273",18435,"FJ24-FJ25::chr9:2999602-3038819",8969,8971,0.727,22,16,"B","G","+",6,3,"-",16,13,"CACGT","TS54","+dTAG","RepR2","S21","Xist","MSR","other"
"3274",18436,"FJ24-FJ25::chr9:2999602-3038819",8985,8987,0.9,20,18,"B","G","+",7,7,"-",13,11,"TTCGT","TS54","+dTAG","RepR2","S21","Xist","MSR","other"
"3275",18437,"FJ24-FJ25::chr9:2999602-3038819",9161,9163,0.769,13,10,"-","G","+",0,0,"-",13,10,"TCGCA","TS54","+dTAG","RepR2","S21","Xist","MSR","other"
"3276",18438,"FJ24-FJ25::chr9:2999602-3038819",9220,9222,1,14,14,"-","G","+",0,0,"-",14,14,"TCGTC","TS54","+dTAG","RepR2","S21","Xist","MSR","other"
"3277",18439,"FJ24-FJ25::chr9:2999602-3038819",9470,9472,0,1,0,"-","G","+",0,0,"-",1,0,"TCGTC","TS54","+dTAG","RepR2","S21","Xist","MSR","other"
"3278",18440,"FJ24-FJ25::chr9:2999602-3038819",9648,9650,0.75,16,12,"-","G","+",0,0,"-",16,12,"TCGCC","TS54","+dTAG","RepR2","S21","Xist","MSR","other"
"3279",18441,"FJ24-FJ25::chr9:2999602-3038819",9691,9693,0.833,18,15,"B","G","+",1,1,"-",17,14,"CACGT","TS54","+dTAG","RepR2","S21","Xist","MSR","other"
"3280",18442,"FJ24-FJ25::chr9:2999602-3038819",9707,9709,0.867,45,39,"B","G","+",2,1,"-",43,38,"TTCGT","TS54","+dTAG","RepR2","S21","Xist","MSR","other"
"3281",18443,"FJ24-FJ25::chr9:2999602-3038819",9722,9724,0.833,48,40,"B","G","+",4,3,"-",44,37,"GTCGT","TS54","+dTAG","RepR2","S21","Xist","MSR","other"
"3282",18444,"FJ24-FJ25::chr9:2999602-3038819",9883,9885,0.925,53,49,"-","G","+",0,0,"-",53,49,"TCGCC","TS54","+dTAG","RepR2","S21","Xist","MSR","other"
"3283",18445,"FJ24-FJ25::chr9:2999602-3038819",9984,9986,0.92,25,23,"B","G","+",3,3,"-",22,20,"TCCGT","TS54","+dTAG","RepR2","S21","Xist","MSR","other"
"3284",18446,"FJ24-FJ25::chr9:2999602-3038819",10002,10004,1,30,30,"B","G","+",2,2,"-",28,28,"CTCGC","TS54","+dTAG","RepR2","S21","Xist","MSR","other"
"3285",18447,"FJ24-FJ25::chr9:2999602-3038819",10044,10046,0.76,25,19,"B","G","+",2,2,"-",23,17,"CACGT","TS54","+dTAG","RepR2","S21","Xist","MSR","other"
"3286",18448,"FJ24-FJ25::chr9:2999602-3038819",10177,10179,1,3,3,"-","G","+",0,0,"-",3,3,"TCGCC","TS54","+dTAG","RepR2","S21","Xist","MSR","other"
"3287",18449,"FJ24-FJ25::chr9:2999602-3038819",10189,10191,1,3,3,"-","G","+",0,0,"-",3,3,"ACGTC","TS54","+dTAG","RepR2","S21","Xist","MSR","other"
"3288",18450,"FJ24-FJ25::chr9:2999602-3038819",10217,10219,0.783,175,137,"-","G","+",0,0,"-",175,137,"CCGTG","TS54","+dTAG","RepR2","S21","Xist","MSR","other"
"3289",18451,"FJ24-FJ25::chr9:2999602-3038819",10277,10279,0.75,4,3,"-","G","+",0,0,"-",4,3,"ACGTT","TS54","+dTAG","RepR2","S21","Xist","MSR","other"
"3290",18452,"FJ24-FJ25::chr9:2999602-3038819",10411,10413,1,4,4,"B","G","+",3,3,"-",1,1,"CTCGC","TS54","+dTAG","RepR2","S21","Xist","MSR","other"
"3291",18453,"FJ24-FJ25::chr9:2999602-3038819",10423,10425,0.4,5,2,"B","G","+",4,2,"-",1,0,"CACGT","TS54","+dTAG","RepR2","S21","Xist","MSR","other"
"3292",18454,"FJ24-FJ25::chr9:2999602-3038819",10451,10453,0.75,8,6,"B","G","+",4,4,"-",4,2,"TCCGT","TS54","+dTAG","RepR2","S21","Xist","MSR","other"
"3293",18455,"FJ24-FJ25::chr9:2999602-3038819",10469,10471,0.714,7,5,"B","G","+",3,3,"-",4,2,"CTCGC","TS54","+dTAG","RepR2","S21","Xist","MSR","other"
"3294",18456,"FJ24-FJ25::chr9:2999602-3038819",10684,10686,0.625,8,5,"-","G","+",0,0,"-",8,5,"CCGTG","TS54","+dTAG","RepR2","S21","Xist","MSR","other"
"3295",18457,"FJ24-FJ25::chr9:2999602-3038819",10702,10704,0.778,9,7,"-","G","+",0,0,"-",9,7,"TCGCC","TS54","+dTAG","RepR2","S21","Xist","MSR","other"
"3296",18458,"FJ24-FJ25::chr9:2999602-3038819",10744,10746,0.65,20,13,"B","G","+",2,0,"-",18,13,"CACGT","TS54","+dTAG","RepR2","S21","Xist","MSR","other"
"3297",18459,"FJ24-FJ25::chr9:2999602-3038819",10760,10762,0.824,17,14,"B","G","+",2,2,"-",15,12,"TTCGT","TS54","+dTAG","RepR2","S21","Xist","MSR","other"
"3298",18460,"FJ24-FJ25::chr9:2999602-3038819",10994,10996,1,1,1,"-","G","+",0,0,"-",1,1,"TCGTC","TS54","+dTAG","RepR2","S21","Xist","MSR","other"
"3299",18461,"FJ24-FJ25::chr9:2999602-3038819",11009,11011,1,1,1,"-","G","+",0,0,"-",1,1,"TCGTC","TS54","+dTAG","RepR2","S21","Xist","MSR","other"
"3300",18462,"FJ24-FJ25::chr9:2999602-3038819",11110,11112,1,2,2,"-","G","+",0,0,"-",2,2,"TCGCT","TS54","+dTAG","RepR2","S21","Xist","MSR","other"
"3301",18463,"FJ24-FJ25::chr9:2999602-3038819",11153,11155,0.5,2,1,"-","G","+",0,0,"-",2,1,"ACGTT","TS54","+dTAG","RepR2","S21","Xist","MSR","other"
"3302",18464,"FJ24-FJ25::chr9:2999602-3038819",11169,11171,1,3,3,"-","G","+",0,0,"-",3,3,"TCGTC","TS54","+dTAG","RepR2","S21","Xist","MSR","other"
"3303",18465,"FJ24-FJ25::chr9:2999602-3038819",11327,11329,0.778,198,154,"-","G","+",0,0,"-",198,154,"CCGTG","TS54","+dTAG","RepR2","S21","Xist","MSR","other"
"3304",18466,"FJ24-FJ25::chr9:2999602-3038819",11387,11389,0.685,54,37,"B","G","+",2,0,"-",52,37,"CACGT","TS54","+dTAG","RepR2","S21","Xist","MSR","other"
"3305",18467,"FJ24-FJ25::chr9:2999602-3038819",11403,11405,0.914,58,53,"B","G","+",2,2,"-",56,51,"TTCGT","TS54","+dTAG","RepR2","S21","Xist","MSR","other"
"3306",18468,"FJ24-FJ25::chr9:2999602-3038819",11579,11581,1,2,2,"-","G","+",0,0,"-",2,2,"TCGCA","TS54","+dTAG","RepR2","S21","Xist","MSR","other"
"3307",18469,"FJ24-FJ25::chr9:2999602-3038819",11796,11798,0.667,3,2,"B","G","+",1,0,"-",2,2,"CACGT","TS54","+dTAG","RepR2","S21","Xist","MSR","other"
"3308",18470,"FJ24-FJ25::chr9:2999602-3038819",11812,11814,0.75,4,3,"B","G","+",1,1,"-",3,2,"TTCGT","TS54","+dTAG","RepR2","S21","Xist","MSR","other"
"3309",18471,"FJ24-FJ25::chr9:2999602-3038819",11970,11972,0.75,8,6,"-","G","+",0,0,"-",8,6,"CCGTG","TS54","+dTAG","RepR2","S21","Xist","MSR","other"
"3310",18472,"FJ24-FJ25::chr9:2999602-3038819",11988,11990,0.889,9,8,"-","G","+",0,0,"-",9,8,"TCGCC","TS54","+dTAG","RepR2","S21","Xist","MSR","other"
"3311",18473,"FJ24-FJ25::chr9:2999602-3038819",12030,12032,0.588,17,10,"-","G","+",0,0,"-",17,10,"ACGTT","TS54","+dTAG","RepR2","S21","Xist","MSR","other"
"3312",18474,"FJ24-FJ25::chr9:2999602-3038819",12046,12048,0.938,16,15,"-","G","+",0,0,"-",16,15,"TCGTC","TS54","+dTAG","RepR2","S21","Xist","MSR","other"
"3313",18475,"FJ24-FJ25::chr9:2999602-3038819",12058,12060,1,1,1,"-","G","+",0,0,"-",1,1,"ACGTC","TS54","+dTAG","RepR2","S21","Xist","MSR","other"
"3314",18476,"FJ24-FJ25::chr9:2999602-3038819",12061,12063,0.826,23,19,"-","G","+",0,0,"-",23,19,"TCGTC","TS54","+dTAG","RepR2","S21","Xist","MSR","other"
"3315",18477,"FJ24-FJ25::chr9:2999602-3038819",12116,12118,0.786,14,11,"-","G","+",0,0,"-",14,11,"ACGTC","TS54","+dTAG","RepR2","S21","Xist","MSR","other"
"3316",18478,"FJ24-FJ25::chr9:2999602-3038819",12206,12208,0.839,31,26,"B","G","+",1,1,"-",30,25,"CACGT","TS54","+dTAG","RepR2","S21","Xist","MSR","other"
"3317",18479,"FJ24-FJ25::chr9:2999602-3038819",12222,12224,0.923,26,24,"-","G","+",0,0,"-",26,24,"TCGTC","TS54","+dTAG","RepR2","S21","Xist","MSR","other"
"3318",18480,"FJ24-FJ25::chr9:2999602-3038819",12262,12264,0,36,0,"-","G","+",0,0,"-",36,0,"CCGTG","TS54","+dTAG","RepR2","S21","Xist","MSR","other"
"3319",18481,"FJ24-FJ25::chr9:2999602-3038819",12306,12308,0,19,0,"-","G","+",0,0,"-",19,0,"ACGTT","TS54","+dTAG","RepR2","S21","Xist","MSR","other"
"3320",18482,"FJ24-FJ25::chr9:2999602-3038819",12632,12634,0.774,53,41,"B","G","+",1,1,"-",52,40,"CTCGC","TS54","+dTAG","RepR2","S21","Xist","MSR","other"
"3321",18483,"FJ24-FJ25::chr9:2999602-3038819",12674,12676,0.623,53,33,"B","G","+",2,1,"-",51,32,"CACGT","TS54","+dTAG","RepR2","S21","Xist","MSR","other"
"3322",18484,"FJ24-FJ25::chr9:2999602-3038819",12690,12692,0.961,51,49,"-","G","+",0,0,"-",51,49,"TCGTC","TS54","+dTAG","RepR2","S21","Xist","MSR","other"
"3323",18485,"FJ24-FJ25::chr9:2999602-3038819",12866,12868,1,1,1,"-","G","+",0,0,"-",1,1,"TCGAC","TS54","+dTAG","RepR2","S21","Xist","MSR","other"
"3324",18486,"FJ24-FJ25::chr9:2999602-3038819",13082,13084,0.75,4,3,"-","G","+",0,0,"-",4,3,"TCGGT","TS54","+dTAG","RepR2","S21","Xist","MSR","other"
"3325",18487,"FJ24-FJ25::chr9:2999602-3038819",13101,13103,1,15,15,"-","G","+",0,0,"-",15,15,"TCGCC","TS54","+dTAG","RepR2","S21","Xist","MSR","other"
"3326",18488,"FJ24-FJ25::chr9:2999602-3038819",13144,13146,0.444,18,8,"B","G","+",1,0,"-",17,8,"CACGT","TS54","+dTAG","RepR2","S21","Xist","MSR","other"
"3327",18489,"FJ24-FJ25::chr9:2999602-3038819",13160,13162,0.759,29,22,"B","G","+",2,2,"-",27,20,"TTCGT","TS54","+dTAG","RepR2","S21","Xist","MSR","other"
"3328",18490,"FJ24-FJ25::chr9:2999602-3038819",13175,13177,0.828,29,24,"B","G","+",3,3,"-",26,21,"GTCGT","TS54","+dTAG","RepR2","S21","Xist","MSR","other"
"3329",18491,"FJ24-FJ25::chr9:2999602-3038819",13336,13338,0.896,67,60,"-","G","+",0,0,"-",67,60,"TCGCC","TS54","+dTAG","RepR2","S21","Xist","MSR","other"
"3330",18492,"FJ24-FJ25::chr9:2999602-3038819",13397,13399,1,1,1,"-","G","+",0,0,"-",1,1,"TCGCC","TS54","+dTAG","RepR2","S21","Xist","MSR","other"
"3331",18493,"FJ24-FJ25::chr9:2999602-3038819",13437,13439,0.882,34,30,"-","G","+",0,0,"-",34,30,"CCGTG","TS54","+dTAG","RepR2","S21","Xist","MSR","other"
"3332",18494,"FJ24-FJ25::chr9:2999602-3038819",13455,13457,0.688,32,22,"-","G","+",0,0,"-",32,22,"TCGCC","TS54","+dTAG","RepR2","S21","Xist","MSR","other"
"3333",18495,"FJ24-FJ25::chr9:2999602-3038819",13497,13499,0.743,35,26,"-","G","+",0,0,"-",35,26,"ACGTT","TS54","+dTAG","RepR2","S21","Xist","MSR","other"
"3334",18496,"FJ24-FJ25::chr9:2999602-3038819",13630,13632,1,1,1,"-","G","+",0,0,"-",1,1,"TCGCC","TS54","+dTAG","RepR2","S21","Xist","MSR","other"
"3335",18497,"FJ24-FJ25::chr9:2999602-3038819",13642,13644,1,3,3,"B","G","+",1,1,"-",2,2,"CACGT","TS54","+dTAG","RepR2","S21","Xist","MSR","other"
"3336",18498,"FJ24-FJ25::chr9:2999602-3038819",13670,13672,0.801,176,141,"B","G","+",1,1,"-",175,140,"TCCGT","TS54","+dTAG","RepR2","S21","Xist","MSR","other"
"3337",18499,"FJ24-FJ25::chr9:2999602-3038819",13730,13732,0.75,4,3,"-","G","+",0,0,"-",4,3,"ACGTT","TS54","+dTAG","RepR2","S21","Xist","MSR","other"
"3338",18500,"FJ24-FJ25::chr9:2999602-3038819",13864,13866,1,5,5,"+","G","+",5,5,"-",0,0,"CTCGC","TS54","+dTAG","RepR2","S21","Xist","MSR","other"
"3339",18501,"FJ24-FJ25::chr9:2999602-3038819",13876,13878,0.5,4,2,"+","G","+",4,2,"-",0,0,"CACGT","TS54","+dTAG","RepR2","S21","Xist","MSR","other"
"3340",18502,"FJ24-FJ25::chr9:2999602-3038819",13904,13906,0.812,16,13,"B","G","+",6,6,"-",10,7,"TCCGT","TS54","+dTAG","RepR2","S21","Xist","MSR","other"
"3341",18503,"FJ24-FJ25::chr9:2999602-3038819",13922,13924,1,12,12,"B","G","+",6,6,"-",6,6,"CTCGC","TS54","+dTAG","RepR2","S21","Xist","MSR","other"
"3342",18504,"FJ24-FJ25::chr9:2999602-3038819",13963,13965,0.5,2,1,"-","G","+",0,0,"-",2,1,"ACGTT","TS54","+dTAG","RepR2","S21","Xist","MSR","other"
"3343",18505,"FJ24-FJ25::chr9:2999602-3038819",14137,14139,0.833,36,30,"-","G","+",0,0,"-",36,30,"CCGTG","TS54","+dTAG","RepR2","S21","Xist","MSR","other"
"3344",18506,"FJ24-FJ25::chr9:2999602-3038819",14155,14157,0.917,48,44,"-","G","+",0,0,"-",48,44,"TCGCC","TS54","+dTAG","RepR2","S21","Xist","MSR","other"
"3345",18507,"FJ24-FJ25::chr9:2999602-3038819",14197,14199,0.682,44,30,"B","G","+",6,2,"-",38,28,"CACGT","TS54","+dTAG","RepR2","S21","Xist","MSR","other"
"3346",18508,"FJ24-FJ25::chr9:2999602-3038819",14213,14215,0.869,61,53,"B","G","+",5,3,"-",56,50,"TTCGT","TS54","+dTAG","RepR2","S21","Xist","MSR","other"
"3347",18509,"FJ24-FJ25::chr9:2999602-3038819",14371,14373,0.933,15,14,"B","G","+",1,1,"-",14,13,"TCCGT","TS54","+dTAG","RepR2","S21","Xist","MSR","other"
"3348",18510,"FJ24-FJ25::chr9:2999602-3038819",14389,14391,0.824,17,14,"B","G","+",3,2,"-",14,12,"CTCGC","TS54","+dTAG","RepR2","S21","Xist","MSR","other"
"3349",18511,"FJ24-FJ25::chr9:2999602-3038819",14447,14449,0.933,45,42,"B","G","+",3,3,"-",42,39,"TTCGT","TS54","+dTAG","RepR2","S21","Xist","MSR","other"
"3350",18512,"FJ24-FJ25::chr9:2999602-3038819",14462,14464,0.889,54,48,"B","G","+",4,4,"-",50,44,"GTCGT","TS54","+dTAG","RepR2","S21","Xist","MSR","other"
"3351",18513,"FJ24-FJ25::chr9:2999602-3038819",14565,14567,0.7,20,14,"-","G","+",0,0,"-",20,14,"TCGCC","TS54","+dTAG","RepR2","S21","Xist","MSR","other"
"3352",18514,"FJ24-FJ25::chr9:2999602-3038819",14623,14625,0.87,100,87,"B","G","+",3,1,"-",97,86,"CTCGC","TS54","+dTAG","RepR2","S21","Xist","MSR","other"
"3353",18515,"FJ24-FJ25::chr9:2999602-3038819",14665,14667,0.673,107,72,"B","G","+",10,7,"-",97,65,"CACGT","TS54","+dTAG","RepR2","S21","Xist","MSR","other"
"3354",18516,"FJ24-FJ25::chr9:2999602-3038819",14681,14683,0.856,118,101,"B","G","+",10,9,"-",108,92,"TTCGT","TS54","+dTAG","RepR2","S21","Xist","MSR","other"
"3355",18517,"FJ24-FJ25::chr9:2999602-3038819",14839,14841,1,10,10,"-","G","+",0,0,"-",10,10,"CCGTG","TS54","+dTAG","RepR2","S21","Xist","MSR","other"
"3356",18518,"FJ24-FJ25::chr9:2999602-3038819",14899,14901,1,3,3,"-","G","+",0,0,"-",3,3,"ACGTT","TS54","+dTAG","RepR2","S21","Xist","MSR","other"
"3357",18519,"FJ24-FJ25::chr9:2999602-3038819",15073,15075,0.5,2,1,"-","G","+",0,0,"-",2,1,"TCGTG","TS54","+dTAG","RepR2","S21","Xist","MSR","other"
"3358",18520,"FJ24-FJ25::chr9:2999602-3038819",15091,15093,0.5,2,1,"-","G","+",0,0,"-",2,1,"TCGCC","TS54","+dTAG","RepR2","S21","Xist","MSR","other"
"3359",18521,"FJ24-FJ25::chr9:2999602-3038819",15133,15135,0.857,14,12,"-","G","+",0,0,"-",14,12,"ACGTT","TS54","+dTAG","RepR2","S21","Xist","MSR","other"
"3360",18522,"FJ24-FJ25::chr9:2999602-3038819",15325,15327,0.895,19,17,"-","G","+",0,0,"-",19,17,"TCGCC","TS54","+dTAG","RepR2","S21","Xist","MSR","other"
"3361",18523,"FJ24-FJ25::chr9:2999602-3038819",15384,15386,0.875,8,7,"-","G","+",0,0,"-",8,7,"TCGTC","TS54","+dTAG","RepR2","S21","Xist","MSR","other"
"3362",18524,"FJ24-FJ25::chr9:2999602-3038819",15500,15502,1,5,5,"-","G","+",0,0,"-",5,5,"TCGCT","TS54","+dTAG","RepR2","S21","Xist","MSR","other"
"3363",18525,"FJ24-FJ25::chr9:2999602-3038819",15543,15545,1,1,1,"-","G","+",0,0,"-",1,1,"ACGTT","TS54","+dTAG","RepR2","S21","Xist","MSR","other"
"3364",18526,"FJ24-FJ25::chr9:2999602-3038819",15559,15561,1,2,2,"-","G","+",0,0,"-",2,2,"TCGTC","TS54","+dTAG","RepR2","S21","Xist","MSR","other"
"3365",18527,"FJ24-FJ25::chr9:2999602-3038819",15777,15779,0.754,142,107,"B","G","+",27,15,"-",115,92,"CACGT","TS54","+dTAG","RepR2","S21","Xist","MSR","other"
"3366",18528,"FJ24-FJ25::chr9:2999602-3038819",15793,15795,0.905,148,134,"B","G","+",29,27,"-",119,107,"TTCGT","TS54","+dTAG","RepR2","S21","Xist","MSR","other"
"3367",18529,"FJ24-FJ25::chr9:2999602-3038819",15808,15810,0.809,162,131,"B","G","+",27,23,"-",135,108,"GTCGT","TS54","+dTAG","RepR2","S21","Xist","MSR","other"
"3368",18530,"FJ24-FJ25::chr9:2999602-3038819",15851,15853,0.333,3,1,"B","G","+",2,0,"-",1,1,"CTCGC","TS54","+dTAG","RepR2","S21","Xist","MSR","other"
"3369",18531,"FJ24-FJ25::chr9:2999602-3038819",15951,15953,0.714,14,10,"-","G","+",0,0,"-",14,10,"CCGTG","TS54","+dTAG","RepR2","S21","Xist","MSR","other"
"3370",18532,"FJ24-FJ25::chr9:2999602-3038819",16011,16013,0.667,9,6,"-","G","+",0,0,"-",9,6,"ACGTT","TS54","+dTAG","RepR2","S21","Xist","MSR","other"
"3371",18533,"FJ24-FJ25::chr9:2999602-3038819",16041,16043,1,9,9,"-","G","+",0,0,"-",9,9,"TCGTC","TS54","+dTAG","RepR2","S21","Xist","MSR","other"
"3372",18534,"FJ24-FJ25::chr9:2999602-3038819",16202,16204,1,8,8,"B","G","+",1,1,"-",7,7,"CTCGC","TS54","+dTAG","RepR2","S21","Xist","MSR","other"
"3373",18535,"FJ24-FJ25::chr9:2999602-3038819",16377,16379,0.796,49,39,"B","G","+",2,2,"-",47,37,"CTCGC","TS54","+dTAG","RepR2","S21","Xist","MSR","other"
"3374",18536,"FJ24-FJ25::chr9:2999602-3038819",16419,16421,0.733,60,44,"B","G","+",5,2,"-",55,42,"CACGT","TS54","+dTAG","RepR2","S21","Xist","MSR","other"
"3375",18537,"FJ24-FJ25::chr9:2999602-3038819",16435,16437,0.85,60,51,"B","G","+",6,3,"-",54,48,"TTCGT","TS54","+dTAG","RepR2","S21","Xist","MSR","other"
"3376",18538,"FJ24-FJ25::chr9:2999602-3038819",16593,16595,0.867,15,13,"B","G","+",1,1,"-",14,12,"TCCGT","TS54","+dTAG","RepR2","S21","Xist","MSR","other"
"3377",18539,"FJ24-FJ25::chr9:2999602-3038819",16653,16655,0.333,3,1,"-","G","+",0,0,"-",3,1,"ACGTT","TS54","+dTAG","RepR2","S21","Xist","MSR","other"
"3378",18540,"FJ24-FJ25::chr9:2999602-3038819",16827,16829,1,2,2,"-","G","+",0,0,"-",2,2,"TCGTG","TS54","+dTAG","RepR2","S21","Xist","MSR","other"
"3379",18541,"FJ24-FJ25::chr9:2999602-3038819",16845,16847,0.75,4,3,"-","G","+",0,0,"-",4,3,"TCGCC","TS54","+dTAG","RepR2","S21","Xist","MSR","other"
"3380",18542,"FJ24-FJ25::chr9:2999602-3038819",16887,16889,0.5,10,5,"-","G","+",0,0,"-",10,5,"ACGTT","TS54","+dTAG","RepR2","S21","Xist","MSR","other"
"3381",18543,"FJ24-FJ25::chr9:2999602-3038819",17079,17081,0.9,10,9,"-","G","+",0,0,"-",10,9,"TCGCC","TS54","+dTAG","RepR2","S21","Xist","MSR","other"
"3382",18544,"FJ24-FJ25::chr9:2999602-3038819",17138,17140,0.667,3,2,"-","G","+",0,0,"-",3,2,"TCGTC","TS54","+dTAG","RepR2","S21","Xist","MSR","other"
"3383",18545,"FJ24-FJ25::chr9:2999602-3038819",17254,17256,0.75,4,3,"-","G","+",0,0,"-",4,3,"TCGCT","TS54","+dTAG","RepR2","S21","Xist","MSR","other"
"3384",18546,"FJ24-FJ25::chr9:2999602-3038819",17297,17299,0.5,2,1,"-","G","+",0,0,"-",2,1,"ACGTT","TS54","+dTAG","RepR2","S21","Xist","MSR","other"
"3385",18547,"FJ24-FJ25::chr9:2999602-3038819",17313,17315,1,3,3,"-","G","+",0,0,"-",3,3,"TCGTC","TS54","+dTAG","RepR2","S21","Xist","MSR","other"
"3386",18548,"FJ24-FJ25::chr9:2999602-3038819",17431,17433,0.667,3,2,"-","G","+",0,0,"-",3,2,"TCGCC","TS54","+dTAG","RepR2","S21","Xist","MSR","other"
"3387",18549,"FJ24-FJ25::chr9:2999602-3038819",17471,17473,0.808,542,438,"-","G","+",0,0,"-",542,438,"CCGTG","TS54","+dTAG","RepR2","S21","Xist","MSR","other"
"3388",18550,"FJ24-FJ25::chr9:2999602-3038819",17531,17533,0.672,232,156,"B","G","+",38,24,"-",194,132,"CACGT","TS54","+dTAG","RepR2","S21","Xist","MSR","other"
"3389",18551,"FJ24-FJ25::chr9:2999602-3038819",17547,17549,0.866,239,207,"B","G","+",41,36,"-",198,171,"TTCGT","TS54","+dTAG","RepR2","S21","Xist","MSR","other"
"3390",18552,"FJ24-FJ25::chr9:2999602-3038819",17562,17564,0.784,287,225,"B","G","+",42,37,"-",245,188,"GTCGT","TS54","+dTAG","RepR2","S21","Xist","MSR","other"
"3391",18553,"FJ24-FJ25::chr9:2999602-3038819",17605,17607,0.467,30,14,"B","G","+",7,0,"-",23,14,"CTCGC","TS54","+dTAG","RepR2","S21","Xist","MSR","other"
"3392",18554,"FJ24-FJ25::chr9:2999602-3038819",17705,17707,0.706,17,12,"-","G","+",0,0,"-",17,12,"CCGTG","TS54","+dTAG","RepR2","S21","Xist","MSR","other"
"3393",18555,"FJ24-FJ25::chr9:2999602-3038819",17765,17767,0.7,20,14,"-","G","+",0,0,"-",20,14,"ACGTT","TS54","+dTAG","RepR2","S21","Xist","MSR","other"
"3394",18556,"FJ24-FJ25::chr9:2999602-3038819",17795,17797,0.778,18,14,"-","G","+",0,0,"-",18,14,"TCGTC","TS54","+dTAG","RepR2","S21","Xist","MSR","other"
"3395",18557,"FJ24-FJ25::chr9:2999602-3038819",17956,17958,1,14,14,"B","G","+",1,1,"-",13,13,"CTCGC","TS54","+dTAG","RepR2","S21","Xist","MSR","other"
"3396",18558,"FJ24-FJ25::chr9:2999602-3038819",18131,18133,1,10,10,"-","G","+",0,0,"-",10,10,"TCGCC","TS54","+dTAG","RepR2","S21","Xist","MSR","other"
"3397",18559,"FJ24-FJ25::chr9:2999602-3038819",18174,18176,0.875,8,7,"-","G","+",0,0,"-",8,7,"ACGTT","TS54","+dTAG","RepR2","S21","Xist","MSR","other"
"3398",18560,"FJ24-FJ25::chr9:2999602-3038819",18190,18192,0.778,9,7,"-","G","+",0,0,"-",9,7,"TCGTC","TS54","+dTAG","RepR2","S21","Xist","MSR","other"
"3399",18561,"FJ24-FJ25::chr9:2999602-3038819",18308,18310,0.571,14,8,"-","G","+",0,0,"-",14,8,"TCGCC","TS54","+dTAG","RepR2","S21","Xist","MSR","other"
"3400",18562,"FJ24-FJ25::chr9:2999602-3038819",18348,18350,0.831,2095,1740,"B","G","+",3,2,"-",2092,1738,"TCCGT","TS54","+dTAG","RepR2","S21","Xist","MSR","other"
"3401",18563,"FJ24-FJ25::chr9:2999602-3038819",18408,18410,0.698,1844,1287,"B","G","+",27,16,"-",1817,1271,"CACGT","TS54","+dTAG","RepR2","S21","Xist","MSR","other"
"3402",18564,"FJ24-FJ25::chr9:2999602-3038819",18424,18426,0.887,1688,1497,"B","G","+",27,21,"-",1661,1476,"TTCGT","TS54","+dTAG","RepR2","S21","Xist","MSR","other"
"3403",18565,"FJ24-FJ25::chr9:2999602-3038819",18439,18441,0.804,1937,1557,"B","G","+",35,33,"-",1902,1524,"GTCGT","TS54","+dTAG","RepR2","S21","Xist","MSR","other"
"3404",18566,"FJ24-FJ25::chr9:2999602-3038819",18482,18484,0.351,37,13,"B","G","+",13,0,"-",24,13,"CTCGC","TS54","+dTAG","RepR2","S21","Xist","MSR","other"
"3405",18567,"FJ24-FJ25::chr9:2999602-3038819",18582,18584,0.8,55,44,"-","G","+",0,0,"-",55,44,"CCGTG","TS54","+dTAG","RepR2","S21","Xist","MSR","other"
"3406",18568,"FJ24-FJ25::chr9:2999602-3038819",18642,18644,0.619,42,26,"-","G","+",0,0,"-",42,26,"ACGTT","TS54","+dTAG","RepR2","S21","Xist","MSR","other"
"3407",18569,"FJ24-FJ25::chr9:2999602-3038819",18672,18674,0.756,41,31,"-","G","+",0,0,"-",41,31,"TCGTC","TS54","+dTAG","RepR2","S21","Xist","MSR","other"
"3408",18570,"FJ24-FJ25::chr9:2999602-3038819",18727,18729,0.882,17,15,"B","G","+",11,10,"-",6,5,"CACGT","TS54","+dTAG","RepR2","S21","Xist","MSR","other"
"3409",18571,"FJ24-FJ25::chr9:2999602-3038819",18775,18777,1,19,19,"+","G","+",19,19,"-",0,0,"TTCGC","TS54","+dTAG","RepR2","S21","Xist","MSR","other"
"3410",18572,"FJ24-FJ25::chr9:2999602-3038819",18787,18789,1,18,18,"+","G","+",18,18,"-",0,0,"CACGT","TS54","+dTAG","RepR2","S21","Xist","MSR","other"
"3411",18573,"FJ24-FJ25::chr9:2999602-3038819",18815,18817,0.73,126,92,"B","G","+",12,11,"-",114,81,"TCCGT","TS54","+dTAG","RepR2","S21","Xist","MSR","other"
"3412",18574,"FJ24-FJ25::chr9:2999602-3038819",18833,18835,0.781,114,89,"B","G","+",4,4,"-",110,85,"CTCGC","TS54","+dTAG","RepR2","S21","Xist","MSR","other"
"3413",18575,"FJ24-FJ25::chr9:2999602-3038819",18875,18877,0.706,1708,1206,"B","G","+",8,5,"-",1700,1201,"CACGT","TS54","+dTAG","RepR2","S21","Xist","MSR","other"
"3414",18576,"FJ24-FJ25::chr9:2999602-3038819",18891,18893,0.885,1576,1395,"B","G","+",6,5,"-",1570,1390,"TTCGT","TS54","+dTAG","RepR2","S21","Xist","MSR","other"
"3415",18577,"FJ24-FJ25::chr9:2999602-3038819",18906,18908,0.805,1848,1487,"B","G","+",6,6,"-",1842,1481,"GTCGT","TS54","+dTAG","RepR2","S21","Xist","MSR","other"
"3416",18578,"FJ24-FJ25::chr9:2999602-3038819",19009,19011,0.902,102,92,"B","G","+",1,1,"-",101,91,"CTCGC","TS54","+dTAG","RepR2","S21","Xist","MSR","other"
"3417",18579,"FJ24-FJ25::chr9:2999602-3038819",19021,19023,0.982,112,110,"B","G","+",1,1,"-",111,109,"CACGT","TS54","+dTAG","RepR2","S21","Xist","MSR","other"
"3418",18580,"FJ24-FJ25::chr9:2999602-3038819",19049,19051,0.621,528,328,"B","G","+",8,5,"-",520,323,"TCCGT","TS54","+dTAG","RepR2","S21","Xist","MSR","other"
"3419",18581,"FJ24-FJ25::chr9:2999602-3038819",19109,19111,0.778,9,7,"B","G","+",8,6,"-",1,1,"CACGT","TS54","+dTAG","RepR2","S21","Xist","MSR","other"
"3420",18582,"FJ24-FJ25::chr9:2999602-3038819",19283,19285,0.6,5,3,"-","G","+",0,0,"-",5,3,"TCGTG","TS54","+dTAG","RepR2","S21","Xist","MSR","other"
"3421",18583,"FJ24-FJ25::chr9:2999602-3038819",19301,19303,0.8,10,8,"B","G","+",1,1,"-",9,7,"CTCGC","TS54","+dTAG","RepR2","S21","Xist","MSR","other"
"3422",18584,"FJ24-FJ25::chr9:2999602-3038819",19343,19345,0.444,9,4,"B","G","+",3,0,"-",6,4,"CACGT","TS54","+dTAG","RepR2","S21","Xist","MSR","other"
"3423",18585,"FJ24-FJ25::chr9:2999602-3038819",19535,19537,0.889,9,8,"-","G","+",0,0,"-",9,8,"TCGCA","TS54","+dTAG","RepR2","S21","Xist","MSR","other"
"3424",18586,"FJ24-FJ25::chr9:2999602-3038819",19575,19577,1,10,10,"-","G","+",0,0,"-",10,10,"CCGTG","TS54","+dTAG","RepR2","S21","Xist","MSR","other"
"3425",18587,"FJ24-FJ25::chr9:2999602-3038819",19593,19595,1,6,6,"-","G","+",0,0,"-",6,6,"TCGCC","TS54","+dTAG","RepR2","S21","Xist","MSR","other"
"3426",18588,"FJ24-FJ25::chr9:2999602-3038819",19635,19637,0.826,23,19,"-","G","+",0,0,"-",23,19,"ACGTT","TS54","+dTAG","RepR2","S21","Xist","MSR","other"
"3427",18589,"FJ24-FJ25::chr9:2999602-3038819",19651,19653,1,20,20,"-","G","+",0,0,"-",20,20,"TCGTC","TS54","+dTAG","RepR2","S21","Xist","MSR","other"
"3428",18590,"FJ24-FJ25::chr9:2999602-3038819",19666,19668,0.7,40,28,"-","G","+",0,0,"-",40,28,"TCGTC","TS54","+dTAG","RepR2","S21","Xist","MSR","other"
"3429",18591,"FJ24-FJ25::chr9:2999602-3038819",19721,19723,0.93,43,40,"-","G","+",0,0,"-",43,40,"ACGTC","TS54","+dTAG","RepR2","S21","Xist","MSR","other"
"3430",18592,"FJ24-FJ25::chr9:2999602-3038819",19810,19812,1,2,2,"-","G","+",0,0,"-",2,2,"ACGTT","TS54","+dTAG","RepR2","S21","Xist","MSR","other"
"3431",18593,"FJ24-FJ25::chr9:2999602-3038819",19826,19828,0,2,0,"-","G","+",0,0,"-",2,0,"TCGTC","TS54","+dTAG","RepR2","S21","Xist","MSR","other"
"3432",18594,"FJ24-FJ25::chr9:2999602-3038819",19866,19868,0,4,0,"-","G","+",0,0,"-",4,0,"CCGTG","TS54","+dTAG","RepR2","S21","Xist","MSR","other"
"3433",18595,"FJ24-FJ25::chr9:2999602-3038819",19910,19912,0,3,0,"-","G","+",0,0,"-",3,0,"ACGTT","TS54","+dTAG","RepR2","S21","Xist","MSR","other"
"3434",18596,"FJ24-FJ25::chr9:2999602-3038819",20236,20238,0.733,15,11,"-","G","+",0,0,"-",15,11,"TCGCC","TS54","+dTAG","RepR2","S21","Xist","MSR","other"
"3435",18597,"FJ24-FJ25::chr9:2999602-3038819",20278,20280,0.762,21,16,"B","G","+",1,0,"-",20,16,"CACGT","TS54","+dTAG","RepR2","S21","Xist","MSR","other"
"3436",18598,"FJ24-FJ25::chr9:2999602-3038819",20294,20296,0.895,19,17,"B","G","+",1,1,"-",18,16,"TTCGT","TS54","+dTAG","RepR2","S21","Xist","MSR","other"
"3437",18599,"FJ24-FJ25::chr9:2999602-3038819",20470,20472,1,4,4,"-","G","+",0,0,"-",4,4,"TCGAC","TS54","+dTAG","RepR2","S21","Xist","MSR","other"
"3438",18600,"FJ24-FJ25::chr9:2999602-3038819",20527,20529,0.7,20,14,"-","G","+",0,0,"-",20,14,"TCGTC","TS54","+dTAG","RepR2","S21","Xist","MSR","other"
"3439",18601,"FJ24-FJ25::chr9:2999602-3038819",20645,20647,0.867,15,13,"B","G","+",9,9,"-",6,4,"CTCGC","TS54","+dTAG","RepR2","S21","Xist","MSR","other"
"3440",18602,"FJ24-FJ25::chr9:2999602-3038819",20657,20659,1,14,14,"B","G","+",8,8,"-",6,6,"CACGT","TS54","+dTAG","RepR2","S21","Xist","MSR","other"
"3441",18603,"FJ24-FJ25::chr9:2999602-3038819",20685,20687,0.923,13,12,"B","G","+",6,5,"-",7,7,"TCCGT","TS54","+dTAG","RepR2","S21","Xist","MSR","other"
"3442",18604,"FJ24-FJ25::chr9:2999602-3038819",20703,20705,0.923,13,12,"B","G","+",6,6,"-",7,6,"CTCGC","TS54","+dTAG","RepR2","S21","Xist","MSR","other"
"3443",18605,"FJ24-FJ25::chr9:2999602-3038819",20744,20746,1,1,1,"-","G","+",0,0,"-",1,1,"ACGTT","TS54","+dTAG","RepR2","S21","Xist","MSR","other"
"3444",18606,"FJ24-FJ25::chr9:2999602-3038819",20878,20880,0.778,9,7,"B","G","+",7,5,"-",2,2,"CTCGC","TS54","+dTAG","RepR2","S21","Xist","MSR","other"
"3445",18607,"FJ24-FJ25::chr9:2999602-3038819",20890,20892,0.875,8,7,"B","G","+",6,5,"-",2,2,"CACGT","TS54","+dTAG","RepR2","S21","Xist","MSR","other"
"3446",18608,"FJ24-FJ25::chr9:2999602-3038819",20918,20920,0.846,1375,1163,"B","G","+",7,7,"-",1368,1156,"TCCGT","TS54","+dTAG","RepR2","S21","Xist","MSR","other"
"3447",18609,"FJ24-FJ25::chr9:2999602-3038819",20936,20938,0.86,1424,1224,"B","G","+",4,4,"-",1420,1220,"CTCGC","TS54","+dTAG","RepR2","S21","Xist","MSR","other"
"3448",18610,"FJ24-FJ25::chr9:2999602-3038819",20978,20980,0.72,640,461,"B","G","+",6,3,"-",634,458,"CACGT","TS54","+dTAG","RepR2","S21","Xist","MSR","other"
"3449",18611,"FJ24-FJ25::chr9:2999602-3038819",20994,20996,0.859,978,840,"B","G","+",4,2,"-",974,838,"TTCGT","TS54","+dTAG","RepR2","S21","Xist","MSR","other"
"3450",18612,"FJ24-FJ25::chr9:2999602-3038819",21152,21154,0.786,14,11,"-","G","+",0,0,"-",14,11,"CCGTG","TS54","+dTAG","RepR2","S21","Xist","MSR","other"
"3451",18613,"FJ24-FJ25::chr9:2999602-3038819",21170,21172,0.882,17,15,"-","G","+",0,0,"-",17,15,"TCGCC","TS54","+dTAG","RepR2","S21","Xist","MSR","other"
"3452",18614,"FJ24-FJ25::chr9:2999602-3038819",21228,21230,0.829,398,330,"B","G","+",4,4,"-",394,326,"TTCGT","TS54","+dTAG","RepR2","S21","Xist","MSR","other"
"3453",18615,"FJ24-FJ25::chr9:2999602-3038819",21243,21245,0.832,417,347,"B","G","+",5,4,"-",412,343,"GTCGT","TS54","+dTAG","RepR2","S21","Xist","MSR","other"
"3454",18616,"FJ24-FJ25::chr9:2999602-3038819",21346,21348,0.812,32,26,"-","G","+",0,0,"-",32,26,"TCGCC","TS54","+dTAG","RepR2","S21","Xist","MSR","other"
"3455",18617,"FJ24-FJ25::chr9:2999602-3038819",21404,21406,0.827,139,115,"B","G","+",5,4,"-",134,111,"CTCGC","TS54","+dTAG","RepR2","S21","Xist","MSR","other"
"3456",18618,"FJ24-FJ25::chr9:2999602-3038819",21446,21448,0.727,490,356,"B","G","+",6,2,"-",484,354,"CACGT","TS54","+dTAG","RepR2","S21","Xist","MSR","other"
"3457",18619,"FJ24-FJ25::chr9:2999602-3038819",21462,21464,0.883,523,462,"B","G","+",5,5,"-",518,457,"TTCGT","TS54","+dTAG","RepR2","S21","Xist","MSR","other"
"3458",18620,"FJ24-FJ25::chr9:2999602-3038819",21620,21622,0.444,9,4,"-","G","+",0,0,"-",9,4,"CCGTG","TS54","+dTAG","RepR2","S21","Xist","MSR","other"
"3459",18621,"FJ24-FJ25::chr9:2999602-3038819",21680,21682,1,2,2,"-","G","+",0,0,"-",2,2,"ACGTT","TS54","+dTAG","RepR2","S21","Xist","MSR","other"
"3460",18622,"FJ24-FJ25::chr9:2999602-3038819",21854,21856,0.714,7,5,"B","G","+",1,1,"-",6,4,"TTCGT","TS54","+dTAG","RepR2","S21","Xist","MSR","other"
"3461",18623,"FJ24-FJ25::chr9:2999602-3038819",21872,21874,0.833,6,5,"B","G","+",1,1,"-",5,4,"CTCGC","TS54","+dTAG","RepR2","S21","Xist","MSR","other"
"3462",18624,"FJ24-FJ25::chr9:2999602-3038819",21914,21916,0.867,15,13,"B","G","+",1,1,"-",14,12,"CACGT","TS54","+dTAG","RepR2","S21","Xist","MSR","other"
"3463",18625,"FJ24-FJ25::chr9:2999602-3038819",22106,22108,1,6,6,"-","G","+",0,0,"-",6,6,"TCGCC","TS54","+dTAG","RepR2","S21","Xist","MSR","other"
"3464",18626,"FJ24-FJ25::chr9:2999602-3038819",22165,22167,1,2,2,"-","G","+",0,0,"-",2,2,"TCGTC","TS54","+dTAG","RepR2","S21","Xist","MSR","other"
"3465",18627,"FJ24-FJ25::chr9:2999602-3038819",22281,22283,1,15,15,"-","G","+",0,0,"-",15,15,"TCGCC","TS54","+dTAG","RepR2","S21","Xist","MSR","other"
"3466",18628,"FJ24-FJ25::chr9:2999602-3038819",22324,22326,0.857,7,6,"-","G","+",0,0,"-",7,6,"ACGTT","TS54","+dTAG","RepR2","S21","Xist","MSR","other"
"3467",18629,"FJ24-FJ25::chr9:2999602-3038819",22340,22342,0.875,8,7,"-","G","+",0,0,"-",8,7,"TCGTC","TS54","+dTAG","RepR2","S21","Xist","MSR","other"
"3468",18630,"FJ24-FJ25::chr9:2999602-3038819",22458,22460,0.5,2,1,"-","G","+",0,0,"-",2,1,"TCGCC","TS54","+dTAG","RepR2","S21","Xist","MSR","other"
"3469",18631,"FJ24-FJ25::chr9:2999602-3038819",22498,22500,0.807,581,469,"B","G","+",1,1,"-",580,468,"TCCGT","TS54","+dTAG","RepR2","S21","Xist","MSR","other"
"3470",18632,"FJ24-FJ25::chr9:2999602-3038819",22558,22560,0.652,115,75,"B","G","+",5,4,"-",110,71,"CACGT","TS54","+dTAG","RepR2","S21","Xist","MSR","other"
"3471",18633,"FJ24-FJ25::chr9:2999602-3038819",22574,22576,0.821,112,92,"B","G","+",4,4,"-",108,88,"TTCGT","TS54","+dTAG","RepR2","S21","Xist","MSR","other"
"3472",18634,"FJ24-FJ25::chr9:2999602-3038819",22589,22591,0.831,130,108,"B","G","+",5,3,"-",125,105,"GTCGT","TS54","+dTAG","RepR2","S21","Xist","MSR","other"
"3473",18635,"FJ24-FJ25::chr9:2999602-3038819",22632,22634,0.5,2,1,"B","G","+",1,0,"-",1,1,"CTCGC","TS54","+dTAG","RepR2","S21","Xist","MSR","other"
"3474",18636,"FJ24-FJ25::chr9:2999602-3038819",22692,22694,1,1,1,"-","G","+",0,0,"-",1,1,"TCGCG","TS54","+dTAG","RepR2","S21","Xist","MSR","other"
"3475",18637,"FJ24-FJ25::chr9:2999602-3038819",22732,22734,0.7,10,7,"-","G","+",0,0,"-",10,7,"CCGTG","TS54","+dTAG","RepR2","S21","Xist","MSR","other"
"3476",18638,"FJ24-FJ25::chr9:2999602-3038819",22792,22794,0.429,7,3,"-","G","+",0,0,"-",7,3,"ACGTT","TS54","+dTAG","RepR2","S21","Xist","MSR","other"
"3477",18639,"FJ24-FJ25::chr9:2999602-3038819",22822,22824,0.9,10,9,"-","G","+",0,0,"-",10,9,"TCGTC","TS54","+dTAG","RepR2","S21","Xist","MSR","other"
"3478",18640,"FJ24-FJ25::chr9:2999602-3038819",22877,22879,0.846,13,11,"-","G","+",0,0,"-",13,11,"ACGTC","TS54","+dTAG","RepR2","S21","Xist","MSR","other"
"3479",18641,"FJ24-FJ25::chr9:2999602-3038819",22925,22927,1,1,1,"-","G","+",0,0,"-",1,1,"TCGCC","TS54","+dTAG","RepR2","S21","Xist","MSR","other"
"3480",18642,"FJ24-FJ25::chr9:2999602-3038819",22937,22939,1,2,2,"B","G","+",1,1,"-",1,1,"CACGT","TS54","+dTAG","RepR2","S21","Xist","MSR","other"
"3481",18643,"FJ24-FJ25::chr9:2999602-3038819",22965,22967,0.773,154,119,"B","G","+",6,5,"-",148,114,"TCCGT","TS54","+dTAG","RepR2","S21","Xist","MSR","other"
"3482",18644,"FJ24-FJ25::chr9:2999602-3038819",23025,23027,0.75,8,6,"B","G","+",6,5,"-",2,1,"CACGT","TS54","+dTAG","RepR2","S21","Xist","MSR","other"
"3483",18645,"FJ24-FJ25::chr9:2999602-3038819",23199,23201,1,4,4,"-","G","+",0,0,"-",4,4,"TCGTG","TS54","+dTAG","RepR2","S21","Xist","MSR","other"
"3484",18646,"FJ24-FJ25::chr9:2999602-3038819",23217,23219,0.75,4,3,"-","G","+",0,0,"-",4,3,"TCGCC","TS54","+dTAG","RepR2","S21","Xist","MSR","other"
"3485",18647,"FJ24-FJ25::chr9:2999602-3038819",23259,23261,0.5,10,5,"B","G","+",1,1,"-",9,4,"CACGT","TS54","+dTAG","RepR2","S21","Xist","MSR","other"
"3486",18648,"FJ24-FJ25::chr9:2999602-3038819",23451,23453,0.5,2,1,"-","G","+",0,0,"-",2,1,"TCGCA","TS54","+dTAG","RepR2","S21","Xist","MSR","other"
"3487",18649,"FJ24-FJ25::chr9:2999602-3038819",23510,23512,1,2,2,"-","G","+",0,0,"-",2,2,"TCGTC","TS54","+dTAG","RepR2","S21","Xist","MSR","other"
"3488",18650,"FJ24-FJ25::chr9:2999602-3038819",23626,23628,1,1,1,"-","G","+",0,0,"-",1,1,"TCGCC","TS54","+dTAG","RepR2","S21","Xist","MSR","other"
"3489",18651,"FJ24-FJ25::chr9:2999602-3038819",23669,23671,1,1,1,"-","G","+",0,0,"-",1,1,"ACGTT","TS54","+dTAG","RepR2","S21","Xist","MSR","other"
"3490",18652,"FJ24-FJ25::chr9:2999602-3038819",23685,23687,1,1,1,"-","G","+",0,0,"-",1,1,"TCGTC","TS54","+dTAG","RepR2","S21","Xist","MSR","other"
"3491",18653,"FJ24-FJ25::chr9:2999602-3038819",23843,23845,0.78,501,391,"B","G","+",1,1,"-",500,390,"TCCGT","TS54","+dTAG","RepR2","S21","Xist","MSR","other"
"3492",18654,"FJ24-FJ25::chr9:2999602-3038819",23903,23905,0.617,548,338,"B","G","+",11,8,"-",537,330,"CACGT","TS54","+dTAG","RepR2","S21","Xist","MSR","other"
"3493",18655,"FJ24-FJ25::chr9:2999602-3038819",23934,23936,0.688,599,412,"B","G","+",10,8,"-",589,404,"GTCGT","TS54","+dTAG","RepR2","S21","Xist","MSR","other"
"3494",18656,"FJ24-FJ25::chr9:2999602-3038819",24037,24039,0.68,25,17,"B","G","+",2,2,"-",23,15,"CTCGC","TS54","+dTAG","RepR2","S21","Xist","MSR","other"
"3495",18657,"FJ24-FJ25::chr9:2999602-3038819",24049,24051,0.909,22,20,"B","G","+",1,1,"-",21,19,"CACGT","TS54","+dTAG","RepR2","S21","Xist","MSR","other"
"3496",18658,"FJ24-FJ25::chr9:2999602-3038819",24077,24079,0.59,415,245,"B","G","+",9,8,"-",406,237,"TCCGT","TS54","+dTAG","RepR2","S21","Xist","MSR","other"
"3497",18659,"FJ24-FJ25::chr9:2999602-3038819",24137,24139,0.773,22,17,"B","G","+",11,8,"-",11,9,"CACGT","TS54","+dTAG","RepR2","S21","Xist","MSR","other"
"3498",18660,"FJ24-FJ25::chr9:2999602-3038819",24271,24273,0.833,6,5,"-","G","+",0,0,"-",6,5,"TCGCC","TS54","+dTAG","RepR2","S21","Xist","MSR","other"
"3499",18661,"FJ24-FJ25::chr9:2999602-3038819",24283,24285,0.667,6,4,"-","G","+",0,0,"-",6,4,"ACGTC","TS54","+dTAG","RepR2","S21","Xist","MSR","other"
"3500",18662,"FJ24-FJ25::chr9:2999602-3038819",24311,24313,0.909,22,20,"-","G","+",0,0,"-",22,20,"CCGTG","TS54","+dTAG","RepR2","S21","Xist","MSR","other"
"3501",18663,"FJ24-FJ25::chr9:2999602-3038819",24329,24331,0.846,26,22,"-","G","+",0,0,"-",26,22,"TCGCC","TS54","+dTAG","RepR2","S21","Xist","MSR","other"
"3502",18664,"FJ24-FJ25::chr9:2999602-3038819",24370,24372,0.882,17,15,"-","G","+",0,0,"-",17,15,"ACGTT","TS54","+dTAG","RepR2","S21","Xist","MSR","other"
"3503",18665,"FJ24-FJ25::chr9:2999602-3038819",24504,24506,0.795,39,31,"B","G","+",5,5,"-",34,26,"CTCGC","TS54","+dTAG","RepR2","S21","Xist","MSR","other"
"3504",18666,"FJ24-FJ25::chr9:2999602-3038819",24516,24518,0.867,45,39,"B","G","+",12,11,"-",33,28,"CACGT","TS54","+dTAG","RepR2","S21","Xist","MSR","other"
"3505",18667,"FJ24-FJ25::chr9:2999602-3038819",24544,24546,0.852,1907,1624,"B","G","+",16,15,"-",1891,1609,"TCCGT","TS54","+dTAG","RepR2","S21","Xist","MSR","other"
"3506",18668,"FJ24-FJ25::chr9:2999602-3038819",24562,24564,0.856,1879,1609,"B","G","+",18,17,"-",1861,1592,"CTCGC","TS54","+dTAG","RepR2","S21","Xist","MSR","other"
"3507",18669,"FJ24-FJ25::chr9:2999602-3038819",24604,24606,0.699,1371,958,"B","G","+",13,6,"-",1358,952,"CACGT","TS54","+dTAG","RepR2","S21","Xist","MSR","other"
"3508",18670,"FJ24-FJ25::chr9:2999602-3038819",24620,24622,0.878,1285,1128,"B","G","+",1,0,"-",1284,1128,"TTCGA","TS54","+dTAG","RepR2","S21","Xist","MSR","other"
"3509",18671,"FJ24-FJ25::chr9:2999602-3038819",24718,24720,1,1,1,"+","G","+",1,1,"-",0,0,"TTCGA","TS54","+dTAG","RepR2","S21","Xist","MSR","other"
"3510",18672,"FJ24-FJ25::chr9:2999602-3038819",24738,24740,1,1,1,"+","G","+",1,1,"-",0,0,"CTCGC","TS54","+dTAG","RepR2","S21","Xist","MSR","other"
"3511",18673,"FJ24-FJ25::chr9:2999602-3038819",24778,24780,0.864,1406,1215,"B","G","+",29,25,"-",1377,1190,"TCCGT","TS54","+dTAG","RepR2","S21","Xist","MSR","other"
"3512",18674,"FJ24-FJ25::chr9:2999602-3038819",24796,24798,0.815,1431,1166,"B","G","+",50,46,"-",1381,1120,"CTCGC","TS54","+dTAG","RepR2","S21","Xist","MSR","other"
"3513",18675,"FJ24-FJ25::chr9:2999602-3038819",24838,24840,0.714,2921,2085,"B","G","+",77,56,"-",2844,2029,"CACGT","TS54","+dTAG","RepR2","S21","Xist","MSR","other"
"3514",18676,"FJ24-FJ25::chr9:2999602-3038819",24854,24856,0.888,2740,2432,"B","G","+",70,62,"-",2670,2370,"TTCGT","TS54","+dTAG","RepR2","S21","Xist","MSR","other"
"3515",18677,"FJ24-FJ25::chr9:2999602-3038819",24869,24871,0.819,2879,2357,"B","G","+",71,64,"-",2808,2293,"GTCGT","TS54","+dTAG","RepR2","S21","Xist","MSR","other"
"3516",18678,"FJ24-FJ25::chr9:2999602-3038819",24972,24974,0.809,47,38,"B","G","+",1,1,"-",46,37,"CTCGC","TS54","+dTAG","RepR2","S21","Xist","MSR","other"
"3517",18679,"FJ24-FJ25::chr9:2999602-3038819",24984,24986,0.909,44,40,"-","G","+",0,0,"-",44,40,"ACGTC","TS54","+dTAG","RepR2","S21","Xist","MSR","other"
"3518",18680,"FJ24-FJ25::chr9:2999602-3038819",25012,25014,0.57,433,247,"-","G","+",0,0,"-",433,247,"CCGTG","TS54","+dTAG","RepR2","S21","Xist","MSR","other"
"3519",18681,"FJ24-FJ25::chr9:2999602-3038819",25246,25248,1,13,13,"-","G","+",0,0,"-",13,13,"CCGTG","TS54","+dTAG","RepR2","S21","Xist","MSR","other"
"3520",18682,"FJ24-FJ25::chr9:2999602-3038819",25264,25266,0.875,8,7,"-","G","+",0,0,"-",8,7,"TCGCC","TS54","+dTAG","RepR2","S21","Xist","MSR","other"
"3521",18683,"FJ24-FJ25::chr9:2999602-3038819",25305,25307,1,2,2,"-","G","+",0,0,"-",2,2,"ACGTT","TS54","+dTAG","RepR2","S21","Xist","MSR","other"
"3522",18684,"FJ24-FJ25::chr9:2999602-3038819",25439,25441,1,2,2,"-","G","+",0,0,"-",2,2,"TCGCC","TS54","+dTAG","RepR2","S21","Xist","MSR","other"
"3523",18685,"FJ24-FJ25::chr9:2999602-3038819",25451,25453,1,2,2,"-","G","+",0,0,"-",2,2,"ACGTC","TS54","+dTAG","RepR2","S21","Xist","MSR","other"
"3524",18686,"FJ24-FJ25::chr9:2999602-3038819",25479,25481,0.842,19,16,"B","G","+",3,3,"-",16,13,"TCCGT","TS54","+dTAG","RepR2","S21","Xist","MSR","other"
"3525",18687,"FJ24-FJ25::chr9:2999602-3038819",25497,25499,0.8,20,16,"B","G","+",5,5,"-",15,11,"CTCGC","TS54","+dTAG","RepR2","S21","Xist","MSR","other"
"3526",18688,"FJ24-FJ25::chr9:2999602-3038819",25539,25541,0.588,17,10,"B","G","+",4,3,"-",13,7,"CACGT","TS54","+dTAG","RepR2","S21","Xist","MSR","other"
"3527",18689,"FJ24-FJ25::chr9:2999602-3038819",25555,25557,0.833,18,15,"B","G","+",4,3,"-",14,12,"TTCGA","TS54","+dTAG","RepR2","S21","Xist","MSR","other"
"3528",18690,"FJ24-FJ25::chr9:2999602-3038819",25713,25715,0,1,0,"-","G","+",0,0,"-",1,0,"CCGTG","TS54","+dTAG","RepR2","S21","Xist","MSR","other"
"3529",18691,"FJ24-FJ25::chr9:2999602-3038819",25773,25775,1,1,1,"-","G","+",0,0,"-",1,1,"ACGTT","TS54","+dTAG","RepR2","S21","Xist","MSR","other"
"3530",18692,"FJ24-FJ25::chr9:2999602-3038819",25789,25791,1,1,1,"-","G","+",0,0,"-",1,1,"TCGTC","TS54","+dTAG","RepR2","S21","Xist","MSR","other"
"3531",18693,"FJ24-FJ25::chr9:2999602-3038819",25906,25908,0.917,12,11,"B","G","+",5,4,"-",7,7,"CTCGC","TS54","+dTAG","RepR2","S21","Xist","MSR","other"
"3532",18694,"FJ24-FJ25::chr9:2999602-3038819",25918,25920,0.615,13,8,"B","G","+",5,2,"-",8,6,"CACGT","TS54","+dTAG","RepR2","S21","Xist","MSR","other"
"3533",18695,"FJ24-FJ25::chr9:2999602-3038819",25946,25948,0.855,574,491,"B","G","+",7,7,"-",567,484,"TCCGT","TS54","+dTAG","RepR2","S21","Xist","MSR","other"
"3534",18696,"FJ24-FJ25::chr9:2999602-3038819",25964,25966,0.832,582,484,"B","G","+",8,5,"-",574,479,"CTCGC","TS54","+dTAG","RepR2","S21","Xist","MSR","other"
"3535",18697,"FJ24-FJ25::chr9:2999602-3038819",26006,26008,0.59,105,62,"B","G","+",2,2,"-",103,60,"CACGT","TS54","+dTAG","RepR2","S21","Xist","MSR","other"
"3536",18698,"FJ24-FJ25::chr9:2999602-3038819",26140,26142,1,5,5,"-","G","+",0,0,"-",5,5,"TCGCC","TS54","+dTAG","RepR2","S21","Xist","MSR","other"
"3537",18699,"FJ24-FJ25::chr9:2999602-3038819",26198,26200,0.829,164,136,"B","G","+",3,3,"-",161,133,"CTCGC","TS54","+dTAG","RepR2","S21","Xist","MSR","other"
"3538",18700,"FJ24-FJ25::chr9:2999602-3038819",26240,26242,0.656,215,141,"B","G","+",6,0,"-",209,141,"CACGT","TS54","+dTAG","RepR2","S21","Xist","MSR","other"
"3539",18701,"FJ24-FJ25::chr9:2999602-3038819",26256,26258,0.838,185,155,"B","G","+",5,3,"-",180,152,"TTCGT","TS54","+dTAG","RepR2","S21","Xist","MSR","other"
"3540",18702,"FJ24-FJ25::chr9:2999602-3038819",26414,26416,0.875,16,14,"-","G","+",0,0,"-",16,14,"CCGTG","TS54","+dTAG","RepR2","S21","Xist","MSR","other"
"3541",18703,"FJ24-FJ25::chr9:2999602-3038819",26474,26476,0.667,9,6,"-","G","+",0,0,"-",9,6,"ACGTT","TS54","+dTAG","RepR2","S21","Xist","MSR","other"
"3542",18704,"FJ24-FJ25::chr9:2999602-3038819",26648,26650,1,6,6,"-","G","+",0,0,"-",6,6,"TCGTG","TS54","+dTAG","RepR2","S21","Xist","MSR","other"
"3543",18705,"FJ24-FJ25::chr9:2999602-3038819",26666,26668,1,5,5,"-","G","+",0,0,"-",5,5,"TCGCC","TS54","+dTAG","RepR2","S21","Xist","MSR","other"
"3544",18706,"FJ24-FJ25::chr9:2999602-3038819",26708,26710,0.644,45,29,"B","G","+",1,0,"-",44,29,"CACGT","TS54","+dTAG","RepR2","S21","Xist","MSR","other"
"3545",18707,"FJ24-FJ25::chr9:2999602-3038819",26943,26945,1,1,1,"-","G","+",0,0,"-",1,1,"ACGTT","TS54","+dTAG","RepR2","S21","Xist","MSR","other"
"3546",18708,"FJ24-FJ25::chr9:2999602-3038819",27117,27119,0.778,9,7,"-","G","+",0,0,"-",9,7,"TCGTT","TS54","+dTAG","RepR2","S21","Xist","MSR","other"
"3547",18709,"FJ24-FJ25::chr9:2999602-3038819",27177,27179,0.5,6,3,"-","G","+",0,0,"-",6,3,"ACGTT","TS54","+dTAG","RepR2","S21","Xist","MSR","other"
"3548",18710,"FJ24-FJ25::chr9:2999602-3038819",27193,27195,1,9,9,"-","G","+",0,0,"-",9,9,"TCGTC","TS54","+dTAG","RepR2","S21","Xist","MSR","other"
"3549",18711,"FJ24-FJ25::chr9:2999602-3038819",27208,27210,0.625,8,5,"-","G","+",0,0,"-",8,5,"TCGTC","TS54","+dTAG","RepR2","S21","Xist","MSR","other"
"3550",18712,"FJ24-FJ25::chr9:2999602-3038819",27497,27499,1,1,1,"+","G","+",1,1,"-",0,0,"CACGT","TS54","+dTAG","RepR2","S21","Xist","MSR","other"
"3551",18713,"FJ24-FJ25::chr9:2999602-3038819",27545,27547,1,1,1,"+","G","+",1,1,"-",0,0,"TTCGC","TS54","+dTAG","RepR2","S21","Xist","MSR","other"
"3552",18714,"FJ24-FJ25::chr9:2999602-3038819",27557,27559,1,2,2,"+","G","+",2,2,"-",0,0,"CACGT","TS54","+dTAG","RepR2","S21","Xist","MSR","other"
"3553",18715,"FJ24-FJ25::chr9:2999602-3038819",27645,27647,0.667,9,6,"-","G","+",0,0,"-",9,6,"ACGTT","TS54","+dTAG","RepR2","S21","Xist","MSR","other"
"3554",18716,"FJ24-FJ25::chr9:2999602-3038819",27661,27663,1,10,10,"-","G","+",0,0,"-",10,10,"TCGTC","TS54","+dTAG","RepR2","S21","Xist","MSR","other"
"3555",18717,"FJ24-FJ25::chr9:2999602-3038819",27837,27839,1,2,2,"-","G","+",0,0,"-",2,2,"TCGCC","TS54","+dTAG","RepR2","S21","Xist","MSR","other"
"3556",18718,"FJ24-FJ25::chr9:2999602-3038819",27879,27881,0.857,7,6,"-","G","+",0,0,"-",7,6,"ACGTT","TS54","+dTAG","RepR2","S21","Xist","MSR","other"
"3557",18719,"FJ24-FJ25::chr9:2999602-3038819",27895,27897,1,7,7,"-","G","+",0,0,"-",7,7,"TCGTC","TS54","+dTAG","RepR2","S21","Xist","MSR","other"
"3558",18720,"FJ24-FJ25::chr9:2999602-3038819",27910,27912,0.667,9,6,"-","G","+",0,0,"-",9,6,"ACGTC","TS54","+dTAG","RepR2","S21","Xist","MSR","other"
"3559",18721,"FJ24-FJ25::chr9:2999602-3038819",28013,28015,0.5,2,1,"B","G","+",1,1,"-",1,0,"CTCGC","TS54","+dTAG","RepR2","S21","Xist","MSR","other"
"3560",18722,"FJ24-FJ25::chr9:2999602-3038819",28025,28027,1,1,1,"+","G","+",1,1,"-",0,0,"CACGT","TS54","+dTAG","RepR2","S21","Xist","MSR","other"
"3561",18723,"FJ24-FJ25::chr9:2999602-3038819",28053,28055,0.444,27,12,"B","G","+",1,1,"-",26,11,"TCCGT","TS54","+dTAG","RepR2","S21","Xist","MSR","other"
"3562",18724,"FJ24-FJ25::chr9:2999602-3038819",28247,28249,1,1,1,"+","G","+",1,1,"-",0,0,"CTCGC","TS54","+dTAG","RepR2","S21","Xist","MSR","other"
"3563",18725,"FJ24-FJ25::chr9:2999602-3038819",28287,28289,0.857,14,12,"B","G","+",2,2,"-",12,10,"TCCGT","TS54","+dTAG","RepR2","S21","Xist","MSR","other"
"3564",18726,"FJ24-FJ25::chr9:2999602-3038819",28347,28349,0.444,9,4,"-","G","+",0,0,"-",9,4,"ACGTT","TS54","+dTAG","RepR2","S21","Xist","MSR","other"
"3565",18727,"FJ24-FJ25::chr9:2999602-3038819",28481,28483,1,1,1,"-","G","+",0,0,"-",1,1,"TCGCC","TS54","+dTAG","RepR2","S21","Xist","MSR","other"
"3566",18728,"FJ24-FJ25::chr9:2999602-3038819",28521,28523,0.745,325,242,"-","G","+",0,0,"-",325,242,"CCGTG","TS54","+dTAG","RepR2","S21","Xist","MSR","other"
"3567",18729,"FJ24-FJ25::chr9:2999602-3038819",28581,28583,0.8,30,24,"-","G","+",0,0,"-",30,24,"ACGTT","TS54","+dTAG","RepR2","S21","Xist","MSR","other"
"3568",18730,"FJ24-FJ25::chr9:2999602-3038819",28597,28599,0.88,25,22,"-","G","+",0,0,"-",25,22,"TCGTC","TS54","+dTAG","RepR2","S21","Xist","MSR","other"
"3569",18731,"FJ24-FJ25::chr9:2999602-3038819",28755,28757,0.667,3,2,"-","G","+",0,0,"-",3,2,"TCGTT","TS54","+dTAG","RepR2","S21","Xist","MSR","other"
"3570",18732,"FJ24-FJ25::chr9:2999602-3038819",28815,28817,1,2,2,"-","G","+",0,0,"-",2,2,"ACGTT","TS54","+dTAG","RepR2","S21","Xist","MSR","other"
"3571",18733,"FJ24-FJ25::chr9:2999602-3038819",28846,28848,0.333,3,1,"-","G","+",0,0,"-",3,1,"TCGTC","TS54","+dTAG","RepR2","S21","Xist","MSR","other"
"3572",18734,"FJ24-FJ25::chr9:2999602-3038819",28901,28903,1,8,8,"B","G","+",3,3,"-",5,5,"CACGT","TS54","+dTAG","RepR2","S21","Xist","MSR","other"
"3573",18735,"FJ24-FJ25::chr9:2999602-3038819",28949,28951,1,8,8,"B","G","+",6,6,"-",2,2,"CTCGC","TS54","+dTAG","RepR2","S21","Xist","MSR","other"
"3574",18736,"FJ24-FJ25::chr9:2999602-3038819",28961,28963,1,6,6,"+","G","+",6,6,"-",0,0,"CACGT","TS54","+dTAG","RepR2","S21","Xist","MSR","other"
"3575",18737,"FJ24-FJ25::chr9:2999602-3038819",29049,29051,0.722,18,13,"-","G","+",0,0,"-",18,13,"ACGTT","TS54","+dTAG","RepR2","S21","Xist","MSR","other"
"3576",18738,"FJ24-FJ25::chr9:2999602-3038819",29065,29067,0.833,18,15,"-","G","+",0,0,"-",18,15,"TCGTC","TS54","+dTAG","RepR2","S21","Xist","MSR","other"
"3577",18739,"FJ24-FJ25::chr9:2999602-3038819",29223,29225,0.788,278,219,"-","G","+",0,0,"-",278,219,"CCGTG","TS54","+dTAG","RepR2","S21","Xist","MSR","other"
"3578",18740,"FJ24-FJ25::chr9:2999602-3038819",29283,29285,0.667,3,2,"-","G","+",0,0,"-",3,2,"ACGTT","TS54","+dTAG","RepR2","S21","Xist","MSR","other"
"3579",18741,"FJ24-FJ25::chr9:2999602-3038819",29429,29431,1,2,2,"B","G","+",1,1,"-",1,1,"CACGT","TS54","+dTAG","RepR2","S21","Xist","MSR","other"
"3580",18742,"FJ24-FJ25::chr9:2999602-3038819",29457,29459,0.667,3,2,"B","G","+",1,1,"-",2,1,"TCCGT","TS54","+dTAG","RepR2","S21","Xist","MSR","other"
"3581",18743,"FJ24-FJ25::chr9:2999602-3038819",29517,29519,1,1,1,"-","G","+",0,0,"-",1,1,"ACGTT","TS54","+dTAG","RepR2","S21","Xist","MSR","other"
"3582",18744,"FJ24-FJ25::chr9:2999602-3038819",29692,29694,0.75,4,3,"-","G","+",0,0,"-",4,3,"TCGTG","TS54","+dTAG","RepR2","S21","Xist","MSR","other"
"3583",18745,"FJ24-FJ25::chr9:2999602-3038819",29710,29712,1,4,4,"-","G","+",0,0,"-",4,4,"TCGCC","TS54","+dTAG","RepR2","S21","Xist","MSR","other"
"3584",18746,"FJ24-FJ25::chr9:2999602-3038819",29752,29754,0.7,10,7,"-","G","+",0,0,"-",10,7,"ACGTT","TS54","+dTAG","RepR2","S21","Xist","MSR","other"
"3585",18747,"FJ24-FJ25::chr9:2999602-3038819",30121,30123,1,3,3,"B","G","+",1,1,"-",2,2,"CTCGC","TS54","+dTAG","RepR2","S21","Xist","MSR","other"
"3586",18748,"FJ24-FJ25::chr9:2999602-3038819",30133,30135,1,2,2,"B","G","+",1,1,"-",1,1,"CACGT","TS54","+dTAG","RepR2","S21","Xist","MSR","other"
"3587",18749,"FJ24-FJ25::chr9:2999602-3038819",30221,30223,0.594,96,57,"B","G","+",1,1,"-",95,56,"CACGT","TS54","+dTAG","RepR2","S21","Xist","MSR","other"
"3588",18750,"FJ24-FJ25::chr9:2999602-3038819",30237,30239,0.783,92,72,"-","G","+",0,0,"-",92,72,"TCGTC","TS54","+dTAG","RepR2","S21","Xist","MSR","other"
"3589",18751,"FJ24-FJ25::chr9:2999602-3038819",30252,30254,0.755,102,77,"B","G","+",1,1,"-",101,76,"GTCGT","TS54","+dTAG","RepR2","S21","Xist","MSR","other"
"3590",18752,"FJ24-FJ25::chr9:2999602-3038819",30395,30397,1,2,2,"-","G","+",0,0,"-",2,2,"TCGTT","TS54","+dTAG","RepR2","S21","Xist","MSR","other"
"3591",18753,"FJ24-FJ25::chr9:2999602-3038819",30590,30592,1,3,3,"+","G","+",3,3,"-",0,0,"CTCGC","TS54","+dTAG","RepR2","S21","Xist","MSR","other"
"3592",18754,"FJ24-FJ25::chr9:2999602-3038819",30602,30604,1,2,2,"+","G","+",2,2,"-",0,0,"CACGT","TS54","+dTAG","RepR2","S21","Xist","MSR","other"
"3593",18755,"FJ24-FJ25::chr9:2999602-3038819",30690,30692,0.812,16,13,"B","G","+",1,1,"-",15,12,"CACGT","TS54","+dTAG","RepR2","S21","Xist","MSR","other"
"3594",18756,"FJ24-FJ25::chr9:2999602-3038819",30706,30708,0.929,14,13,"B","G","+",1,1,"-",13,12,"TTCGT","TS54","+dTAG","RepR2","S21","Xist","MSR","other"
"3595",18757,"FJ24-FJ25::chr9:2999602-3038819",30882,30884,1,2,2,"-","G","+",0,0,"-",2,2,"TCGCC","TS54","+dTAG","RepR2","S21","Xist","MSR","other"
"3596",18758,"FJ24-FJ25::chr9:2999602-3038819",30924,30926,0.554,65,36,"-","G","+",0,0,"-",65,36,"ACGTT","TS54","+dTAG","RepR2","S21","Xist","MSR","other"
"3597",18759,"FJ24-FJ25::chr9:2999602-3038819",30940,30942,0.817,71,58,"-","G","+",0,0,"-",71,58,"TCGTC","TS54","+dTAG","RepR2","S21","Xist","MSR","other"
"3598",18760,"FJ24-FJ25::chr9:2999602-3038819",30955,30957,0.813,75,61,"-","G","+",0,0,"-",75,61,"ACGTC","TS54","+dTAG","RepR2","S21","Xist","MSR","other"
"3599",18761,"FJ24-FJ25::chr9:2999602-3038819",31058,31060,1,2,2,"-","G","+",0,0,"-",2,2,"TCGCC","TS54","+dTAG","RepR2","S21","Xist","MSR","other"
"3600",18762,"FJ24-FJ25::chr9:2999602-3038819",31070,31072,1,1,1,"-","G","+",0,0,"-",1,1,"ACGTC","TS54","+dTAG","RepR2","S21","Xist","MSR","other"
"3601",18763,"FJ24-FJ25::chr9:2999602-3038819",31098,31100,0.857,14,12,"-","G","+",0,0,"-",14,12,"CCGTG","TS54","+dTAG","RepR2","S21","Xist","MSR","other"
"3602",18764,"FJ24-FJ25::chr9:2999602-3038819",31158,31160,1,3,3,"-","G","+",0,0,"-",3,3,"ACGTT","TS54","+dTAG","RepR2","S21","Xist","MSR","other"
"3603",18765,"FJ24-FJ25::chr9:2999602-3038819",31292,31294,1,2,2,"-","G","+",0,0,"-",2,2,"TCGCC","TS54","+dTAG","RepR2","S21","Xist","MSR","other"
"3604",18766,"FJ24-FJ25::chr9:2999602-3038819",31304,31306,0,2,0,"-","G","+",0,0,"-",2,0,"ACGTG","TS54","+dTAG","RepR2","S21","Xist","MSR","other"
"3605",18767,"FJ24-FJ25::chr9:2999602-3038819",31392,31394,0,2,0,"+","G","+",2,0,"-",0,0,"CACGT","TS54","+dTAG","RepR2","S21","Xist","MSR","other"
"3606",18768,"FJ24-FJ25::chr9:2999602-3038819",31639,31641,1,1,1,"-","G","+",0,0,"-",1,1,"TCGCC","TS54","+dTAG","RepR2","S21","Xist","MSR","other"
"3607",18769,"FJ24-FJ25::chr9:2999602-3038819",31679,31681,0.585,349,204,"B","G","+",1,1,"-",348,203,"TCCGT","TS54","+dTAG","RepR2","S21","Xist","MSR","other"
"3608",18770,"FJ24-FJ25::chr9:2999602-3038819",31739,31741,0.575,40,23,"B","G","+",4,4,"-",36,19,"CACGT","TS54","+dTAG","RepR2","S21","Xist","MSR","other"
"3609",18771,"FJ24-FJ25::chr9:2999602-3038819",31755,31757,0.921,38,35,"B","G","+",3,3,"-",35,32,"TTCGT","TS54","+dTAG","RepR2","S21","Xist","MSR","other"
"3610",18772,"FJ24-FJ25::chr9:2999602-3038819",31913,31915,1,4,4,"-","G","+",0,0,"-",4,4,"TCGTT","TS54","+dTAG","RepR2","S21","Xist","MSR","other"
"3611",18773,"FJ24-FJ25::chr9:2999602-3038819",31973,31975,0.75,4,3,"-","G","+",0,0,"-",4,3,"ACGTT","TS54","+dTAG","RepR2","S21","Xist","MSR","other"
"3612",18774,"FJ24-FJ25::chr9:2999602-3038819",32004,32006,0.5,4,2,"-","G","+",0,0,"-",4,2,"TCGTC","TS54","+dTAG","RepR2","S21","Xist","MSR","other"
"3613",18775,"FJ24-FJ25::chr9:2999602-3038819",32059,32061,0,1,0,"-","G","+",0,0,"-",1,0,"ACGTC","TS54","+dTAG","RepR2","S21","Xist","MSR","other"
"3614",18776,"FJ24-FJ25::chr9:2999602-3038819",32107,32109,1,2,2,"B","G","+",1,1,"-",1,1,"CTCGC","TS54","+dTAG","RepR2","S21","Xist","MSR","other"
"3615",18777,"FJ24-FJ25::chr9:2999602-3038819",32119,32121,0,1,0,"-","G","+",0,0,"-",1,0,"ACGTC","TS54","+dTAG","RepR2","S21","Xist","MSR","other"
"3616",18778,"FJ24-FJ25::chr9:2999602-3038819",32207,32209,0.68,25,17,"B","G","+",1,1,"-",24,16,"CACGT","TS54","+dTAG","RepR2","S21","Xist","MSR","other"
"3617",18779,"FJ24-FJ25::chr9:2999602-3038819",32223,32225,0.733,30,22,"B","G","+",2,2,"-",28,20,"TTCGT","TS54","+dTAG","RepR2","S21","Xist","MSR","other"
"3618",18780,"FJ24-FJ25::chr9:2999602-3038819",32353,32355,1,1,1,"+","G","+",1,1,"-",0,0,"CACGT","TS54","+dTAG","RepR2","S21","Xist","MSR","other"
"3619",18781,"FJ24-FJ25::chr9:2999602-3038819",32399,32401,1,1,1,"+","G","+",1,1,"-",0,0,"CTCGC","TS54","+dTAG","RepR2","S21","Xist","MSR","other"
"3620",18782,"FJ24-FJ25::chr9:2999602-3038819",32441,32443,0.6,15,9,"B","G","+",1,0,"-",14,9,"CACGT","TS54","+dTAG","RepR2","S21","Xist","MSR","other"
"3621",18783,"FJ24-FJ25::chr9:2999602-3038819",32457,32459,0.75,16,12,"-","G","+",0,0,"-",16,12,"TCGTC","TS54","+dTAG","RepR2","S21","Xist","MSR","other"
"3622",18784,"FJ24-FJ25::chr9:2999602-3038819",32472,32474,0.692,13,9,"-","G","+",0,0,"-",13,9,"ACGTC","TS54","+dTAG","RepR2","S21","Xist","MSR","other"
"3623",18785,"FJ24-FJ25::chr9:2999602-3038819",32575,32577,0,1,0,"-","G","+",0,0,"-",1,0,"TCGCC","TS54","+dTAG","RepR2","S21","Xist","MSR","other"
"3624",18786,"FJ24-FJ25::chr9:2999602-3038819",32615,32617,0.676,34,23,"-","G","+",0,0,"-",34,23,"CCGTG","TS54","+dTAG","RepR2","S21","Xist","MSR","other"
"3625",18787,"FJ24-FJ25::chr9:2999602-3038819",32675,32677,0.667,15,10,"B","G","+",2,2,"-",13,8,"CACGT","TS54","+dTAG","RepR2","S21","Xist","MSR","other"
"3626",18788,"FJ24-FJ25::chr9:2999602-3038819",32821,32823,1,2,2,"B","G","+",1,1,"-",1,1,"CACGT","TS54","+dTAG","RepR2","S21","Xist","MSR","other"
"3627",18789,"FJ24-FJ25::chr9:2999602-3038819",32849,32851,0.78,127,99,"B","G","+",1,1,"-",126,98,"TCCGT","TS54","+dTAG","RepR2","S21","Xist","MSR","other"
"3628",18790,"FJ24-FJ25::chr9:2999602-3038819",32867,32869,0.819,127,104,"B","G","+",1,1,"-",126,103,"CTCGC","TS54","+dTAG","RepR2","S21","Xist","MSR","other"
"3629",18791,"FJ24-FJ25::chr9:2999602-3038819",32909,32911,0.583,60,35,"-","G","+",0,0,"-",60,35,"ACGTT","TS54","+dTAG","RepR2","S21","Xist","MSR","other"
"3630",18792,"FJ24-FJ25::chr9:2999602-3038819",33043,33045,0.5,4,2,"-","G","+",0,0,"-",4,2,"TCGCC","TS54","+dTAG","RepR2","S21","Xist","MSR","other"
"3631",18793,"FJ24-FJ25::chr9:2999602-3038819",33277,33279,1,1,1,"-","G","+",0,0,"-",1,1,"TCGCC","TS54","+dTAG","RepR2","S21","Xist","MSR","other"
"3632",18794,"FJ24-FJ25::chr9:2999602-3038819",33289,33291,1,1,1,"-","G","+",0,0,"-",1,1,"ACGTC","TS54","+dTAG","RepR2","S21","Xist","MSR","other"
"3633",18795,"FJ24-FJ25::chr9:2999602-3038819",33317,33319,0.5,2,1,"-","G","+",0,0,"-",2,1,"CCGTG","TS54","+dTAG","RepR2","S21","Xist","MSR","other"
"3634",18796,"FJ24-FJ25::chr9:2999602-3038819",33335,33337,1,1,1,"-","G","+",0,0,"-",1,1,"TCGCC","TS54","+dTAG","RepR2","S21","Xist","MSR","other"
"3635",18797,"FJ24-FJ25::chr9:2999602-3038819",33376,33378,0,1,0,"-","G","+",0,0,"-",1,0,"ACGTT","TS54","+dTAG","RepR2","S21","Xist","MSR","other"
"3636",18798,"FJ24-FJ25::chr9:2999602-3038819",33510,33512,0.5,4,2,"B","G","+",3,1,"-",1,1,"CTCGC","TS54","+dTAG","RepR2","S21","Xist","MSR","other"
"3637",18799,"FJ24-FJ25::chr9:2999602-3038819",33522,33524,1,3,3,"+","G","+",3,3,"-",0,0,"CACGT","TS54","+dTAG","RepR2","S21","Xist","MSR","other"
"3638",18800,"FJ24-FJ25::chr9:2999602-3038819",33550,33552,1,16,16,"B","G","+",2,2,"-",14,14,"TCCGT","TS54","+dTAG","RepR2","S21","Xist","MSR","other"
"3639",18801,"FJ24-FJ25::chr9:2999602-3038819",33568,33570,0.933,15,14,"-","G","+",0,0,"-",15,14,"TCGCC","TS54","+dTAG","RepR2","S21","Xist","MSR","other"
"3640",18802,"FJ24-FJ25::chr9:2999602-3038819",33610,33612,0.789,19,15,"-","G","+",0,0,"-",19,15,"ACGTT","TS54","+dTAG","RepR2","S21","Xist","MSR","other"
"3641",18803,"FJ24-FJ25::chr9:2999602-3038819",33626,33628,0.917,12,11,"B","G","+",1,1,"-",11,10,"TTCGT","TS54","+dTAG","RepR2","S21","Xist","MSR","other"
"3642",18804,"FJ24-FJ25::chr9:2999602-3038819",33784,33786,1,2,2,"B","G","+",1,1,"-",1,1,"TCCGT","TS54","+dTAG","RepR2","S21","Xist","MSR","other"
"3643",18805,"FJ24-FJ25::chr9:2999602-3038819",33802,33804,0.667,3,2,"B","G","+",2,1,"-",1,1,"CTCGC","TS54","+dTAG","RepR2","S21","Xist","MSR","other"
"3644",18806,"FJ24-FJ25::chr9:2999602-3038819",33860,33862,1,2,2,"B","G","+",1,1,"-",1,1,"TTCGT","TS54","+dTAG","RepR2","S21","Xist","MSR","other"
"3645",18807,"FJ24-FJ25::chr9:2999602-3038819",33875,33877,1,3,3,"B","G","+",1,1,"-",2,2,"GTCGT","TS54","+dTAG","RepR2","S21","Xist","MSR","other"
"3646",18808,"FJ24-FJ25::chr9:2999602-3038819",33976,33978,1,4,4,"-","G","+",0,0,"-",4,4,"TCGCT","TS54","+dTAG","RepR2","S21","Xist","MSR","other"
"3647",18809,"FJ24-FJ25::chr9:2999602-3038819",34019,34021,1,2,2,"-","G","+",0,0,"-",2,2,"ACGTT","TS54","+dTAG","RepR2","S21","Xist","MSR","other"
"3648",18810,"FJ24-FJ25::chr9:2999602-3038819",34153,34155,1,1,1,"-","G","+",0,0,"-",1,1,"TCGCC","TS54","+dTAG","RepR2","S21","Xist","MSR","other"
"3649",18811,"FJ24-FJ25::chr9:2999602-3038819",34193,34195,0.791,230,182,"B","G","+",1,1,"-",229,181,"TCCGT","TS54","+dTAG","RepR2","S21","Xist","MSR","other"
"3650",18812,"FJ24-FJ25::chr9:2999602-3038819",34253,34255,0.686,35,24,"B","G","+",5,3,"-",30,21,"CACGT","TS54","+dTAG","RepR2","S21","Xist","MSR","other"
"3651",18813,"FJ24-FJ25::chr9:2999602-3038819",34269,34271,0.943,35,33,"B","G","+",8,8,"-",27,25,"TTCGT","TS54","+dTAG","RepR2","S21","Xist","MSR","other"
"3652",18814,"FJ24-FJ25::chr9:2999602-3038819",34621,34623,0.958,24,23,"-","G","+",0,0,"-",24,23,"TCGCC","TS54","+dTAG","RepR2","S21","Xist","MSR","other"
"3653",18815,"FJ24-FJ25::chr9:2999602-3038819",34633,34635,0.84,25,21,"B","G","+",1,1,"-",24,20,"CACGT","TS54","+dTAG","RepR2","S21","Xist","MSR","other"
"3654",18816,"FJ24-FJ25::chr9:2999602-3038819",34679,34681,0.733,15,11,"B","G","+",3,3,"-",12,8,"CTCGC","TS54","+dTAG","RepR2","S21","Xist","MSR","other"
"3655",18817,"FJ24-FJ25::chr9:2999602-3038819",34721,34723,0.765,17,13,"B","G","+",5,4,"-",12,9,"CACGT","TS54","+dTAG","RepR2","S21","Xist","MSR","other"
"3656",18818,"FJ24-FJ25::chr9:2999602-3038819",34737,34739,1,13,13,"B","G","+",1,1,"-",12,12,"TTCGT","TS54","+dTAG","RepR2","S21","Xist","MSR","other"
"3657",18819,"FJ24-FJ25::chr9:2999602-3038819",34752,34754,1,10,10,"-","G","+",0,0,"-",10,10,"ACGTC","TS54","+dTAG","RepR2","S21","Xist","MSR","other"
"3658",18820,"FJ24-FJ25::chr9:2999602-3038819",34855,34857,0.5,10,5,"B","G","+",1,1,"-",9,4,"CTCGC","TS54","+dTAG","RepR2","S21","Xist","MSR","other"
"3659",18821,"FJ24-FJ25::chr9:2999602-3038819",34867,34869,0.875,8,7,"B","G","+",1,1,"-",7,6,"CACGT","TS54","+dTAG","RepR2","S21","Xist","MSR","other"
"3660",18822,"FJ24-FJ25::chr9:2999602-3038819",34895,34897,0.471,17,8,"-","G","+",0,0,"-",17,8,"CCGTG","TS54","+dTAG","RepR2","S21","Xist","MSR","other"
"3661",18823,"FJ24-FJ25::chr9:2999602-3038819",34955,34957,1,1,1,"-","G","+",0,0,"-",1,1,"ACGTT","TS54","+dTAG","RepR2","S21","Xist","MSR","other"
"3662",18824,"FJ24-FJ25::chr9:2999602-3038819",35089,35091,0.7,10,7,"B","G","+",2,1,"-",8,6,"CTCGC","TS54","+dTAG","RepR2","S21","Xist","MSR","other"
"3663",18825,"FJ24-FJ25::chr9:2999602-3038819",35101,35103,0.75,8,6,"B","G","+",1,1,"-",7,5,"CACGT","TS54","+dTAG","RepR2","S21","Xist","MSR","other"
"3664",18826,"FJ24-FJ25::chr9:2999602-3038819",35129,35131,1,1,1,"-","G","+",0,0,"-",1,1,"TCGTG","TS54","+dTAG","RepR2","S21","Xist","MSR","other"
"3665",18827,"FJ24-FJ25::chr9:2999602-3038819",35147,35149,1,1,1,"-","G","+",0,0,"-",1,1,"TCGCC","TS54","+dTAG","RepR2","S21","Xist","MSR","other"
"3666",18828,"FJ24-FJ25::chr9:2999602-3038819",35189,35191,0.5,4,2,"B","G","+",2,0,"-",2,2,"CACGT","TS54","+dTAG","RepR2","S21","Xist","MSR","other"
"3667",18829,"FJ24-FJ25::chr9:2999602-3038819",35323,35325,0.167,6,1,"B","G","+",1,1,"-",5,0,"CTCGC","TS54","+dTAG","RepR2","S21","Xist","MSR","other"
"3668",18830,"FJ24-FJ25::chr9:2999602-3038819",35381,35383,0.908,76,69,"B","G","+",3,2,"-",73,67,"CTCGC","TS54","+dTAG","RepR2","S21","Xist","MSR","other"
"3669",18831,"FJ24-FJ25::chr9:2999602-3038819",35423,35425,0.657,67,44,"B","G","+",3,0,"-",64,44,"CACGT","TS54","+dTAG","RepR2","S21","Xist","MSR","other"
"3670",18832,"FJ24-FJ25::chr9:2999602-3038819",35439,35441,0.882,68,60,"B","G","+",1,0,"-",67,60,"TTCGT","TS54","+dTAG","RepR2","S21","Xist","MSR","other"
"3671",18833,"FJ24-FJ25::chr9:2999602-3038819",35454,35456,0.774,84,65,"B","G","+",1,0,"-",83,65,"GACGT","TS54","+dTAG","RepR2","S21","Xist","MSR","other"
"3672",18834,"FJ24-FJ25::chr9:2999602-3038819",35557,35559,0.562,32,18,"B","G","+",1,1,"-",31,17,"CTCGC","TS54","+dTAG","RepR2","S21","Xist","MSR","other"
"3673",18835,"FJ24-FJ25::chr9:2999602-3038819",35569,35571,0.793,29,23,"-","G","+",0,0,"-",29,23,"ACGTC","TS54","+dTAG","RepR2","S21","Xist","MSR","other"
"3674",18836,"FJ24-FJ25::chr9:2999602-3038819",35597,35599,0.481,474,228,"-","G","+",0,0,"-",474,228,"CCGTG","TS54","+dTAG","RepR2","S21","Xist","MSR","other"
"3675",18837,"FJ24-FJ25::chr9:2999602-3038819",35657,35659,0,1,0,"-","G","+",0,0,"-",1,0,"ACGTT","TS54","+dTAG","RepR2","S21","Xist","MSR","other"
"3676",18838,"FJ24-FJ25::chr9:2999602-3038819",35791,35793,0,1,0,"+","G","+",1,0,"-",0,0,"CTCGC","TS54","+dTAG","RepR2","S21","Xist","MSR","other"
"3677",18839,"FJ24-FJ25::chr9:2999602-3038819",35803,35805,1,1,1,"+","G","+",1,1,"-",0,0,"CACGT","TS54","+dTAG","RepR2","S21","Xist","MSR","other"
"3678",18840,"FJ24-FJ25::chr9:2999602-3038819",35831,35833,0.333,3,1,"B","G","+",1,1,"-",2,0,"TCCGT","TS54","+dTAG","RepR2","S21","Xist","MSR","other"
"3679",18841,"FJ24-FJ25::chr9:2999602-3038819",35891,35893,0,1,0,"-","G","+",0,0,"-",1,0,"ACGTT","TS54","+dTAG","RepR2","S21","Xist","MSR","other"
"3680",18842,"FJ24-FJ25::chr9:2999602-3038819",36066,36068,0.875,8,7,"-","G","+",0,0,"-",8,7,"TCGTG","TS54","+dTAG","RepR2","S21","Xist","MSR","other"
"3681",18843,"FJ24-FJ25::chr9:2999602-3038819",36084,36086,0.875,8,7,"-","G","+",0,0,"-",8,7,"TCGCC","TS54","+dTAG","RepR2","S21","Xist","MSR","other"
"3682",18844,"FJ24-FJ25::chr9:2999602-3038819",36126,36128,0.625,16,10,"B","G","+",1,1,"-",15,9,"CACGT","TS54","+dTAG","RepR2","S21","Xist","MSR","other"
"3683",18845,"FJ24-FJ25::chr9:2999602-3038819",36259,36261,1,4,4,"-","G","+",0,0,"-",4,4,"TCGCC","TS54","+dTAG","RepR2","S21","Xist","MSR","other"
"3684",18846,"FJ24-FJ25::chr9:2999602-3038819",36299,36301,0.957,23,22,"-","G","+",0,0,"-",23,22,"CCGTG","TS54","+dTAG","RepR2","S21","Xist","MSR","other"
"3685",18847,"FJ24-FJ25::chr9:2999602-3038819",36435,36437,0.75,4,3,"+","G","+",4,3,"-",0,0,"CTCGC","TS54","+dTAG","RepR2","S21","Xist","MSR","other"
"3686",18848,"FJ24-FJ25::chr9:2999602-3038819",36447,36449,1,4,4,"+","G","+",4,4,"-",0,0,"CACGT","TS54","+dTAG","RepR2","S21","Xist","MSR","other"
"3687",18849,"FJ24-FJ25::chr9:2999602-3038819",36475,36477,1,3,3,"+","G","+",3,3,"-",0,0,"TCCGT","TS54","+dTAG","RepR2","S21","Xist","MSR","other"
"3688",18850,"FJ24-FJ25::chr9:2999602-3038819",36493,36495,1,2,2,"+","G","+",2,2,"-",0,0,"TTCGC","TS54","+dTAG","RepR2","S21","Xist","MSR","other"
"3689",18851,"FJ24-FJ25::chr9:2999602-3038819",36708,36710,1,2,2,"-","G","+",0,0,"-",2,2,"CCGTG","TS54","+dTAG","RepR2","S21","Xist","MSR","other"
"3690",18852,"FJ24-FJ25::chr9:2999602-3038819",36726,36728,1,2,2,"-","G","+",0,0,"-",2,2,"TCGCC","TS54","+dTAG","RepR2","S21","Xist","MSR","other"
"3691",18853,"FJ24-FJ25::chr9:2999602-3038819",36767,36769,0.5,2,1,"-","G","+",0,0,"-",2,1,"ACGTT","TS54","+dTAG","RepR2","S21","Xist","MSR","other"
"3692",18854,"FJ24-FJ25::chr9:2999602-3038819",36781,36783,1,6,6,"-","G","+",0,0,"-",6,6,"TCGTC","TS54","+dTAG","RepR2","S21","Xist","MSR","other"
"3693",18855,"FJ24-FJ25::chr9:2999602-3038819",36939,36941,1,1,1,"-","G","+",0,0,"-",1,1,"CCGTG","TS54","+dTAG","RepR2","S21","Xist","MSR","other"
"3694",18856,"FJ24-FJ25::chr9:2999602-3038819",36999,37001,0,1,0,"-","G","+",0,0,"-",1,0,"ACGTT","TS54","+dTAG","RepR2","S21","Xist","MSR","other"
"3695",18857,"FJ24-FJ25::chr9:2999602-3038819",37133,37135,1,1,1,"-","G","+",0,0,"-",1,1,"TCGCC","TS54","+dTAG","RepR2","S21","Xist","MSR","other"
"3696",18858,"FJ24-FJ25::chr9:2999602-3038819",37145,37147,1,1,1,"-","G","+",0,0,"-",1,1,"ACGTG","TS54","+dTAG","RepR2","S21","Xist","MSR","other"
"3697",18859,"FJ24-FJ25::chr9:2999602-3038819",37173,37175,1,2,2,"-","G","+",0,0,"-",2,2,"TCGTG","TS54","+dTAG","RepR2","S21","Xist","MSR","other"
"3698",18860,"FJ24-FJ25::chr9:2999602-3038819",37191,37193,0.75,4,3,"-","G","+",0,0,"-",4,3,"TCGCC","TS54","+dTAG","RepR2","S21","Xist","MSR","other"
"3699",18861,"FJ24-FJ25::chr9:2999602-3038819",37233,37235,0.75,4,3,"B","G","+",1,0,"-",3,3,"CACGT","TS54","+dTAG","RepR2","S21","Xist","MSR","other"
"3700",18862,"FJ24-FJ25::chr9:2999602-3038819",37319,37321,1,3,3,"-","G","+",0,0,"-",3,3,"ACGTC","TS54","+dTAG","RepR2","S21","Xist","MSR","other"
"3701",18863,"FJ24-FJ25::chr9:2999602-3038819",37367,37369,1,4,4,"+","G","+",4,4,"-",0,0,"CTCGC","TS54","+dTAG","RepR2","S21","Xist","MSR","other"
"3702",18864,"FJ24-FJ25::chr9:2999602-3038819",37379,37381,0.333,3,1,"+","G","+",3,1,"-",0,0,"CACGT","TS54","+dTAG","RepR2","S21","Xist","MSR","other"
"3703",18865,"FJ24-FJ25::chr9:2999602-3038819",37425,37427,1,4,4,"B","G","+",2,2,"-",2,2,"CTCGC","TS54","+dTAG","RepR2","S21","Xist","MSR","other"
"3704",18866,"FJ24-FJ25::chr9:2999602-3038819",37467,37469,0.5,4,2,"-","G","+",0,0,"-",4,2,"ACGTT","TS54","+dTAG","RepR2","S21","Xist","MSR","other"
"3705",18867,"FJ24-FJ25::chr9:2999602-3038819",37483,37485,0.75,4,3,"-","G","+",0,0,"-",4,3,"TCGTC","TS54","+dTAG","RepR2","S21","Xist","MSR","other"
"3706",18868,"FJ24-FJ25::chr9:2999602-3038819",37498,37500,1,4,4,"-","G","+",0,0,"-",4,4,"ACGTC","TS54","+dTAG","RepR2","S21","Xist","MSR","other"
"3707",18869,"FJ24-FJ25::chr9:2999602-3038819",37641,37643,0.667,6,4,"B","G","+",1,1,"-",5,3,"TCCGT","TS54","+dTAG","RepR2","S21","Xist","MSR","other"
"3708",18870,"FJ24-FJ25::chr9:2999602-3038819",37659,37661,0.833,6,5,"B","G","+",1,1,"-",5,4,"CTCGC","TS54","+dTAG","RepR2","S21","Xist","MSR","other"
"3709",18871,"FJ24-FJ25::chr9:2999602-3038819",37701,37703,0,2,0,"+","G","+",2,0,"-",0,0,"CACGT","TS54","+dTAG","RepR2","S21","Xist","MSR","other"
"3710",18872,"FJ24-FJ25::chr9:2999602-3038819",37835,37837,0.5,2,1,"+","G","+",2,1,"-",0,0,"CTCGC","TS54","+dTAG","RepR2","S21","Xist","MSR","other"
"3711",18873,"FJ24-FJ25::chr9:2999602-3038819",37847,37849,1,1,1,"+","G","+",1,1,"-",0,0,"CACGT","TS54","+dTAG","RepR2","S21","Xist","MSR","other"
"3712",18874,"FJ24-FJ25::chr9:2999602-3038819",37875,37877,0.75,4,3,"-","G","+",0,0,"-",4,3,"TCGTG","TS54","+dTAG","RepR2","S21","Xist","MSR","other"
"3713",18875,"FJ24-FJ25::chr9:2999602-3038819",37893,37895,0.75,4,3,"-","G","+",0,0,"-",4,3,"TCGCC","TS54","+dTAG","RepR2","S21","Xist","MSR","other"
"3714",18876,"FJ24-FJ25::chr9:2999602-3038819",37935,37937,0.8,5,4,"B","G","+",1,0,"-",4,4,"CACGT","TS54","+dTAG","RepR2","S21","Xist","MSR","other"
"3715",18877,"FJ24-FJ25::chr9:2999602-3038819",38021,38023,0.8,5,4,"B","G","+",1,1,"-",4,3,"CACGT","TS54","+dTAG","RepR2","S21","Xist","MSR","other"
"3716",18878,"FJ24-FJ25::chr9:2999602-3038819",38069,38071,1,1,1,"+","G","+",1,1,"-",0,0,"CTCGC","TS54","+dTAG","RepR2","S21","Xist","MSR","other"
"3717",18879,"FJ24-FJ25::chr9:2999602-3038819",38081,38083,1,1,1,"+","G","+",1,1,"-",0,0,"CACGT","TS54","+dTAG","RepR2","S21","Xist","MSR","other"
"3718",18880,"FJ24-FJ25::chr9:2999602-3038819",38127,38129,1,1,1,"-","G","+",0,0,"-",1,1,"TCGCC","TS54","+dTAG","RepR2","S21","Xist","MSR","other"
"3719",18881,"FJ24-FJ25::chr9:2999602-3038819",38169,38171,0.8,5,4,"-","G","+",0,0,"-",5,4,"ACGTT","TS54","+dTAG","RepR2","S21","Xist","MSR","other"
"3720",18882,"FJ24-FJ25::chr9:2999602-3038819",38185,38187,0.5,4,2,"-","G","+",0,0,"-",4,2,"TCGTC","TS54","+dTAG","RepR2","S21","Xist","MSR","other"
"3721",18883,"FJ24-FJ25::chr9:2999602-3038819",38200,38202,0.833,6,5,"B","G","+",1,1,"-",5,4,"GACGT","TS54","+dTAG","RepR2","S21","Xist","MSR","other"
"3722",18884,"FJ24-FJ25::chr9:2999602-3038819",38303,38305,1,1,1,"-","G","+",0,0,"-",1,1,"TCGCC","TS54","+dTAG","RepR2","S21","Xist","MSR","other"
"3723",18885,"FJ24-FJ25::chr9:2999602-3038819",38315,38317,0,1,0,"-","G","+",0,0,"-",1,0,"ACGTC","TS54","+dTAG","RepR2","S21","Xist","MSR","other"
"3724",18886,"FJ24-FJ25::chr9:2999602-3038819",38343,38345,0.778,36,28,"-","G","+",0,0,"-",36,28,"CCGTG","TS54","+dTAG","RepR2","S21","Xist","MSR","other"
"3725",18887,"FJ24-FJ25::chr9:2999602-3038819",38361,38363,0.778,36,28,"-","G","+",0,0,"-",36,28,"TCGCC","TS54","+dTAG","RepR2","S21","Xist","MSR","other"
"3726",18888,"FJ24-FJ25::chr9:2999602-3038819",38403,38405,0.815,27,22,"-","G","+",0,0,"-",27,22,"ACGTT","TS54","+dTAG","RepR2","S21","Xist","MSR","other"
"3727",18889,"FJ24-FJ25::chr9:2999602-3038819",38419,38421,0.913,23,21,"-","G","+",0,0,"-",23,21,"TCGTC","TS54","+dTAG","RepR2","S21","Xist","MSR","other"
"3728",18890,"FJ24-FJ25::chr9:2999602-3038819",38489,38491,1,16,16,"B","G","+",1,1,"-",15,15,"CACGT","TS54","+dTAG","RepR2","S21","Xist","MSR","other"
"3729",18891,"FJ24-FJ25::chr9:2999602-3038819",38537,38539,1,4,4,"+","G","+",4,4,"-",0,0,"CTCGC","TS54","+dTAG","RepR2","S21","Xist","MSR","other"
"3730",18892,"FJ24-FJ25::chr9:2999602-3038819",38549,38551,0.75,4,3,"B","G","+",3,3,"-",1,0,"CACGT","TS54","+dTAG","RepR2","S21","Xist","MSR","other"
"3731",18893,"FJ24-FJ25::chr9:2999602-3038819",38637,38639,1,2,2,"-","G","+",0,0,"-",2,2,"ACGTT","TS54","+dTAG","RepR2","S21","Xist","MSR","other"
"3732",18894,"FJ24-FJ25::chr9:2999602-3038819",38653,38655,1,1,1,"-","G","+",0,0,"-",1,1,"TCGTC","TS54","+dTAG","RepR2","S21","Xist","MSR","other"
"3733",18895,"FJ24-FJ25::chr9:35304805-35306009",436,438,1,1,1,"+","G","+",1,1,"-",0,0,"TGCGA","TS54","+dTAG","RepR2","S21","Xist","MSR","other"
"3734",18896,"FJ24-FJ25::chr9:35304805-35306009",454,456,0.75,4,3,"+","G","+",4,3,"-",0,0,"CACGG","TS54","+dTAG","RepR2","S21","Xist","MSR","other"
"3735",18897,"FJ24-FJ25::chr9:35304805-35306009",482,484,0.909,11,10,"B","G","+",10,9,"-",1,1,"GACGT","TS54","+dTAG","RepR2","S21","Xist","MSR","other"
"3736",18898,"FJ24-FJ25::chr9:35304805-35306009",494,496,0.923,13,12,"B","G","+",12,11,"-",1,1,"GGCGA","TS54","+dTAG","RepR2","S21","Xist","MSR","other"
"3737",18899,"FJ24-FJ25::chr9:35304805-35306009",612,614,0.842,5952,5009,"B","G","+",5949,5006,"-",3,3,"GACGA","TS54","+dTAG","RepR2","S21","Xist","MSR","other"
"3738",18900,"FJ24-FJ25::chr9:35304805-35306009",628,630,0.656,5675,3721,"B","G","+",5658,3710,"-",17,11,"AACGT","TS54","+dTAG","RepR2","S21","Xist","MSR","other"
"3739",18901,"FJ24-FJ25::chr9:35304805-35306009",688,690,0.861,6065,5223,"B","G","+",6038,5199,"-",27,24,"CACGG","TS54","+dTAG","RepR2","S21","Xist","MSR","other"
"3740",18902,"FJ24-FJ25::chr9:35304805-35306009",716,718,0.914,35,32,"B","G","+",16,13,"-",19,19,"GACGT","TS54","+dTAG","RepR2","S21","Xist","MSR","other"
"3741",18903,"FJ24-FJ25::chr9:35304805-35306009",728,730,0.786,28,22,"B","G","+",14,9,"-",14,13,"GGCGA","TS54","+dTAG","RepR2","S21","Xist","MSR","other"
"3742",18904,"FJ24-FJ25::chr9:35304805-35306009",776,778,0.333,6,2,"B","G","+",5,1,"-",1,1,"GACGT","TS54","+dTAG","RepR2","S21","Xist","MSR","other"
"3743",18905,"FJ24-FJ25::chr9:35304805-35306009",1063,1065,0,6,0,"B","G","+",2,0,"-",4,0,"CCCGG","TS54","+dTAG","RepR2","S21","Xist","MSR","other"
"3744",18906,"FJ24-FJ25::chrX:75643946-75646608",2448,2450,0.333,6,2,"B","G","+",1,1,"-",5,1,"TCCGG","TS54","+dTAG","RepR2","S21","Xist","MSR","other"
"3745",18907,"FJ24-FJ25::chrX:75643946-75646608",2589,2591,0.111,9,1,"B","G","+",1,1,"-",8,0,"GTCGG","TS54","+dTAG","RepR2","S21","Xist","MSR","other"
"3746",18908,"FJ28-FJ29.FJ26-FJ27::chrX:103482701-103483891",480,482,0.661,21513,14218,"+","G","+",21513,14218,"-",0,0,"CACGG","TS54","+dTAG","RepR2","S21","Xist","RE58","RE58_CGI_2"
"3747",18909,"FJ28-FJ29.FJ26-FJ27::chrX:103482701-103483891",489,491,0.714,21302,15202,"+","G","+",21302,15202,"-",0,0,"ACCGC","TS54","+dTAG","RepR2","S21","Xist","RE58","RE58_CGI_2"
"3748",18910,"FJ28-FJ29.FJ26-FJ27::chrX:103482701-103483891",499,501,0.736,21533,15859,"+","G","+",21533,15859,"-",0,0,"CACGG","TS54","+dTAG","RepR2","S21","Xist","RE58","RE58_CGI_2"
"3749",18911,"FJ28-FJ29.FJ26-FJ27::chrX:103482701-103483891",506,508,0.713,21403,15256,"+","G","+",21403,15256,"-",0,0,"AACGA","TS54","+dTAG","RepR2","S21","Xist","RE58","RE58_CGI_2"
"3750",18912,"FJ28-FJ29.FJ26-FJ27::chrX:103482701-103483891",530,532,0.713,21901,15606,"+","G","+",21901,15606,"-",0,0,"GCCGT","TS54","+dTAG","RepR2","S21","Xist","RE58","RE58_CGI_2"
"3751",18913,"FJ28-FJ29.FJ26-FJ27::chrX:103482701-103483891",537,539,0.738,21734,16032,"+","G","+",21734,16032,"-",0,0,"CACGC","TS54","+dTAG","RepR2","S21","Xist","RE58","RE58_CGI_2"
"3752",18914,"FJ28-FJ29.FJ26-FJ27::chrX:103482701-103483891",552,554,0.553,22507,12437,"+","G","+",22507,12437,"-",0,0,"TCCGC","TS54","+dTAG","RepR2","S21","Xist","RE58","RE58_CGI_2"
"3753",18915,"FJ28-FJ29.FJ26-FJ27::chrX:103482701-103483891",554,556,0.698,22075,15407,"+","G","+",22075,15407,"-",0,0,"CGCGG","TS54","+dTAG","RepR2","S21","Xist","RE58","RE58_CGI_2"
"3754",18916,"FJ28-FJ29.FJ26-FJ27::chrX:103482701-103483891",557,559,0.648,22100,14313,"+","G","+",22100,14313,"-",0,0,"GGCGC","TS54","+dTAG","RepR2","S21","Xist","RE58","RE58_CGI_2"
"3755",18917,"FJ28-FJ29.FJ26-FJ27::chrX:103482701-103483891",566,568,0.737,21268,15677,"+","G","+",21268,15677,"-",0,0,"GGCGG","TS54","+dTAG","RepR2","S21","Xist","RE58","RE58_CGI_2"
"3756",18918,"FJ28-FJ29.FJ26-FJ27::chrX:103482701-103483891",675,677,0.955,52973,50590,"B","G","+",34462,32095,"-",18511,18495,"TACGT","TS54","+dTAG","RepR2","S21","Xist","RE58","RE58_CGI_1"
"3757",18919,"FJ28-FJ29.FJ26-FJ27::chrX:103482701-103483891",694,696,0.878,52606,46205,"B","G","+",34482,28098,"-",18124,18107,"GACGC","TS54","+dTAG","RepR2","S21","Xist","RE58","RE58_CGI_1"
"3758",18920,"FJ28-FJ29.FJ26-FJ27::chrX:103482701-103483891",696,698,0.886,52550,46576,"B","G","+",34116,28152,"-",18434,18424,"CGCGT","TS54","+dTAG","RepR2","S21","Xist","RE58","RE58_CGI_1"
"3759",18921,"FJ28-FJ29.FJ26-FJ27::chrX:103482701-103483891",715,717,0.868,51647,44842,"B","G","+",33674,26879,"-",17973,17963,"TGCGC","TS54","+dTAG","RepR2","S21","Xist","RE58","RE58_CGI_1"
"3760",18922,"FJ28-FJ29.FJ26-FJ27::chrX:103482701-103483891",717,719,0.845,51565,43584,"B","G","+",33582,25612,"-",17983,17972,"CGCGA","TS54","+dTAG","RepR2","S21","Xist","RE58","RE58_CGI_1"
"3761",18923,"FJ28-FJ29.FJ26-FJ27::chrX:103482701-103483891",753,755,0.487,26932,13116,"B","G","+",16272,2457,"-",10660,10659,"AACGT","TS54","+dTAG","RepR2","S21","Xist","RE58","RE58_CGI_1"
"3762",18924,"FJ14-FJ15.FJ10-FJ11::chrX:103481327-103482781",243,245,1,2,2,"-","G","+",0,0,"-",2,2,"ACGAG","TS54","+dTAG","RepR3","S23","Xist","RE57","other"
"3763",18925,"FJ14-FJ15.FJ10-FJ11::chrX:103481327-103482781",250,252,1,2,2,"-","G","+",0,0,"-",2,2,"ACGTC","TS54","+dTAG","RepR3","S23","Xist","RE57","other"
"3764",18926,"FJ14-FJ15.FJ10-FJ11::chrX:103481327-103482781",294,296,1,2,2,"-","G","+",0,0,"-",2,2,"TCGAG","TS54","+dTAG","RepR3","S23","Xist","RE57","other"
"3765",18927,"FJ14-FJ15.FJ10-FJ11::chrX:103481327-103482781",433,435,0.577,511623,295365,"+","G","+",511623,295365,"-",0,0,"TCCGC","TS54","+dTAG","RepR3","S23","Xist","RE57","RE57_YY1"
"3766",18928,"FJ14-FJ15.FJ10-FJ11::chrX:103481327-103482781",520,522,0.596,485247,289331,"+","G","+",485247,289331,"-",0,0,"TGCGT","TS54","+dTAG","RepR3","S23","Xist","RE57","RE57_YY1"
"3767",18929,"FJ14-FJ15.FJ10-FJ11::chrX:103481327-103482781",528,530,0.594,483084,286795,"+","G","+",483084,286795,"-",0,0,"ACCGC","TS54","+dTAG","RepR3","S23","Xist","RE57","RE57_YY1"
"3768",18930,"FJ14-FJ15.FJ10-FJ11::chrX:103481327-103482781",546,548,0.593,495333,293846,"+","G","+",495333,293846,"-",0,0,"GCCGC","TS54","+dTAG","RepR3","S23","Xist","RE57","RE57_YY1"
"3769",18931,"FJ14-FJ15.FJ10-FJ11::chrX:103481327-103482781",563,565,0.627,490415,307417,"+","G","+",490415,307417,"-",0,0,"TACGA","TS54","+dTAG","RepR3","S23","Xist","RE57","RE57_YY1"
"3770",18932,"FJ14-FJ15.FJ10-FJ11::chrX:103481327-103482781",617,619,0.634,494379,313402,"+","G","+",494379,313402,"-",0,0,"GTCGA","TS54","+dTAG","RepR3","S23","Xist","RE57","RE57_YY1"
"3771",18933,"FJ14-FJ15.FJ10-FJ11::chrX:103481327-103482781",624,626,0.601,494406,297015,"+","G","+",494406,297015,"-",0,0,"CTCGG","TS54","+dTAG","RepR3","S23","Xist","RE57","RE57_YY1"
"3772",18934,"FJ14-FJ15.FJ10-FJ11::chrX:103481327-103482781",637,639,0.648,492137,318949,"+","G","+",492137,318949,"-",0,0,"CCCGA","TS54","+dTAG","RepR3","S23","Xist","RE57","RE57_YY1"
"3773",18935,"FJ14-FJ15.FJ10-FJ11::chrX:103481327-103482781",642,644,0.54,489636,264337,"+","G","+",489636,264337,"-",0,0,"GCCGC","TS54","+dTAG","RepR3","S23","Xist","RE57","RE57_YY1"
"3774",18936,"FJ14-FJ15.FJ10-FJ11::chrX:103481327-103482781",679,681,0.25,4,1,"+","G","+",4,1,"-",0,0,"CACGG","TS54","+dTAG","RepR3","S23","Xist","RE57","other"
"3775",18937,"FJ14-FJ15.FJ10-FJ11::chrX:103481327-103482781",736,738,0.534,29769,15909,"+","G","+",29769,15909,"-",0,0,"CACGC","TS54","+dTAG","RepR3","S23","Xist","RE57","RE57_CGI"
"3776",18938,"FJ14-FJ15.FJ10-FJ11::chrX:103481327-103482781",763,765,0.695,28553,19843,"+","G","+",28553,19843,"-",0,0,"TGCGG","TS54","+dTAG","RepR3","S23","Xist","RE57","RE57_CGI"
"3777",18939,"FJ14-FJ15.FJ10-FJ11::chrX:103481327-103482781",770,772,0.736,28709,21124,"+","G","+",28709,21124,"-",0,0,"TCCGC","TS54","+dTAG","RepR3","S23","Xist","RE57","RE57_CGI"
"3778",18940,"FJ14-FJ15.FJ10-FJ11::chrX:103481327-103482781",772,774,0.741,28545,21158,"+","G","+",28545,21158,"-",0,0,"CGCGC","TS54","+dTAG","RepR3","S23","Xist","RE57","RE57_CGI"
"3779",18941,"FJ14-FJ15.FJ10-FJ11::chrX:103481327-103482781",780,782,0.734,27429,20140,"+","G","+",27429,20140,"-",0,0,"ACCGC","TS54","+dTAG","RepR3","S23","Xist","RE57","RE57_CGI"
"3780",18942,"FJ14-FJ15.FJ10-FJ11::chrX:103481327-103482781",792,794,0.756,28086,21232,"+","G","+",28086,21232,"-",0,0,"TACGA","TS54","+dTAG","RepR3","S23","Xist","RE57","RE57_CGI"
"3781",18943,"FJ14-FJ15.FJ10-FJ11::chrX:103481327-103482781",817,819,0.784,24388,19120,"+","G","+",24388,19120,"-",0,0,"TCCGG","TS54","+dTAG","RepR3","S23","Xist","RE57","RE57_CGI"
"3782",18944,"FJ14-FJ15.FJ10-FJ11::chrX:103481327-103482781",832,834,0.764,24774,18925,"+","G","+",24774,18925,"-",0,0,"CCCGC","TS54","+dTAG","RepR3","S23","Xist","RE57","RE57_CGI"
"3783",18945,"FJ14-FJ15.FJ10-FJ11::chrX:103481327-103482781",856,858,0.517,1618,836,"+","G","+",1618,836,"-",0,0,"GGCGA","TS54","+dTAG","RepR3","S23","Xist","RE57","intermediate_RE57"
"3784",18946,"FJ14-FJ15.FJ10-FJ11::chrX:103481327-103482781",863,865,0.563,1532,862,"+","G","+",1532,862,"-",0,0,"CCCGC","TS54","+dTAG","RepR3","S23","Xist","RE57","intermediate_RE57"
"3785",18947,"FJ14-FJ15.FJ10-FJ11::chrX:103481327-103482781",871,873,0.517,1579,816,"+","G","+",1579,816,"-",0,0,"CCCGC","TS54","+dTAG","RepR3","S23","Xist","RE57","intermediate_RE57"
"3786",18948,"FJ14-FJ15.FJ10-FJ11::chrX:103481327-103482781",899,901,0.608,2852,1734,"+","G","+",2852,1734,"-",0,0,"AGCGC","TS54","+dTAG","RepR3","S23","Xist","RE57","intermediate_RE57"
"3787",18949,"FJ14-FJ15.FJ10-FJ11::chrX:103481327-103482781",904,906,0.575,3346,1924,"+","G","+",3346,1924,"-",0,0,"AGCGC","TS54","+dTAG","RepR3","S23","Xist","RE57","intermediate_RE57"
"3788",18950,"FJ14-FJ15.FJ10-FJ11::chrX:103481327-103482781",929,931,0.729,26232,19121,"+","G","+",26232,19121,"-",0,0,"TCCGC","TS54","+dTAG","RepR3","S23","Xist","RE57","RE57_CGI"
"3789",18951,"FJ14-FJ15.FJ10-FJ11::chrX:103481327-103482781",941,943,0.755,26225,19811,"+","G","+",26225,19811,"-",0,0,"CTCGG","TS54","+dTAG","RepR3","S23","Xist","RE57","RE57_CGI"
"3790",18952,"FJ14-FJ15.FJ10-FJ11::chrX:103481327-103482781",959,961,0.801,26931,21582,"+","G","+",26931,21582,"-",0,0,"GGCGT","TS54","+dTAG","RepR3","S23","Xist","RE57","RE57_CGI"
"3791",18953,"FJ14-FJ15.FJ10-FJ11::chrX:103481327-103482781",970,972,0.775,27261,21135,"B","G","+",27259,21135,"-",2,0,"CTCGA","TS54","+dTAG","RepR3","S23","Xist","RE57","RE57_CGI"
"3792",18954,"FJ14-FJ15.FJ10-FJ11::chrX:103481327-103482781",980,982,0.793,27438,21765,"B","G","+",27436,21765,"-",2,0,"GCCGT","TS54","+dTAG","RepR3","S23","Xist","RE57","RE57_CGI"
"3793",18955,"FJ14-FJ15.FJ10-FJ11::chrX:103481327-103482781",987,989,0.773,27480,21247,"B","G","+",27478,21245,"-",2,2,"CACGC","TS54","+dTAG","RepR3","S23","Xist","RE57","RE57_CGI"
"3794",18956,"FJ14-FJ15.FJ10-FJ11::chrX:103481327-103482781",1004,1006,0.759,27582,20927,"B","G","+",27580,20927,"-",2,0,"GGCGG","TS54","+dTAG","RepR3","S23","Xist","RE57","RE57_CGI"
"3795",18957,"FJ14-FJ15.FJ10-FJ11::chrX:103481327-103482781",1008,1010,0.746,27660,20634,"B","G","+",27658,20632,"-",2,2,"GACGC","TS54","+dTAG","RepR3","S23","Xist","RE57","RE57_CGI"
"3796",18958,"FJ14-FJ15.FJ10-FJ11::chrX:103481327-103482781",1010,1012,0.671,27135,18214,"B","G","+",27133,18212,"-",2,2,"CGCGG","TS54","+dTAG","RepR3","S23","Xist","RE57","RE57_CGI"
"3797",18959,"FJ14-FJ15.FJ10-FJ11::chrX:103481327-103482781",1021,1023,0.774,26793,20725,"B","G","+",26792,20725,"-",1,0,"CACGC","TS54","+dTAG","RepR3","S23","Xist","RE57","RE57_CGI"
"3798",18960,"FJ24-FJ25::chr12:3109471-3110521",411,413,0.887,133,118,"B","G","+",31,24,"-",102,94,"CACGG","TS54","+dTAG","RepR3","S23","Xist","MSR","other"
"3799",18961,"FJ24-FJ25::chr12:3109471-3110521",439,441,0.903,649,586,"B","G","+",450,403,"-",199,183,"GACGT","TS54","+dTAG","RepR3","S23","Xist","MSR","other"
"3800",18962,"FJ24-FJ25::chr12:3109471-3110521",451,453,0.892,768,685,"B","G","+",555,492,"-",213,193,"GGCGA","TS54","+dTAG","RepR3","S23","Xist","MSR","other"
"3801",18963,"FJ24-FJ25::chr12:3109471-3110521",554,556,0.804,994,799,"B","G","+",867,689,"-",127,110,"GACGA","TS54","+dTAG","RepR3","S23","Xist","MSR","other"
"3802",18964,"FJ24-FJ25::chr12:3109471-3110521",627,629,0.847,262,222,"B","G","+",258,218,"-",4,4,"GGCGA","TS54","+dTAG","RepR3","S23","Xist","MSR","other"
"3803",18965,"FJ24-FJ25::chr12:3109471-3110521",645,647,0.952,62,59,"+","G","+",62,59,"-",0,0,"CACGG","TS54","+dTAG","RepR3","S23","Xist","MSR","other"
"3804",18966,"FJ24-FJ25::chr12:67058771-67060356",531,533,1,2,2,"B","G","+",1,1,"-",1,1,"GGCGA","TS54","+dTAG","RepR3","S23","Xist","MSR","other"
"3805",18967,"FJ24-FJ25::chr12:67058771-67060356",547,549,1,2,2,"B","G","+",1,1,"-",1,1,"AACGT","TS54","+dTAG","RepR3","S23","Xist","MSR","other"
"3806",18968,"FJ24-FJ25::chr12:67058771-67060356",589,591,1,2,2,"+","G","+",2,2,"-",0,0,"GGCGA","TS54","+dTAG","RepR3","S23","Xist","MSR","other"
"3807",18969,"FJ24-FJ25::chr12:67058771-67060356",606,608,1,1,1,"+","G","+",1,1,"-",0,0,"AACGT","TS54","+dTAG","RepR3","S23","Xist","MSR","other"
"3808",18970,"FJ24-FJ25::chr12:67058771-67060356",648,650,0.864,22,19,"B","G","+",21,19,"-",1,0,"GGCGA","TS54","+dTAG","RepR3","S23","Xist","MSR","other"
"3809",18971,"FJ24-FJ25::chr12:67058771-67060356",706,708,0.889,9,8,"B","G","+",6,6,"-",3,2,"GGCGA","TS54","+dTAG","RepR3","S23","Xist","MSR","other"
"3810",18972,"FJ24-FJ25::chr12:67058771-67060356",722,724,0.4,5,2,"B","G","+",2,1,"-",3,1,"AACGT","TS54","+dTAG","RepR3","S23","Xist","MSR","other"
"3811",18973,"FJ24-FJ25::chr12:67058771-67060356",938,940,1,2,2,"+","G","+",2,2,"-",0,0,"GGCGA","TS54","+dTAG","RepR3","S23","Xist","MSR","other"
"3812",18974,"FJ24-FJ25::chr12:67058771-67060356",1075,1077,1,1,1,"+","G","+",1,1,"-",0,0,"AACGT","TS54","+dTAG","RepR3","S23","Xist","MSR","other"
"3813",18975,"FJ24-FJ25::chr12:67058771-67060356",1117,1119,1,1,1,"+","G","+",1,1,"-",0,0,"GGCGA","TS54","+dTAG","RepR3","S23","Xist","MSR","other"
"3814",18976,"FJ24-FJ25::chr12:74803437-74804905",437,439,0,1,0,"+","G","+",1,0,"-",0,0,"TGCGC","TS54","+dTAG","RepR3","S23","Xist","MSR","other"
"3815",18977,"FJ24-FJ25::chr12:74803437-74804905",479,481,1,1,1,"+","G","+",1,1,"-",0,0,"CACGT","TS54","+dTAG","RepR3","S23","Xist","MSR","other"
"3816",18978,"FJ24-FJ25::chr12:74803437-74804905",495,497,0.714,7,5,"B","G","+",6,5,"-",1,0,"CTCGC","TS54","+dTAG","RepR3","S23","Xist","MSR","other"
"3817",18979,"FJ24-FJ25::chr12:74803437-74804905",728,730,1,3,3,"+","G","+",3,3,"-",0,0,"CTCGC","TS54","+dTAG","RepR3","S23","Xist","MSR","other"
"3818",18980,"FJ24-FJ25::chr12:74803437-74804905",825,827,0.45,20,9,"-","G","+",0,0,"-",20,9,"ACGTT","TS54","+dTAG","RepR3","S23","Xist","MSR","other"
"3819",18981,"FJ24-FJ25::chr12:74803437-74804905",941,943,0,2,0,"-","G","+",0,0,"-",2,0,"ACGTT","TS54","+dTAG","RepR3","S23","Xist","MSR","other"
"3820",18982,"FJ24-FJ25::chr12:74803437-74804905",999,1001,1,5,5,"B","G","+",2,2,"-",3,3,"CACGT","TS54","+dTAG","RepR3","S23","Xist","MSR","other"
"3821",18983,"FJ24-FJ25::chr12:74803437-74804905",1016,1018,1,5,5,"B","G","+",2,2,"-",3,3,"CTCGC","TS54","+dTAG","RepR3","S23","Xist","MSR","other"
"3822",18984,"FJ24-FJ25::chr13:77438509-77439457",415,417,0.887,142,126,"B","G","+",103,93,"-",39,33,"TTCGT","TS54","+dTAG","RepR3","S23","Xist","MSR","other"
"3823",18985,"FJ24-FJ25::chr13:77438509-77439457",430,432,0.832,161,134,"B","G","+",117,104,"-",44,30,"GTCGT","TS54","+dTAG","RepR3","S23","Xist","MSR","other"
"3824",18986,"FJ24-FJ25::chr13:77438509-77439457",533,535,0.714,14,10,"+","G","+",14,10,"-",0,0,"TTCGC","TS54","+dTAG","RepR3","S23","Xist","MSR","other"
"3825",18987,"FJ24-FJ25::chr14:19415282-19420102",357,359,0.798,94,75,"B","G","+",12,12,"-",82,63,"CCCGA","TS54","+dTAG","RepR3","S23","Xist","MSR","other"
"3826",18988,"FJ24-FJ25::chr14:19415282-19420102",457,459,0.874,261,228,"B","G","+",207,176,"-",54,52,"GGCGA","TS54","+dTAG","RepR3","S23","Xist","MSR","other"
"3827",18989,"FJ24-FJ25::chr14:19415282-19420102",475,477,0.811,317,257,"B","G","+",258,204,"-",59,53,"CACGG","TS54","+dTAG","RepR3","S23","Xist","MSR","other"
"3828",18990,"FJ24-FJ25::chr14:19415282-19420102",503,505,0.938,48,45,"B","G","+",11,9,"-",37,36,"GACGT","TS54","+dTAG","RepR3","S23","Xist","MSR","other"
"3829",18991,"FJ24-FJ25::chr14:19415282-19420102",515,517,0.792,24,19,"B","G","+",12,9,"-",12,10,"GTCGA","TS54","+dTAG","RepR3","S23","Xist","MSR","other"
"3830",18992,"FJ24-FJ25::chr14:19415282-19420102",618,620,0.813,1326,1078,"B","G","+",1143,922,"-",183,156,"GACGA","TS54","+dTAG","RepR3","S23","Xist","MSR","other"
"3831",18993,"FJ24-FJ25::chr14:19415282-19420102",633,635,0.871,1091,950,"B","G","+",924,807,"-",167,143,"GACGA","TS54","+dTAG","RepR3","S23","Xist","MSR","other"
"3832",18994,"FJ24-FJ25::chr14:19415282-19420102",691,693,0.826,678,560,"B","G","+",676,559,"-",2,1,"GGCGA","TS54","+dTAG","RepR3","S23","Xist","MSR","other"
"3833",18995,"FJ24-FJ25::chr14:19415282-19420102",709,711,0.832,787,655,"B","G","+",780,649,"-",7,6,"CACGG","TS54","+dTAG","RepR3","S23","Xist","MSR","other"
"3834",18996,"FJ24-FJ25::chr14:19415282-19420102",749,751,1,2,2,"-","G","+",0,0,"-",2,2,"GCGAA","TS54","+dTAG","RepR3","S23","Xist","MSR","other"
"3835",18997,"FJ24-FJ25::chr14:19415282-19420102",809,811,0,2,0,"+","G","+",2,0,"-",0,0,"GTCGA","TS54","+dTAG","RepR3","S23","Xist","MSR","other"
"3836",18998,"FJ24-FJ25::chr14:19415282-19420102",852,854,0.884,43,38,"B","G","+",38,33,"-",5,5,"GACGA","TS54","+dTAG","RepR3","S23","Xist","MSR","other"
"3837",18999,"FJ24-FJ25::chr14:19415282-19420102",883,885,0.717,46,33,"B","G","+",36,31,"-",10,2,"AACGT","TS54","+dTAG","RepR3","S23","Xist","MSR","other"
"3838",19000,"FJ24-FJ25::chr14:19415282-19420102",963,965,0.821,240,197,"B","G","+",229,192,"-",11,5,"CTCGT","TS54","+dTAG","RepR3","S23","Xist","MSR","other"
"3839",19001,"FJ24-FJ25::chr14:19415282-19420102",1060,1062,0.73,63,46,"B","G","+",61,44,"-",2,2,"CACGA","TS54","+dTAG","RepR3","S23","Xist","MSR","other"
"3840",19002,"FJ24-FJ25::chr14:19415282-19420102",1088,1090,1,4,4,"-","G","+",0,0,"-",4,4,"GCGTG","TS54","+dTAG","RepR3","S23","Xist","MSR","other"
"3841",19003,"FJ24-FJ25::chr14:19415282-19420102",1219,1221,0.899,109,98,"B","G","+",66,59,"-",43,39,"GACGA","TS54","+dTAG","RepR3","S23","Xist","MSR","other"
"3842",19004,"FJ24-FJ25::chr14:19415282-19420102",1276,1278,0.803,335,269,"B","G","+",326,261,"-",9,8,"GGCGA","TS54","+dTAG","RepR3","S23","Xist","MSR","other"
"3843",19005,"FJ24-FJ25::chr14:19415282-19420102",1294,1296,0.795,600,477,"B","G","+",565,444,"-",35,33,"CACGG","TS54","+dTAG","RepR3","S23","Xist","MSR","other"
"3844",19006,"FJ24-FJ25::chr14:19415282-19420102",1322,1324,0.894,66,59,"B","G","+",29,26,"-",37,33,"GACGT","TS54","+dTAG","RepR3","S23","Xist","MSR","other"
"3845",19007,"FJ24-FJ25::chr14:19415282-19420102",1334,1336,0.711,38,27,"B","G","+",8,5,"-",30,22,"GACGA","TS54","+dTAG","RepR3","S23","Xist","MSR","other"
"3846",19008,"FJ24-FJ25::chr14:19415282-19420102",1436,1438,0.769,255,196,"B","G","+",227,177,"-",28,19,"GACGA","TS54","+dTAG","RepR3","S23","Xist","MSR","other"
"3847",19009,"FJ24-FJ25::chr14:19415282-19420102",1451,1453,0.885,209,185,"B","G","+",184,164,"-",25,21,"GACGA","TS54","+dTAG","RepR3","S23","Xist","MSR","other"
"3848",19010,"FJ24-FJ25::chr14:19415282-19420102",1509,1511,0.819,404,331,"B","G","+",395,323,"-",9,8,"GGCGA","TS54","+dTAG","RepR3","S23","Xist","MSR","other"
"3849",19011,"FJ24-FJ25::chr14:19415282-19420102",1527,1529,0.837,502,420,"B","G","+",499,418,"-",3,2,"CTCGG","TS54","+dTAG","RepR3","S23","Xist","MSR","other"
"3850",19012,"FJ24-FJ25::chr14:19415282-19420102",1628,1630,0.0899,178,16,"B","G","+",39,10,"-",139,6,"AGCGA","TS54","+dTAG","RepR3","S23","Xist","MSR","other"
"3851",19013,"FJ24-FJ25::chr14:19415282-19420102",1671,1673,0.849,1115,947,"B","G","+",544,425,"-",571,522,"GACGA","TS54","+dTAG","RepR3","S23","Xist","MSR","other"
"3852",19014,"FJ24-FJ25::chr14:19415282-19420102",1686,1688,0.895,982,879,"B","G","+",426,374,"-",556,505,"GACGA","TS54","+dTAG","RepR3","S23","Xist","MSR","other"
"3853",19015,"FJ24-FJ25::chr14:19415282-19420102",1702,1704,0.771,916,706,"B","G","+",488,373,"-",428,333,"AACGT","TS54","+dTAG","RepR3","S23","Xist","MSR","other"
"3854",19016,"FJ24-FJ25::chr14:19415282-19420102",1744,1746,0.853,524,447,"B","G","+",476,401,"-",48,46,"GGCGA","TS54","+dTAG","RepR3","S23","Xist","MSR","other"
"3855",19017,"FJ24-FJ25::chr14:19415282-19420102",1762,1764,0.816,441,360,"B","G","+",421,342,"-",20,18,"CACGG","TS54","+dTAG","RepR3","S23","Xist","MSR","other"
"3856",19018,"FJ24-FJ25::chr14:19415282-19420102",1819,1821,0.571,42,24,"B","G","+",41,23,"-",1,1,"ATCGT","TS54","+dTAG","RepR3","S23","Xist","MSR","other"
"3857",19019,"FJ24-FJ25::chr14:19415282-19420102",1861,1863,0.844,128,108,"B","G","+",117,97,"-",11,11,"GGCGA","TS54","+dTAG","RepR3","S23","Xist","MSR","other"
"3858",19020,"FJ24-FJ25::chr14:19415282-19420102",1879,1881,0.65,143,93,"B","G","+",132,84,"-",11,9,"CACGG","TS54","+dTAG","RepR3","S23","Xist","MSR","other"
"3859",19021,"FJ24-FJ25::chr14:19415282-19420102",1939,1941,0.129,31,4,"B","G","+",9,2,"-",22,2,"GTCGA","TS54","+dTAG","RepR3","S23","Xist","MSR","other"
"3860",19022,"FJ24-FJ25::chr14:19415282-19420102",2022,2024,0.833,8834,7363,"B","G","+",7166,5877,"-",1668,1486,"GACGA","TS54","+dTAG","RepR3","S23","Xist","MSR","other"
"3861",19023,"FJ24-FJ25::chr14:19415282-19420102",2037,2039,0.881,8435,7429,"B","G","+",6831,6003,"-",1604,1426,"GACGA","TS54","+dTAG","RepR3","S23","Xist","MSR","other"
"3862",19024,"FJ24-FJ25::chr14:19415282-19420102",2053,2055,0.733,7854,5760,"B","G","+",6564,4783,"-",1290,977,"AACGT","TS54","+dTAG","RepR3","S23","Xist","MSR","other"
"3863",19025,"FJ24-FJ25::chr14:19415282-19420102",2095,2097,0.86,1808,1555,"B","G","+",1633,1395,"-",175,160,"GGCGA","TS54","+dTAG","RepR3","S23","Xist","MSR","other"
"3864",19026,"FJ24-FJ25::chr14:19415282-19420102",2153,2155,0.833,42,35,"B","G","+",41,34,"-",1,1,"GACGA","TS54","+dTAG","RepR3","S23","Xist","MSR","other"
"3865",19027,"FJ24-FJ25::chr14:19415282-19420102",2170,2172,0.389,18,7,"B","G","+",13,7,"-",5,0,"ATCGT","TS54","+dTAG","RepR3","S23","Xist","MSR","other"
"3866",19028,"FJ24-FJ25::chr14:19415282-19420102",2230,2232,0.812,1189,965,"B","G","+",1178,957,"-",11,8,"CACGG","TS54","+dTAG","RepR3","S23","Xist","MSR","other"
"3867",19029,"FJ24-FJ25::chr14:19415282-19420102",2370,2372,0.00963,519,5,"+","G","+",519,5,"-",0,0,"CTCGA","TS54","+dTAG","RepR3","S23","Xist","MSR","other"
"3868",19030,"FJ24-FJ25::chr14:19415282-19420102",2404,2406,0.724,424,307,"B","G","+",421,305,"-",3,2,"AACGT","TS54","+dTAG","RepR3","S23","Xist","MSR","other"
"3869",19031,"FJ24-FJ25::chr14:19415282-19420102",2437,2439,0.322,59,19,"+","G","+",59,19,"-",0,0,"CTCGA","TS54","+dTAG","RepR3","S23","Xist","MSR","other"
"3870",19032,"FJ24-FJ25::chr14:19415282-19420102",2446,2448,0.875,383,335,"B","G","+",379,331,"-",4,4,"GGCGA","TS54","+dTAG","RepR3","S23","Xist","MSR","other"
"3871",19033,"FJ24-FJ25::chr14:19415282-19420102",2464,2466,0.866,395,342,"B","G","+",391,338,"-",4,4,"CACGG","TS54","+dTAG","RepR3","S23","Xist","MSR","other"
"3872",19034,"FJ24-FJ25::chr14:19415282-19420102",2491,2493,1,20,20,"B","G","+",19,19,"-",1,1,"GACGG","TS54","+dTAG","RepR3","S23","Xist","MSR","other"
"3873",19035,"FJ24-FJ25::chr14:19415282-19420102",2503,2505,0.946,37,35,"B","G","+",35,33,"-",2,2,"GGCGA","TS54","+dTAG","RepR3","S23","Xist","MSR","other"
"3874",19036,"FJ24-FJ25::chr14:19415282-19420102",2606,2608,0.804,2282,1834,"B","G","+",2131,1701,"-",151,133,"GACGA","TS54","+dTAG","RepR3","S23","Xist","MSR","other"
"3875",19037,"FJ24-FJ25::chr14:19415282-19420102",2621,2623,0.868,1916,1664,"B","G","+",1775,1535,"-",141,129,"GACGA","TS54","+dTAG","RepR3","S23","Xist","MSR","other"
"3876",19038,"FJ24-FJ25::chr14:19415282-19420102",2637,2639,0.743,1617,1201,"B","G","+",1531,1138,"-",86,63,"AACGT","TS54","+dTAG","RepR3","S23","Xist","MSR","other"
"3877",19039,"FJ24-FJ25::chr14:19415282-19420102",2678,2680,0.737,670,494,"B","G","+",665,489,"-",5,5,"GGCGA","TS54","+dTAG","RepR3","S23","Xist","MSR","other"
"3878",19040,"FJ24-FJ25::chr14:19415282-19420102",2736,2738,0.5,4,2,"B","G","+",1,0,"-",3,2,"AGCGA","TS54","+dTAG","RepR3","S23","Xist","MSR","other"
"3879",19041,"FJ24-FJ25::chr14:19415282-19420102",2853,2855,0.888,1154,1025,"B","G","+",1135,1006,"-",19,19,"GACGA","TS54","+dTAG","RepR3","S23","Xist","MSR","other"
"3880",19042,"FJ24-FJ25::chr14:19415282-19420102",2929,2931,0.559,4783,2676,"B","G","+",4766,2661,"-",17,15,"CACGG","TS54","+dTAG","RepR3","S23","Xist","MSR","other"
"3881",19043,"FJ24-FJ25::chr14:19415282-19420102",2957,2959,0.944,36,34,"B","G","+",23,21,"-",13,13,"GACGT","TS54","+dTAG","RepR3","S23","Xist","MSR","other"
"3882",19044,"FJ24-FJ25::chr14:19415282-19420102",2969,2971,0.914,35,32,"B","G","+",25,22,"-",10,10,"GGCGA","TS54","+dTAG","RepR3","S23","Xist","MSR","other"
"3883",19045,"FJ24-FJ25::chr14:19415282-19420102",3072,3074,0.836,110,92,"B","G","+",65,55,"-",45,37,"GACGA","TS54","+dTAG","RepR3","S23","Xist","MSR","other"
"3884",19046,"FJ24-FJ25::chr14:19415282-19420102",3087,3089,0.892,102,91,"B","G","+",55,50,"-",47,41,"GACGG","TS54","+dTAG","RepR3","S23","Xist","MSR","other"
"3885",19047,"FJ24-FJ25::chr14:19415282-19420102",3103,3105,0.76,104,79,"B","G","+",64,51,"-",40,28,"AACGT","TS54","+dTAG","RepR3","S23","Xist","MSR","other"
"3886",19048,"FJ24-FJ25::chr14:19415282-19420102",3163,3165,0.765,68,52,"B","G","+",61,45,"-",7,7,"CACGA","TS54","+dTAG","RepR3","S23","Xist","MSR","other"
"3887",19049,"FJ24-FJ25::chr14:19415282-19420102",3190,3192,0.889,9,8,"B","G","+",2,1,"-",7,7,"GACGT","TS54","+dTAG","RepR3","S23","Xist","MSR","other"
"3888",19050,"FJ24-FJ25::chr14:19415282-19420102",3305,3307,0.821,547,449,"B","G","+",388,322,"-",159,127,"GACGA","TS54","+dTAG","RepR3","S23","Xist","MSR","other"
"3889",19051,"FJ24-FJ25::chr14:19415282-19420102",3320,3322,0.917,508,466,"B","G","+",346,318,"-",162,148,"GACGA","TS54","+dTAG","RepR3","S23","Xist","MSR","other"
"3890",19052,"FJ24-FJ25::chr14:19415282-19420102",3336,3338,0.754,488,368,"B","G","+",352,269,"-",136,99,"AACGT","TS54","+dTAG","RepR3","S23","Xist","MSR","other"
"3891",19053,"FJ24-FJ25::chr14:19415282-19420102",3386,3388,0.746,59,44,"B","G","+",50,39,"-",9,5,"AACGG","TS54","+dTAG","RepR3","S23","Xist","MSR","other"
"3892",19054,"FJ24-FJ25::chr14:19415282-19420102",3396,3398,0.848,369,313,"B","G","+",359,304,"-",10,9,"CACGG","TS54","+dTAG","RepR3","S23","Xist","MSR","other"
"3893",19055,"FJ24-FJ25::chr14:19415282-19420102",3416,3418,0.835,91,76,"B","G","+",87,76,"-",4,0,"CACGT","TS54","+dTAG","RepR3","S23","Xist","MSR","other"
"3894",19056,"FJ24-FJ25::chr14:19415282-19420102",3495,3497,0.856,319,273,"B","G","+",131,107,"-",188,166,"GGCGA","TS54","+dTAG","RepR3","S23","Xist","MSR","other"
"3895",19057,"FJ24-FJ25::chr14:19415282-19420102",3513,3515,0.799,359,287,"B","G","+",164,127,"-",195,160,"CACGG","TS54","+dTAG","RepR3","S23","Xist","MSR","other"
"3896",19058,"FJ24-FJ25::chr14:19415282-19420102",3541,3543,0.897,145,130,"B","G","+",14,11,"-",131,119,"GACGT","TS54","+dTAG","RepR3","S23","Xist","MSR","other"
"3897",19059,"FJ24-FJ25::chr14:19415282-19420102",3553,3555,0.893,121,108,"B","G","+",14,9,"-",107,99,"GGCGA","TS54","+dTAG","RepR3","S23","Xist","MSR","other"
"3898",19060,"FJ24-FJ25::chr14:19415282-19420102",3656,3658,0.858,141,121,"B","G","+",64,54,"-",77,67,"GACGA","TS54","+dTAG","RepR3","S23","Xist","MSR","other"
"3899",19061,"FJ24-FJ25::chr14:19415282-19420102",3671,3673,0.897,145,130,"B","G","+",67,57,"-",78,73,"GACGA","TS54","+dTAG","RepR3","S23","Xist","MSR","other"
"3900",19062,"FJ24-FJ25::chr14:19415282-19420102",3687,3689,0.777,130,101,"B","G","+",61,43,"-",69,58,"AACGT","TS54","+dTAG","RepR3","S23","Xist","MSR","other"
"3901",19063,"FJ24-FJ25::chr14:19415282-19420102",3729,3731,0.769,26,20,"B","G","+",25,19,"-",1,1,"GGCGA","TS54","+dTAG","RepR3","S23","Xist","MSR","other"
"3902",19064,"FJ24-FJ25::chr14:19415282-19420102",3905,3907,0.824,239,197,"B","G","+",234,192,"-",5,5,"GACGA","TS54","+dTAG","RepR3","S23","Xist","MSR","other"
"3903",19065,"FJ24-FJ25::chr14:19415282-19420102",3921,3923,0.758,236,179,"B","G","+",231,177,"-",5,2,"AACGT","TS54","+dTAG","RepR3","S23","Xist","MSR","other"
"3904",19066,"FJ24-FJ25::chr14:19415282-19420102",3963,3965,0.883,213,188,"B","G","+",211,187,"-",2,1,"GGCGA","TS54","+dTAG","RepR3","S23","Xist","MSR","other"
"3905",19067,"FJ24-FJ25::chr14:19415282-19420102",3981,3983,0.91,233,212,"B","G","+",221,201,"-",12,11,"CACGG","TS54","+dTAG","RepR3","S23","Xist","MSR","other"
"3906",19068,"FJ24-FJ25::chr14:19415282-19420102",4009,4011,0.636,22,14,"B","G","+",4,4,"-",18,10,"AACGT","TS54","+dTAG","RepR3","S23","Xist","MSR","other"
"3907",19069,"FJ24-FJ25::chr14:19415282-19420102",4021,4023,0.893,28,25,"B","G","+",4,3,"-",24,22,"GGCGA","TS54","+dTAG","RepR3","S23","Xist","MSR","other"
"3908",19070,"FJ24-FJ25::chr14:19415282-19420102",4124,4126,0.826,69,57,"B","G","+",64,52,"-",5,5,"GACGA","TS54","+dTAG","RepR3","S23","Xist","MSR","other"
"3909",19071,"FJ24-FJ25::chr14:19415282-19420102",4155,4157,0.392,51,20,"B","G","+",48,17,"-",3,3,"AACGT","TS54","+dTAG","RepR3","S23","Xist","MSR","other"
"3910",19072,"FJ24-FJ25::chr14:19415282-19420102",4166,4168,0.286,7,2,"B","G","+",5,0,"-",2,2,"TGCGA","TS54","+dTAG","RepR3","S23","Xist","MSR","other"
"3911",19073,"FJ24-FJ25::chr14:19415282-19420102",4235,4237,1,3,3,"+","G","+",3,3,"-",0,0,"CTCGT","TS54","+dTAG","RepR3","S23","Xist","MSR","other"
"3912",19074,"FJ24-FJ25::chr14:19415282-19420102",4272,4274,0.667,3,2,"-","G","+",0,0,"-",3,2,"ACGTG","TS54","+dTAG","RepR3","S23","Xist","MSR","other"
"3913",19075,"FJ24-FJ25::chr14:19415282-19420102",4332,4334,0.622,82,51,"B","G","+",73,43,"-",9,8,"CACGA","TS54","+dTAG","RepR3","S23","Xist","MSR","other"
"3914",19076,"FJ24-FJ25::chr16:10974667-10975683",84,86,1,2,2,"+","G","+",2,2,"-",0,0,"AACGA","TS54","+dTAG","RepR3","S23","Xist","MSR","other"
"3915",19077,"FJ24-FJ25::chr16:10974667-10975683",142,144,1,2,2,"+","G","+",2,2,"-",0,0,"ACCGA","TS54","+dTAG","RepR3","S23","Xist","MSR","other"
"3916",19078,"FJ24-FJ25::chr16:10974667-10975683",165,167,1,2,2,"+","G","+",2,2,"-",0,0,"GGCGA","TS54","+dTAG","RepR3","S23","Xist","MSR","other"
"3917",19079,"FJ24-FJ25::chr16:10974667-10975683",423,425,1,2,2,"+","G","+",2,2,"-",0,0,"CTCGC","TS54","+dTAG","RepR3","S23","Xist","MSR","other"
"3918",19080,"FJ24-FJ25::chr16:10974667-10975683",465,467,0.6,5,3,"B","G","+",3,2,"-",2,1,"CACGT","TS54","+dTAG","RepR3","S23","Xist","MSR","other"
"3919",19081,"FJ24-FJ25::chr19:23357022-23357993",438,440,1,2,2,"+","G","+",2,2,"-",0,0,"GGCGA","TS54","+dTAG","RepR3","S23","Xist","MSR","other"
"3920",19082,"FJ24-FJ25::chr2:98663241-98664491",434,436,1,1,1,"+","G","+",1,1,"-",0,0,"CTCGG","TS54","+dTAG","RepR3","S23","Xist","MSR","other"
"3921",19083,"FJ24-FJ25::chr2:98663241-98664491",474,476,0.825,389,321,"B","G","+",24,20,"-",365,301,"TCCGT","TS54","+dTAG","RepR3","S23","Xist","MSR","other"
"3922",19084,"FJ24-FJ25::chr2:98663241-98664491",533,535,0.71,462,328,"B","G","+",10,7,"-",452,321,"CACGT","TS54","+dTAG","RepR3","S23","Xist","MSR","other"
"3923",19085,"FJ24-FJ25::chr2:98663241-98664491",665,667,0.858,106,91,"B","G","+",84,71,"-",22,20,"CTCGT","TS54","+dTAG","RepR3","S23","Xist","MSR","other"
"3924",19086,"FJ24-FJ25::chr2:98663241-98664491",705,707,0.824,272,224,"B","G","+",134,114,"-",138,110,"TCCGT","TS54","+dTAG","RepR3","S23","Xist","MSR","other"
"3925",19087,"FJ24-FJ25::chr2:98663241-98664491",723,725,0.848,224,190,"B","G","+",103,82,"-",121,108,"CTCGC","TS54","+dTAG","RepR3","S23","Xist","MSR","other"
"3926",19088,"FJ24-FJ25::chr2:98663241-98664491",796,798,0.757,74,56,"B","G","+",10,4,"-",64,52,"GTCGT","TS54","+dTAG","RepR3","S23","Xist","MSR","other"
"3927",19089,"FJ24-FJ25::chr2:98666144-98667732",117,119,0.879,256,225,"B","G","+",184,166,"-",72,59,"GCCGG","TS54","+dTAG","RepR3","S23","Xist","MSR","other"
"3928",19090,"FJ24-FJ25::chr2:98666144-98667732",127,129,0.759,282,214,"B","G","+",201,158,"-",81,56,"AACGA","TS54","+dTAG","RepR3","S23","Xist","MSR","other"
"3929",19091,"FJ24-FJ25::chr2:98666144-98667732",239,241,0.604,91,55,"B","G","+",61,33,"-",30,22,"CCCGT","TS54","+dTAG","RepR3","S23","Xist","MSR","other"
"3930",19092,"FJ24-FJ25::chr2:98666144-98667732",248,250,0.676,111,75,"B","G","+",75,55,"-",36,20,"AACGA","TS54","+dTAG","RepR3","S23","Xist","MSR","other"
"3931",19093,"FJ24-FJ25::chr2:98666144-98667732",358,360,0.892,65,58,"B","G","+",51,44,"-",14,14,"GCCGG","TS54","+dTAG","RepR3","S23","Xist","MSR","other"
"3932",19094,"FJ24-FJ25::chr2:98666144-98667732",368,370,0.58,50,29,"B","G","+",41,25,"-",9,4,"AACGT","TS54","+dTAG","RepR3","S23","Xist","MSR","other"
"3933",19095,"FJ24-FJ25::chr2:98666144-98667732",446,448,0.849,11008,9349,"B","G","+",7622,6481,"-",3386,2868,"GACGA","TS54","+dTAG","RepR3","S23","Xist","MSR","other"
"3934",19096,"FJ24-FJ25::chr2:98666144-98667732",461,463,0.896,11238,10068,"B","G","+",7941,7116,"-",3297,2952,"GACGA","TS54","+dTAG","RepR3","S23","Xist","MSR","other"
"3935",19097,"FJ24-FJ25::chr2:98666144-98667732",477,479,0.837,11306,9467,"B","G","+",8493,7155,"-",2813,2312,"TACGT","TS54","+dTAG","RepR3","S23","Xist","MSR","other"
"3936",19098,"FJ24-FJ25::chr2:98666144-98667732",537,539,0.871,8853,7715,"B","G","+",8254,7184,"-",599,531,"CACGG","TS54","+dTAG","RepR3","S23","Xist","MSR","other"
"3937",19099,"FJ24-FJ25::chr2:98666144-98667732",565,567,0.87,1396,1215,"B","G","+",1010,855,"-",386,360,"GACGT","TS54","+dTAG","RepR3","S23","Xist","MSR","other"
"3938",19100,"FJ24-FJ25::chr2:98666144-98667732",577,579,0.858,1580,1356,"B","G","+",1258,1052,"-",322,304,"GGCGA","TS54","+dTAG","RepR3","S23","Xist","MSR","other"
"3939",19101,"FJ24-FJ25::chr2:98666144-98667732",625,627,0.891,598157,532675,"B","G","+",598013,532537,"-",144,138,"GACGT","TS54","+dTAG","RepR3","S23","Xist","MSR","other"
"3940",19102,"FJ24-FJ25::chr2:98666144-98667732",680,682,0.835,610633,509688,"B","G","+",610007,509156,"-",626,532,"GACGA","TS54","+dTAG","RepR3","S23","Xist","MSR","other"
"3941",19103,"FJ24-FJ25::chr2:98666144-98667732",695,697,0.878,602276,528977,"B","G","+",601639,528416,"-",637,561,"GACGA","TS54","+dTAG","RepR3","S23","Xist","MSR","other"
"3942",19104,"FJ24-FJ25::chr2:98666144-98667732",711,713,0.734,581995,427212,"B","G","+",581364,426749,"-",631,463,"AACGT","TS54","+dTAG","RepR3","S23","Xist","MSR","other"
"3943",19105,"FJ24-FJ25::chr2:98666144-98667732",753,755,0.883,91420,80711,"B","G","+",90961,80317,"-",459,394,"GGCGA","TS54","+dTAG","RepR3","S23","Xist","MSR","other"
"3944",19106,"FJ24-FJ25::chr2:98666144-98667732",771,773,0.877,84387,74043,"B","G","+",82610,72442,"-",1777,1601,"CACGG","TS54","+dTAG","RepR3","S23","Xist","MSR","other"
"3945",19107,"FJ24-FJ25::chr2:98666144-98667732",799,801,0.899,2869,2578,"B","G","+",506,436,"-",2363,2142,"GACGT","TS54","+dTAG","RepR3","S23","Xist","MSR","other"
"3946",19108,"FJ24-FJ25::chr2:98666144-98667732",811,813,0.909,2810,2554,"B","G","+",508,436,"-",2302,2118,"GGCGA","TS54","+dTAG","RepR3","S23","Xist","MSR","other"
"3947",19109,"FJ24-FJ25::chr2:98666144-98667732",859,861,0.892,1368,1220,"B","G","+",437,374,"-",931,846,"GACGT","TS54","+dTAG","RepR3","S23","Xist","MSR","other"
"3948",19110,"FJ24-FJ25::chr2:98666144-98667732",946,948,0.878,548168,481120,"B","G","+",545454,478757,"-",2714,2363,"GACGA","TS54","+dTAG","RepR3","S23","Xist","MSR","other"
"3949",19111,"FJ24-FJ25::chr2:98666144-98667732",962,964,0.728,533015,387952,"B","G","+",529347,385316,"-",3668,2636,"AACGT","TS54","+dTAG","RepR3","S23","Xist","MSR","other"
"3950",19112,"FJ24-FJ25::chr2:98666144-98667732",1004,1006,0.873,548194,478716,"B","G","+",544073,474888,"-",4121,3828,"GGCGA","TS54","+dTAG","RepR3","S23","Xist","MSR","other"
"3951",19113,"FJ24-FJ25::chr2:98666144-98667732",1022,1024,0.88,549368,483656,"B","G","+",546337,480935,"-",3031,2721,"CACGG","TS54","+dTAG","RepR3","S23","Xist","MSR","other"
"3952",19114,"FJ24-FJ25::chr2:98666144-98667732",1050,1052,0.891,3932,3504,"B","G","+",2184,1889,"-",1748,1615,"GACGT","TS54","+dTAG","RepR3","S23","Xist","MSR","other"
"3953",19115,"FJ24-FJ25::chr2:98666144-98667732",1062,1064,0.872,3543,3088,"B","G","+",2272,1920,"-",1271,1168,"GGCGA","TS54","+dTAG","RepR3","S23","Xist","MSR","other"
"3954",19116,"FJ24-FJ25::chr2:98666144-98667732",1110,1112,0.892,10176,9081,"B","G","+",9468,8419,"-",708,662,"GACGT","TS54","+dTAG","RepR3","S23","Xist","MSR","other"
"3955",19117,"FJ24-FJ25::chr2:98666144-98667732",1165,1167,0.811,1220,990,"B","G","+",962,770,"-",258,220,"GACGA","TS54","+dTAG","RepR3","S23","Xist","MSR","other"
"3956",19118,"FJ24-FJ25::chr2:98666144-98667732",1180,1182,0.834,403,336,"B","G","+",302,247,"-",101,89,"GACGA","TS54","+dTAG","RepR3","S23","Xist","MSR","other"
"3957",19119,"FJ24-FJ25::chr3:56575034-56576151",649,651,0.5,2,1,"B","G","+",1,0,"-",1,1,"CACGT","TS54","+dTAG","RepR3","S23","Xist","MSR","other"
"3958",19120,"FJ24-FJ25::chr3:56575034-56576151",666,668,0.75,4,3,"B","G","+",1,0,"-",3,3,"CTCGC","TS54","+dTAG","RepR3","S23","Xist","MSR","other"
"3959",19121,"FJ24-FJ25::chr3:56575034-56576151",741,743,1,1,1,"-","G","+",0,0,"-",1,1,"TCGCT","TS54","+dTAG","RepR3","S23","Xist","MSR","other"
"3960",19122,"FJ24-FJ25::chr3:99980694-99981794",509,511,0,1,0,"-","G","+",0,0,"-",1,0,"ACGTT","TS54","+dTAG","RepR3","S23","Xist","MSR","other"
"3961",19123,"FJ24-FJ25::chr3:99980694-99981794",526,528,1,1,1,"-","G","+",0,0,"-",1,1,"TCGCC","TS54","+dTAG","RepR3","S23","Xist","MSR","other"
"3962",19124,"FJ24-FJ25::chr3:99980694-99981794",568,570,1,1,1,"-","G","+",0,0,"-",1,1,"TCGTT","TS54","+dTAG","RepR3","S23","Xist","MSR","other"
"3963",19125,"FJ24-FJ25::chr3:99980694-99981794",584,586,1,1,1,"-","G","+",0,0,"-",1,1,"TCGCC","TS54","+dTAG","RepR3","S23","Xist","MSR","other"
"3964",19126,"FJ24-FJ25::chr4:3089104-3091584",605,607,0,2,0,"-","G","+",0,0,"-",2,0,"ACGTT","TS54","+dTAG","RepR3","S23","Xist","MSR","other"
"3965",19127,"FJ24-FJ25::chr4:3089104-3091584",663,665,0,3,0,"-","G","+",0,0,"-",3,0,"ACGTG","TS54","+dTAG","RepR3","S23","Xist","MSR","other"
"3966",19128,"FJ24-FJ25::chr4:3089104-3091584",1104,1106,0.9,10,9,"+","G","+",10,9,"-",0,0,"GACGT","TS54","+dTAG","RepR3","S23","Xist","MSR","other"
"3967",19129,"FJ24-FJ25::chr4:3089104-3091584",1116,1118,0.875,8,7,"+","G","+",8,7,"-",0,0,"GGCGA","TS54","+dTAG","RepR3","S23","Xist","MSR","other"
"3968",19130,"FJ24-FJ25::chr4:3089104-3091584",1132,1134,0.667,3,2,"+","G","+",3,2,"-",0,0,"AACGT","TS54","+dTAG","RepR3","S23","Xist","MSR","other"
"3969",19131,"FJ24-FJ25::chr4:3089104-3091584",1489,1491,0.667,3,2,"-","G","+",0,0,"-",3,2,"ACGAG","TS54","+dTAG","RepR3","S23","Xist","MSR","other"
"3970",19132,"FJ24-FJ25::chr4:3089104-3091584",1564,1566,0,4,0,"B","G","+",2,0,"-",2,0,"AACGC","TS54","+dTAG","RepR3","S23","Xist","MSR","other"
"3971",19133,"FJ24-FJ25::chr4:3089104-3091584",1590,1592,1,2,2,"+","G","+",2,2,"-",0,0,"GTCGA","TS54","+dTAG","RepR3","S23","Xist","MSR","other"
"3972",19134,"FJ24-FJ25::chr4:3089104-3091584",1607,1609,0.5,2,1,"+","G","+",2,1,"-",0,0,"AACGT","TS54","+dTAG","RepR3","S23","Xist","MSR","other"
"3973",19135,"FJ24-FJ25::chr4:3089104-3091584",1709,1711,1,2,2,"-","G","+",0,0,"-",2,2,"GCGAG","TS54","+dTAG","RepR3","S23","Xist","MSR","other"
"3974",19136,"FJ24-FJ25::chr4:3089104-3091584",1781,1783,0,2,0,"+","G","+",2,0,"-",0,0,"ATCGA","TS54","+dTAG","RepR3","S23","Xist","MSR","other"
"3975",19137,"FJ24-FJ25::chr4:3089104-3091584",1947,1949,1,1,1,"-","G","+",0,0,"-",1,1,"GCGAG","TS54","+dTAG","RepR3","S23","Xist","MSR","other"
"3976",19138,"FJ24-FJ25::chr4:3089104-3091584",2006,2008,1,4,4,"B","G","+",1,1,"-",3,3,"GGCGA","TS54","+dTAG","RepR3","S23","Xist","MSR","other"
"3977",19139,"FJ24-FJ25::chr4:3089104-3091584",2023,2025,0.75,4,3,"B","G","+",1,1,"-",3,2,"AACGT","TS54","+dTAG","RepR3","S23","Xist","MSR","other"
"3978",19140,"FJ24-FJ25::chr4:3089104-3091584",2375,2377,0.476,84,40,"B","G","+",4,2,"-",80,38,"TTCGA","TS54","+dTAG","RepR3","S23","Xist","MSR","other"
"3979",19141,"FJ24-FJ25::chr4:3089104-3091584",2440,2442,0.586,29,17,"B","G","+",2,1,"-",27,16,"CTCGA","TS54","+dTAG","RepR3","S23","Xist","MSR","other"
"3980",19142,"FJ24-FJ25::chr4:70377716-70378654",405,407,0,1,0,"-","G","+",0,0,"-",1,0,"TCGAA","TS54","+dTAG","RepR3","S23","Xist","MSR","other"
"3981",19143,"FJ24-FJ25::chr4:70377716-70378654",421,423,0.0909,11,1,"-","G","+",0,0,"-",11,1,"ACGTG","TS54","+dTAG","RepR3","S23","Xist","MSR","other"
"3982",19144,"FJ24-FJ25::chr4:70377716-70378654",463,465,0.759,29,22,"B","G","+",10,8,"-",19,14,"GGCGA","TS54","+dTAG","RepR3","S23","Xist","MSR","other"
"3983",19145,"FJ24-FJ25::chr4:70377716-70378654",481,483,0.944,18,17,"B","G","+",10,10,"-",8,7,"CACGG","TS54","+dTAG","RepR3","S23","Xist","MSR","other"
"3984",19146,"FJ24-FJ25::chr4:70377716-70378654",521,523,1,1,1,"-","G","+",0,0,"-",1,1,"ACGAG","TS54","+dTAG","RepR3","S23","Xist","MSR","other"
"3985",19147,"FJ24-FJ25::chr5:104156087-104156938",131,133,0.273,11,3,"+","G","+",11,3,"-",0,0,"TCCGC","TS54","+dTAG","RepR3","S23","Xist","MSR","other"
"3986",19148,"FJ24-FJ25::chr5:114922054-114923002",434,436,1,2,2,"-","G","+",0,0,"-",2,2,"ACGTT","TS54","+dTAG","RepR3","S23","Xist","MSR","other"
"3987",19149,"FJ24-FJ25::chr8:23095075-23096205",332,334,0,2,0,"+","G","+",2,0,"-",0,0,"TGCGT","TS54","+dTAG","RepR3","S23","Xist","MSR","other"
"3988",19150,"FJ24-FJ25::chr8:23095075-23096205",354,356,0,5,0,"+","G","+",5,0,"-",0,0,"TGCGT","TS54","+dTAG","RepR3","S23","Xist","MSR","other"
"3989",19151,"FJ24-FJ25::chr8:23095075-23096205",475,477,1,3,3,"-","G","+",0,0,"-",3,3,"GCGAG","TS54","+dTAG","RepR3","S23","Xist","MSR","other"
"3990",19152,"FJ24-FJ25::chr8:23095075-23096205",492,494,0.8,5,4,"-","G","+",0,0,"-",5,4,"ACGTG","TS54","+dTAG","RepR3","S23","Xist","MSR","other"
"3991",19153,"FJ24-FJ25::chr8:23095075-23096205",534,536,0.333,6,2,"B","G","+",2,0,"-",4,2,"GGCGA","TS54","+dTAG","RepR3","S23","Xist","MSR","other"
"3992",19154,"FJ24-FJ25::chr8:23095075-23096205",551,553,0.579,19,11,"B","G","+",2,0,"-",17,11,"TACGT","TS54","+dTAG","RepR3","S23","Xist","MSR","other"
"3993",19155,"FJ24-FJ25::chr8:23095075-23096205",593,595,0.818,22,18,"-","G","+",0,0,"-",22,18,"GCGAT","TS54","+dTAG","RepR3","S23","Xist","MSR","other"
"3994",19156,"FJ24-FJ25::chr8:23095075-23096205",710,712,0.5,2,1,"-","G","+",0,0,"-",2,1,"GCGAG","TS54","+dTAG","RepR3","S23","Xist","MSR","other"
"3995",19157,"FJ24-FJ25::chr9:21878296-21879293",900,902,0.75,8,6,"B","G","+",1,1,"-",7,5,"GCCGC","TS54","+dTAG","RepR3","S23","Xist","MSR","other"
"3996",19158,"FJ24-FJ25::chr9:21878296-21879293",902,904,0.714,7,5,"-","G","+",0,0,"-",7,5,"GCGCC","TS54","+dTAG","RepR3","S23","Xist","MSR","other"
"3997",19159,"FJ24-FJ25::chr9:21878296-21879293",912,914,0.692,13,9,"B","G","+",3,3,"-",10,6,"TTCGC","TS54","+dTAG","RepR3","S23","Xist","MSR","other"
"3998",19160,"FJ24-FJ25::chr9:21878296-21879293",915,917,0.769,13,10,"B","G","+",4,4,"-",9,6,"GCCGT","TS54","+dTAG","RepR3","S23","Xist","MSR","other"
"3999",19161,"FJ24-FJ25::chr9:21878296-21879293",928,930,0.714,14,10,"B","G","+",5,3,"-",9,7,"GGCGC","TS54","+dTAG","RepR3","S23","Xist","MSR","other"
"4000",19162,"FJ24-FJ25::chr9:21878296-21879293",967,969,0.714,7,5,"-","G","+",0,0,"-",7,5,"GCGCA","TS54","+dTAG","RepR3","S23","Xist","MSR","other"
"4001",19163,"FJ24-FJ25::chr9:21878296-21879293",976,978,0.75,4,3,"-","G","+",0,0,"-",4,3,"CCGAG","TS54","+dTAG","RepR3","S23","Xist","MSR","other"
"4002",19164,"FJ24-FJ25::chr9:2999602-3038819",428,430,0.594,64,38,"B","G","+",23,14,"-",41,24,"CACGT","TS54","+dTAG","RepR3","S23","Xist","MSR","other"
"4003",19165,"FJ24-FJ25::chr9:2999602-3038819",444,446,0.877,65,57,"B","G","+",26,22,"-",39,35,"TTCGT","TS54","+dTAG","RepR3","S23","Xist","MSR","other"
"4004",19166,"FJ24-FJ25::chr9:2999602-3038819",604,606,0.798,124,99,"B","G","+",11,11,"-",113,88,"CACGT","TS54","+dTAG","RepR3","S23","Xist","MSR","other"
"4005",19167,"FJ24-FJ25::chr9:2999602-3038819",620,622,0.937,126,118,"B","G","+",6,4,"-",120,114,"TTCGT","TS54","+dTAG","RepR3","S23","Xist","MSR","other"
"4006",19168,"FJ24-FJ25::chr9:2999602-3038819",738,740,0.874,382,334,"B","G","+",164,144,"-",218,190,"CTCGC","TS54","+dTAG","RepR3","S23","Xist","MSR","other"
"4007",19169,"FJ24-FJ25::chr9:2999602-3038819",750,752,0.892,409,365,"B","G","+",179,158,"-",230,207,"CACGT","TS54","+dTAG","RepR3","S23","Xist","MSR","other"
"4008",19170,"FJ24-FJ25::chr9:2999602-3038819",778,780,0.872,10709,9335,"B","G","+",170,142,"-",10539,9193,"TCCGT","TS54","+dTAG","RepR3","S23","Xist","MSR","other"
"4009",19171,"FJ24-FJ25::chr9:2999602-3038819",796,798,0.854,10169,8685,"B","G","+",68,59,"-",10101,8626,"CTCGA","TS54","+dTAG","RepR3","S23","Xist","MSR","other"
"4010",19172,"FJ24-FJ25::chr9:2999602-3038819",838,840,0.712,8700,6198,"B","G","+",192,127,"-",8508,6071,"CACGT","TS54","+dTAG","RepR3","S23","Xist","MSR","other"
"4011",19173,"FJ24-FJ25::chr9:2999602-3038819",854,856,0.879,8486,7460,"B","G","+",240,205,"-",8246,7255,"TTCGT","TS54","+dTAG","RepR3","S23","Xist","MSR","other"
"4012",19174,"FJ24-FJ25::chr9:2999602-3038819",866,868,0.744,3083,2295,"B","G","+",190,49,"-",2893,2246,"CACGT","TS54","+dTAG","RepR3","S23","Xist","MSR","other"
"4013",19175,"FJ24-FJ25::chr9:2999602-3038819",869,871,0.723,7922,5724,"B","G","+",235,200,"-",7687,5524,"GTCGT","TS54","+dTAG","RepR3","S23","Xist","MSR","other"
"4014",19176,"FJ24-FJ25::chr9:2999602-3038819",972,974,0.862,1691,1458,"B","G","+",331,294,"-",1360,1164,"CTCGC","TS54","+dTAG","RepR3","S23","Xist","MSR","other"
"4015",19177,"FJ24-FJ25::chr9:2999602-3038819",984,986,0.891,1531,1364,"B","G","+",327,301,"-",1204,1063,"CACGT","TS54","+dTAG","RepR3","S23","Xist","MSR","other"
"4016",19178,"FJ24-FJ25::chr9:2999602-3038819",1012,1014,0.87,561,488,"B","G","+",233,211,"-",328,277,"TCCGT","TS54","+dTAG","RepR3","S23","Xist","MSR","other"
"4017",19179,"FJ24-FJ25::chr9:2999602-3038819",1030,1032,0.783,254,199,"B","G","+",60,34,"-",194,165,"CTCGA","TS54","+dTAG","RepR3","S23","Xist","MSR","other"
"4018",19180,"FJ24-FJ25::chr9:2999602-3038819",1072,1074,0.696,230,160,"B","G","+",12,6,"-",218,154,"CACGT","TS54","+dTAG","RepR3","S23","Xist","MSR","other"
"4019",19181,"FJ24-FJ25::chr9:2999602-3038819",1103,1105,0.783,230,180,"B","G","+",6,2,"-",224,178,"GTCGT","TS54","+dTAG","RepR3","S23","Xist","MSR","other"
"4020",19182,"FJ24-FJ25::chr9:2999602-3038819",1158,1160,0.821,173,142,"B","G","+",14,10,"-",159,132,"CACGT","TS54","+dTAG","RepR3","S23","Xist","MSR","other"
"4021",19183,"FJ24-FJ25::chr9:2999602-3038819",1248,1250,0.728,694,505,"B","G","+",20,13,"-",674,492,"CACGT","TS54","+dTAG","RepR3","S23","Xist","MSR","other"
"4022",19184,"FJ24-FJ25::chr9:2999602-3038819",1264,1266,0.875,673,589,"B","G","+",22,20,"-",651,569,"TTCGT","TS54","+dTAG","RepR3","S23","Xist","MSR","other"
"4023",19185,"FJ24-FJ25::chr9:2999602-3038819",1382,1384,0.86,976,839,"B","G","+",174,154,"-",802,685,"CTCGC","TS54","+dTAG","RepR3","S23","Xist","MSR","other"
"4024",19186,"FJ24-FJ25::chr9:2999602-3038819",1394,1396,0.895,975,873,"B","G","+",172,156,"-",803,717,"CACGT","TS54","+dTAG","RepR3","S23","Xist","MSR","other"
"4025",19187,"FJ24-FJ25::chr9:2999602-3038819",1422,1424,0.673,710,478,"B","G","+",102,66,"-",608,412,"TCCGT","TS54","+dTAG","RepR3","S23","Xist","MSR","other"
"4026",19188,"FJ24-FJ25::chr9:2999602-3038819",1440,1442,0.767,219,168,"B","G","+",19,0,"-",200,168,"ATCGC","TS54","+dTAG","RepR3","S23","Xist","MSR","other"
"4027",19189,"FJ24-FJ25::chr9:2999602-3038819",1459,1461,0.00463,432,2,"B","G","+",1,0,"-",431,2,"TACGG","TS54","+dTAG","RepR3","S23","Xist","MSR","other"
"4028",19190,"FJ24-FJ25::chr9:2999602-3038819",1482,1484,0.725,40,29,"B","G","+",2,0,"-",38,29,"CACGT","TS54","+dTAG","RepR3","S23","Xist","MSR","other"
"4029",19191,"FJ24-FJ25::chr9:2999602-3038819",1616,1618,0.867,90,78,"B","G","+",21,20,"-",69,58,"CTCGC","TS54","+dTAG","RepR3","S23","Xist","MSR","other"
"4030",19192,"FJ24-FJ25::chr9:2999602-3038819",1674,1676,0.765,2903,2222,"B","G","+",33,29,"-",2870,2193,"CTCGC","TS54","+dTAG","RepR3","S23","Xist","MSR","other"
"4031",19193,"FJ24-FJ25::chr9:2999602-3038819",1716,1718,0.743,3969,2947,"B","G","+",113,63,"-",3856,2884,"CACGT","TS54","+dTAG","RepR3","S23","Xist","MSR","other"
"4032",19194,"FJ24-FJ25::chr9:2999602-3038819",1732,1734,0.879,4425,3891,"B","G","+",125,102,"-",4300,3789,"TTCGT","TS54","+dTAG","RepR3","S23","Xist","MSR","other"
"4033",19195,"FJ24-FJ25::chr9:2999602-3038819",1850,1852,0.858,823,706,"B","G","+",196,176,"-",627,530,"CTCGC","TS54","+dTAG","RepR3","S23","Xist","MSR","other"
"4034",19196,"FJ24-FJ25::chr9:2999602-3038819",1862,1864,0.89,799,711,"B","G","+",206,192,"-",593,519,"CACGT","TS54","+dTAG","RepR3","S23","Xist","MSR","other"
"4035",19197,"FJ24-FJ25::chr9:2999602-3038819",1890,1892,0.847,675,572,"B","G","+",196,179,"-",479,393,"TCCGT","TS54","+dTAG","RepR3","S23","Xist","MSR","other"
"4036",19198,"FJ24-FJ25::chr9:2999602-3038819",1908,1910,0.841,452,380,"B","G","+",140,128,"-",312,252,"CTCGC","TS54","+dTAG","RepR3","S23","Xist","MSR","other"
"4037",19199,"FJ24-FJ25::chr9:2999602-3038819",1949,1951,0.892,37,33,"-","G","+",0,0,"-",37,33,"ACGTT","TS54","+dTAG","RepR3","S23","Xist","MSR","other"
"4038",19200,"FJ24-FJ25::chr9:2999602-3038819",2083,2085,0.908,87,79,"B","G","+",7,6,"-",80,73,"CTCGC","TS54","+dTAG","RepR3","S23","Xist","MSR","other"
"4039",19201,"FJ24-FJ25::chr9:2999602-3038819",2095,2097,0.856,90,77,"B","G","+",8,7,"-",82,70,"CACGT","TS54","+dTAG","RepR3","S23","Xist","MSR","other"
"4040",19202,"FJ24-FJ25::chr9:2999602-3038819",2123,2125,0.857,475,407,"B","G","+",12,8,"-",463,399,"TCCGT","TS54","+dTAG","RepR3","S23","Xist","MSR","other"
"4041",19203,"FJ24-FJ25::chr9:2999602-3038819",2141,2143,0.881,462,407,"B","G","+",12,11,"-",450,396,"CTCGC","TS54","+dTAG","RepR3","S23","Xist","MSR","other"
"4042",19204,"FJ24-FJ25::chr9:2999602-3038819",2183,2185,0.685,496,340,"B","G","+",107,60,"-",389,280,"CACGT","TS54","+dTAG","RepR3","S23","Xist","MSR","other"
"4043",19205,"FJ24-FJ25::chr9:2999602-3038819",2199,2201,0.821,498,409,"B","G","+",111,70,"-",387,339,"TTCGT","TS54","+dTAG","RepR3","S23","Xist","MSR","other"
"4044",19206,"FJ24-FJ25::chr9:2999602-3038819",2297,2299,0,1,0,"-","G","+",0,0,"-",1,0,"TCGAC","TS54","+dTAG","RepR3","S23","Xist","MSR","other"
"4045",19207,"FJ24-FJ25::chr9:2999602-3038819",2317,2319,0.857,7,6,"+","G","+",7,6,"-",0,0,"CTCGC","TS54","+dTAG","RepR3","S23","Xist","MSR","other"
"4046",19208,"FJ24-FJ25::chr9:2999602-3038819",2357,2359,0.858,254,218,"B","G","+",67,54,"-",187,164,"TCCGT","TS54","+dTAG","RepR3","S23","Xist","MSR","other"
"4047",19209,"FJ24-FJ25::chr9:2999602-3038819",2375,2377,0.838,266,223,"B","G","+",78,68,"-",188,155,"CTCGC","TS54","+dTAG","RepR3","S23","Xist","MSR","other"
"4048",19210,"FJ24-FJ25::chr9:2999602-3038819",2433,2435,0.852,630,537,"B","G","+",46,39,"-",584,498,"TTCGT","TS54","+dTAG","RepR3","S23","Xist","MSR","other"
"4049",19211,"FJ24-FJ25::chr9:2999602-3038819",2448,2450,0.808,877,709,"B","G","+",59,40,"-",818,669,"GTCGT","TS54","+dTAG","RepR3","S23","Xist","MSR","other"
"4050",19212,"FJ24-FJ25::chr9:2999602-3038819",2551,2553,0.929,254,236,"B","G","+",28,26,"-",226,210,"CTCGC","TS54","+dTAG","RepR3","S23","Xist","MSR","other"
"4051",19213,"FJ24-FJ25::chr9:2999602-3038819",2609,2611,0.867,585,507,"B","G","+",30,27,"-",555,480,"CTCGC","TS54","+dTAG","RepR3","S23","Xist","MSR","other"
"4052",19214,"FJ24-FJ25::chr9:2999602-3038819",2651,2653,0.709,693,491,"B","G","+",132,76,"-",561,415,"CACGT","TS54","+dTAG","RepR3","S23","Xist","MSR","other"
"4053",19215,"FJ24-FJ25::chr9:2999602-3038819",2667,2669,0.833,690,575,"B","G","+",133,91,"-",557,484,"TTCGT","TS54","+dTAG","RepR3","S23","Xist","MSR","other"
"4054",19216,"FJ24-FJ25::chr9:2999602-3038819",2825,2827,0.641,368,236,"B","G","+",7,5,"-",361,231,"TCCGT","TS54","+dTAG","RepR3","S23","Xist","MSR","other"
"4055",19217,"FJ24-FJ25::chr9:2999602-3038819",2885,2887,0.577,26,15,"B","G","+",7,3,"-",19,12,"CACGT","TS54","+dTAG","RepR3","S23","Xist","MSR","other"
"4056",19218,"FJ24-FJ25::chr9:2999602-3038819",3001,3003,0.695,59,41,"B","G","+",18,10,"-",41,31,"CACGT","TS54","+dTAG","RepR3","S23","Xist","MSR","other"
"4057",19219,"FJ24-FJ25::chr9:2999602-3038819",3135,3137,0.933,60,56,"B","G","+",38,38,"-",22,18,"CTCGC","TS54","+dTAG","RepR3","S23","Xist","MSR","other"
"4058",19220,"FJ24-FJ25::chr9:2999602-3038819",3147,3149,0.881,67,59,"B","G","+",47,44,"-",20,15,"CACGT","TS54","+dTAG","RepR3","S23","Xist","MSR","other"
"4059",19221,"FJ24-FJ25::chr9:2999602-3038819",3175,3177,0.818,231,189,"B","G","+",46,36,"-",185,153,"TCCGT","TS54","+dTAG","RepR3","S23","Xist","MSR","other"
"4060",19222,"FJ24-FJ25::chr9:2999602-3038819",3193,3195,0.816,217,177,"B","G","+",49,44,"-",168,133,"CTCGC","TS54","+dTAG","RepR3","S23","Xist","MSR","other"
"4061",19223,"FJ24-FJ25::chr9:2999602-3038819",3234,3236,0.769,26,20,"-","G","+",0,0,"-",26,20,"ACGTT","TS54","+dTAG","RepR3","S23","Xist","MSR","other"
"4062",19224,"FJ24-FJ25::chr9:2999602-3038819",3368,3370,0.857,7,6,"B","G","+",1,1,"-",6,5,"CTCGC","TS54","+dTAG","RepR3","S23","Xist","MSR","other"
"4063",19225,"FJ24-FJ25::chr9:2999602-3038819",3380,3382,0.833,6,5,"B","G","+",1,1,"-",5,4,"CACGT","TS54","+dTAG","RepR3","S23","Xist","MSR","other"
"4064",19226,"FJ24-FJ25::chr9:2999602-3038819",3408,3410,0.8,160,128,"B","G","+",8,7,"-",152,121,"TCCGT","TS54","+dTAG","RepR3","S23","Xist","MSR","other"
"4065",19227,"FJ24-FJ25::chr9:2999602-3038819",3426,3428,0.887,186,165,"B","G","+",18,17,"-",168,148,"CTCGC","TS54","+dTAG","RepR3","S23","Xist","MSR","other"
"4066",19228,"FJ24-FJ25::chr9:2999602-3038819",3468,3470,0.712,299,213,"B","G","+",75,43,"-",224,170,"CACGT","TS54","+dTAG","RepR3","S23","Xist","MSR","other"
"4067",19229,"FJ24-FJ25::chr9:2999602-3038819",3484,3486,0.867,285,247,"B","G","+",77,63,"-",208,184,"TTCGT","TS54","+dTAG","RepR3","S23","Xist","MSR","other"
"4068",19230,"FJ24-FJ25::chr9:2999602-3038819",3602,3604,1,3,3,"+","G","+",3,3,"-",0,0,"CTCGC","TS54","+dTAG","RepR3","S23","Xist","MSR","other"
"4069",19231,"FJ24-FJ25::chr9:2999602-3038819",3642,3644,0.824,222,183,"B","G","+",60,44,"-",162,139,"TCCGT","TS54","+dTAG","RepR3","S23","Xist","MSR","other"
"4070",19232,"FJ24-FJ25::chr9:2999602-3038819",3660,3662,0.879,239,210,"B","G","+",67,59,"-",172,151,"CTCGC","TS54","+dTAG","RepR3","S23","Xist","MSR","other"
"4071",19233,"FJ24-FJ25::chr9:2999602-3038819",3718,3720,0.847,339,287,"B","G","+",33,31,"-",306,256,"TTCGT","TS54","+dTAG","RepR3","S23","Xist","MSR","other"
"4072",19234,"FJ24-FJ25::chr9:2999602-3038819",3733,3735,0.836,505,422,"B","G","+",56,46,"-",449,376,"GTCGT","TS54","+dTAG","RepR3","S23","Xist","MSR","other"
"4073",19235,"FJ24-FJ25::chr9:2999602-3038819",3836,3838,0.853,217,185,"B","G","+",20,16,"-",197,169,"CTCGC","TS54","+dTAG","RepR3","S23","Xist","MSR","other"
"4074",19236,"FJ24-FJ25::chr9:2999602-3038819",3894,3896,0.87,4060,3533,"B","G","+",15,14,"-",4045,3519,"CTCGC","TS54","+dTAG","RepR3","S23","Xist","MSR","other"
"4075",19237,"FJ24-FJ25::chr9:2999602-3038819",3936,3938,0.682,3935,2682,"B","G","+",19,13,"-",3916,2669,"CACGT","TS54","+dTAG","RepR3","S23","Xist","MSR","other"
"4076",19238,"FJ24-FJ25::chr9:2999602-3038819",4128,4130,0.848,256,217,"B","G","+",39,36,"-",217,181,"CTCGC","TS54","+dTAG","RepR3","S23","Xist","MSR","other"
"4077",19239,"FJ24-FJ25::chr9:2999602-3038819",4187,4189,0.867,45,39,"B","G","+",3,3,"-",42,36,"TTCGT","TS54","+dTAG","RepR3","S23","Xist","MSR","other"
"4078",19240,"FJ24-FJ25::chr9:2999602-3038819",4199,4201,0.333,3,1,"+","G","+",3,1,"-",0,0,"CACGT","TS54","+dTAG","RepR3","S23","Xist","MSR","other"
"4079",19241,"FJ24-FJ25::chr9:2999602-3038819",4303,4305,0.794,310,246,"B","G","+",2,2,"-",308,244,"CTCGC","TS54","+dTAG","RepR3","S23","Xist","MSR","other"
"4080",19242,"FJ24-FJ25::chr9:2999602-3038819",4346,4348,0.626,107,67,"B","G","+",1,1,"-",106,66,"CACGT","TS54","+dTAG","RepR3","S23","Xist","MSR","other"
"4081",19243,"FJ24-FJ25::chr9:2999602-3038819",4362,4364,0.905,95,86,"B","G","+",1,1,"-",94,85,"TTCGT","TS54","+dTAG","RepR3","S23","Xist","MSR","other"
"4082",19244,"FJ24-FJ25::chr9:2999602-3038819",4480,4482,0.621,95,59,"B","G","+",3,2,"-",92,57,"CTCGC","TS54","+dTAG","RepR3","S23","Xist","MSR","other"
"4083",19245,"FJ24-FJ25::chr9:2999602-3038819",4520,4522,0.781,38517,30067,"B","G","+",33,22,"-",38484,30045,"TCCGT","TS54","+dTAG","RepR3","S23","Xist","MSR","other"
"4084",19246,"FJ24-FJ25::chr9:2999602-3038819",4580,4582,0.725,28423,20600,"B","G","+",827,617,"-",27596,19983,"CACGT","TS54","+dTAG","RepR3","S23","Xist","MSR","other"
"4085",19247,"FJ24-FJ25::chr9:2999602-3038819",4596,4598,0.888,27096,24068,"B","G","+",924,828,"-",26172,23240,"TTCGT","TS54","+dTAG","RepR3","S23","Xist","MSR","other"
"4086",19248,"FJ24-FJ25::chr9:2999602-3038819",4611,4613,0.826,30541,25216,"B","G","+",960,881,"-",29581,24335,"GTCGT","TS54","+dTAG","RepR3","S23","Xist","MSR","other"
"4087",19249,"FJ24-FJ25::chr9:2999602-3038819",4654,4656,0.463,633,293,"B","G","+",172,10,"-",461,283,"CTCGC","TS54","+dTAG","RepR3","S23","Xist","MSR","other"
"4088",19250,"FJ24-FJ25::chr9:2999602-3038819",4754,4756,0.839,843,707,"B","G","+",3,3,"-",840,704,"TCCGT","TS54","+dTAG","RepR3","S23","Xist","MSR","other"
"4089",19251,"FJ24-FJ25::chr9:2999602-3038819",4814,4816,0.731,689,504,"B","G","+",3,1,"-",686,503,"CACGT","TS54","+dTAG","RepR3","S23","Xist","MSR","other"
"4090",19252,"FJ24-FJ25::chr9:2999602-3038819",4844,4846,0.766,668,512,"-","G","+",0,0,"-",668,512,"TCGTC","TS54","+dTAG","RepR3","S23","Xist","MSR","other"
"4091",19253,"FJ24-FJ25::chr9:2999602-3038819",4899,4901,0.803,66,53,"B","G","+",15,12,"-",51,41,"CACGT","TS54","+dTAG","RepR3","S23","Xist","MSR","other"
"4092",19254,"FJ24-FJ25::chr9:2999602-3038819",4947,4949,0.844,122,103,"B","G","+",121,103,"-",1,0,"TTCGC","TS54","+dTAG","RepR3","S23","Xist","MSR","other"
"4093",19255,"FJ24-FJ25::chr9:2999602-3038819",4959,4961,0.916,155,142,"B","G","+",154,141,"-",1,1,"CACGT","TS54","+dTAG","RepR3","S23","Xist","MSR","other"
"4094",19256,"FJ24-FJ25::chr9:2999602-3038819",4987,4989,0.884,2924,2586,"B","G","+",211,170,"-",2713,2416,"TCCGT","TS54","+dTAG","RepR3","S23","Xist","MSR","other"
"4095",19257,"FJ24-FJ25::chr9:2999602-3038819",5005,5007,0.809,3216,2602,"B","G","+",224,210,"-",2992,2392,"CTCGC","TS54","+dTAG","RepR3","S23","Xist","MSR","other"
"4096",19258,"FJ24-FJ25::chr9:2999602-3038819",5047,5049,0.726,27263,19801,"B","G","+",206,149,"-",27057,19652,"CACGT","TS54","+dTAG","RepR3","S23","Xist","MSR","other"
"4097",19259,"FJ24-FJ25::chr9:2999602-3038819",5063,5065,0.889,25910,23039,"B","G","+",135,122,"-",25775,22917,"TTCGT","TS54","+dTAG","RepR3","S23","Xist","MSR","other"
"4098",19260,"FJ24-FJ25::chr9:2999602-3038819",5078,5080,0.824,29082,23952,"B","G","+",134,116,"-",28948,23836,"GTCGT","TS54","+dTAG","RepR3","S23","Xist","MSR","other"
"4099",19261,"FJ24-FJ25::chr9:2999602-3038819",5181,5183,0.833,210,175,"B","G","+",137,111,"-",73,64,"CTCGC","TS54","+dTAG","RepR3","S23","Xist","MSR","other"
"4100",19262,"FJ24-FJ25::chr9:2999602-3038819",5193,5195,0.852,210,179,"B","G","+",142,120,"-",68,59,"CACGT","TS54","+dTAG","RepR3","S23","Xist","MSR","other"
"4101",19263,"FJ24-FJ25::chr9:2999602-3038819",5221,5223,0.544,397,216,"B","G","+",127,2,"-",270,214,"ACCGT","TS54","+dTAG","RepR3","S23","Xist","MSR","other"
"4102",19264,"FJ24-FJ25::chr9:2999602-3038819",5281,5283,0.875,16,14,"B","G","+",3,3,"-",13,11,"CACGT","TS54","+dTAG","RepR3","S23","Xist","MSR","other"
"4103",19265,"FJ24-FJ25::chr9:2999602-3038819",5415,5417,1,2,2,"B","G","+",1,1,"-",1,1,"CTCGC","TS54","+dTAG","RepR3","S23","Xist","MSR","other"
"4104",19266,"FJ24-FJ25::chr9:2999602-3038819",5427,5429,1,2,2,"B","G","+",1,1,"-",1,1,"CACGT","TS54","+dTAG","RepR3","S23","Xist","MSR","other"
"4105",19267,"FJ24-FJ25::chr9:2999602-3038819",5455,5457,0.857,21,18,"-","G","+",0,0,"-",21,18,"TCGTG","TS54","+dTAG","RepR3","S23","Xist","MSR","other"
"4106",19268,"FJ24-FJ25::chr9:2999602-3038819",5473,5475,0.92,25,23,"B","G","+",6,6,"-",19,17,"CTCGC","TS54","+dTAG","RepR3","S23","Xist","MSR","other"
"4107",19269,"FJ24-FJ25::chr9:2999602-3038819",5515,5517,0.935,31,29,"B","G","+",10,8,"-",21,21,"CACGT","TS54","+dTAG","RepR3","S23","Xist","MSR","other"
"4108",19270,"FJ24-FJ25::chr9:2999602-3038819",5707,5709,0.829,123,102,"B","G","+",4,3,"-",119,99,"CTCGC","TS54","+dTAG","RepR3","S23","Xist","MSR","other"
"4109",19271,"FJ24-FJ25::chr9:2999602-3038819",5924,5926,0.824,17,14,"B","G","+",2,1,"-",15,13,"CACGT","TS54","+dTAG","RepR3","S23","Xist","MSR","other"
"4110",19272,"FJ24-FJ25::chr9:2999602-3038819",5940,5942,0.722,18,13,"B","G","+",5,4,"-",13,9,"TTCGT","TS54","+dTAG","RepR3","S23","Xist","MSR","other"
"4111",19273,"FJ24-FJ25::chr9:2999602-3038819",5952,5954,0,2,0,"+","G","+",2,0,"-",0,0,"CACGT","TS54","+dTAG","RepR3","S23","Xist","MSR","other"
"4112",19274,"FJ24-FJ25::chr9:2999602-3038819",6058,6060,1,2,2,"+","G","+",2,2,"-",0,0,"CTCGC","TS54","+dTAG","RepR3","S23","Xist","MSR","other"
"4113",19275,"FJ24-FJ25::chr9:2999602-3038819",6098,6100,0.842,171,144,"B","G","+",2,2,"-",169,142,"TCCGT","TS54","+dTAG","RepR3","S23","Xist","MSR","other"
"4114",19276,"FJ24-FJ25::chr9:2999602-3038819",6116,6118,0.876,169,148,"B","G","+",2,2,"-",167,146,"CTCGC","TS54","+dTAG","RepR3","S23","Xist","MSR","other"
"4115",19277,"FJ24-FJ25::chr9:2999602-3038819",6158,6160,0.742,155,115,"B","G","+",3,1,"-",152,114,"CACGT","TS54","+dTAG","RepR3","S23","Xist","MSR","other"
"4116",19278,"FJ24-FJ25::chr9:2999602-3038819",6174,6176,0.858,127,109,"B","G","+",9,9,"-",118,100,"TTCGT","TS54","+dTAG","RepR3","S23","Xist","MSR","other"
"4117",19279,"FJ24-FJ25::chr9:2999602-3038819",6186,6188,0.818,11,9,"B","G","+",2,0,"-",9,9,"CACGT","TS54","+dTAG","RepR3","S23","Xist","MSR","other"
"4118",19280,"FJ24-FJ25::chr9:2999602-3038819",6189,6191,0.774,177,137,"B","G","+",10,10,"-",167,127,"GTCGT","TS54","+dTAG","RepR3","S23","Xist","MSR","other"
"4119",19281,"FJ24-FJ25::chr9:2999602-3038819",6244,6246,0.889,63,56,"B","G","+",23,23,"-",40,33,"CACGT","TS54","+dTAG","RepR3","S23","Xist","MSR","other"
"4120",19282,"FJ24-FJ25::chr9:2999602-3038819",6334,6336,0.788,33,26,"B","G","+",5,4,"-",28,22,"CACGT","TS54","+dTAG","RepR3","S23","Xist","MSR","other"
"4121",19283,"FJ24-FJ25::chr9:2999602-3038819",6350,6352,0.783,23,18,"B","G","+",3,1,"-",20,17,"TTCGT","TS54","+dTAG","RepR3","S23","Xist","MSR","other"
"4122",19284,"FJ24-FJ25::chr9:2999602-3038819",6390,6392,0.625,80,50,"B","G","+",1,0,"-",79,50,"TCCGT","TS54","+dTAG","RepR3","S23","Xist","MSR","other"
"4123",19285,"FJ24-FJ25::chr9:2999602-3038819",6434,6436,0,71,0,"B","G","+",1,0,"-",70,0,"GACGT","TS54","+dTAG","RepR3","S23","Xist","MSR","other"
"4124",19286,"FJ24-FJ25::chr9:2999602-3038819",6508,6510,0.966,29,28,"B","G","+",2,2,"-",27,26,"TCCGT","TS54","+dTAG","RepR3","S23","Xist","MSR","other"
"4125",19287,"FJ24-FJ25::chr9:2999602-3038819",6526,6528,0.833,18,15,"-","G","+",0,0,"-",18,15,"TCGCC","TS54","+dTAG","RepR3","S23","Xist","MSR","other"
"4126",19288,"FJ24-FJ25::chr9:2999602-3038819",6702,6704,1,4,4,"-","G","+",0,0,"-",4,4,"TCGCC","TS54","+dTAG","RepR3","S23","Xist","MSR","other"
"4127",19289,"FJ24-FJ25::chr9:2999602-3038819",6760,6762,0.737,1398,1030,"B","G","+",4,3,"-",1394,1027,"CTCGC","TS54","+dTAG","RepR3","S23","Xist","MSR","other"
"4128",19290,"FJ24-FJ25::chr9:2999602-3038819",6802,6804,0.688,1011,696,"B","G","+",45,19,"-",966,677,"CACGT","TS54","+dTAG","RepR3","S23","Xist","MSR","other"
"4129",19291,"FJ24-FJ25::chr9:2999602-3038819",6818,6820,0.867,953,826,"B","G","+",57,42,"-",896,784,"TTCGT","TS54","+dTAG","RepR3","S23","Xist","MSR","other"
"4130",19292,"FJ24-FJ25::chr9:2999602-3038819",6948,6950,0.5,2,1,"-","G","+",0,0,"-",2,1,"ACGTC","TS54","+dTAG","RepR3","S23","Xist","MSR","other"
"4131",19293,"FJ24-FJ25::chr9:2999602-3038819",6994,6996,0.889,9,8,"B","G","+",3,2,"-",6,6,"CTCGA","TS54","+dTAG","RepR3","S23","Xist","MSR","other"
"4132",19294,"FJ24-FJ25::chr9:2999602-3038819",7051,7053,0.819,343,281,"B","G","+",18,16,"-",325,265,"TTCGT","TS54","+dTAG","RepR3","S23","Xist","MSR","other"
"4133",19295,"FJ24-FJ25::chr9:2999602-3038819",7169,7171,0.862,572,493,"B","G","+",131,114,"-",441,379,"CTCGC","TS54","+dTAG","RepR3","S23","Xist","MSR","other"
"4134",19296,"FJ24-FJ25::chr9:2999602-3038819",7181,7183,0.896,675,605,"B","G","+",181,164,"-",494,441,"CACGT","TS54","+dTAG","RepR3","S23","Xist","MSR","other"
"4135",19297,"FJ24-FJ25::chr9:2999602-3038819",7209,7211,0.836,16586,13866,"B","G","+",231,194,"-",16355,13672,"TCCGT","TS54","+dTAG","RepR3","S23","Xist","MSR","other"
"4136",19298,"FJ24-FJ25::chr9:2999602-3038819",7227,7229,0.821,16496,13542,"B","G","+",237,217,"-",16259,13325,"CTCGC","TS54","+dTAG","RepR3","S23","Xist","MSR","other"
"4137",19299,"FJ24-FJ25::chr9:2999602-3038819",7269,7271,0.71,1027,729,"B","G","+",142,86,"-",885,643,"CACGT","TS54","+dTAG","RepR3","S23","Xist","MSR","other"
"4138",19300,"FJ24-FJ25::chr9:2999602-3038819",7285,7287,0.85,701,596,"B","G","+",89,77,"-",612,519,"TTCGT","TS54","+dTAG","RepR3","S23","Xist","MSR","other"
"4139",19301,"FJ24-FJ25::chr9:2999602-3038819",7417,7419,1,2,2,"B","G","+",1,1,"-",1,1,"CACGT","TS54","+dTAG","RepR3","S23","Xist","MSR","other"
"4140",19302,"FJ24-FJ25::chr9:2999602-3038819",7444,7446,0.714,7,5,"B","G","+",1,1,"-",6,4,"TTCGG","TS54","+dTAG","RepR3","S23","Xist","MSR","other"
"4141",19303,"FJ24-FJ25::chr9:2999602-3038819",7463,7465,0.733,30,22,"B","G","+",1,1,"-",29,21,"CTCGC","TS54","+dTAG","RepR3","S23","Xist","MSR","other"
"4142",19304,"FJ24-FJ25::chr9:2999602-3038819",7506,7508,0.76,208,158,"B","G","+",96,64,"-",112,94,"CACGT","TS54","+dTAG","RepR3","S23","Xist","MSR","other"
"4143",19305,"FJ24-FJ25::chr9:2999602-3038819",7522,7524,0.865,281,243,"B","G","+",165,145,"-",116,98,"TTCGT","TS54","+dTAG","RepR3","S23","Xist","MSR","other"
"4144",19306,"FJ24-FJ25::chr9:2999602-3038819",7537,7539,0.896,308,276,"B","G","+",173,159,"-",135,117,"GTCGT","TS54","+dTAG","RepR3","S23","Xist","MSR","other"
"4145",19307,"FJ24-FJ25::chr9:2999602-3038819",7698,7700,0.818,2540,2078,"B","G","+",4,0,"-",2536,2078,"CTCGC","TS54","+dTAG","RepR3","S23","Xist","MSR","other"
"4146",19308,"FJ24-FJ25::chr9:2999602-3038819",7759,7761,0.727,11,8,"B","G","+",4,3,"-",7,5,"CTCGC","TS54","+dTAG","RepR3","S23","Xist","MSR","other"
"4147",19309,"FJ24-FJ25::chr9:2999602-3038819",7799,7801,0.893,825,737,"B","G","+",25,22,"-",800,715,"TCCGT","TS54","+dTAG","RepR3","S23","Xist","MSR","other"
"4148",19310,"FJ24-FJ25::chr9:2999602-3038819",7817,7819,0.872,799,697,"B","G","+",24,21,"-",775,676,"CTCGC","TS54","+dTAG","RepR3","S23","Xist","MSR","other"
"4149",19311,"FJ24-FJ25::chr9:2999602-3038819",7859,7861,0.708,414,293,"B","G","+",4,2,"-",410,291,"CACGT","TS54","+dTAG","RepR3","S23","Xist","MSR","other"
"4150",19312,"FJ24-FJ25::chr9:2999602-3038819",7992,7994,0.885,61,54,"B","G","+",46,42,"-",15,12,"CTCGC","TS54","+dTAG","RepR3","S23","Xist","MSR","other"
"4151",19313,"FJ24-FJ25::chr9:2999602-3038819",8004,8006,0.987,77,76,"B","G","+",62,61,"-",15,15,"CACGT","TS54","+dTAG","RepR3","S23","Xist","MSR","other"
"4152",19314,"FJ24-FJ25::chr9:2999602-3038819",8032,8034,0.885,358,317,"B","G","+",58,51,"-",300,266,"TCCGT","TS54","+dTAG","RepR3","S23","Xist","MSR","other"
"4153",19315,"FJ24-FJ25::chr9:2999602-3038819",8050,8052,0.836,299,250,"B","G","+",50,47,"-",249,203,"CTCGC","TS54","+dTAG","RepR3","S23","Xist","MSR","other"
"4154",19316,"FJ24-FJ25::chr9:2999602-3038819",8091,8093,0.789,38,30,"B","G","+",2,1,"-",36,29,"CACGT","TS54","+dTAG","RepR3","S23","Xist","MSR","other"
"4155",19317,"FJ24-FJ25::chr9:2999602-3038819",8225,8227,1,1,1,"+","G","+",1,1,"-",0,0,"CTCGC","TS54","+dTAG","RepR3","S23","Xist","MSR","other"
"4156",19318,"FJ24-FJ25::chr9:2999602-3038819",8237,8239,1,2,2,"B","G","+",1,1,"-",1,1,"CACGT","TS54","+dTAG","RepR3","S23","Xist","MSR","other"
"4157",19319,"FJ24-FJ25::chr9:2999602-3038819",8265,8267,0.921,76,70,"B","G","+",4,4,"-",72,66,"TTCGT","TS54","+dTAG","RepR3","S23","Xist","MSR","other"
"4158",19320,"FJ24-FJ25::chr9:2999602-3038819",8283,8285,0.909,77,70,"B","G","+",3,1,"-",74,69,"CTCGC","TS54","+dTAG","RepR3","S23","Xist","MSR","other"
"4159",19321,"FJ24-FJ25::chr9:2999602-3038819",8325,8327,0.706,347,245,"B","G","+",11,5,"-",336,240,"CACGT","TS54","+dTAG","RepR3","S23","Xist","MSR","other"
"4160",19322,"FJ24-FJ25::chr9:2999602-3038819",8517,8519,0.829,811,672,"B","G","+",28,27,"-",783,645,"CTCGC","TS54","+dTAG","RepR3","S23","Xist","MSR","other"
"4161",19323,"FJ24-FJ25::chr9:2999602-3038819",8576,8578,0.75,40,30,"-","G","+",0,0,"-",40,30,"TCGTC","TS54","+dTAG","RepR3","S23","Xist","MSR","other"
"4162",19324,"FJ24-FJ25::chr9:2999602-3038819",8588,8590,0,1,0,"-","G","+",0,0,"-",1,0,"ACGTT","TS54","+dTAG","RepR3","S23","Xist","MSR","other"
"4163",19325,"FJ24-FJ25::chr9:2999602-3038819",8692,8694,0.903,93,84,"B","G","+",1,0,"-",92,84,"CTCGC","TS54","+dTAG","RepR3","S23","Xist","MSR","other"
"4164",19326,"FJ24-FJ25::chr9:2999602-3038819",8735,8737,0.333,9,3,"-","G","+",0,0,"-",9,3,"ACGTT","TS54","+dTAG","RepR3","S23","Xist","MSR","other"
"4165",19327,"FJ24-FJ25::chr9:2999602-3038819",8751,8753,0.882,17,15,"-","G","+",0,0,"-",17,15,"TCGTC","TS54","+dTAG","RepR3","S23","Xist","MSR","other"
"4166",19328,"FJ24-FJ25::chr9:2999602-3038819",8763,8765,0.75,4,3,"-","G","+",0,0,"-",4,3,"ACGTT","TS54","+dTAG","RepR3","S23","Xist","MSR","other"
"4167",19329,"FJ24-FJ25::chr9:2999602-3038819",8869,8871,0.429,14,6,"B","G","+",4,4,"-",10,2,"CTCGC","TS54","+dTAG","RepR3","S23","Xist","MSR","other"
"4168",19330,"FJ24-FJ25::chr9:2999602-3038819",8909,8911,0.829,8028,6653,"B","G","+",15,13,"-",8013,6640,"TCCGT","TS54","+dTAG","RepR3","S23","Xist","MSR","other"
"4169",19331,"FJ24-FJ25::chr9:2999602-3038819",8969,8971,0.722,370,267,"B","G","+",80,50,"-",290,217,"CACGT","TS54","+dTAG","RepR3","S23","Xist","MSR","other"
"4170",19332,"FJ24-FJ25::chr9:2999602-3038819",8985,8987,0.871,395,344,"B","G","+",86,79,"-",309,265,"TTCGT","TS54","+dTAG","RepR3","S23","Xist","MSR","other"
"4171",19333,"FJ24-FJ25::chr9:2999602-3038819",9161,9163,0.832,321,267,"B","G","+",9,9,"-",312,258,"CTCGC","TS54","+dTAG","RepR3","S23","Xist","MSR","other"
"4172",19334,"FJ24-FJ25::chr9:2999602-3038819",9220,9222,0.883,222,196,"-","G","+",0,0,"-",222,196,"TCGTC","TS54","+dTAG","RepR3","S23","Xist","MSR","other"
"4173",19335,"FJ24-FJ25::chr9:2999602-3038819",9232,9234,0.667,3,2,"-","G","+",0,0,"-",3,2,"ACGTT","TS54","+dTAG","RepR3","S23","Xist","MSR","other"
"4174",19336,"FJ24-FJ25::chr9:2999602-3038819",9378,9380,0,1,0,"+","G","+",1,0,"-",0,0,"CACGT","TS54","+dTAG","RepR3","S23","Xist","MSR","other"
"4175",19337,"FJ24-FJ25::chr9:2999602-3038819",9394,9396,0,2,0,"+","G","+",2,0,"-",0,0,"TTCGT","TS54","+dTAG","RepR3","S23","Xist","MSR","other"
"4176",19338,"FJ24-FJ25::chr9:2999602-3038819",9470,9472,0.944,18,17,"B","G","+",6,6,"-",12,11,"TTCGT","TS54","+dTAG","RepR3","S23","Xist","MSR","other"
"4177",19339,"FJ24-FJ25::chr9:2999602-3038819",9602,9604,1,3,3,"+","G","+",3,3,"-",0,0,"CACGT","TS54","+dTAG","RepR3","S23","Xist","MSR","other"
"4178",19340,"FJ24-FJ25::chr9:2999602-3038819",9629,9631,0.935,31,29,"B","G","+",4,4,"-",27,25,"TTCGG","TS54","+dTAG","RepR3","S23","Xist","MSR","other"
"4179",19341,"FJ24-FJ25::chr9:2999602-3038819",9648,9650,0.862,269,232,"B","G","+",10,6,"-",259,226,"CTCGC","TS54","+dTAG","RepR3","S23","Xist","MSR","other"
"4180",19342,"FJ24-FJ25::chr9:2999602-3038819",9691,9693,0.725,433,314,"B","G","+",89,60,"-",344,254,"CACGT","TS54","+dTAG","RepR3","S23","Xist","MSR","other"
"4181",19343,"FJ24-FJ25::chr9:2999602-3038819",9707,9709,0.852,763,650,"B","G","+",150,137,"-",613,513,"TTCGT","TS54","+dTAG","RepR3","S23","Xist","MSR","other"
"4182",19344,"FJ24-FJ25::chr9:2999602-3038819",9722,9724,0.851,766,652,"B","G","+",150,137,"-",616,515,"GTCGT","TS54","+dTAG","RepR3","S23","Xist","MSR","other"
"4183",19345,"FJ24-FJ25::chr9:2999602-3038819",9883,9885,0.837,1861,1557,"B","G","+",7,6,"-",1854,1551,"CTCGC","TS54","+dTAG","RepR3","S23","Xist","MSR","other"
"4184",19346,"FJ24-FJ25::chr9:2999602-3038819",9944,9946,1,10,10,"B","G","+",2,2,"-",8,8,"CTCGC","TS54","+dTAG","RepR3","S23","Xist","MSR","other"
"4185",19347,"FJ24-FJ25::chr9:2999602-3038819",9984,9986,0.877,584,512,"B","G","+",22,19,"-",562,493,"TCCGT","TS54","+dTAG","RepR3","S23","Xist","MSR","other"
"4186",19348,"FJ24-FJ25::chr9:2999602-3038819",10002,10004,0.816,604,493,"B","G","+",26,24,"-",578,469,"CTCGC","TS54","+dTAG","RepR3","S23","Xist","MSR","other"
"4187",19349,"FJ24-FJ25::chr9:2999602-3038819",10044,10046,0.753,360,271,"B","G","+",10,5,"-",350,266,"CACGT","TS54","+dTAG","RepR3","S23","Xist","MSR","other"
"4188",19350,"FJ24-FJ25::chr9:2999602-3038819",10177,10179,0.759,29,22,"B","G","+",5,5,"-",24,17,"CTCGC","TS54","+dTAG","RepR3","S23","Xist","MSR","other"
"4189",19351,"FJ24-FJ25::chr9:2999602-3038819",10189,10191,0.694,36,25,"B","G","+",7,7,"-",29,18,"CACGT","TS54","+dTAG","RepR3","S23","Xist","MSR","other"
"4190",19352,"FJ24-FJ25::chr9:2999602-3038819",10217,10219,0.809,6604,5341,"B","G","+",7,5,"-",6597,5336,"TCCGT","TS54","+dTAG","RepR3","S23","Xist","MSR","other"
"4191",19353,"FJ24-FJ25::chr9:2999602-3038819",10277,10279,0.702,57,40,"B","G","+",1,0,"-",56,40,"CACGT","TS54","+dTAG","RepR3","S23","Xist","MSR","other"
"4192",19354,"FJ24-FJ25::chr9:2999602-3038819",10411,10413,0.875,56,49,"B","G","+",46,39,"-",10,10,"CTCGC","TS54","+dTAG","RepR3","S23","Xist","MSR","other"
"4193",19355,"FJ24-FJ25::chr9:2999602-3038819",10423,10425,0.93,71,66,"B","G","+",62,58,"-",9,8,"CACGT","TS54","+dTAG","RepR3","S23","Xist","MSR","other"
"4194",19356,"FJ24-FJ25::chr9:2999602-3038819",10451,10453,0.852,332,283,"B","G","+",75,61,"-",257,222,"TCCGT","TS54","+dTAG","RepR3","S23","Xist","MSR","other"
"4195",19357,"FJ24-FJ25::chr9:2999602-3038819",10469,10471,0.846,267,226,"B","G","+",66,57,"-",201,169,"CTCGC","TS54","+dTAG","RepR3","S23","Xist","MSR","other"
"4196",19358,"FJ24-FJ25::chr9:2999602-3038819",10510,10512,0.833,12,10,"B","G","+",2,1,"-",10,9,"CACGT","TS54","+dTAG","RepR3","S23","Xist","MSR","other"
"4197",19359,"FJ24-FJ25::chr9:2999602-3038819",10644,10646,0.8,5,4,"B","G","+",2,1,"-",3,3,"CTCGC","TS54","+dTAG","RepR3","S23","Xist","MSR","other"
"4198",19360,"FJ24-FJ25::chr9:2999602-3038819",10656,10658,1,4,4,"B","G","+",2,2,"-",2,2,"CACGT","TS54","+dTAG","RepR3","S23","Xist","MSR","other"
"4199",19361,"FJ24-FJ25::chr9:2999602-3038819",10684,10686,0.861,194,167,"B","G","+",3,3,"-",191,164,"TCCGT","TS54","+dTAG","RepR3","S23","Xist","MSR","other"
"4200",19362,"FJ24-FJ25::chr9:2999602-3038819",10702,10704,0.84,206,173,"B","G","+",3,3,"-",203,170,"CTCGC","TS54","+dTAG","RepR3","S23","Xist","MSR","other"
"4201",19363,"FJ24-FJ25::chr9:2999602-3038819",10744,10746,0.719,317,228,"B","G","+",55,31,"-",262,197,"CACGT","TS54","+dTAG","RepR3","S23","Xist","MSR","other"
"4202",19364,"FJ24-FJ25::chr9:2999602-3038819",10760,10762,0.855,358,306,"B","G","+",61,47,"-",297,259,"TTCGT","TS54","+dTAG","RepR3","S23","Xist","MSR","other"
"4203",19365,"FJ24-FJ25::chr9:2999602-3038819",10858,10860,1,2,2,"+","G","+",2,2,"-",0,0,"TTCGA","TS54","+dTAG","RepR3","S23","Xist","MSR","other"
"4204",19366,"FJ24-FJ25::chr9:2999602-3038819",10878,10880,0.5,4,2,"+","G","+",4,2,"-",0,0,"CTCGC","TS54","+dTAG","RepR3","S23","Xist","MSR","other"
"4205",19367,"FJ24-FJ25::chr9:2999602-3038819",10918,10920,0.736,53,39,"B","G","+",26,24,"-",27,15,"TCCGT","TS54","+dTAG","RepR3","S23","Xist","MSR","other"
"4206",19368,"FJ24-FJ25::chr9:2999602-3038819",10994,10996,0.835,85,71,"B","G","+",16,16,"-",69,55,"TTCGT","TS54","+dTAG","RepR3","S23","Xist","MSR","other"
"4207",19369,"FJ24-FJ25::chr9:2999602-3038819",11009,11011,0.865,104,90,"B","G","+",19,15,"-",85,75,"GTCGT","TS54","+dTAG","RepR3","S23","Xist","MSR","other"
"4208",19370,"FJ24-FJ25::chr9:2999602-3038819",11110,11112,0.809,68,55,"B","G","+",6,1,"-",62,54,"CTCGC","TS54","+dTAG","RepR3","S23","Xist","MSR","other"
"4209",19371,"FJ24-FJ25::chr9:2999602-3038819",11153,11155,0.769,13,10,"B","G","+",1,1,"-",12,9,"CACGT","TS54","+dTAG","RepR3","S23","Xist","MSR","other"
"4210",19372,"FJ24-FJ25::chr9:2999602-3038819",11169,11171,1,9,9,"-","G","+",0,0,"-",9,9,"TCGTC","TS54","+dTAG","RepR3","S23","Xist","MSR","other"
"4211",19373,"FJ24-FJ25::chr9:2999602-3038819",11181,11183,0,1,0,"-","G","+",0,0,"-",1,0,"ACGTT","TS54","+dTAG","RepR3","S23","Xist","MSR","other"
"4212",19374,"FJ24-FJ25::chr9:2999602-3038819",11287,11289,0.727,11,8,"B","G","+",2,1,"-",9,7,"CTCGC","TS54","+dTAG","RepR3","S23","Xist","MSR","other"
"4213",19375,"FJ24-FJ25::chr9:2999602-3038819",11327,11329,0.801,7608,6092,"B","G","+",14,10,"-",7594,6082,"TCCGT","TS54","+dTAG","RepR3","S23","Xist","MSR","other"
"4214",19376,"FJ24-FJ25::chr9:2999602-3038819",11387,11389,0.742,977,725,"B","G","+",82,49,"-",895,676,"CACGT","TS54","+dTAG","RepR3","S23","Xist","MSR","other"
"4215",19377,"FJ24-FJ25::chr9:2999602-3038819",11403,11405,0.889,990,880,"B","G","+",95,90,"-",895,790,"TTCGT","TS54","+dTAG","RepR3","S23","Xist","MSR","other"
"4216",19378,"FJ24-FJ25::chr9:2999602-3038819",11579,11581,0.914,81,74,"B","G","+",5,5,"-",76,69,"CTCGC","TS54","+dTAG","RepR3","S23","Xist","MSR","other"
"4217",19379,"FJ24-FJ25::chr9:2999602-3038819",11638,11640,0.75,8,6,"-","G","+",0,0,"-",8,6,"TCGTC","TS54","+dTAG","RepR3","S23","Xist","MSR","other"
"4218",19380,"FJ24-FJ25::chr9:2999602-3038819",11796,11798,0.759,29,22,"B","G","+",1,1,"-",28,21,"CACGT","TS54","+dTAG","RepR3","S23","Xist","MSR","other"
"4219",19381,"FJ24-FJ25::chr9:2999602-3038819",11812,11814,0.904,52,47,"B","G","+",1,1,"-",51,46,"TTCGT","TS54","+dTAG","RepR3","S23","Xist","MSR","other"
"4220",19382,"FJ24-FJ25::chr9:2999602-3038819",11824,11826,0,1,0,"-","G","+",0,0,"-",1,0,"ACGTT","TS54","+dTAG","RepR3","S23","Xist","MSR","other"
"4221",19383,"FJ24-FJ25::chr9:2999602-3038819",11930,11932,1,1,1,"-","G","+",0,0,"-",1,1,"TCGCC","TS54","+dTAG","RepR3","S23","Xist","MSR","other"
"4222",19384,"FJ24-FJ25::chr9:2999602-3038819",11970,11972,0.856,188,161,"-","G","+",0,0,"-",188,161,"CCGTG","TS54","+dTAG","RepR3","S23","Xist","MSR","other"
"4223",19385,"FJ24-FJ25::chr9:2999602-3038819",11988,11990,0.91,167,152,"-","G","+",0,0,"-",167,152,"TCGCC","TS54","+dTAG","RepR3","S23","Xist","MSR","other"
"4224",19386,"FJ24-FJ25::chr9:2999602-3038819",12030,12032,0.761,293,223,"B","G","+",4,4,"-",289,219,"CACGT","TS54","+dTAG","RepR3","S23","Xist","MSR","other"
"4225",19387,"FJ24-FJ25::chr9:2999602-3038819",12046,12048,0.878,254,223,"B","G","+",7,7,"-",247,216,"TTCGT","TS54","+dTAG","RepR3","S23","Xist","MSR","other"
"4226",19388,"FJ24-FJ25::chr9:2999602-3038819",12058,12060,0.556,9,5,"B","G","+",3,0,"-",6,5,"CACGT","TS54","+dTAG","RepR3","S23","Xist","MSR","other"
"4227",19389,"FJ24-FJ25::chr9:2999602-3038819",12061,12063,0.799,293,234,"B","G","+",10,10,"-",283,224,"GTCGT","TS54","+dTAG","RepR3","S23","Xist","MSR","other"
"4228",19390,"FJ24-FJ25::chr9:2999602-3038819",12116,12118,0.861,209,180,"B","G","+",12,12,"-",197,168,"CACGT","TS54","+dTAG","RepR3","S23","Xist","MSR","other"
"4229",19391,"FJ24-FJ25::chr9:2999602-3038819",12206,12208,0.761,557,424,"B","G","+",8,8,"-",549,416,"CACGT","TS54","+dTAG","RepR3","S23","Xist","MSR","other"
"4230",19392,"FJ24-FJ25::chr9:2999602-3038819",12222,12224,0.878,498,437,"B","G","+",8,6,"-",490,431,"TTCGT","TS54","+dTAG","RepR3","S23","Xist","MSR","other"
"4231",19393,"FJ24-FJ25::chr9:2999602-3038819",12262,12264,0.0626,607,38,"B","G","+",2,2,"-",605,36,"TCCGT","TS54","+dTAG","RepR3","S23","Xist","MSR","other"
"4232",19394,"FJ24-FJ25::chr9:2999602-3038819",12306,12308,0,279,0,"-","G","+",0,0,"-",279,0,"ACGTT","TS54","+dTAG","RepR3","S23","Xist","MSR","other"
"4233",19395,"FJ24-FJ25::chr9:2999602-3038819",12380,12382,0.667,12,8,"-","G","+",0,0,"-",12,8,"CCGTG","TS54","+dTAG","RepR3","S23","Xist","MSR","other"
"4234",19396,"FJ24-FJ25::chr9:2999602-3038819",12398,12400,0.5,4,2,"-","G","+",0,0,"-",4,2,"TCGCC","TS54","+dTAG","RepR3","S23","Xist","MSR","other"
"4235",19397,"FJ24-FJ25::chr9:2999602-3038819",12574,12576,1,1,1,"+","G","+",1,1,"-",0,0,"CTCGC","TS54","+dTAG","RepR3","S23","Xist","MSR","other"
"4236",19398,"FJ24-FJ25::chr9:2999602-3038819",12632,12634,0.742,922,684,"B","G","+",4,2,"-",918,682,"CTCGC","TS54","+dTAG","RepR3","S23","Xist","MSR","other"
"4237",19399,"FJ24-FJ25::chr9:2999602-3038819",12674,12676,0.697,804,560,"B","G","+",31,14,"-",773,546,"CACGT","TS54","+dTAG","RepR3","S23","Xist","MSR","other"
"4238",19400,"FJ24-FJ25::chr9:2999602-3038819",12690,12692,0.876,740,648,"B","G","+",49,37,"-",691,611,"TTCGT","TS54","+dTAG","RepR3","S23","Xist","MSR","other"
"4239",19401,"FJ24-FJ25::chr9:2999602-3038819",12820,12822,1,2,2,"B","G","+",1,1,"-",1,1,"CACGT","TS54","+dTAG","RepR3","S23","Xist","MSR","other"
"4240",19402,"FJ24-FJ25::chr9:2999602-3038819",12866,12868,1,11,11,"-","G","+",0,0,"-",11,11,"TCGAC","TS54","+dTAG","RepR3","S23","Xist","MSR","other"
"4241",19403,"FJ24-FJ25::chr9:2999602-3038819",12923,12925,0.909,11,10,"B","G","+",1,1,"-",10,9,"TTCGT","TS54","+dTAG","RepR3","S23","Xist","MSR","other"
"4242",19404,"FJ24-FJ25::chr9:2999602-3038819",13055,13057,1,3,3,"+","G","+",3,3,"-",0,0,"CACGT","TS54","+dTAG","RepR3","S23","Xist","MSR","other"
"4243",19405,"FJ24-FJ25::chr9:2999602-3038819",13082,13084,0.786,28,22,"B","G","+",2,1,"-",26,21,"TTCGG","TS54","+dTAG","RepR3","S23","Xist","MSR","other"
"4244",19406,"FJ24-FJ25::chr9:2999602-3038819",13101,13103,0.936,264,247,"B","G","+",4,3,"-",260,244,"CTCGC","TS54","+dTAG","RepR3","S23","Xist","MSR","other"
"4245",19407,"FJ24-FJ25::chr9:2999602-3038819",13144,13146,0.686,382,262,"B","G","+",88,60,"-",294,202,"CACGT","TS54","+dTAG","RepR3","S23","Xist","MSR","other"
"4246",19408,"FJ24-FJ25::chr9:2999602-3038819",13160,13162,0.879,504,443,"B","G","+",145,132,"-",359,311,"TTCGT","TS54","+dTAG","RepR3","S23","Xist","MSR","other"
"4247",19409,"FJ24-FJ25::chr9:2999602-3038819",13175,13177,0.831,544,452,"B","G","+",157,140,"-",387,312,"GTCGT","TS54","+dTAG","RepR3","S23","Xist","MSR","other"
"4248",19410,"FJ24-FJ25::chr9:2999602-3038819",13336,13338,0.821,1998,1641,"B","G","+",5,3,"-",1993,1638,"CTCGC","TS54","+dTAG","RepR3","S23","Xist","MSR","other"
"4249",19411,"FJ24-FJ25::chr9:2999602-3038819",13397,13399,0.833,6,5,"B","G","+",2,2,"-",4,3,"CTCGC","TS54","+dTAG","RepR3","S23","Xist","MSR","other"
"4250",19412,"FJ24-FJ25::chr9:2999602-3038819",13437,13439,0.865,711,615,"B","G","+",31,24,"-",680,591,"TCCGT","TS54","+dTAG","RepR3","S23","Xist","MSR","other"
"4251",19413,"FJ24-FJ25::chr9:2999602-3038819",13455,13457,0.809,716,579,"B","G","+",33,30,"-",683,549,"CTCGC","TS54","+dTAG","RepR3","S23","Xist","MSR","other"
"4252",19414,"FJ24-FJ25::chr9:2999602-3038819",13497,13499,0.71,472,335,"B","G","+",11,10,"-",461,325,"CACGT","TS54","+dTAG","RepR3","S23","Xist","MSR","other"
"4253",19415,"FJ24-FJ25::chr9:2999602-3038819",13630,13632,0.775,40,31,"B","G","+",7,7,"-",33,24,"CTCGC","TS54","+dTAG","RepR3","S23","Xist","MSR","other"
"4254",19416,"FJ24-FJ25::chr9:2999602-3038819",13642,13644,0.75,36,27,"B","G","+",7,7,"-",29,20,"CACGT","TS54","+dTAG","RepR3","S23","Xist","MSR","other"
"4255",19417,"FJ24-FJ25::chr9:2999602-3038819",13670,13672,0.818,7026,5745,"B","G","+",11,10,"-",7015,5735,"TCCGT","TS54","+dTAG","RepR3","S23","Xist","MSR","other"
"4256",19418,"FJ24-FJ25::chr9:2999602-3038819",13730,13732,0.761,155,118,"B","G","+",5,2,"-",150,116,"CACGT","TS54","+dTAG","RepR3","S23","Xist","MSR","other"
"4257",19419,"FJ24-FJ25::chr9:2999602-3038819",13864,13866,0.82,61,50,"B","G","+",46,39,"-",15,11,"CTCGC","TS54","+dTAG","RepR3","S23","Xist","MSR","other"
"4258",19420,"FJ24-FJ25::chr9:2999602-3038819",13876,13878,0.961,76,73,"B","G","+",63,61,"-",13,12,"CACGT","TS54","+dTAG","RepR3","S23","Xist","MSR","other"
"4259",19421,"FJ24-FJ25::chr9:2999602-3038819",13904,13906,0.838,370,310,"B","G","+",69,65,"-",301,245,"TCCGT","TS54","+dTAG","RepR3","S23","Xist","MSR","other"
"4260",19422,"FJ24-FJ25::chr9:2999602-3038819",13922,13924,0.873,315,275,"B","G","+",66,64,"-",249,211,"CTCGC","TS54","+dTAG","RepR3","S23","Xist","MSR","other"
"4261",19423,"FJ24-FJ25::chr9:2999602-3038819",13963,13965,0.804,56,45,"-","G","+",0,0,"-",56,45,"ACGTT","TS54","+dTAG","RepR3","S23","Xist","MSR","other"
"4262",19424,"FJ24-FJ25::chr9:2999602-3038819",14097,14099,1,9,9,"B","G","+",6,6,"-",3,3,"CTCGC","TS54","+dTAG","RepR3","S23","Xist","MSR","other"
"4263",19425,"FJ24-FJ25::chr9:2999602-3038819",14109,14111,0.875,8,7,"B","G","+",5,5,"-",3,2,"CACGT","TS54","+dTAG","RepR3","S23","Xist","MSR","other"
"4264",19426,"FJ24-FJ25::chr9:2999602-3038819",14137,14139,0.822,563,463,"B","G","+",4,4,"-",559,459,"TCCGT","TS54","+dTAG","RepR3","S23","Xist","MSR","other"
"4265",19427,"FJ24-FJ25::chr9:2999602-3038819",14155,14157,0.875,721,631,"B","G","+",1,1,"-",720,630,"CTCGC","TS54","+dTAG","RepR3","S23","Xist","MSR","other"
"4266",19428,"FJ24-FJ25::chr9:2999602-3038819",14197,14199,0.72,658,474,"B","G","+",71,26,"-",587,448,"CACGT","TS54","+dTAG","RepR3","S23","Xist","MSR","other"
"4267",19429,"FJ24-FJ25::chr9:2999602-3038819",14213,14215,0.861,935,805,"B","G","+",80,65,"-",855,740,"TTCGT","TS54","+dTAG","RepR3","S23","Xist","MSR","other"
"4268",19430,"FJ24-FJ25::chr9:2999602-3038819",14311,14313,1,3,3,"+","G","+",3,3,"-",0,0,"TTCGA","TS54","+dTAG","RepR3","S23","Xist","MSR","other"
"4269",19431,"FJ24-FJ25::chr9:2999602-3038819",14331,14333,0.8,5,4,"+","G","+",5,4,"-",0,0,"CTCGC","TS54","+dTAG","RepR3","S23","Xist","MSR","other"
"4270",19432,"FJ24-FJ25::chr9:2999602-3038819",14371,14373,0.882,263,232,"B","G","+",71,63,"-",192,169,"TCCGT","TS54","+dTAG","RepR3","S23","Xist","MSR","other"
"4271",19433,"FJ24-FJ25::chr9:2999602-3038819",14389,14391,0.904,281,254,"B","G","+",80,74,"-",201,180,"CTCGC","TS54","+dTAG","RepR3","S23","Xist","MSR","other"
"4272",19434,"FJ24-FJ25::chr9:2999602-3038819",14447,14449,0.84,599,503,"B","G","+",34,28,"-",565,475,"TTCGT","TS54","+dTAG","RepR3","S23","Xist","MSR","other"
"4273",19435,"FJ24-FJ25::chr9:2999602-3038819",14462,14464,0.815,785,640,"B","G","+",56,41,"-",729,599,"GTCGT","TS54","+dTAG","RepR3","S23","Xist","MSR","other"
"4274",19436,"FJ24-FJ25::chr9:2999602-3038819",14565,14567,0.879,174,153,"B","G","+",18,18,"-",156,135,"CTCGC","TS54","+dTAG","RepR3","S23","Xist","MSR","other"
"4275",19437,"FJ24-FJ25::chr9:2999602-3038819",14623,14625,0.88,1345,1184,"B","G","+",67,62,"-",1278,1122,"CTCGC","TS54","+dTAG","RepR3","S23","Xist","MSR","other"
"4276",19438,"FJ24-FJ25::chr9:2999602-3038819",14665,14667,0.763,1617,1233,"B","G","+",142,100,"-",1475,1133,"CACGT","TS54","+dTAG","RepR3","S23","Xist","MSR","other"
"4277",19439,"FJ24-FJ25::chr9:2999602-3038819",14681,14683,0.865,1634,1414,"B","G","+",157,127,"-",1477,1287,"TTCGT","TS54","+dTAG","RepR3","S23","Xist","MSR","other"
"4278",19440,"FJ24-FJ25::chr9:2999602-3038819",14839,14841,0.667,421,281,"-","G","+",0,0,"-",421,281,"CCGTG","TS54","+dTAG","RepR3","S23","Xist","MSR","other"
"4279",19441,"FJ24-FJ25::chr9:2999602-3038819",14899,14901,0.787,61,48,"-","G","+",0,0,"-",61,48,"ACGTT","TS54","+dTAG","RepR3","S23","Xist","MSR","other"
"4280",19442,"FJ24-FJ25::chr9:2999602-3038819",15033,15035,1,1,1,"+","G","+",1,1,"-",0,0,"CTCGC","TS54","+dTAG","RepR3","S23","Xist","MSR","other"
"4281",19443,"FJ24-FJ25::chr9:2999602-3038819",15045,15047,0,1,0,"+","G","+",1,0,"-",0,0,"CACGT","TS54","+dTAG","RepR3","S23","Xist","MSR","other"
"4282",19444,"FJ24-FJ25::chr9:2999602-3038819",15073,15075,0.818,77,63,"-","G","+",0,0,"-",77,63,"TCGTG","TS54","+dTAG","RepR3","S23","Xist","MSR","other"
"4283",19445,"FJ24-FJ25::chr9:2999602-3038819",15091,15093,0.893,84,75,"-","G","+",0,0,"-",84,75,"TCGCC","TS54","+dTAG","RepR3","S23","Xist","MSR","other"
"4284",19446,"FJ24-FJ25::chr9:2999602-3038819",15133,15135,0.745,275,205,"B","G","+",9,3,"-",266,202,"CACGT","TS54","+dTAG","RepR3","S23","Xist","MSR","other"
"4285",19447,"FJ24-FJ25::chr9:2999602-3038819",15325,15327,0.857,266,228,"B","G","+",22,21,"-",244,207,"CTCGC","TS54","+dTAG","RepR3","S23","Xist","MSR","other"
"4286",19448,"FJ24-FJ25::chr9:2999602-3038819",15384,15386,0.889,72,64,"-","G","+",0,0,"-",72,64,"TCGTC","TS54","+dTAG","RepR3","S23","Xist","MSR","other"
"4287",19449,"FJ24-FJ25::chr9:2999602-3038819",15500,15502,0.86,86,74,"B","G","+",1,1,"-",85,73,"CTCGC","TS54","+dTAG","RepR3","S23","Xist","MSR","other"
"4288",19450,"FJ24-FJ25::chr9:2999602-3038819",15543,15545,0.417,12,5,"B","G","+",1,0,"-",11,5,"CACGT","TS54","+dTAG","RepR3","S23","Xist","MSR","other"
"4289",19451,"FJ24-FJ25::chr9:2999602-3038819",15559,15561,1,16,16,"B","G","+",1,1,"-",15,15,"TTCGT","TS54","+dTAG","RepR3","S23","Xist","MSR","other"
"4290",19452,"FJ24-FJ25::chr9:2999602-3038819",15571,15573,0.5,2,1,"B","G","+",1,1,"-",1,0,"CACGT","TS54","+dTAG","RepR3","S23","Xist","MSR","other"
"4291",19453,"FJ24-FJ25::chr9:2999602-3038819",15677,15679,0.75,8,6,"B","G","+",4,4,"-",4,2,"CTCGC","TS54","+dTAG","RepR3","S23","Xist","MSR","other"
"4292",19454,"FJ24-FJ25::chr9:2999602-3038819",15777,15779,0.742,2551,1892,"B","G","+",831,595,"-",1720,1297,"CACGT","TS54","+dTAG","RepR3","S23","Xist","MSR","other"
"4293",19455,"FJ24-FJ25::chr9:2999602-3038819",15793,15795,0.896,2735,2450,"B","G","+",961,852,"-",1774,1598,"TTCGT","TS54","+dTAG","RepR3","S23","Xist","MSR","other"
"4294",19456,"FJ24-FJ25::chr9:2999602-3038819",15808,15810,0.826,2941,2428,"B","G","+",959,870,"-",1982,1558,"GTCGT","TS54","+dTAG","RepR3","S23","Xist","MSR","other"
"4295",19457,"FJ24-FJ25::chr9:2999602-3038819",15851,15853,0.185,254,47,"B","G","+",189,5,"-",65,42,"CTCGC","TS54","+dTAG","RepR3","S23","Xist","MSR","other"
"4296",19458,"FJ24-FJ25::chr9:2999602-3038819",15951,15953,0.819,204,167,"B","G","+",1,1,"-",203,166,"TCCGT","TS54","+dTAG","RepR3","S23","Xist","MSR","other"
"4297",19459,"FJ24-FJ25::chr9:2999602-3038819",16011,16013,0.713,150,107,"B","G","+",3,0,"-",147,107,"CACGT","TS54","+dTAG","RepR3","S23","Xist","MSR","other"
"4298",19460,"FJ24-FJ25::chr9:2999602-3038819",16041,16043,0.787,136,107,"B","G","+",2,0,"-",134,107,"GTCGT","TS54","+dTAG","RepR3","S23","Xist","MSR","other"
"4299",19461,"FJ24-FJ25::chr9:2999602-3038819",16202,16204,0.816,294,240,"B","G","+",46,41,"-",248,199,"CTCGC","TS54","+dTAG","RepR3","S23","Xist","MSR","other"
"4300",19462,"FJ24-FJ25::chr9:2999602-3038819",16261,16263,0.952,21,20,"-","G","+",0,0,"-",21,20,"TCGTC","TS54","+dTAG","RepR3","S23","Xist","MSR","other"
"4301",19463,"FJ24-FJ25::chr9:2999602-3038819",16273,16275,0.5,2,1,"-","G","+",0,0,"-",2,1,"ACGTT","TS54","+dTAG","RepR3","S23","Xist","MSR","other"
"4302",19464,"FJ24-FJ25::chr9:2999602-3038819",16377,16379,0.848,889,754,"B","G","+",54,39,"-",835,715,"CTCGC","TS54","+dTAG","RepR3","S23","Xist","MSR","other"
"4303",19465,"FJ24-FJ25::chr9:2999602-3038819",16419,16421,0.768,1040,799,"B","G","+",112,73,"-",928,726,"CACGT","TS54","+dTAG","RepR3","S23","Xist","MSR","other"
"4304",19466,"FJ24-FJ25::chr9:2999602-3038819",16435,16437,0.877,1102,966,"B","G","+",122,96,"-",980,870,"TTCGT","TS54","+dTAG","RepR3","S23","Xist","MSR","other"
"4305",19467,"FJ24-FJ25::chr9:2999602-3038819",16553,16555,0.833,12,10,"B","G","+",3,3,"-",9,7,"CTCGC","TS54","+dTAG","RepR3","S23","Xist","MSR","other"
"4306",19468,"FJ24-FJ25::chr9:2999602-3038819",16593,16595,0.655,409,268,"B","G","+",3,2,"-",406,266,"TCCGT","TS54","+dTAG","RepR3","S23","Xist","MSR","other"
"4307",19469,"FJ24-FJ25::chr9:2999602-3038819",16653,16655,0.771,48,37,"B","G","+",1,0,"-",47,37,"CACGT","TS54","+dTAG","RepR3","S23","Xist","MSR","other"
"4308",19470,"FJ24-FJ25::chr9:2999602-3038819",16787,16789,0,1,0,"-","G","+",0,0,"-",1,0,"TCGCC","TS54","+dTAG","RepR3","S23","Xist","MSR","other"
"4309",19471,"FJ24-FJ25::chr9:2999602-3038819",16799,16801,0,1,0,"-","G","+",0,0,"-",1,0,"ACGTG","TS54","+dTAG","RepR3","S23","Xist","MSR","other"
"4310",19472,"FJ24-FJ25::chr9:2999602-3038819",16827,16829,0.869,84,73,"-","G","+",0,0,"-",84,73,"TCGTG","TS54","+dTAG","RepR3","S23","Xist","MSR","other"
"4311",19473,"FJ24-FJ25::chr9:2999602-3038819",16845,16847,0.884,86,76,"B","G","+",4,4,"-",82,72,"CTCGC","TS54","+dTAG","RepR3","S23","Xist","MSR","other"
"4312",19474,"FJ24-FJ25::chr9:2999602-3038819",16887,16889,0.703,236,166,"B","G","+",15,6,"-",221,160,"CACGT","TS54","+dTAG","RepR3","S23","Xist","MSR","other"
"4313",19475,"FJ24-FJ25::chr9:2999602-3038819",17079,17081,0.842,284,239,"B","G","+",36,31,"-",248,208,"CTCGC","TS54","+dTAG","RepR3","S23","Xist","MSR","other"
"4314",19476,"FJ24-FJ25::chr9:2999602-3038819",17138,17140,0.837,92,77,"B","G","+",1,0,"-",91,77,"TTCGT","TS54","+dTAG","RepR3","S23","Xist","MSR","other"
"4315",19477,"FJ24-FJ25::chr9:2999602-3038819",17150,17152,0,3,0,"B","G","+",1,0,"-",2,0,"CACGT","TS54","+dTAG","RepR3","S23","Xist","MSR","other"
"4316",19478,"FJ24-FJ25::chr9:2999602-3038819",17254,17256,0.86,150,129,"B","G","+",4,3,"-",146,126,"CTCGC","TS54","+dTAG","RepR3","S23","Xist","MSR","other"
"4317",19479,"FJ24-FJ25::chr9:2999602-3038819",17297,17299,0.733,60,44,"-","G","+",0,0,"-",60,44,"ACGTT","TS54","+dTAG","RepR3","S23","Xist","MSR","other"
"4318",19480,"FJ24-FJ25::chr9:2999602-3038819",17313,17315,0.873,79,69,"B","G","+",1,1,"-",78,68,"TTCGT","TS54","+dTAG","RepR3","S23","Xist","MSR","other"
"4319",19481,"FJ24-FJ25::chr9:2999602-3038819",17325,17327,1,1,1,"-","G","+",0,0,"-",1,1,"ACGTT","TS54","+dTAG","RepR3","S23","Xist","MSR","other"
"4320",19482,"FJ24-FJ25::chr9:2999602-3038819",17431,17433,0.651,43,28,"B","G","+",2,2,"-",41,26,"CTCGC","TS54","+dTAG","RepR3","S23","Xist","MSR","other"
"4321",19483,"FJ24-FJ25::chr9:2999602-3038819",17471,17473,0.829,14244,11802,"B","G","+",44,39,"-",14200,11763,"TCCGT","TS54","+dTAG","RepR3","S23","Xist","MSR","other"
"4322",19484,"FJ24-FJ25::chr9:2999602-3038819",17531,17533,0.71,4294,3048,"B","G","+",979,713,"-",3315,2335,"CACGT","TS54","+dTAG","RepR3","S23","Xist","MSR","other"
"4323",19485,"FJ24-FJ25::chr9:2999602-3038819",17547,17549,0.877,4481,3928,"B","G","+",1146,1033,"-",3335,2895,"TTCGT","TS54","+dTAG","RepR3","S23","Xist","MSR","other"
"4324",19486,"FJ24-FJ25::chr9:2999602-3038819",17562,17564,0.809,5040,4075,"B","G","+",1163,1075,"-",3877,3000,"GTCGT","TS54","+dTAG","RepR3","S23","Xist","MSR","other"
"4325",19487,"FJ24-FJ25::chr9:2999602-3038819",17605,17607,0.413,634,262,"B","G","+",215,11,"-",419,251,"CTCGC","TS54","+dTAG","RepR3","S23","Xist","MSR","other"
"4326",19488,"FJ24-FJ25::chr9:2999602-3038819",17665,17667,1,1,1,"-","G","+",0,0,"-",1,1,"TCGCG","TS54","+dTAG","RepR3","S23","Xist","MSR","other"
"4327",19489,"FJ24-FJ25::chr9:2999602-3038819",17705,17707,0.765,439,336,"B","G","+",3,2,"-",436,334,"TCCGT","TS54","+dTAG","RepR3","S23","Xist","MSR","other"
"4328",19490,"FJ24-FJ25::chr9:2999602-3038819",17765,17767,0.631,263,166,"B","G","+",2,0,"-",261,166,"CACGT","TS54","+dTAG","RepR3","S23","Xist","MSR","other"
"4329",19491,"FJ24-FJ25::chr9:2999602-3038819",17795,17797,0.743,245,182,"-","G","+",0,0,"-",245,182,"TCGTC","TS54","+dTAG","RepR3","S23","Xist","MSR","other"
"4330",19492,"FJ24-FJ25::chr9:2999602-3038819",17956,17958,0.9,508,457,"B","G","+",11,8,"-",497,449,"CTCGC","TS54","+dTAG","RepR3","S23","Xist","MSR","other"
"4331",19493,"FJ24-FJ25::chr9:2999602-3038819",18015,18017,1,11,11,"-","G","+",0,0,"-",11,11,"TCGTC","TS54","+dTAG","RepR3","S23","Xist","MSR","other"
"4332",19494,"FJ24-FJ25::chr9:2999602-3038819",18131,18133,0.867,316,274,"B","G","+",2,2,"-",314,272,"CTCGC","TS54","+dTAG","RepR3","S23","Xist","MSR","other"
"4333",19495,"FJ24-FJ25::chr9:2999602-3038819",18174,18176,0.645,169,109,"B","G","+",2,2,"-",167,107,"CACGT","TS54","+dTAG","RepR3","S23","Xist","MSR","other"
"4334",19496,"FJ24-FJ25::chr9:2999602-3038819",18190,18192,0.835,182,152,"B","G","+",1,1,"-",181,151,"TTCGT","TS54","+dTAG","RepR3","S23","Xist","MSR","other"
"4335",19497,"FJ24-FJ25::chr9:2999602-3038819",18202,18204,0.571,7,4,"-","G","+",0,0,"-",7,4,"ACGTT","TS54","+dTAG","RepR3","S23","Xist","MSR","other"
"4336",19498,"FJ24-FJ25::chr9:2999602-3038819",18308,18310,0.384,112,43,"B","G","+",4,4,"-",108,39,"CTCGC","TS54","+dTAG","RepR3","S23","Xist","MSR","other"
"4337",19499,"FJ24-FJ25::chr9:2999602-3038819",18348,18350,0.833,39887,33241,"B","G","+",36,32,"-",39851,33209,"TCCGT","TS54","+dTAG","RepR3","S23","Xist","MSR","other"
"4338",19500,"FJ24-FJ25::chr9:2999602-3038819",18408,18410,0.724,28951,20961,"B","G","+",1062,779,"-",27889,20182,"CACGT","TS54","+dTAG","RepR3","S23","Xist","MSR","other"
"4339",19501,"FJ24-FJ25::chr9:2999602-3038819",18424,18426,0.889,27610,24551,"B","G","+",1211,1110,"-",26399,23441,"TTCGT","TS54","+dTAG","RepR3","S23","Xist","MSR","other"
"4340",19502,"FJ24-FJ25::chr9:2999602-3038819",18439,18441,0.824,30916,25474,"B","G","+",1223,1137,"-",29693,24337,"GTCGT","TS54","+dTAG","RepR3","S23","Xist","MSR","other"
"4341",19503,"FJ24-FJ25::chr9:2999602-3038819",18482,18484,0.357,622,222,"B","G","+",248,8,"-",374,214,"CTCGC","TS54","+dTAG","RepR3","S23","Xist","MSR","other"
"4342",19504,"FJ24-FJ25::chr9:2999602-3038819",18582,18584,0.821,967,794,"B","G","+",9,9,"-",958,785,"TCCGT","TS54","+dTAG","RepR3","S23","Xist","MSR","other"
"4343",19505,"FJ24-FJ25::chr9:2999602-3038819",18642,18644,0.734,732,537,"B","G","+",8,3,"-",724,534,"CACGT","TS54","+dTAG","RepR3","S23","Xist","MSR","other"
"4344",19506,"FJ24-FJ25::chr9:2999602-3038819",18672,18674,0.793,725,575,"B","G","+",2,2,"-",723,573,"GTCGT","TS54","+dTAG","RepR3","S23","Xist","MSR","other"
"4345",19507,"FJ24-FJ25::chr9:2999602-3038819",18727,18729,0.91,345,314,"B","G","+",145,135,"-",200,179,"CACGT","TS54","+dTAG","RepR3","S23","Xist","MSR","other"
"4346",19508,"FJ24-FJ25::chr9:2999602-3038819",18775,18777,0.876,356,312,"B","G","+",351,312,"-",5,0,"TTCGC","TS54","+dTAG","RepR3","S23","Xist","MSR","other"
"4347",19509,"FJ24-FJ25::chr9:2999602-3038819",18787,18789,0.924,353,326,"B","G","+",347,322,"-",6,4,"CACGT","TS54","+dTAG","RepR3","S23","Xist","MSR","other"
"4348",19510,"FJ24-FJ25::chr9:2999602-3038819",18815,18817,0.799,1730,1382,"B","G","+",263,232,"-",1467,1150,"TCCGT","TS54","+dTAG","RepR3","S23","Xist","MSR","other"
"4349",19511,"FJ24-FJ25::chr9:2999602-3038819",18833,18835,0.838,1552,1301,"B","G","+",78,60,"-",1474,1241,"CTCGC","TS54","+dTAG","RepR3","S23","Xist","MSR","other"
"4350",19512,"FJ24-FJ25::chr9:2999602-3038819",18875,18877,0.728,26554,19326,"B","G","+",108,86,"-",26446,19240,"CACGT","TS54","+dTAG","RepR3","S23","Xist","MSR","other"
"4351",19513,"FJ24-FJ25::chr9:2999602-3038819",18891,18893,0.886,24958,22113,"B","G","+",114,101,"-",24844,22012,"TTCGT","TS54","+dTAG","RepR3","S23","Xist","MSR","other"
"4352",19514,"FJ24-FJ25::chr9:2999602-3038819",18906,18908,0.82,28211,23136,"B","G","+",118,110,"-",28093,23026,"GTCGT","TS54","+dTAG","RepR3","S23","Xist","MSR","other"
"4353",19515,"FJ24-FJ25::chr9:2999602-3038819",19009,19011,0.842,922,776,"B","G","+",58,54,"-",864,722,"CTCGC","TS54","+dTAG","RepR3","S23","Xist","MSR","other"
"4354",19516,"FJ24-FJ25::chr9:2999602-3038819",19021,19023,0.931,999,930,"B","G","+",90,76,"-",909,854,"CACGT","TS54","+dTAG","RepR3","S23","Xist","MSR","other"
"4355",19517,"FJ24-FJ25::chr9:2999602-3038819",19049,19051,0.638,15575,9941,"B","G","+",152,120,"-",15423,9821,"TCCGT","TS54","+dTAG","RepR3","S23","Xist","MSR","other"
"4356",19518,"FJ24-FJ25::chr9:2999602-3038819",19109,19111,0.743,179,133,"B","G","+",156,113,"-",23,20,"CACGT","TS54","+dTAG","RepR3","S23","Xist","MSR","other"
"4357",19519,"FJ24-FJ25::chr9:2999602-3038819",19283,19285,0.857,112,96,"-","G","+",0,0,"-",112,96,"TCGTG","TS54","+dTAG","RepR3","S23","Xist","MSR","other"
"4358",19520,"FJ24-FJ25::chr9:2999602-3038819",19301,19303,0.904,146,132,"B","G","+",2,1,"-",144,131,"CTCGC","TS54","+dTAG","RepR3","S23","Xist","MSR","other"
"4359",19521,"FJ24-FJ25::chr9:2999602-3038819",19343,19345,0.794,155,123,"B","G","+",7,6,"-",148,117,"CACGT","TS54","+dTAG","RepR3","S23","Xist","MSR","other"
"4360",19522,"FJ24-FJ25::chr9:2999602-3038819",19535,19537,0.823,209,172,"B","G","+",12,11,"-",197,161,"CTCGC","TS54","+dTAG","RepR3","S23","Xist","MSR","other"
"4361",19523,"FJ24-FJ25::chr9:2999602-3038819",19575,19577,0.673,113,76,"B","G","+",3,0,"-",110,76,"TCCGT","TS54","+dTAG","RepR3","S23","Xist","MSR","other"
"4362",19524,"FJ24-FJ25::chr9:2999602-3038819",19593,19595,0.75,84,63,"-","G","+",0,0,"-",84,63,"TCGCC","TS54","+dTAG","RepR3","S23","Xist","MSR","other"
"4363",19525,"FJ24-FJ25::chr9:2999602-3038819",19635,19637,0.764,326,249,"B","G","+",2,2,"-",324,247,"CACGT","TS54","+dTAG","RepR3","S23","Xist","MSR","other"
"4364",19526,"FJ24-FJ25::chr9:2999602-3038819",19651,19653,0.874,317,277,"B","G","+",3,3,"-",314,274,"TTCGT","TS54","+dTAG","RepR3","S23","Xist","MSR","other"
"4365",19527,"FJ24-FJ25::chr9:2999602-3038819",19663,19665,0.833,18,15,"B","G","+",2,0,"-",16,15,"CACGT","TS54","+dTAG","RepR3","S23","Xist","MSR","other"
"4366",19528,"FJ24-FJ25::chr9:2999602-3038819",19666,19668,0.783,544,426,"B","G","+",7,7,"-",537,419,"GTCGT","TS54","+dTAG","RepR3","S23","Xist","MSR","other"
"4367",19529,"FJ24-FJ25::chr9:2999602-3038819",19721,19723,0.877,772,677,"B","G","+",5,5,"-",767,672,"CACGT","TS54","+dTAG","RepR3","S23","Xist","MSR","other"
"4368",19530,"FJ24-FJ25::chr9:2999602-3038819",19810,19812,0.776,49,38,"B","G","+",7,6,"-",42,32,"CACGT","TS54","+dTAG","RepR3","S23","Xist","MSR","other"
"4369",19531,"FJ24-FJ25::chr9:2999602-3038819",19826,19828,0.767,30,23,"B","G","+",7,4,"-",23,19,"TTCGT","TS54","+dTAG","RepR3","S23","Xist","MSR","other"
"4370",19532,"FJ24-FJ25::chr9:2999602-3038819",19866,19868,0,38,0,"B","G","+",1,0,"-",37,0,"TCCGT","TS54","+dTAG","RepR3","S23","Xist","MSR","other"
"4371",19533,"FJ24-FJ25::chr9:2999602-3038819",19910,19912,0,22,0,"-","G","+",0,0,"-",22,0,"ACGTT","TS54","+dTAG","RepR3","S23","Xist","MSR","other"
"4372",19534,"FJ24-FJ25::chr9:2999602-3038819",19984,19986,0.893,28,25,"-","G","+",0,0,"-",28,25,"CCGTG","TS54","+dTAG","RepR3","S23","Xist","MSR","other"
"4373",19535,"FJ24-FJ25::chr9:2999602-3038819",20002,20004,0.85,20,17,"-","G","+",0,0,"-",20,17,"TCGCC","TS54","+dTAG","RepR3","S23","Xist","MSR","other"
"4374",19536,"FJ24-FJ25::chr9:2999602-3038819",20178,20180,1,2,2,"B","G","+",1,1,"-",1,1,"CTCGC","TS54","+dTAG","RepR3","S23","Xist","MSR","other"
"4375",19537,"FJ24-FJ25::chr9:2999602-3038819",20236,20238,0.848,204,173,"B","G","+",5,5,"-",199,168,"CTCGC","TS54","+dTAG","RepR3","S23","Xist","MSR","other"
"4376",19538,"FJ24-FJ25::chr9:2999602-3038819",20278,20280,0.704,284,200,"B","G","+",30,16,"-",254,184,"CACGT","TS54","+dTAG","RepR3","S23","Xist","MSR","other"
"4377",19539,"FJ24-FJ25::chr9:2999602-3038819",20294,20296,0.867,279,242,"B","G","+",44,33,"-",235,209,"TTCGT","TS54","+dTAG","RepR3","S23","Xist","MSR","other"
"4378",19540,"FJ24-FJ25::chr9:2999602-3038819",20470,20472,0.837,178,149,"B","G","+",4,3,"-",174,146,"CTCGA","TS54","+dTAG","RepR3","S23","Xist","MSR","other"
"4379",19541,"FJ24-FJ25::chr9:2999602-3038819",20527,20529,0.84,331,278,"B","G","+",18,14,"-",313,264,"TTCGT","TS54","+dTAG","RepR3","S23","Xist","MSR","other"
"4380",19542,"FJ24-FJ25::chr9:2999602-3038819",20645,20647,0.862,152,131,"B","G","+",47,47,"-",105,84,"CTCGC","TS54","+dTAG","RepR3","S23","Xist","MSR","other"
"4381",19543,"FJ24-FJ25::chr9:2999602-3038819",20657,20659,0.908,153,139,"B","G","+",54,50,"-",99,89,"CACGT","TS54","+dTAG","RepR3","S23","Xist","MSR","other"
"4382",19544,"FJ24-FJ25::chr9:2999602-3038819",20685,20687,0.866,352,305,"B","G","+",50,46,"-",302,259,"TCCGT","TS54","+dTAG","RepR3","S23","Xist","MSR","other"
"4383",19545,"FJ24-FJ25::chr9:2999602-3038819",20703,20705,0.864,272,235,"B","G","+",41,37,"-",231,198,"CTCGC","TS54","+dTAG","RepR3","S23","Xist","MSR","other"
"4384",19546,"FJ24-FJ25::chr9:2999602-3038819",20744,20746,0.925,40,37,"-","G","+",0,0,"-",40,37,"ACGTT","TS54","+dTAG","RepR3","S23","Xist","MSR","other"
"4385",19547,"FJ24-FJ25::chr9:2999602-3038819",20878,20880,0.93,115,107,"B","G","+",50,49,"-",65,58,"CTCGC","TS54","+dTAG","RepR3","S23","Xist","MSR","other"
"4386",19548,"FJ24-FJ25::chr9:2999602-3038819",20890,20892,0.836,140,117,"B","G","+",61,60,"-",79,57,"CACGT","TS54","+dTAG","RepR3","S23","Xist","MSR","other"
"4387",19549,"FJ24-FJ25::chr9:2999602-3038819",20918,20920,0.843,30310,25565,"B","G","+",65,58,"-",30245,25507,"TCCGT","TS54","+dTAG","RepR3","S23","Xist","MSR","other"
"4388",19550,"FJ24-FJ25::chr9:2999602-3038819",20936,20938,0.842,30988,26103,"B","G","+",50,42,"-",30938,26061,"CTCGC","TS54","+dTAG","RepR3","S23","Xist","MSR","other"
"4389",19551,"FJ24-FJ25::chr9:2999602-3038819",20978,20980,0.731,10671,7803,"B","G","+",71,34,"-",10600,7769,"CACGT","TS54","+dTAG","RepR3","S23","Xist","MSR","other"
"4390",19552,"FJ24-FJ25::chr9:2999602-3038819",20994,20996,0.864,15739,13605,"B","G","+",79,66,"-",15660,13539,"TTCGT","TS54","+dTAG","RepR3","S23","Xist","MSR","other"
"4391",19553,"FJ24-FJ25::chr9:2999602-3038819",21112,21114,1,1,1,"+","G","+",1,1,"-",0,0,"CTCGC","TS54","+dTAG","RepR3","S23","Xist","MSR","other"
"4392",19554,"FJ24-FJ25::chr9:2999602-3038819",21152,21154,0.794,243,193,"B","G","+",42,30,"-",201,163,"TCCGT","TS54","+dTAG","RepR3","S23","Xist","MSR","other"
"4393",19555,"FJ24-FJ25::chr9:2999602-3038819",21170,21172,0.859,276,237,"B","G","+",55,49,"-",221,188,"CTCGC","TS54","+dTAG","RepR3","S23","Xist","MSR","other"
"4394",19556,"FJ24-FJ25::chr9:2999602-3038819",21228,21230,0.864,5814,5021,"B","G","+",42,37,"-",5772,4984,"TTCGT","TS54","+dTAG","RepR3","S23","Xist","MSR","other"
"4395",19557,"FJ24-FJ25::chr9:2999602-3038819",21243,21245,0.826,5976,4934,"B","G","+",72,60,"-",5904,4874,"GTCGT","TS54","+dTAG","RepR3","S23","Xist","MSR","other"
"4396",19558,"FJ24-FJ25::chr9:2999602-3038819",21346,21348,0.874,389,340,"B","G","+",23,21,"-",366,319,"CTCGC","TS54","+dTAG","RepR3","S23","Xist","MSR","other"
"4397",19559,"FJ24-FJ25::chr9:2999602-3038819",21404,21406,0.859,2367,2033,"B","G","+",46,44,"-",2321,1989,"CTCGC","TS54","+dTAG","RepR3","S23","Xist","MSR","other"
"4398",19560,"FJ24-FJ25::chr9:2999602-3038819",21446,21448,0.729,7745,5648,"B","G","+",146,85,"-",7599,5563,"CACGT","TS54","+dTAG","RepR3","S23","Xist","MSR","other"
"4399",19561,"FJ24-FJ25::chr9:2999602-3038819",21462,21464,0.869,8286,7197,"B","G","+",177,143,"-",8109,7054,"TTCGT","TS54","+dTAG","RepR3","S23","Xist","MSR","other"
"4400",19562,"FJ24-FJ25::chr9:2999602-3038819",21620,21622,0.675,456,308,"B","G","+",1,1,"-",455,307,"TCCGT","TS54","+dTAG","RepR3","S23","Xist","MSR","other"
"4401",19563,"FJ24-FJ25::chr9:2999602-3038819",21680,21682,0.8,45,36,"-","G","+",0,0,"-",45,36,"ACGTT","TS54","+dTAG","RepR3","S23","Xist","MSR","other"
"4402",19564,"FJ24-FJ25::chr9:2999602-3038819",21854,21856,0.805,82,66,"B","G","+",2,2,"-",80,64,"TTCGT","TS54","+dTAG","RepR3","S23","Xist","MSR","other"
"4403",19565,"FJ24-FJ25::chr9:2999602-3038819",21872,21874,0.802,81,65,"B","G","+",1,1,"-",80,64,"CTCGC","TS54","+dTAG","RepR3","S23","Xist","MSR","other"
"4404",19566,"FJ24-FJ25::chr9:2999602-3038819",21914,21916,0.707,205,145,"B","G","+",6,5,"-",199,140,"CACGT","TS54","+dTAG","RepR3","S23","Xist","MSR","other"
"4405",19567,"FJ24-FJ25::chr9:2999602-3038819",22106,22108,0.792,265,210,"B","G","+",26,23,"-",239,187,"CTCGC","TS54","+dTAG","RepR3","S23","Xist","MSR","other"
"4406",19568,"FJ24-FJ25::chr9:2999602-3038819",22165,22167,0.793,29,23,"-","G","+",0,0,"-",29,23,"TCGTC","TS54","+dTAG","RepR3","S23","Xist","MSR","other"
"4407",19569,"FJ24-FJ25::chr9:2999602-3038819",22177,22179,0.5,2,1,"-","G","+",0,0,"-",2,1,"ACGTT","TS54","+dTAG","RepR3","S23","Xist","MSR","other"
"4408",19570,"FJ24-FJ25::chr9:2999602-3038819",22281,22283,0.831,255,212,"B","G","+",2,2,"-",253,210,"CTCGC","TS54","+dTAG","RepR3","S23","Xist","MSR","other"
"4409",19571,"FJ24-FJ25::chr9:2999602-3038819",22324,22326,0.756,86,65,"-","G","+",0,0,"-",86,65,"ACGTT","TS54","+dTAG","RepR3","S23","Xist","MSR","other"
"4410",19572,"FJ24-FJ25::chr9:2999602-3038819",22340,22342,0.844,90,76,"-","G","+",0,0,"-",90,76,"TCGTC","TS54","+dTAG","RepR3","S23","Xist","MSR","other"
"4411",19573,"FJ24-FJ25::chr9:2999602-3038819",22352,22354,0,1,0,"-","G","+",0,0,"-",1,0,"ACGTT","TS54","+dTAG","RepR3","S23","Xist","MSR","other"
"4412",19574,"FJ24-FJ25::chr9:2999602-3038819",22458,22460,0.72,25,18,"B","G","+",3,3,"-",22,15,"CTCGC","TS54","+dTAG","RepR3","S23","Xist","MSR","other"
"4413",19575,"FJ24-FJ25::chr9:2999602-3038819",22498,22500,0.828,19485,16137,"B","G","+",21,16,"-",19464,16121,"TCCGT","TS54","+dTAG","RepR3","S23","Xist","MSR","other"
"4414",19576,"FJ24-FJ25::chr9:2999602-3038819",22558,22560,0.713,1842,1313,"B","G","+",90,61,"-",1752,1252,"CACGT","TS54","+dTAG","RepR3","S23","Xist","MSR","other"
"4415",19577,"FJ24-FJ25::chr9:2999602-3038819",22574,22576,0.853,1846,1575,"B","G","+",93,83,"-",1753,1492,"TTCGT","TS54","+dTAG","RepR3","S23","Xist","MSR","other"
"4416",19578,"FJ24-FJ25::chr9:2999602-3038819",22589,22591,0.793,1990,1579,"B","G","+",99,80,"-",1891,1499,"GTCGT","TS54","+dTAG","RepR3","S23","Xist","MSR","other"
"4417",19579,"FJ24-FJ25::chr9:2999602-3038819",22632,22634,0.452,84,38,"B","G","+",18,0,"-",66,38,"CTCGC","TS54","+dTAG","RepR3","S23","Xist","MSR","other"
"4418",19580,"FJ24-FJ25::chr9:2999602-3038819",22692,22694,1,1,1,"-","G","+",0,0,"-",1,1,"TCGCG","TS54","+dTAG","RepR3","S23","Xist","MSR","other"
"4419",19581,"FJ24-FJ25::chr9:2999602-3038819",22732,22734,0.766,239,183,"B","G","+",1,0,"-",238,183,"TCCGT","TS54","+dTAG","RepR3","S23","Xist","MSR","other"
"4420",19582,"FJ24-FJ25::chr9:2999602-3038819",22792,22794,0.545,123,67,"B","G","+",1,1,"-",122,66,"CACGT","TS54","+dTAG","RepR3","S23","Xist","MSR","other"
"4421",19583,"FJ24-FJ25::chr9:2999602-3038819",22822,22824,0.797,133,106,"B","G","+",1,1,"-",132,105,"GTCGT","TS54","+dTAG","RepR3","S23","Xist","MSR","other"
"4422",19584,"FJ24-FJ25::chr9:2999602-3038819",22877,22879,0.83,218,181,"B","G","+",2,2,"-",216,179,"CACGT","TS54","+dTAG","RepR3","S23","Xist","MSR","other"
"4423",19585,"FJ24-FJ25::chr9:2999602-3038819",22925,22927,0.83,88,73,"B","G","+",36,32,"-",52,41,"CTCGC","TS54","+dTAG","RepR3","S23","Xist","MSR","other"
"4424",19586,"FJ24-FJ25::chr9:2999602-3038819",22937,22939,0.862,123,106,"B","G","+",65,53,"-",58,53,"CACGT","TS54","+dTAG","RepR3","S23","Xist","MSR","other"
"4425",19587,"FJ24-FJ25::chr9:2999602-3038819",22965,22967,0.804,6838,5496,"B","G","+",109,88,"-",6729,5408,"TCCGT","TS54","+dTAG","RepR3","S23","Xist","MSR","other"
"4426",19588,"FJ24-FJ25::chr9:2999602-3038819",23025,23027,0.746,138,103,"B","G","+",120,89,"-",18,14,"CACGT","TS54","+dTAG","RepR3","S23","Xist","MSR","other"
"4427",19589,"FJ24-FJ25::chr9:2999602-3038819",23159,23161,1,3,3,"B","G","+",1,1,"-",2,2,"CTCGC","TS54","+dTAG","RepR3","S23","Xist","MSR","other"
"4428",19590,"FJ24-FJ25::chr9:2999602-3038819",23162,23164,0,3,0,"B","G","+",1,0,"-",2,0,"GCCGT","TS54","+dTAG","RepR3","S23","Xist","MSR","other"
"4429",19591,"FJ24-FJ25::chr9:2999602-3038819",23199,23201,0.845,71,60,"B","G","+",4,2,"-",67,58,"TTCGT","TS54","+dTAG","RepR3","S23","Xist","MSR","other"
"4430",19592,"FJ24-FJ25::chr9:2999602-3038819",23217,23219,0.827,81,67,"B","G","+",14,12,"-",67,55,"CTCGC","TS54","+dTAG","RepR3","S23","Xist","MSR","other"
"4431",19593,"FJ24-FJ25::chr9:2999602-3038819",23259,23261,0.559,170,95,"B","G","+",39,15,"-",131,80,"CACGT","TS54","+dTAG","RepR3","S23","Xist","MSR","other"
"4432",19594,"FJ24-FJ25::chr9:2999602-3038819",23451,23453,0.831,148,123,"B","G","+",1,1,"-",147,122,"CTCGC","TS54","+dTAG","RepR3","S23","Xist","MSR","other"
"4433",19595,"FJ24-FJ25::chr9:2999602-3038819",23510,23512,0.8,25,20,"B","G","+",2,2,"-",23,18,"TTCGT","TS54","+dTAG","RepR3","S23","Xist","MSR","other"
"4434",19596,"FJ24-FJ25::chr9:2999602-3038819",23626,23628,0.929,28,26,"B","G","+",3,3,"-",25,23,"CTCGC","TS54","+dTAG","RepR3","S23","Xist","MSR","other"
"4435",19597,"FJ24-FJ25::chr9:2999602-3038819",23669,23671,0.833,12,10,"-","G","+",0,0,"-",12,10,"ACGTT","TS54","+dTAG","RepR3","S23","Xist","MSR","other"
"4436",19598,"FJ24-FJ25::chr9:2999602-3038819",23685,23687,0.769,13,10,"B","G","+",1,1,"-",12,9,"TTCGT","TS54","+dTAG","RepR3","S23","Xist","MSR","other"
"4437",19599,"FJ24-FJ25::chr9:2999602-3038819",23697,23699,0,1,0,"+","G","+",1,0,"-",0,0,"CACGT","TS54","+dTAG","RepR3","S23","Xist","MSR","other"
"4438",19600,"FJ24-FJ25::chr9:2999602-3038819",23803,23805,0.667,3,2,"B","G","+",2,2,"-",1,0,"CTCGC","TS54","+dTAG","RepR3","S23","Xist","MSR","other"
"4439",19601,"FJ24-FJ25::chr9:2999602-3038819",23843,23845,0.786,7754,6096,"B","G","+",43,35,"-",7711,6061,"TCCGT","TS54","+dTAG","RepR3","S23","Xist","MSR","other"
"4440",19602,"FJ24-FJ25::chr9:2999602-3038819",23903,23905,0.623,8694,5417,"B","G","+",333,204,"-",8361,5213,"CACGT","TS54","+dTAG","RepR3","S23","Xist","MSR","other"
"4441",19603,"FJ24-FJ25::chr9:2999602-3038819",23934,23936,0.725,9354,6784,"B","G","+",367,281,"-",8987,6503,"GTCGT","TS54","+dTAG","RepR3","S23","Xist","MSR","other"
"4442",19604,"FJ24-FJ25::chr9:2999602-3038819",24037,24039,0.836,335,280,"B","G","+",15,14,"-",320,266,"CTCGC","TS54","+dTAG","RepR3","S23","Xist","MSR","other"
"4443",19605,"FJ24-FJ25::chr9:2999602-3038819",24049,24051,0.876,378,331,"B","G","+",64,55,"-",314,276,"CACGT","TS54","+dTAG","RepR3","S23","Xist","MSR","other"
"4444",19606,"FJ24-FJ25::chr9:2999602-3038819",24077,24079,0.635,14655,9307,"B","G","+",194,153,"-",14461,9154,"TCCGT","TS54","+dTAG","RepR3","S23","Xist","MSR","other"
"4445",19607,"FJ24-FJ25::chr9:2999602-3038819",24137,24139,0.695,347,241,"B","G","+",191,131,"-",156,110,"CACGT","TS54","+dTAG","RepR3","S23","Xist","MSR","other"
"4446",19608,"FJ24-FJ25::chr9:2999602-3038819",24271,24273,0.767,73,56,"B","G","+",12,11,"-",61,45,"CTCGC","TS54","+dTAG","RepR3","S23","Xist","MSR","other"
"4447",19609,"FJ24-FJ25::chr9:2999602-3038819",24283,24285,0.795,73,58,"B","G","+",13,11,"-",60,47,"CACGT","TS54","+dTAG","RepR3","S23","Xist","MSR","other"
"4448",19610,"FJ24-FJ25::chr9:2999602-3038819",24311,24313,0.872,547,477,"B","G","+",12,12,"-",535,465,"TCCGT","TS54","+dTAG","RepR3","S23","Xist","MSR","other"
"4449",19611,"FJ24-FJ25::chr9:2999602-3038819",24329,24331,0.83,501,416,"B","G","+",7,6,"-",494,410,"CTCGC","TS54","+dTAG","RepR3","S23","Xist","MSR","other"
"4450",19612,"FJ24-FJ25::chr9:2999602-3038819",24370,24372,0.769,277,213,"-","G","+",0,0,"-",277,213,"ACGTT","TS54","+dTAG","RepR3","S23","Xist","MSR","other"
"4451",19613,"FJ24-FJ25::chr9:2999602-3038819",24504,24506,0.807,559,451,"B","G","+",132,119,"-",427,332,"CTCGC","TS54","+dTAG","RepR3","S23","Xist","MSR","other"
"4452",19614,"FJ24-FJ25::chr9:2999602-3038819",24516,24518,0.868,692,601,"B","G","+",220,201,"-",472,400,"CACGT","TS54","+dTAG","RepR3","S23","Xist","MSR","other"
"4453",19615,"FJ24-FJ25::chr9:2999602-3038819",24544,24546,0.858,37235,31951,"B","G","+",341,299,"-",36894,31652,"TCCGT","TS54","+dTAG","RepR3","S23","Xist","MSR","other"
"4454",19616,"FJ24-FJ25::chr9:2999602-3038819",24562,24564,0.84,37508,31503,"B","G","+",393,368,"-",37115,31135,"CTCGC","TS54","+dTAG","RepR3","S23","Xist","MSR","other"
"4455",19617,"FJ24-FJ25::chr9:2999602-3038819",24604,24606,0.725,21724,15748,"B","G","+",291,211,"-",21433,15537,"CACGT","TS54","+dTAG","RepR3","S23","Xist","MSR","other"
"4456",19618,"FJ24-FJ25::chr9:2999602-3038819",24620,24622,0.897,20331,18228,"B","G","+",68,40,"-",20263,18188,"TTCGA","TS54","+dTAG","RepR3","S23","Xist","MSR","other"
"4457",19619,"FJ24-FJ25::chr9:2999602-3038819",24738,24740,0.786,14,11,"+","G","+",14,11,"-",0,0,"CTCGC","TS54","+dTAG","RepR3","S23","Xist","MSR","other"
"4458",19620,"FJ24-FJ25::chr9:2999602-3038819",24778,24780,0.871,22359,19468,"B","G","+",571,505,"-",21788,18963,"TCCGT","TS54","+dTAG","RepR3","S23","Xist","MSR","other"
"4459",19621,"FJ24-FJ25::chr9:2999602-3038819",24796,24798,0.852,23617,20119,"B","G","+",1262,1221,"-",22355,18898,"CTCGC","TS54","+dTAG","RepR3","S23","Xist","MSR","other"
"4460",19622,"FJ24-FJ25::chr9:2999602-3038819",24838,24840,0.73,48890,35674,"B","G","+",2019,1514,"-",46871,34160,"CACGT","TS54","+dTAG","RepR3","S23","Xist","MSR","other"
"4461",19623,"FJ24-FJ25::chr9:2999602-3038819",24854,24856,0.899,46275,41597,"B","G","+",2162,1953,"-",44113,39644,"TTCGT","TS54","+dTAG","RepR3","S23","Xist","MSR","other"
"4462",19624,"FJ24-FJ25::chr9:2999602-3038819",24869,24871,0.837,48063,40210,"B","G","+",2198,2029,"-",45865,38181,"GTCGT","TS54","+dTAG","RepR3","S23","Xist","MSR","other"
"4463",19625,"FJ24-FJ25::chr9:2999602-3038819",24972,24974,0.822,499,410,"B","G","+",29,21,"-",470,389,"CTCGC","TS54","+dTAG","RepR3","S23","Xist","MSR","other"
"4464",19626,"FJ24-FJ25::chr9:2999602-3038819",24984,24986,0.907,517,469,"B","G","+",45,39,"-",472,430,"CACGT","TS54","+dTAG","RepR3","S23","Xist","MSR","other"
"4465",19627,"FJ24-FJ25::chr9:2999602-3038819",25012,25014,0.643,14770,9503,"B","G","+",66,52,"-",14704,9451,"TCCGT","TS54","+dTAG","RepR3","S23","Xist","MSR","other"
"4466",19628,"FJ24-FJ25::chr9:2999602-3038819",25072,25074,0.714,49,35,"B","G","+",43,30,"-",6,5,"CACGT","TS54","+dTAG","RepR3","S23","Xist","MSR","other"
"4467",19629,"FJ24-FJ25::chr9:2999602-3038819",25206,25208,1,11,11,"B","G","+",6,6,"-",5,5,"CTCGC","TS54","+dTAG","RepR3","S23","Xist","MSR","other"
"4468",19630,"FJ24-FJ25::chr9:2999602-3038819",25218,25220,0.8,10,8,"B","G","+",5,5,"-",5,3,"CACGT","TS54","+dTAG","RepR3","S23","Xist","MSR","other"
"4469",19631,"FJ24-FJ25::chr9:2999602-3038819",25246,25248,0.858,415,356,"B","G","+",10,9,"-",405,347,"TCCGT","TS54","+dTAG","RepR3","S23","Xist","MSR","other"
"4470",19632,"FJ24-FJ25::chr9:2999602-3038819",25264,25266,0.837,331,277,"B","G","+",6,6,"-",325,271,"CTCGC","TS54","+dTAG","RepR3","S23","Xist","MSR","other"
"4471",19633,"FJ24-FJ25::chr9:2999602-3038819",25305,25307,0.667,36,24,"B","G","+",1,0,"-",35,24,"CACGT","TS54","+dTAG","RepR3","S23","Xist","MSR","other"
"4472",19634,"FJ24-FJ25::chr9:2999602-3038819",25439,25441,0.889,36,32,"B","G","+",11,10,"-",25,22,"CTCGC","TS54","+dTAG","RepR3","S23","Xist","MSR","other"
"4473",19635,"FJ24-FJ25::chr9:2999602-3038819",25451,25453,0.818,44,36,"B","G","+",17,15,"-",27,21,"CACGT","TS54","+dTAG","RepR3","S23","Xist","MSR","other"
"4474",19636,"FJ24-FJ25::chr9:2999602-3038819",25479,25481,0.84,326,274,"B","G","+",57,50,"-",269,224,"TCCGT","TS54","+dTAG","RepR3","S23","Xist","MSR","other"
"4475",19637,"FJ24-FJ25::chr9:2999602-3038819",25497,25499,0.82,339,278,"B","G","+",88,82,"-",251,196,"CTCGC","TS54","+dTAG","RepR3","S23","Xist","MSR","other"
"4476",19638,"FJ24-FJ25::chr9:2999602-3038819",25539,25541,0.797,349,278,"B","G","+",160,127,"-",189,151,"CACGT","TS54","+dTAG","RepR3","S23","Xist","MSR","other"
"4477",19639,"FJ24-FJ25::chr9:2999602-3038819",25555,25557,0.883,300,265,"B","G","+",127,107,"-",173,158,"TTCGA","TS54","+dTAG","RepR3","S23","Xist","MSR","other"
"4478",19640,"FJ24-FJ25::chr9:2999602-3038819",25653,25655,0,2,0,"+","G","+",2,0,"-",0,0,"TTCGA","TS54","+dTAG","RepR3","S23","Xist","MSR","other"
"4479",19641,"FJ24-FJ25::chr9:2999602-3038819",25713,25715,0.895,38,34,"B","G","+",1,1,"-",37,33,"TCCGT","TS54","+dTAG","RepR3","S23","Xist","MSR","other"
"4480",19642,"FJ24-FJ25::chr9:2999602-3038819",25731,25733,0.711,38,27,"B","G","+",3,3,"-",35,24,"CTCGC","TS54","+dTAG","RepR3","S23","Xist","MSR","other"
"4481",19643,"FJ24-FJ25::chr9:2999602-3038819",25773,25775,0.8,25,20,"B","G","+",6,2,"-",19,18,"CACGT","TS54","+dTAG","RepR3","S23","Xist","MSR","other"
"4482",19644,"FJ24-FJ25::chr9:2999602-3038819",25789,25791,0.7,20,14,"B","G","+",5,2,"-",15,12,"TTCGT","TS54","+dTAG","RepR3","S23","Xist","MSR","other"
"4483",19645,"FJ24-FJ25::chr9:2999602-3038819",25906,25908,0.827,162,134,"B","G","+",47,46,"-",115,88,"CTCGC","TS54","+dTAG","RepR3","S23","Xist","MSR","other"
"4484",19646,"FJ24-FJ25::chr9:2999602-3038819",25918,25920,0.798,168,134,"B","G","+",56,46,"-",112,88,"CACGT","TS54","+dTAG","RepR3","S23","Xist","MSR","other"
"4485",19647,"FJ24-FJ25::chr9:2999602-3038819",25946,25948,0.862,15697,13524,"B","G","+",97,88,"-",15600,13436,"TCCGT","TS54","+dTAG","RepR3","S23","Xist","MSR","other"
"4486",19648,"FJ24-FJ25::chr9:2999602-3038819",25964,25966,0.835,15737,13141,"B","G","+",89,83,"-",15648,13058,"CTCGC","TS54","+dTAG","RepR3","S23","Xist","MSR","other"
"4487",19649,"FJ24-FJ25::chr9:2999602-3038819",26006,26008,0.672,1438,966,"B","G","+",73,50,"-",1365,916,"CACGT","TS54","+dTAG","RepR3","S23","Xist","MSR","other"
"4488",19650,"FJ24-FJ25::chr9:2999602-3038819",26140,26142,0.874,103,90,"B","G","+",13,13,"-",90,77,"CTCGC","TS54","+dTAG","RepR3","S23","Xist","MSR","other"
"4489",19651,"FJ24-FJ25::chr9:2999602-3038819",26198,26200,0.867,2243,1944,"B","G","+",29,27,"-",2214,1917,"CTCGC","TS54","+dTAG","RepR3","S23","Xist","MSR","other"
"4490",19652,"FJ24-FJ25::chr9:2999602-3038819",26240,26242,0.717,2687,1927,"B","G","+",49,41,"-",2638,1886,"CACGT","TS54","+dTAG","RepR3","S23","Xist","MSR","other"
"4491",19653,"FJ24-FJ25::chr9:2999602-3038819",26256,26258,0.854,2407,2055,"B","G","+",61,57,"-",2346,1998,"TTCGT","TS54","+dTAG","RepR3","S23","Xist","MSR","other"
"4492",19654,"FJ24-FJ25::chr9:2999602-3038819",26374,26376,0.8,45,36,"-","G","+",0,0,"-",45,36,"TCGCC","TS54","+dTAG","RepR3","S23","Xist","MSR","other"
"4493",19655,"FJ24-FJ25::chr9:2999602-3038819",26414,26416,0.684,472,323,"-","G","+",0,0,"-",472,323,"CCGTG","TS54","+dTAG","RepR3","S23","Xist","MSR","other"
"4494",19656,"FJ24-FJ25::chr9:2999602-3038819",26474,26476,0.734,64,47,"B","G","+",1,0,"-",63,47,"CACGT","TS54","+dTAG","RepR3","S23","Xist","MSR","other"
"4495",19657,"FJ24-FJ25::chr9:2999602-3038819",26608,26610,0,2,0,"+","G","+",2,0,"-",0,0,"CTCGC","TS54","+dTAG","RepR3","S23","Xist","MSR","other"
"4496",19658,"FJ24-FJ25::chr9:2999602-3038819",26620,26622,1,2,2,"+","G","+",2,2,"-",0,0,"CACGT","TS54","+dTAG","RepR3","S23","Xist","MSR","other"
"4497",19659,"FJ24-FJ25::chr9:2999602-3038819",26648,26650,0.87,69,60,"B","G","+",7,4,"-",62,56,"TTCGT","TS54","+dTAG","RepR3","S23","Xist","MSR","other"
"4498",19660,"FJ24-FJ25::chr9:2999602-3038819",26666,26668,0.918,85,78,"B","G","+",12,12,"-",73,66,"CTCGC","TS54","+dTAG","RepR3","S23","Xist","MSR","other"
"4499",19661,"FJ24-FJ25::chr9:2999602-3038819",26708,26710,0.659,607,400,"B","G","+",26,18,"-",581,382,"CACGT","TS54","+dTAG","RepR3","S23","Xist","MSR","other"
"4500",19662,"FJ24-FJ25::chr9:2999602-3038819",26943,26945,0.8,15,12,"-","G","+",0,0,"-",15,12,"ACGTT","TS54","+dTAG","RepR3","S23","Xist","MSR","other"
"4501",19663,"FJ24-FJ25::chr9:2999602-3038819",26959,26961,0.812,16,13,"-","G","+",0,0,"-",16,13,"TCGTC","TS54","+dTAG","RepR3","S23","Xist","MSR","other"
"4502",19664,"FJ24-FJ25::chr9:2999602-3038819",26971,26973,1,1,1,"-","G","+",0,0,"-",1,1,"ACGTT","TS54","+dTAG","RepR3","S23","Xist","MSR","other"
"4503",19665,"FJ24-FJ25::chr9:2999602-3038819",27077,27079,0.75,4,3,"B","G","+",2,2,"-",2,1,"CTCGC","TS54","+dTAG","RepR3","S23","Xist","MSR","other"
"4504",19666,"FJ24-FJ25::chr9:2999602-3038819",27117,27119,0.714,262,187,"B","G","+",2,2,"-",260,185,"TTCGT","TS54","+dTAG","RepR3","S23","Xist","MSR","other"
"4505",19667,"FJ24-FJ25::chr9:2999602-3038819",27177,27179,0.815,92,75,"B","G","+",7,6,"-",85,69,"CACGT","TS54","+dTAG","RepR3","S23","Xist","MSR","other"
"4506",19668,"FJ24-FJ25::chr9:2999602-3038819",27193,27195,0.934,76,71,"B","G","+",8,8,"-",68,63,"TTCGT","TS54","+dTAG","RepR3","S23","Xist","MSR","other"
"4507",19669,"FJ24-FJ25::chr9:2999602-3038819",27208,27210,0.772,101,78,"B","G","+",9,9,"-",92,69,"GTCGT","TS54","+dTAG","RepR3","S23","Xist","MSR","other"
"4508",19670,"FJ24-FJ25::chr9:2999602-3038819",27251,27253,0,4,0,"B","G","+",2,0,"-",2,0,"CTCGC","TS54","+dTAG","RepR3","S23","Xist","MSR","other"
"4509",19671,"FJ24-FJ25::chr9:2999602-3038819",27323,27325,0.5,2,1,"+","G","+",2,1,"-",0,0,"CACGT","TS54","+dTAG","RepR3","S23","Xist","MSR","other"
"4510",19672,"FJ24-FJ25::chr9:2999602-3038819",27411,27413,0.6,5,3,"B","G","+",1,1,"-",4,2,"CACGT","TS54","+dTAG","RepR3","S23","Xist","MSR","other"
"4511",19673,"FJ24-FJ25::chr9:2999602-3038819",27442,27444,0.667,3,2,"B","G","+",1,1,"-",2,1,"GTCGT","TS54","+dTAG","RepR3","S23","Xist","MSR","other"
"4512",19674,"FJ24-FJ25::chr9:2999602-3038819",27497,27499,0.957,23,22,"B","G","+",20,20,"-",3,2,"CACGT","TS54","+dTAG","RepR3","S23","Xist","MSR","other"
"4513",19675,"FJ24-FJ25::chr9:2999602-3038819",27545,27547,0.9,50,45,"B","G","+",48,43,"-",2,2,"TTCGC","TS54","+dTAG","RepR3","S23","Xist","MSR","other"
"4514",19676,"FJ24-FJ25::chr9:2999602-3038819",27557,27559,0.912,57,52,"B","G","+",52,50,"-",5,2,"CACGT","TS54","+dTAG","RepR3","S23","Xist","MSR","other"
"4515",19677,"FJ24-FJ25::chr9:2999602-3038819",27645,27647,0.687,131,90,"B","G","+",16,5,"-",115,85,"CACGT","TS54","+dTAG","RepR3","S23","Xist","MSR","other"
"4516",19678,"FJ24-FJ25::chr9:2999602-3038819",27661,27663,0.77,126,97,"B","G","+",14,3,"-",112,94,"TTCGT","TS54","+dTAG","RepR3","S23","Xist","MSR","other"
"4517",19679,"FJ24-FJ25::chr9:2999602-3038819",27779,27781,0.5,2,1,"+","G","+",2,1,"-",0,0,"CTCGT","TS54","+dTAG","RepR3","S23","Xist","MSR","other"
"4518",19680,"FJ24-FJ25::chr9:2999602-3038819",27791,27793,0.833,6,5,"+","G","+",6,5,"-",0,0,"CACGT","TS54","+dTAG","RepR3","S23","Xist","MSR","other"
"4519",19681,"FJ24-FJ25::chr9:2999602-3038819",27837,27839,0.84,25,21,"B","G","+",9,7,"-",16,14,"CTCGC","TS54","+dTAG","RepR3","S23","Xist","MSR","other"
"4520",19682,"FJ24-FJ25::chr9:2999602-3038819",27879,27881,0.729,85,62,"B","G","+",8,3,"-",77,59,"CACGT","TS54","+dTAG","RepR3","S23","Xist","MSR","other"
"4521",19683,"FJ24-FJ25::chr9:2999602-3038819",27895,27897,0.89,73,65,"B","G","+",1,1,"-",72,64,"TTCGT","TS54","+dTAG","RepR3","S23","Xist","MSR","other"
"4522",19684,"FJ24-FJ25::chr9:2999602-3038819",27910,27912,0.737,95,70,"B","G","+",1,1,"-",94,69,"GACGT","TS54","+dTAG","RepR3","S23","Xist","MSR","other"
"4523",19685,"FJ24-FJ25::chr9:2999602-3038819",28013,28015,0.538,13,7,"B","G","+",3,1,"-",10,6,"CTCGC","TS54","+dTAG","RepR3","S23","Xist","MSR","other"
"4524",19686,"FJ24-FJ25::chr9:2999602-3038819",28025,28027,0.769,13,10,"B","G","+",4,4,"-",9,6,"CACGT","TS54","+dTAG","RepR3","S23","Xist","MSR","other"
"4525",19687,"FJ24-FJ25::chr9:2999602-3038819",28053,28055,0.661,889,588,"B","G","+",2,2,"-",887,586,"TCCGT","TS54","+dTAG","RepR3","S23","Xist","MSR","other"
"4526",19688,"FJ24-FJ25::chr9:2999602-3038819",28113,28115,0.75,20,15,"B","G","+",1,0,"-",19,15,"CACGT","TS54","+dTAG","RepR3","S23","Xist","MSR","other"
"4527",19689,"FJ24-FJ25::chr9:2999602-3038819",28247,28249,0.6,5,3,"B","G","+",3,2,"-",2,1,"CTCGC","TS54","+dTAG","RepR3","S23","Xist","MSR","other"
"4528",19690,"FJ24-FJ25::chr9:2999602-3038819",28287,28289,0.665,415,276,"B","G","+",3,2,"-",412,274,"TCCGT","TS54","+dTAG","RepR3","S23","Xist","MSR","other"
"4529",19691,"FJ24-FJ25::chr9:2999602-3038819",28347,28349,0.844,64,54,"-","G","+",0,0,"-",64,54,"ACGTT","TS54","+dTAG","RepR3","S23","Xist","MSR","other"
"4530",19692,"FJ24-FJ25::chr9:2999602-3038819",28481,28483,0.923,13,12,"B","G","+",2,2,"-",11,10,"CTCGC","TS54","+dTAG","RepR3","S23","Xist","MSR","other"
"4531",19693,"FJ24-FJ25::chr9:2999602-3038819",28521,28523,0.767,11037,8470,"B","G","+",42,38,"-",10995,8432,"TCCGT","TS54","+dTAG","RepR3","S23","Xist","MSR","other"
"4532",19694,"FJ24-FJ25::chr9:2999602-3038819",28581,28583,0.745,650,484,"B","G","+",110,83,"-",540,401,"CACGT","TS54","+dTAG","RepR3","S23","Xist","MSR","other"
"4533",19695,"FJ24-FJ25::chr9:2999602-3038819",28597,28599,0.903,586,529,"B","G","+",102,99,"-",484,430,"TTCGT","TS54","+dTAG","RepR3","S23","Xist","MSR","other"
"4534",19696,"FJ24-FJ25::chr9:2999602-3038819",28655,28657,0.571,7,4,"-","G","+",0,0,"-",7,4,"TCGCC","TS54","+dTAG","RepR3","S23","Xist","MSR","other"
"4535",19697,"FJ24-FJ25::chr9:2999602-3038819",28715,28717,0.333,6,2,"B","G","+",1,1,"-",5,1,"CTCGC","TS54","+dTAG","RepR3","S23","Xist","MSR","other"
"4536",19698,"FJ24-FJ25::chr9:2999602-3038819",28727,28729,1,3,3,"B","G","+",1,1,"-",2,2,"CACGT","TS54","+dTAG","RepR3","S23","Xist","MSR","other"
"4537",19699,"FJ24-FJ25::chr9:2999602-3038819",28755,28757,0.859,85,73,"B","G","+",1,1,"-",84,72,"TTCGT","TS54","+dTAG","RepR3","S23","Xist","MSR","other"
"4538",19700,"FJ24-FJ25::chr9:2999602-3038819",28815,28817,0.7,40,28,"-","G","+",0,0,"-",40,28,"ACGTT","TS54","+dTAG","RepR3","S23","Xist","MSR","other"
"4539",19701,"FJ24-FJ25::chr9:2999602-3038819",28846,28848,0.643,42,27,"-","G","+",0,0,"-",42,27,"TCGTC","TS54","+dTAG","RepR3","S23","Xist","MSR","other"
"4540",19702,"FJ24-FJ25::chr9:2999602-3038819",28901,28903,0.877,73,64,"B","G","+",22,21,"-",51,43,"CACGT","TS54","+dTAG","RepR3","S23","Xist","MSR","other"
"4541",19703,"FJ24-FJ25::chr9:2999602-3038819",28949,28951,0.929,70,65,"B","G","+",62,61,"-",8,4,"CTCGC","TS54","+dTAG","RepR3","S23","Xist","MSR","other"
"4542",19704,"FJ24-FJ25::chr9:2999602-3038819",28961,28963,0.871,70,61,"B","G","+",64,59,"-",6,2,"CACGT","TS54","+dTAG","RepR3","S23","Xist","MSR","other"
"4543",19705,"FJ24-FJ25::chr9:2999602-3038819",29049,29051,0.707,304,215,"B","G","+",17,11,"-",287,204,"CACGT","TS54","+dTAG","RepR3","S23","Xist","MSR","other"
"4544",19706,"FJ24-FJ25::chr9:2999602-3038819",29065,29067,0.863,293,253,"B","G","+",18,16,"-",275,237,"TTCGT","TS54","+dTAG","RepR3","S23","Xist","MSR","other"
"4545",19707,"FJ24-FJ25::chr9:2999602-3038819",29163,29165,0,3,0,"-","G","+",0,0,"-",3,0,"TCGAC","TS54","+dTAG","RepR3","S23","Xist","MSR","other"
"4546",19708,"FJ24-FJ25::chr9:2999602-3038819",29183,29185,0.8,35,28,"B","G","+",15,13,"-",20,15,"CTCGC","TS54","+dTAG","RepR3","S23","Xist","MSR","other"
"4547",19709,"FJ24-FJ25::chr9:2999602-3038819",29195,29197,0.875,40,35,"B","G","+",16,16,"-",24,19,"CACGT","TS54","+dTAG","RepR3","S23","Xist","MSR","other"
"4548",19710,"FJ24-FJ25::chr9:2999602-3038819",29223,29225,0.818,9575,7835,"B","G","+",14,13,"-",9561,7822,"TCCGT","TS54","+dTAG","RepR3","S23","Xist","MSR","other"
"4549",19711,"FJ24-FJ25::chr9:2999602-3038819",29283,29285,0.667,45,30,"B","G","+",8,4,"-",37,26,"CACGT","TS54","+dTAG","RepR3","S23","Xist","MSR","other"
"4550",19712,"FJ24-FJ25::chr9:2999602-3038819",29417,29419,0.816,49,40,"B","G","+",33,27,"-",16,13,"CTCGC","TS54","+dTAG","RepR3","S23","Xist","MSR","other"
"4551",19713,"FJ24-FJ25::chr9:2999602-3038819",29429,29431,0.867,45,39,"B","G","+",35,32,"-",10,7,"CACGT","TS54","+dTAG","RepR3","S23","Xist","MSR","other"
"4552",19714,"FJ24-FJ25::chr9:2999602-3038819",29457,29459,0.793,82,65,"B","G","+",29,24,"-",53,41,"TCCGT","TS54","+dTAG","RepR3","S23","Xist","MSR","other"
"4553",19715,"FJ24-FJ25::chr9:2999602-3038819",29517,29519,0.682,22,15,"-","G","+",0,0,"-",22,15,"ACGTT","TS54","+dTAG","RepR3","S23","Xist","MSR","other"
"4554",19716,"FJ24-FJ25::chr9:2999602-3038819",29652,29654,1,1,1,"-","G","+",0,0,"-",1,1,"TCGCC","TS54","+dTAG","RepR3","S23","Xist","MSR","other"
"4555",19717,"FJ24-FJ25::chr9:2999602-3038819",29664,29666,1,1,1,"-","G","+",0,0,"-",1,1,"ACGTG","TS54","+dTAG","RepR3","S23","Xist","MSR","other"
"4556",19718,"FJ24-FJ25::chr9:2999602-3038819",29692,29694,0.89,82,73,"-","G","+",0,0,"-",82,73,"TCGTG","TS54","+dTAG","RepR3","S23","Xist","MSR","other"
"4557",19719,"FJ24-FJ25::chr9:2999602-3038819",29710,29712,0.809,89,72,"B","G","+",5,3,"-",84,69,"CTCGC","TS54","+dTAG","RepR3","S23","Xist","MSR","other"
"4558",19720,"FJ24-FJ25::chr9:2999602-3038819",29752,29754,0.743,171,127,"B","G","+",22,13,"-",149,114,"CACGT","TS54","+dTAG","RepR3","S23","Xist","MSR","other"
"4559",19721,"FJ24-FJ25::chr9:2999602-3038819",29944,29946,0.889,54,48,"B","G","+",2,2,"-",52,46,"CTCGC","TS54","+dTAG","RepR3","S23","Xist","MSR","other"
"4560",19722,"FJ24-FJ25::chr9:2999602-3038819",29987,29989,1,3,3,"B","G","+",2,2,"-",1,1,"CACGT","TS54","+dTAG","RepR3","S23","Xist","MSR","other"
"4561",19723,"FJ24-FJ25::chr9:2999602-3038819",30003,30005,0.5,4,2,"B","G","+",2,0,"-",2,2,"TTCGT","TS54","+dTAG","RepR3","S23","Xist","MSR","other"
"4562",19724,"FJ24-FJ25::chr9:2999602-3038819",30015,30017,0,1,0,"+","G","+",1,0,"-",0,0,"CACGT","TS54","+dTAG","RepR3","S23","Xist","MSR","other"
"4563",19725,"FJ24-FJ25::chr9:2999602-3038819",30121,30123,0.824,68,56,"B","G","+",64,52,"-",4,4,"CTCGC","TS54","+dTAG","RepR3","S23","Xist","MSR","other"
"4564",19726,"FJ24-FJ25::chr9:2999602-3038819",30133,30135,0.871,70,61,"B","G","+",62,56,"-",8,5,"CACGT","TS54","+dTAG","RepR3","S23","Xist","MSR","other"
"4565",19727,"FJ24-FJ25::chr9:2999602-3038819",30221,30223,0.69,1419,979,"B","G","+",28,21,"-",1391,958,"CACGT","TS54","+dTAG","RepR3","S23","Xist","MSR","other"
"4566",19728,"FJ24-FJ25::chr9:2999602-3038819",30237,30239,0.855,1433,1225,"B","G","+",28,27,"-",1405,1198,"TTCGT","TS54","+dTAG","RepR3","S23","Xist","MSR","other"
"4567",19729,"FJ24-FJ25::chr9:2999602-3038819",30252,30254,0.801,1519,1217,"B","G","+",30,27,"-",1489,1190,"GTCGT","TS54","+dTAG","RepR3","S23","Xist","MSR","other"
"4568",19730,"FJ24-FJ25::chr9:2999602-3038819",30295,30297,0.72,25,18,"B","G","+",1,1,"-",24,17,"CTCGC","TS54","+dTAG","RepR3","S23","Xist","MSR","other"
"4569",19731,"FJ24-FJ25::chr9:2999602-3038819",30355,30357,0.333,3,1,"B","G","+",1,1,"-",2,0,"CTCGC","TS54","+dTAG","RepR3","S23","Xist","MSR","other"
"4570",19732,"FJ24-FJ25::chr9:2999602-3038819",30367,30369,1,3,3,"B","G","+",1,1,"-",2,2,"CACGT","TS54","+dTAG","RepR3","S23","Xist","MSR","other"
"4571",19733,"FJ24-FJ25::chr9:2999602-3038819",30395,30397,0.807,57,46,"-","G","+",0,0,"-",57,46,"TCGTT","TS54","+dTAG","RepR3","S23","Xist","MSR","other"
"4572",19734,"FJ24-FJ25::chr9:2999602-3038819",30455,30457,0.607,28,17,"B","G","+",3,2,"-",25,15,"CACGT","TS54","+dTAG","RepR3","S23","Xist","MSR","other"
"4573",19735,"FJ24-FJ25::chr9:2999602-3038819",30486,30488,0.75,36,27,"B","G","+",7,5,"-",29,22,"GTCGT","TS54","+dTAG","RepR3","S23","Xist","MSR","other"
"4574",19736,"FJ24-FJ25::chr9:2999602-3038819",30541,30543,0.75,24,18,"B","G","+",17,14,"-",7,4,"CACGT","TS54","+dTAG","RepR3","S23","Xist","MSR","other"
"4575",19737,"FJ24-FJ25::chr9:2999602-3038819",30590,30592,0.893,28,25,"B","G","+",22,21,"-",6,4,"CTCGC","TS54","+dTAG","RepR3","S23","Xist","MSR","other"
"4576",19738,"FJ24-FJ25::chr9:2999602-3038819",30602,30604,0.933,30,28,"B","G","+",22,21,"-",8,7,"CACGT","TS54","+dTAG","RepR3","S23","Xist","MSR","other"
"4577",19739,"FJ24-FJ25::chr9:2999602-3038819",30690,30692,0.784,287,225,"B","G","+",10,5,"-",277,220,"CACGT","TS54","+dTAG","RepR3","S23","Xist","MSR","other"
"4578",19740,"FJ24-FJ25::chr9:2999602-3038819",30706,30708,0.877,300,263,"B","G","+",15,10,"-",285,253,"TTCGT","TS54","+dTAG","RepR3","S23","Xist","MSR","other"
"4579",19741,"FJ24-FJ25::chr9:2999602-3038819",30804,30806,0,1,0,"+","G","+",1,0,"-",0,0,"TTCGA","TS54","+dTAG","RepR3","S23","Xist","MSR","other"
"4580",19742,"FJ24-FJ25::chr9:2999602-3038819",30824,30826,0.75,4,3,"+","G","+",4,3,"-",0,0,"CTCGC","TS54","+dTAG","RepR3","S23","Xist","MSR","other"
"4581",19743,"FJ24-FJ25::chr9:2999602-3038819",30836,30838,1,5,5,"+","G","+",5,5,"-",0,0,"CACGT","TS54","+dTAG","RepR3","S23","Xist","MSR","other"
"4582",19744,"FJ24-FJ25::chr9:2999602-3038819",30882,30884,0.911,56,51,"B","G","+",8,7,"-",48,44,"CTCGC","TS54","+dTAG","RepR3","S23","Xist","MSR","other"
"4583",19745,"FJ24-FJ25::chr9:2999602-3038819",30924,30926,0.72,961,692,"B","G","+",4,2,"-",957,690,"CACGT","TS54","+dTAG","RepR3","S23","Xist","MSR","other"
"4584",19746,"FJ24-FJ25::chr9:2999602-3038819",30940,30942,0.872,966,842,"B","G","+",2,2,"-",964,840,"TTCGT","TS54","+dTAG","RepR3","S23","Xist","MSR","other"
"4585",19747,"FJ24-FJ25::chr9:2999602-3038819",30955,30957,0.818,1039,850,"B","G","+",3,2,"-",1036,848,"GACGT","TS54","+dTAG","RepR3","S23","Xist","MSR","other"
"4586",19748,"FJ24-FJ25::chr9:2999602-3038819",31058,31060,0.875,16,14,"B","G","+",3,3,"-",13,11,"CTCGC","TS54","+dTAG","RepR3","S23","Xist","MSR","other"
"4587",19749,"FJ24-FJ25::chr9:2999602-3038819",31070,31072,0.944,18,17,"B","G","+",4,4,"-",14,13,"CACGT","TS54","+dTAG","RepR3","S23","Xist","MSR","other"
"4588",19750,"FJ24-FJ25::chr9:2999602-3038819",31098,31100,0.69,935,645,"B","G","+",2,2,"-",933,643,"TCCGT","TS54","+dTAG","RepR3","S23","Xist","MSR","other"
"4589",19751,"FJ24-FJ25::chr9:2999602-3038819",31158,31160,0.576,33,19,"-","G","+",0,0,"-",33,19,"ACGTT","TS54","+dTAG","RepR3","S23","Xist","MSR","other"
"4590",19752,"FJ24-FJ25::chr9:2999602-3038819",31292,31294,0.913,23,21,"B","G","+",20,19,"-",3,2,"CTCGC","TS54","+dTAG","RepR3","S23","Xist","MSR","other"
"4591",19753,"FJ24-FJ25::chr9:2999602-3038819",31304,31306,0.952,21,20,"B","G","+",18,17,"-",3,3,"CACGT","TS54","+dTAG","RepR3","S23","Xist","MSR","other"
"4592",19754,"FJ24-FJ25::chr9:2999602-3038819",31332,31334,0.684,19,13,"B","G","+",1,0,"-",18,13,"TTCGT","TS54","+dTAG","RepR3","S23","Xist","MSR","other"
"4593",19755,"FJ24-FJ25::chr9:2999602-3038819",31350,31352,0.81,21,17,"-","G","+",0,0,"-",21,17,"TCGCC","TS54","+dTAG","RepR3","S23","Xist","MSR","other"
"4594",19756,"FJ24-FJ25::chr9:2999602-3038819",31392,31394,0.786,42,33,"B","G","+",11,9,"-",31,24,"CACGT","TS54","+dTAG","RepR3","S23","Xist","MSR","other"
"4595",19757,"FJ24-FJ25::chr9:2999602-3038819",31507,31509,0.75,4,3,"-","G","+",0,0,"-",4,3,"ACGTT","TS54","+dTAG","RepR3","S23","Xist","MSR","other"
"4596",19758,"FJ24-FJ25::chr9:2999602-3038819",31639,31641,1,8,8,"B","G","+",1,1,"-",7,7,"CTCGC","TS54","+dTAG","RepR3","S23","Xist","MSR","other"
"4597",19759,"FJ24-FJ25::chr9:2999602-3038819",31679,31681,0.637,10688,6810,"B","G","+",26,22,"-",10662,6788,"TCCGT","TS54","+dTAG","RepR3","S23","Xist","MSR","other"
"4598",19760,"FJ24-FJ25::chr9:2999602-3038819",31739,31741,0.759,680,516,"B","G","+",119,90,"-",561,426,"CACGT","TS54","+dTAG","RepR3","S23","Xist","MSR","other"
"4599",19761,"FJ24-FJ25::chr9:2999602-3038819",31755,31757,0.887,591,524,"B","G","+",115,108,"-",476,416,"TTCGT","TS54","+dTAG","RepR3","S23","Xist","MSR","other"
"4600",19762,"FJ24-FJ25::chr9:2999602-3038819",31813,31815,0.583,12,7,"B","G","+",1,0,"-",11,7,"CTCGC","TS54","+dTAG","RepR3","S23","Xist","MSR","other"
"4601",19763,"FJ24-FJ25::chr9:2999602-3038819",31873,31875,1,5,5,"+","G","+",5,5,"-",0,0,"CTCGC","TS54","+dTAG","RepR3","S23","Xist","MSR","other"
"4602",19764,"FJ24-FJ25::chr9:2999602-3038819",31885,31887,1,6,6,"+","G","+",6,6,"-",0,0,"CACGT","TS54","+dTAG","RepR3","S23","Xist","MSR","other"
"4603",19765,"FJ24-FJ25::chr9:2999602-3038819",31913,31915,0.802,101,81,"B","G","+",8,7,"-",93,74,"TTCGT","TS54","+dTAG","RepR3","S23","Xist","MSR","other"
"4604",19766,"FJ24-FJ25::chr9:2999602-3038819",31973,31975,0.71,69,49,"B","G","+",1,1,"-",68,48,"CACGT","TS54","+dTAG","RepR3","S23","Xist","MSR","other"
"4605",19767,"FJ24-FJ25::chr9:2999602-3038819",32004,32006,0.681,72,49,"B","G","+",1,1,"-",71,48,"GTCGT","TS54","+dTAG","RepR3","S23","Xist","MSR","other"
"4606",19768,"FJ24-FJ25::chr9:2999602-3038819",32059,32061,0.9,60,54,"B","G","+",18,17,"-",42,37,"CACGT","TS54","+dTAG","RepR3","S23","Xist","MSR","other"
"4607",19769,"FJ24-FJ25::chr9:2999602-3038819",32107,32109,0.857,63,54,"B","G","+",60,54,"-",3,0,"CTCGC","TS54","+dTAG","RepR3","S23","Xist","MSR","other"
"4608",19770,"FJ24-FJ25::chr9:2999602-3038819",32119,32121,0.862,65,56,"B","G","+",61,54,"-",4,2,"CACGT","TS54","+dTAG","RepR3","S23","Xist","MSR","other"
"4609",19771,"FJ24-FJ25::chr9:2999602-3038819",32207,32209,0.695,380,264,"B","G","+",19,15,"-",361,249,"CACGT","TS54","+dTAG","RepR3","S23","Xist","MSR","other"
"4610",19772,"FJ24-FJ25::chr9:2999602-3038819",32223,32225,0.85,347,295,"B","G","+",20,16,"-",327,279,"TTCGT","TS54","+dTAG","RepR3","S23","Xist","MSR","other"
"4611",19773,"FJ24-FJ25::chr9:2999602-3038819",32341,32343,1,2,2,"+","G","+",2,2,"-",0,0,"CTCGC","TS54","+dTAG","RepR3","S23","Xist","MSR","other"
"4612",19774,"FJ24-FJ25::chr9:2999602-3038819",32353,32355,1,3,3,"+","G","+",3,3,"-",0,0,"CACGT","TS54","+dTAG","RepR3","S23","Xist","MSR","other"
"4613",19775,"FJ24-FJ25::chr9:2999602-3038819",32399,32401,0.786,14,11,"B","G","+",8,7,"-",6,4,"CTCGC","TS54","+dTAG","RepR3","S23","Xist","MSR","other"
"4614",19776,"FJ24-FJ25::chr9:2999602-3038819",32441,32443,0.736,174,128,"B","G","+",8,5,"-",166,123,"CACGT","TS54","+dTAG","RepR3","S23","Xist","MSR","other"
"4615",19777,"FJ24-FJ25::chr9:2999602-3038819",32457,32459,0.867,165,143,"B","G","+",7,6,"-",158,137,"TTCGT","TS54","+dTAG","RepR3","S23","Xist","MSR","other"
"4616",19778,"FJ24-FJ25::chr9:2999602-3038819",32472,32474,0.752,165,124,"B","G","+",4,3,"-",161,121,"GACGT","TS54","+dTAG","RepR3","S23","Xist","MSR","other"
"4617",19779,"FJ24-FJ25::chr9:2999602-3038819",32575,32577,0.921,38,35,"B","G","+",5,5,"-",33,30,"CTCGC","TS54","+dTAG","RepR3","S23","Xist","MSR","other"
"4618",19780,"FJ24-FJ25::chr9:2999602-3038819",32587,32589,0.771,35,27,"B","G","+",4,2,"-",31,25,"CACGT","TS54","+dTAG","RepR3","S23","Xist","MSR","other"
"4619",19781,"FJ24-FJ25::chr9:2999602-3038819",32615,32617,0.697,1170,815,"B","G","+",4,4,"-",1166,811,"TCCGT","TS54","+dTAG","RepR3","S23","Xist","MSR","other"
"4620",19782,"FJ24-FJ25::chr9:2999602-3038819",32675,32677,0.712,222,158,"B","G","+",4,3,"-",218,155,"CACGT","TS54","+dTAG","RepR3","S23","Xist","MSR","other"
"4621",19783,"FJ24-FJ25::chr9:2999602-3038819",32800,32802,0.5,2,1,"B","G","+",1,0,"-",1,1,"TCCGT","TS54","+dTAG","RepR3","S23","Xist","MSR","other"
"4622",19784,"FJ24-FJ25::chr9:2999602-3038819",32821,32823,0.878,41,36,"B","G","+",36,32,"-",5,4,"CACGT","TS54","+dTAG","RepR3","S23","Xist","MSR","other"
"4623",19785,"FJ24-FJ25::chr9:2999602-3038819",32849,32851,0.849,4057,3443,"B","G","+",49,42,"-",4008,3401,"TCCGT","TS54","+dTAG","RepR3","S23","Xist","MSR","other"
"4624",19786,"FJ24-FJ25::chr9:2999602-3038819",32867,32869,0.854,3959,3380,"B","G","+",13,12,"-",3946,3368,"CTCGC","TS54","+dTAG","RepR3","S23","Xist","MSR","other"
"4625",19787,"FJ24-FJ25::chr9:2999602-3038819",32909,32911,0.716,1052,753,"B","G","+",16,10,"-",1036,743,"CACGT","TS54","+dTAG","RepR3","S23","Xist","MSR","other"
"4626",19788,"FJ24-FJ25::chr9:2999602-3038819",33043,33045,0.921,114,105,"B","G","+",18,18,"-",96,87,"CTCGC","TS54","+dTAG","RepR3","S23","Xist","MSR","other"
"4627",19789,"FJ24-FJ25::chr9:2999602-3038819",33143,33145,0.662,65,43,"B","G","+",4,2,"-",61,41,"CACGT","TS54","+dTAG","RepR3","S23","Xist","MSR","other"
"4628",19790,"FJ24-FJ25::chr9:2999602-3038819",33277,33279,0.879,66,58,"B","G","+",47,39,"-",19,19,"CTCGC","TS54","+dTAG","RepR3","S23","Xist","MSR","other"
"4629",19791,"FJ24-FJ25::chr9:2999602-3038819",33289,33291,0.877,73,64,"B","G","+",55,48,"-",18,16,"CACGT","TS54","+dTAG","RepR3","S23","Xist","MSR","other"
"4630",19792,"FJ24-FJ25::chr9:2999602-3038819",33317,33319,0.78,246,192,"B","G","+",61,51,"-",185,141,"TCCGT","TS54","+dTAG","RepR3","S23","Xist","MSR","other"
"4631",19793,"FJ24-FJ25::chr9:2999602-3038819",33335,33337,0.891,175,156,"B","G","+",51,50,"-",124,106,"CTCGC","TS54","+dTAG","RepR3","S23","Xist","MSR","other"
"4632",19794,"FJ24-FJ25::chr9:2999602-3038819",33376,33378,0.562,16,9,"-","G","+",0,0,"-",16,9,"ACGTT","TS54","+dTAG","RepR3","S23","Xist","MSR","other"
"4633",19795,"FJ24-FJ25::chr9:2999602-3038819",33510,33512,1,2,2,"+","G","+",2,2,"-",0,0,"CTCGC","TS54","+dTAG","RepR3","S23","Xist","MSR","other"
"4634",19796,"FJ24-FJ25::chr9:2999602-3038819",33522,33524,1,2,2,"+","G","+",2,2,"-",0,0,"CACGT","TS54","+dTAG","RepR3","S23","Xist","MSR","other"
"4635",19797,"FJ24-FJ25::chr9:2999602-3038819",33550,33552,0.831,166,138,"B","G","+",3,3,"-",163,135,"TCCGT","TS54","+dTAG","RepR3","S23","Xist","MSR","other"
"4636",19798,"FJ24-FJ25::chr9:2999602-3038819",33568,33570,0.853,170,145,"B","G","+",5,5,"-",165,140,"CTCGC","TS54","+dTAG","RepR3","S23","Xist","MSR","other"
"4637",19799,"FJ24-FJ25::chr9:2999602-3038819",33610,33612,0.701,278,195,"B","G","+",62,32,"-",216,163,"CACGT","TS54","+dTAG","RepR3","S23","Xist","MSR","other"
"4638",19800,"FJ24-FJ25::chr9:2999602-3038819",33626,33628,0.781,251,196,"B","G","+",69,44,"-",182,152,"TTCGT","TS54","+dTAG","RepR3","S23","Xist","MSR","other"
"4639",19801,"FJ24-FJ25::chr9:2999602-3038819",33744,33746,1,1,1,"+","G","+",1,1,"-",0,0,"CTCGC","TS54","+dTAG","RepR3","S23","Xist","MSR","other"
"4640",19802,"FJ24-FJ25::chr9:2999602-3038819",33784,33786,0.846,78,66,"B","G","+",52,43,"-",26,23,"TCCGT","TS54","+dTAG","RepR3","S23","Xist","MSR","other"
"4641",19803,"FJ24-FJ25::chr9:2999602-3038819",33802,33804,0.897,87,78,"B","G","+",61,56,"-",26,22,"CTCGC","TS54","+dTAG","RepR3","S23","Xist","MSR","other"
"4642",19804,"FJ24-FJ25::chr9:2999602-3038819",33860,33862,0.905,42,38,"B","G","+",11,10,"-",31,28,"TTCGT","TS54","+dTAG","RepR3","S23","Xist","MSR","other"
"4643",19805,"FJ24-FJ25::chr9:2999602-3038819",33875,33877,0.857,77,66,"B","G","+",11,9,"-",66,57,"GTCGT","TS54","+dTAG","RepR3","S23","Xist","MSR","other"
"4644",19806,"FJ24-FJ25::chr9:2999602-3038819",33976,33978,0.913,69,63,"B","G","+",1,0,"-",68,63,"CTCGC","TS54","+dTAG","RepR3","S23","Xist","MSR","other"
"4645",19807,"FJ24-FJ25::chr9:2999602-3038819",34019,34021,0.941,17,16,"-","G","+",0,0,"-",17,16,"ACGTT","TS54","+dTAG","RepR3","S23","Xist","MSR","other"
"4646",19808,"FJ24-FJ25::chr9:2999602-3038819",34035,34037,0.882,17,15,"-","G","+",0,0,"-",17,15,"TCGTC","TS54","+dTAG","RepR3","S23","Xist","MSR","other"
"4647",19809,"FJ24-FJ25::chr9:2999602-3038819",34047,34049,0.5,4,2,"-","G","+",0,0,"-",4,2,"ACGTT","TS54","+dTAG","RepR3","S23","Xist","MSR","other"
"4648",19810,"FJ24-FJ25::chr9:2999602-3038819",34153,34155,0.583,12,7,"B","G","+",4,4,"-",8,3,"CTCGC","TS54","+dTAG","RepR3","S23","Xist","MSR","other"
"4649",19811,"FJ24-FJ25::chr9:2999602-3038819",34193,34195,0.805,6807,5477,"B","G","+",10,10,"-",6797,5467,"TCCGT","TS54","+dTAG","RepR3","S23","Xist","MSR","other"
"4650",19812,"FJ24-FJ25::chr9:2999602-3038819",34253,34255,0.791,465,368,"B","G","+",82,63,"-",383,305,"CACGT","TS54","+dTAG","RepR3","S23","Xist","MSR","other"
"4651",19813,"FJ24-FJ25::chr9:2999602-3038819",34269,34271,0.894,481,430,"B","G","+",90,84,"-",391,346,"TTCGT","TS54","+dTAG","RepR3","S23","Xist","MSR","other"
"4652",19814,"FJ24-FJ25::chr9:2999602-3038819",34445,34447,0.848,112,95,"B","G","+",1,1,"-",111,94,"CTCGC","TS54","+dTAG","RepR3","S23","Xist","MSR","other"
"4653",19815,"FJ24-FJ25::chr9:2999602-3038819",34504,34506,0.5,2,1,"-","G","+",0,0,"-",2,1,"TCGTC","TS54","+dTAG","RepR3","S23","Xist","MSR","other"
"4654",19816,"FJ24-FJ25::chr9:2999602-3038819",34621,34623,0.847,333,282,"-","G","+",0,0,"-",333,282,"TCGCC","TS54","+dTAG","RepR3","S23","Xist","MSR","other"
"4655",19817,"FJ24-FJ25::chr9:2999602-3038819",34633,34635,0.882,323,285,"B","G","+",1,1,"-",322,284,"CACGT","TS54","+dTAG","RepR3","S23","Xist","MSR","other"
"4656",19818,"FJ24-FJ25::chr9:2999602-3038819",34679,34681,0.842,190,160,"B","G","+",10,9,"-",180,151,"CTCGC","TS54","+dTAG","RepR3","S23","Xist","MSR","other"
"4657",19819,"FJ24-FJ25::chr9:2999602-3038819",34721,34723,0.71,245,174,"B","G","+",16,10,"-",229,164,"CACGT","TS54","+dTAG","RepR3","S23","Xist","MSR","other"
"4658",19820,"FJ24-FJ25::chr9:2999602-3038819",34737,34739,0.817,224,183,"B","G","+",13,4,"-",211,179,"TTCGT","TS54","+dTAG","RepR3","S23","Xist","MSR","other"
"4659",19821,"FJ24-FJ25::chr9:2999602-3038819",34752,34754,0.764,233,178,"B","G","+",12,11,"-",221,167,"GACGT","TS54","+dTAG","RepR3","S23","Xist","MSR","other"
"4660",19822,"FJ24-FJ25::chr9:2999602-3038819",34855,34857,0.422,109,46,"B","G","+",12,12,"-",97,34,"CTCGC","TS54","+dTAG","RepR3","S23","Xist","MSR","other"
"4661",19823,"FJ24-FJ25::chr9:2999602-3038819",34867,34869,0.88,108,95,"B","G","+",13,10,"-",95,85,"CACGT","TS54","+dTAG","RepR3","S23","Xist","MSR","other"
"4662",19824,"FJ24-FJ25::chr9:2999602-3038819",34895,34897,0.643,1027,660,"B","G","+",8,8,"-",1019,652,"TCCGT","TS54","+dTAG","RepR3","S23","Xist","MSR","other"
"4663",19825,"FJ24-FJ25::chr9:2999602-3038819",34955,34957,0.649,37,24,"-","G","+",0,0,"-",37,24,"ACGTT","TS54","+dTAG","RepR3","S23","Xist","MSR","other"
"4664",19826,"FJ24-FJ25::chr9:2999602-3038819",35089,35091,0.794,136,108,"B","G","+",16,15,"-",120,93,"CTCGC","TS54","+dTAG","RepR3","S23","Xist","MSR","other"
"4665",19827,"FJ24-FJ25::chr9:2999602-3038819",35101,35103,0.855,131,112,"B","G","+",14,14,"-",117,98,"CACGT","TS54","+dTAG","RepR3","S23","Xist","MSR","other"
"4666",19828,"FJ24-FJ25::chr9:2999602-3038819",35129,35131,0.892,37,33,"B","G","+",4,4,"-",33,29,"TTCGT","TS54","+dTAG","RepR3","S23","Xist","MSR","other"
"4667",19829,"FJ24-FJ25::chr9:2999602-3038819",35147,35149,0.848,46,39,"B","G","+",5,5,"-",41,34,"CTCGC","TS54","+dTAG","RepR3","S23","Xist","MSR","other"
"4668",19830,"FJ24-FJ25::chr9:2999602-3038819",35189,35191,0.692,65,45,"B","G","+",11,6,"-",54,39,"CACGT","TS54","+dTAG","RepR3","S23","Xist","MSR","other"
"4669",19831,"FJ24-FJ25::chr9:2999602-3038819",35323,35325,0.415,106,44,"B","G","+",15,15,"-",91,29,"CTCGC","TS54","+dTAG","RepR3","S23","Xist","MSR","other"
"4670",19832,"FJ24-FJ25::chr9:2999602-3038819",35381,35383,0.872,1093,953,"B","G","+",13,9,"-",1080,944,"CTCGC","TS54","+dTAG","RepR3","S23","Xist","MSR","other"
"4671",19833,"FJ24-FJ25::chr9:2999602-3038819",35423,35425,0.698,1084,757,"B","G","+",14,9,"-",1070,748,"CACGT","TS54","+dTAG","RepR3","S23","Xist","MSR","other"
"4672",19834,"FJ24-FJ25::chr9:2999602-3038819",35439,35441,0.867,937,812,"B","G","+",4,2,"-",933,810,"TTCGT","TS54","+dTAG","RepR3","S23","Xist","MSR","other"
"4673",19835,"FJ24-FJ25::chr9:2999602-3038819",35454,35456,0.802,1146,919,"B","G","+",2,1,"-",1144,918,"GACGT","TS54","+dTAG","RepR3","S23","Xist","MSR","other"
"4674",19836,"FJ24-FJ25::chr9:2999602-3038819",35557,35559,0.599,469,281,"B","G","+",7,7,"-",462,274,"CTCGC","TS54","+dTAG","RepR3","S23","Xist","MSR","other"
"4675",19837,"FJ24-FJ25::chr9:2999602-3038819",35569,35571,0.878,474,416,"B","G","+",11,8,"-",463,408,"CACGT","TS54","+dTAG","RepR3","S23","Xist","MSR","other"
"4676",19838,"FJ24-FJ25::chr9:2999602-3038819",35597,35599,0.538,15347,8253,"B","G","+",12,12,"-",15335,8241,"TCCGT","TS54","+dTAG","RepR3","S23","Xist","MSR","other"
"4677",19839,"FJ24-FJ25::chr9:2999602-3038819",35657,35659,0.76,50,38,"B","G","+",7,5,"-",43,33,"CACGT","TS54","+dTAG","RepR3","S23","Xist","MSR","other"
"4678",19840,"FJ24-FJ25::chr9:2999602-3038819",35791,35793,0.878,41,36,"B","G","+",24,22,"-",17,14,"CTCGC","TS54","+dTAG","RepR3","S23","Xist","MSR","other"
"4679",19841,"FJ24-FJ25::chr9:2999602-3038819",35803,35805,0.872,39,34,"B","G","+",25,21,"-",14,13,"CACGT","TS54","+dTAG","RepR3","S23","Xist","MSR","other"
"4680",19842,"FJ24-FJ25::chr9:2999602-3038819",35831,35833,0.818,77,63,"B","G","+",21,18,"-",56,45,"TCCGT","TS54","+dTAG","RepR3","S23","Xist","MSR","other"
"4681",19843,"FJ24-FJ25::chr9:2999602-3038819",35891,35893,0.778,27,21,"-","G","+",0,0,"-",27,21,"ACGTT","TS54","+dTAG","RepR3","S23","Xist","MSR","other"
"4682",19844,"FJ24-FJ25::chr9:2999602-3038819",36026,36028,1,2,2,"B","G","+",1,1,"-",1,1,"CTCGC","TS54","+dTAG","RepR3","S23","Xist","MSR","other"
"4683",19845,"FJ24-FJ25::chr9:2999602-3038819",36038,36040,1,3,3,"B","G","+",2,2,"-",1,1,"CACGT","TS54","+dTAG","RepR3","S23","Xist","MSR","other"
"4684",19846,"FJ24-FJ25::chr9:2999602-3038819",36066,36068,0.864,103,89,"B","G","+",3,3,"-",100,86,"TTCGT","TS54","+dTAG","RepR3","S23","Xist","MSR","other"
"4685",19847,"FJ24-FJ25::chr9:2999602-3038819",36084,36086,0.847,118,100,"B","G","+",6,6,"-",112,94,"CTCGC","TS54","+dTAG","RepR3","S23","Xist","MSR","other"
"4686",19848,"FJ24-FJ25::chr9:2999602-3038819",36126,36128,0.64,197,126,"B","G","+",24,12,"-",173,114,"CACGT","TS54","+dTAG","RepR3","S23","Xist","MSR","other"
"4687",19849,"FJ24-FJ25::chr9:2999602-3038819",36259,36261,0.852,54,46,"B","G","+",8,8,"-",46,38,"CTCGC","TS54","+dTAG","RepR3","S23","Xist","MSR","other"
"4688",19850,"FJ24-FJ25::chr9:2999602-3038819",36299,36301,0.809,611,494,"B","G","+",30,20,"-",581,474,"TCCGT","TS54","+dTAG","RepR3","S23","Xist","MSR","other"
"4689",19851,"FJ24-FJ25::chr9:2999602-3038819",36435,36437,0.894,85,76,"B","G","+",39,35,"-",46,41,"CTCGC","TS54","+dTAG","RepR3","S23","Xist","MSR","other"
"4690",19852,"FJ24-FJ25::chr9:2999602-3038819",36447,36449,0.907,86,78,"B","G","+",54,48,"-",32,30,"CACGT","TS54","+dTAG","RepR3","S23","Xist","MSR","other"
"4691",19853,"FJ24-FJ25::chr9:2999602-3038819",36475,36477,0.826,167,138,"B","G","+",52,51,"-",115,87,"TCCGT","TS54","+dTAG","RepR3","S23","Xist","MSR","other"
"4692",19854,"FJ24-FJ25::chr9:2999602-3038819",36493,36495,0.83,112,93,"B","G","+",47,45,"-",65,48,"TTCGC","TS54","+dTAG","RepR3","S23","Xist","MSR","other"
"4693",19855,"FJ24-FJ25::chr9:2999602-3038819",36534,36536,0.75,16,12,"B","G","+",2,2,"-",14,10,"CACGT","TS54","+dTAG","RepR3","S23","Xist","MSR","other"
"4694",19856,"FJ24-FJ25::chr9:2999602-3038819",36668,36670,0.714,14,10,"B","G","+",5,5,"-",9,5,"CTCGC","TS54","+dTAG","RepR3","S23","Xist","MSR","other"
"4695",19857,"FJ24-FJ25::chr9:2999602-3038819",36680,36682,0.706,17,12,"B","G","+",8,6,"-",9,6,"CACGT","TS54","+dTAG","RepR3","S23","Xist","MSR","other"
"4696",19858,"FJ24-FJ25::chr9:2999602-3038819",36708,36710,0.774,106,82,"B","G","+",7,4,"-",99,78,"TCCGT","TS54","+dTAG","RepR3","S23","Xist","MSR","other"
"4697",19859,"FJ24-FJ25::chr9:2999602-3038819",36726,36728,0.696,79,55,"B","G","+",9,7,"-",70,48,"CTCGC","TS54","+dTAG","RepR3","S23","Xist","MSR","other"
"4698",19860,"FJ24-FJ25::chr9:2999602-3038819",36767,36769,0.75,52,39,"B","G","+",10,3,"-",42,36,"CACGT","TS54","+dTAG","RepR3","S23","Xist","MSR","other"
"4699",19861,"FJ24-FJ25::chr9:2999602-3038819",36781,36783,0.903,134,121,"B","G","+",2,2,"-",132,119,"TTCGT","TS54","+dTAG","RepR3","S23","Xist","MSR","other"
"4700",19862,"FJ24-FJ25::chr9:2999602-3038819",36879,36881,1,1,1,"+","G","+",1,1,"-",0,0,"TTCGA","TS54","+dTAG","RepR3","S23","Xist","MSR","other"
"4701",19863,"FJ24-FJ25::chr9:2999602-3038819",36899,36901,1,3,3,"B","G","+",2,2,"-",1,1,"CTCGC","TS54","+dTAG","RepR3","S23","Xist","MSR","other"
"4702",19864,"FJ24-FJ25::chr9:2999602-3038819",36939,36941,0.667,48,32,"B","G","+",2,1,"-",46,31,"TCCGT","TS54","+dTAG","RepR3","S23","Xist","MSR","other"
"4703",19865,"FJ24-FJ25::chr9:2999602-3038819",36999,37001,0.778,27,21,"-","G","+",0,0,"-",27,21,"ACGTT","TS54","+dTAG","RepR3","S23","Xist","MSR","other"
"4704",19866,"FJ24-FJ25::chr9:2999602-3038819",37133,37135,1,3,3,"B","G","+",2,2,"-",1,1,"CTCGC","TS54","+dTAG","RepR3","S23","Xist","MSR","other"
"4705",19867,"FJ24-FJ25::chr9:2999602-3038819",37145,37147,1,3,3,"B","G","+",2,2,"-",1,1,"CACGT","TS54","+dTAG","RepR3","S23","Xist","MSR","other"
"4706",19868,"FJ24-FJ25::chr9:2999602-3038819",37173,37175,0.769,26,20,"B","G","+",2,1,"-",24,19,"TTCGT","TS54","+dTAG","RepR3","S23","Xist","MSR","other"
"4707",19869,"FJ24-FJ25::chr9:2999602-3038819",37191,37193,0.846,26,22,"B","G","+",2,2,"-",24,20,"CTCGC","TS54","+dTAG","RepR3","S23","Xist","MSR","other"
"4708",19870,"FJ24-FJ25::chr9:2999602-3038819",37233,37235,0.759,58,44,"B","G","+",5,1,"-",53,43,"CACGT","TS54","+dTAG","RepR3","S23","Xist","MSR","other"
"4709",19871,"FJ24-FJ25::chr9:2999602-3038819",37319,37321,0.978,46,45,"B","G","+",13,13,"-",33,32,"CACGT","TS54","+dTAG","RepR3","S23","Xist","MSR","other"
"4710",19872,"FJ24-FJ25::chr9:2999602-3038819",37367,37369,0.865,52,45,"+","G","+",52,45,"-",0,0,"CTCGC","TS54","+dTAG","RepR3","S23","Xist","MSR","other"
"4711",19873,"FJ24-FJ25::chr9:2999602-3038819",37379,37381,0.981,54,53,"+","G","+",54,53,"-",0,0,"CACGT","TS54","+dTAG","RepR3","S23","Xist","MSR","other"
"4712",19874,"FJ24-FJ25::chr9:2999602-3038819",37425,37427,0.833,30,25,"B","G","+",18,15,"-",12,10,"CTCGC","TS54","+dTAG","RepR3","S23","Xist","MSR","other"
"4713",19875,"FJ24-FJ25::chr9:2999602-3038819",37467,37469,0.821,112,92,"B","G","+",11,5,"-",101,87,"CACGT","TS54","+dTAG","RepR3","S23","Xist","MSR","other"
"4714",19876,"FJ24-FJ25::chr9:2999602-3038819",37483,37485,0.89,100,89,"B","G","+",10,10,"-",90,79,"TTCGT","TS54","+dTAG","RepR3","S23","Xist","MSR","other"
"4715",19877,"FJ24-FJ25::chr9:2999602-3038819",37498,37500,0.856,104,89,"B","G","+",7,7,"-",97,82,"GACGT","TS54","+dTAG","RepR3","S23","Xist","MSR","other"
"4716",19878,"FJ24-FJ25::chr9:2999602-3038819",37601,37603,0.842,19,16,"B","G","+",14,13,"-",5,3,"CTCGC","TS54","+dTAG","RepR3","S23","Xist","MSR","other"
"4717",19879,"FJ24-FJ25::chr9:2999602-3038819",37613,37615,0.917,24,22,"B","G","+",20,18,"-",4,4,"CACGT","TS54","+dTAG","RepR3","S23","Xist","MSR","other"
"4718",19880,"FJ24-FJ25::chr9:2999602-3038819",37641,37643,0.772,479,370,"B","G","+",17,14,"-",462,356,"TCCGT","TS54","+dTAG","RepR3","S23","Xist","MSR","other"
"4719",19881,"FJ24-FJ25::chr9:2999602-3038819",37659,37661,0.85,421,358,"B","G","+",4,3,"-",417,355,"CTCGC","TS54","+dTAG","RepR3","S23","Xist","MSR","other"
"4720",19882,"FJ24-FJ25::chr9:2999602-3038819",37701,37703,0.714,28,20,"B","G","+",7,4,"-",21,16,"CACGT","TS54","+dTAG","RepR3","S23","Xist","MSR","other"
"4721",19883,"FJ24-FJ25::chr9:2999602-3038819",37835,37837,0.96,25,24,"B","G","+",23,22,"-",2,2,"CTCGC","TS54","+dTAG","RepR3","S23","Xist","MSR","other"
"4722",19884,"FJ24-FJ25::chr9:2999602-3038819",37847,37849,0.958,24,23,"B","G","+",23,22,"-",1,1,"CACGT","TS54","+dTAG","RepR3","S23","Xist","MSR","other"
"4723",19885,"FJ24-FJ25::chr9:2999602-3038819",37875,37877,0.789,19,15,"B","G","+",6,3,"-",13,12,"TTCGT","TS54","+dTAG","RepR3","S23","Xist","MSR","other"
"4724",19886,"FJ24-FJ25::chr9:2999602-3038819",37893,37895,1,14,14,"-","G","+",0,0,"-",14,14,"TCGCC","TS54","+dTAG","RepR3","S23","Xist","MSR","other"
"4725",19887,"FJ24-FJ25::chr9:2999602-3038819",37935,37937,0.947,19,18,"B","G","+",2,2,"-",17,16,"CACGT","TS54","+dTAG","RepR3","S23","Xist","MSR","other"
"4726",19888,"FJ24-FJ25::chr9:2999602-3038819",38021,38023,0.765,17,13,"B","G","+",7,7,"-",10,6,"CACGT","TS54","+dTAG","RepR3","S23","Xist","MSR","other"
"4727",19889,"FJ24-FJ25::chr9:2999602-3038819",38069,38071,0.818,33,27,"+","G","+",33,27,"-",0,0,"CTCGC","TS54","+dTAG","RepR3","S23","Xist","MSR","other"
"4728",19890,"FJ24-FJ25::chr9:2999602-3038819",38081,38083,0.938,32,30,"+","G","+",32,30,"-",0,0,"CACGT","TS54","+dTAG","RepR3","S23","Xist","MSR","other"
"4729",19891,"FJ24-FJ25::chr9:2999602-3038819",38127,38129,0.821,28,23,"B","G","+",20,16,"-",8,7,"CTCGC","TS54","+dTAG","RepR3","S23","Xist","MSR","other"
"4730",19892,"FJ24-FJ25::chr9:2999602-3038819",38169,38171,0.703,37,26,"B","G","+",9,5,"-",28,21,"CACGT","TS54","+dTAG","RepR3","S23","Xist","MSR","other"
"4731",19893,"FJ24-FJ25::chr9:2999602-3038819",38185,38187,0.889,27,24,"B","G","+",7,6,"-",20,18,"TTCGT","TS54","+dTAG","RepR3","S23","Xist","MSR","other"
"4732",19894,"FJ24-FJ25::chr9:2999602-3038819",38200,38202,0.792,24,19,"B","G","+",3,3,"-",21,16,"GACGT","TS54","+dTAG","RepR3","S23","Xist","MSR","other"
"4733",19895,"FJ24-FJ25::chr9:2999602-3038819",38303,38305,0.909,22,20,"B","G","+",14,13,"-",8,7,"CTCGC","TS54","+dTAG","RepR3","S23","Xist","MSR","other"
"4734",19896,"FJ24-FJ25::chr9:2999602-3038819",38315,38317,0.889,27,24,"B","G","+",20,20,"-",7,4,"CACGT","TS54","+dTAG","RepR3","S23","Xist","MSR","other"
"4735",19897,"FJ24-FJ25::chr9:2999602-3038819",38343,38345,0.791,905,716,"B","G","+",27,27,"-",878,689,"TCCGT","TS54","+dTAG","RepR3","S23","Xist","MSR","other"
"4736",19898,"FJ24-FJ25::chr9:2999602-3038819",38361,38363,0.84,848,712,"B","G","+",10,9,"-",838,703,"CTCGC","TS54","+dTAG","RepR3","S23","Xist","MSR","other"
"4737",19899,"FJ24-FJ25::chr9:2999602-3038819",38403,38405,0.694,376,261,"B","G","+",21,17,"-",355,244,"CACGT","TS54","+dTAG","RepR3","S23","Xist","MSR","other"
"4738",19900,"FJ24-FJ25::chr9:2999602-3038819",38419,38421,0.879,387,340,"B","G","+",17,16,"-",370,324,"TTCGT","TS54","+dTAG","RepR3","S23","Xist","MSR","other"
"4739",19901,"FJ24-FJ25::chr9:2999602-3038819",38489,38491,0.844,301,254,"B","G","+",26,22,"-",275,232,"CACGT","TS54","+dTAG","RepR3","S23","Xist","MSR","other"
"4740",19902,"FJ24-FJ25::chr9:2999602-3038819",38537,38539,0.92,88,81,"B","G","+",62,56,"-",26,25,"CTCGC","TS54","+dTAG","RepR3","S23","Xist","MSR","other"
"4741",19903,"FJ24-FJ25::chr9:2999602-3038819",38549,38551,0.922,90,83,"B","G","+",64,60,"-",26,23,"CACGT","TS54","+dTAG","RepR3","S23","Xist","MSR","other"
"4742",19904,"FJ24-FJ25::chr9:2999602-3038819",38637,38639,0.618,76,47,"B","G","+",10,9,"-",66,38,"CACGT","TS54","+dTAG","RepR3","S23","Xist","MSR","other"
"4743",19905,"FJ24-FJ25::chr9:2999602-3038819",38653,38655,0.855,62,53,"B","G","+",13,11,"-",49,42,"TTCGT","TS54","+dTAG","RepR3","S23","Xist","MSR","other"
"4744",19906,"FJ24-FJ25::chr9:35304805-35306009",436,438,0.894,94,84,"B","G","+",82,75,"-",12,9,"TGCGA","TS54","+dTAG","RepR3","S23","Xist","MSR","other"
"4745",19907,"FJ24-FJ25::chr9:35304805-35306009",454,456,0.853,184,157,"B","G","+",145,127,"-",39,30,"CACGG","TS54","+dTAG","RepR3","S23","Xist","MSR","other"
"4746",19908,"FJ24-FJ25::chr9:35304805-35306009",482,484,0.867,165,143,"B","G","+",124,108,"-",41,35,"GACGT","TS54","+dTAG","RepR3","S23","Xist","MSR","other"
"4747",19909,"FJ24-FJ25::chr9:35304805-35306009",494,496,0.86,179,154,"B","G","+",144,125,"-",35,29,"GGCGA","TS54","+dTAG","RepR3","S23","Xist","MSR","other"
"4748",19910,"FJ24-FJ25::chr9:35304805-35306009",612,614,0.851,95336,81116,"B","G","+",95222,81019,"-",114,97,"GACGA","TS54","+dTAG","RepR3","S23","Xist","MSR","other"
"4749",19911,"FJ24-FJ25::chr9:35304805-35306009",628,630,0.68,90478,61498,"B","G","+",90302,61387,"-",176,111,"AACGT","TS54","+dTAG","RepR3","S23","Xist","MSR","other"
"4750",19912,"FJ24-FJ25::chr9:35304805-35306009",688,690,0.865,95792,82847,"B","G","+",95325,82421,"-",467,426,"CACGG","TS54","+dTAG","RepR3","S23","Xist","MSR","other"
"4751",19913,"FJ24-FJ25::chr9:35304805-35306009",716,718,0.861,638,549,"B","G","+",230,174,"-",408,375,"GACGT","TS54","+dTAG","RepR3","S23","Xist","MSR","other"
"4752",19914,"FJ24-FJ25::chr9:35304805-35306009",728,730,0.851,536,456,"B","G","+",213,155,"-",323,301,"GGCGA","TS54","+dTAG","RepR3","S23","Xist","MSR","other"
"4753",19915,"FJ24-FJ25::chr9:35304805-35306009",776,778,0.483,172,83,"B","G","+",154,67,"-",18,16,"GACGT","TS54","+dTAG","RepR3","S23","Xist","MSR","other"
"4754",19916,"FJ24-FJ25::chr9:35304805-35306009",1063,1065,0,118,0,"B","G","+",88,0,"-",30,0,"CCCGG","TS54","+dTAG","RepR3","S23","Xist","MSR","other"
"4755",19917,"FJ24-FJ25::chrX:75643946-75646608",2448,2450,0.298,181,54,"B","G","+",39,24,"-",142,30,"TCCGG","TS54","+dTAG","RepR3","S23","Xist","MSR","other"
"4756",19918,"FJ24-FJ25::chrX:75643946-75646608",2589,2591,0.18,128,23,"B","G","+",14,13,"-",114,10,"GTCGG","TS54","+dTAG","RepR3","S23","Xist","MSR","other"
"4757",19919,"FJ24-FJ25.FJ24-FJ25::chr11:3099610-3105149",897,899,1,1,1,"-","G","+",0,0,"-",1,1,"ACGTT","TS54","+dTAG","RepR3","S23","Xist","MSR","other"
"4758",19920,"FJ24-FJ25.FJ24-FJ25::chr11:3099610-3105149",914,916,0,2,0,"+","G","+",2,0,"-",0,0,"CTCGC","TS54","+dTAG","RepR3","S23","Xist","MSR","other"
"4759",19921,"FJ24-FJ25.FJ24-FJ25::chr11:3099610-3105149",956,958,1,2,2,"+","G","+",2,2,"-",0,0,"CACGT","TS54","+dTAG","RepR3","S23","Xist","MSR","other"
"4760",19922,"FJ24-FJ25.FJ24-FJ25::chr11:3099610-3105149",1675,1677,0.833,6,5,"-","G","+",0,0,"-",6,5,"TCGCC","TS54","+dTAG","RepR3","S23","Xist","MSR","other"
"4761",19923,"FJ24-FJ25.FJ24-FJ25::chr11:3099610-3105149",1717,1719,1,1,1,"-","G","+",0,0,"-",1,1,"ACGTT","TS54","+dTAG","RepR3","S23","Xist","MSR","other"
"4762",19924,"FJ24-FJ25.FJ24-FJ25::chr11:3099610-3105149",1950,1952,1,1,1,"+","G","+",1,1,"-",0,0,"CACGT","TS54","+dTAG","RepR3","S23","Xist","MSR","other"
"4763",19925,"FJ24-FJ25.FJ24-FJ25::chr11:3099610-3105149",2139,2141,1,3,3,"B","G","+",2,2,"-",1,1,"CTCGC","TS54","+dTAG","RepR3","S23","Xist","MSR","other"
"4764",19926,"FJ24-FJ25.FJ24-FJ25::chr11:3099610-3105149",2172,2174,1,1,1,"+","G","+",1,1,"-",0,0,"CTCGT","TS54","+dTAG","RepR3","S23","Xist","MSR","other"
"4765",19927,"FJ24-FJ25.FJ24-FJ25::chr11:3099610-3105149",2198,2200,0,1,0,"+","G","+",1,0,"-",0,0,"CTCGA","TS54","+dTAG","RepR3","S23","Xist","MSR","other"
"4766",19928,"FJ24-FJ25.FJ24-FJ25::chr11:3099610-3105149",2222,2224,0,1,0,"+","G","+",1,0,"-",0,0,"TGCGT","TS54","+dTAG","RepR3","S23","Xist","MSR","other"
"4767",19929,"FJ24-FJ25.FJ24-FJ25::chr11:3099610-3105149",2257,2259,0,1,0,"-","G","+",0,0,"-",1,0,"TCGCC","TS54","+dTAG","RepR3","S23","Xist","MSR","other"
"4768",19930,"FJ24-FJ25.FJ24-FJ25::chr11:3099610-3105149",2374,2376,1,1,1,"-","G","+",0,0,"-",1,1,"TCGCC","TS54","+dTAG","RepR3","S23","Xist","MSR","other"
"4769",19931,"FJ24-FJ25.FJ24-FJ25::chr11:3099610-3105149",3948,3950,0,1,0,"+","G","+",1,0,"-",0,0,"CACGT","TS54","+dTAG","RepR3","S23","Xist","MSR","other"
"4770",19932,"FJ24-FJ25.FJ24-FJ25::chr11:3099610-3105149",4199,4201,1,1,1,"+","G","+",1,1,"-",0,0,"CTCGC","TS54","+dTAG","RepR3","S23","Xist","MSR","other"
"4771",19933,"FJ24-FJ25.FJ24-FJ25::chr11:3099610-3105149",4532,4534,1,1,1,"+","G","+",1,1,"-",0,0,"CTCGC","TS54","+dTAG","RepR3","S23","Xist","MSR","other"
"4772",19934,"FJ24-FJ25.FJ24-FJ25::chr11:3099610-3105149",4544,4546,1,1,1,"+","G","+",1,1,"-",0,0,"CACGT","TS54","+dTAG","RepR3","S23","Xist","MSR","other"
"4773",19935,"FJ24-FJ25.FJ24-FJ25::chr11:3099610-3105149",4650,4652,1,1,1,"+","G","+",1,1,"-",0,0,"CTCGC","TS54","+dTAG","RepR3","S23","Xist","MSR","other"
"4774",19936,"FJ24-FJ25.FJ24-FJ25::chr11:3099610-3105149",4662,4664,0,1,0,"+","G","+",1,0,"-",0,0,"TCCGT","TS54","+dTAG","RepR3","S23","Xist","MSR","other"
"4775",19937,"FJ24-FJ25.FJ24-FJ25::chr11:3099610-3105149",5123,5125,0.75,4,3,"B","G","+",1,0,"-",3,3,"CTCGT","TS54","+dTAG","RepR3","S23","Xist","MSR","other"
"4776",19938,"FJ24-FJ25.FJ24-FJ25::chr11:3099610-3105149",5159,5161,1,4,4,"-","G","+",0,0,"-",4,4,"CCGCC","TS54","+dTAG","RepR3","S23","Xist","MSR","other"
"4777",19939,"FJ24-FJ25.FJ24-FJ25::chr11:3099610-3105149",5187,5189,0.875,8,7,"B","G","+",5,4,"-",3,3,"GGCGC","TS54","+dTAG","RepR3","S23","Xist","MSR","other"
"4778",19940,"FJ24-FJ25.FJ24-FJ25::chr11:3099610-3105149",5197,5199,0.875,8,7,"B","G","+",5,4,"-",3,3,"TCCGG","TS54","+dTAG","RepR3","S23","Xist","MSR","other"
"4779",19941,"FJ24-FJ25.FJ24-FJ25::chr11:3099610-3105149",5227,5229,0.778,9,7,"B","G","+",5,4,"-",4,3,"TGCGC","TS54","+dTAG","RepR3","S23","Xist","MSR","other"
"4780",19942,"FJ24-FJ25.FJ24-FJ25::chr11:3099610-3105149",5272,5274,0.857,7,6,"B","G","+",5,4,"-",2,2,"CCCGT","TS54","+dTAG","RepR3","S23","Xist","MSR","other"
"4781",19943,"FJ24-FJ25.FJ24-FJ25::chr11:3099610-3105149",5277,5279,0.4,5,2,"B","G","+",3,1,"-",2,1,"GGCGT","TS54","+dTAG","RepR3","S23","Xist","MSR","other"
"4782",19944,"FJ24-FJ25.FJ24-FJ25::chr11:3099610-3105149",5312,5314,0.5,4,2,"B","G","+",2,0,"-",2,2,"GGCGA","TS54","+dTAG","RepR3","S23","Xist","MSR","other"
"4783",19945,"FJ24-FJ25.FJ24-FJ25::chr11:3099610-3105149",5319,5321,0.333,6,2,"B","G","+",3,1,"-",3,1,"CACGT","TS54","+dTAG","RepR3","S23","Xist","MSR","other"
"4784",19946,"FJ24-FJ25.FJ24-FJ25::chr11:3099610-3105149",5329,5331,0.333,3,1,"B","G","+",1,1,"-",2,0,"ACCGC","TS54","+dTAG","RepR3","S23","Xist","MSR","other"
"4785",19947,"FJ24-FJ25.FJ24-FJ25::chr11:3099610-3105149",5336,5338,1,2,2,"-","G","+",0,0,"-",2,2,"TCGTG","TS54","+dTAG","RepR3","S23","Xist","MSR","other"
"4786",19948,"FJ24-FJ25.FJ24-FJ25::chr11:3099610-3105149",5409,5411,0.667,3,2,"B","G","+",1,0,"-",2,2,"CTCGA","TS54","+dTAG","RepR3","S23","Xist","MSR","other"
"4787",19949,"FJ24-FJ25.FJ24-FJ25::chr2:98661834-98663393",429,431,0.714,7987,5703,"B","G","+",131,76,"-",7856,5627,"CACGT","TS54","+dTAG","RepR3","S23","Xist","MSR","other"
"4788",19950,"FJ24-FJ25.FJ24-FJ25::chr2:98661834-98663393",445,447,0.859,8893,7639,"B","G","+",150,140,"-",8743,7499,"TTCGT","TS54","+dTAG","RepR3","S23","Xist","MSR","other"
"4789",19951,"FJ24-FJ25.FJ24-FJ25::chr2:98661834-98663393",460,462,0.823,9196,7571,"B","G","+",157,137,"-",9039,7434,"GTCGT","TS54","+dTAG","RepR3","S23","Xist","MSR","other"
"4790",19952,"FJ24-FJ25.FJ24-FJ25::chr2:98661834-98663393",515,517,0.882,9756,8603,"B","G","+",80,70,"-",9676,8533,"CACGT","TS54","+dTAG","RepR3","S23","Xist","MSR","other"
"4791",19953,"FJ24-FJ25.FJ24-FJ25::chr2:98661834-98663393",575,577,0.895,607,543,"B","G","+",251,217,"-",356,326,"CACGT","TS54","+dTAG","RepR3","S23","Xist","MSR","other"
"4792",19954,"FJ24-FJ25.FJ24-FJ25::chr2:98661834-98663393",603,605,0.874,952,832,"B","G","+",436,406,"-",516,426,"TCCGT","TS54","+dTAG","RepR3","S23","Xist","MSR","other"
"4793",19955,"FJ24-FJ25.FJ24-FJ25::chr2:98661834-98663393",621,623,0.848,858,728,"B","G","+",443,403,"-",415,325,"CTCGC","TS54","+dTAG","RepR3","S23","Xist","MSR","other"
"4794",19956,"FJ24-FJ25.FJ24-FJ25::chr2:98661834-98663393",663,665,0.583,12,7,"B","G","+",6,3,"-",6,4,"CACGT","TS54","+dTAG","RepR3","S23","Xist","MSR","other"
"4795",19957,"FJ24-FJ25.FJ24-FJ25::chr2:98661834-98663393",721,723,0.876,364,319,"B","G","+",308,271,"-",56,48,"CCCGT","TS54","+dTAG","RepR3","S23","Xist","MSR","other"
"4796",19958,"FJ24-FJ25.FJ24-FJ25::chr2:98661834-98663393",730,732,0.751,482,362,"B","G","+",415,313,"-",67,49,"AACGA","TS54","+dTAG","RepR3","S23","Xist","MSR","other"
"4797",19959,"FJ24-FJ25.FJ24-FJ25::chr2:98661834-98663393",766,768,0.113,461,52,"B","G","+",459,51,"-",2,1,"TACGT","TS54","+dTAG","RepR3","S23","Xist","MSR","other"
"4798",19960,"FJ24-FJ25.FJ24-FJ25::chr2:98661834-98663393",794,796,0.129,116,15,"B","G","+",112,13,"-",4,2,"TTCGA","TS54","+dTAG","RepR3","S23","Xist","MSR","other"
"4799",19961,"FJ24-FJ25.FJ24-FJ25::chr2:98661834-98663393",841,843,0.866,389,337,"B","G","+",319,273,"-",70,64,"CCCGT","TS54","+dTAG","RepR3","S23","Xist","MSR","other"
"4800",19962,"FJ24-FJ25.FJ24-FJ25::chr2:98661834-98663393",850,852,0.76,458,348,"B","G","+",378,283,"-",80,65,"AACGA","TS54","+dTAG","RepR3","S23","Xist","MSR","other"
"4801",19963,"FJ24-FJ25.FJ24-FJ25::chr2:98661834-98663393",959,961,1,20,20,"B","G","+",8,8,"-",12,12,"GCCGG","TS54","+dTAG","RepR3","S23","Xist","MSR","other"
"4802",19964,"FJ24-FJ25.FJ24-FJ25::chr2:98661834-98663393",969,971,0.818,22,18,"B","G","+",8,8,"-",14,10,"AACGT","TS54","+dTAG","RepR3","S23","Xist","MSR","other"
"4803",19965,"FJ24-FJ25.FJ24-FJ25::chr2:98661834-98663393",992,994,0,12,0,"B","G","+",5,0,"-",7,0,"CTCGG","TS54","+dTAG","RepR3","S23","Xist","MSR","other"
"4804",19966,"FJ24-FJ25.FJ24-FJ25::chr2:98661834-98663393",1021,1023,0.898,9396,8439,"B","G","+",9367,8411,"-",29,28,"GACGT","TS54","+dTAG","RepR3","S23","Xist","MSR","other"
"4805",19967,"FJ24-FJ25.FJ24-FJ25::chr2:98661834-98663393",1068,1070,0.694,265,184,"B","G","+",188,154,"-",77,30,"ATCGA","TS54","+dTAG","RepR3","S23","Xist","MSR","other"
"4806",19968,"FJ24-FJ25.FJ24-FJ25::chr2:98661834-98663393",1076,1078,0.836,4470,3738,"B","G","+",4276,3563,"-",194,175,"GACGA","TS54","+dTAG","RepR3","S23","Xist","MSR","other"
"4807",19969,"FJ24-FJ25.FJ24-FJ25::chr2:98661834-98663393",1091,1093,0.866,4190,3629,"B","G","+",3990,3451,"-",200,178,"GACGA","TS54","+dTAG","RepR3","S23","Xist","MSR","other"
"4808",19970,"FJ24-FJ25.FJ24-FJ25::chr2:98661834-98663393",1107,1109,0.824,3963,3265,"B","G","+",3790,3119,"-",173,146,"TACGT","TS54","+dTAG","RepR3","S23","Xist","MSR","other"
"4809",19971,"FJ24-FJ25.FJ24-FJ25::chr2:98661834-98663393",1195,1197,0,1,0,"-","G","+",0,0,"-",1,0,"TCGTA","TS54","+dTAG","RepR3","S23","Xist","MSR","other"
"4810",19972,"FJ24-FJ25.FJ24-FJ25.FJ24-FJ25::chrX:75646518-75653780",17,19,0.152,33,5,"B","G","+",4,4,"-",29,1,"GTCGG","TS54","+dTAG","RepR3","S23","Xist","MSR","other"
"4811",19973,"FJ24-FJ25.FJ24-FJ25.FJ24-FJ25::chrX:75646518-75653780",131,133,0.743,1086,807,"B","G","+",430,318,"-",656,489,"CCCGG","TS54","+dTAG","RepR3","S23","Xist","MSR","other"
"4812",19974,"FJ24-FJ25.FJ24-FJ25.FJ24-FJ25::chrX:75646518-75653780",177,179,0.732,1060,776,"B","G","+",635,482,"-",425,294,"GGCGG","TS54","+dTAG","RepR3","S23","Xist","MSR","other"
"4813",19975,"FJ24-FJ25.FJ24-FJ25.FJ24-FJ25::chrX:75646518-75653780",210,212,0.684,174,119,"B","G","+",16,2,"-",158,117,"CACGC","TS54","+dTAG","RepR3","S23","Xist","MSR","other"
"4814",19976,"FJ24-FJ25.FJ24-FJ25.FJ24-FJ25::chrX:75646518-75653780",920,922,0,1,0,"-","G","+",0,0,"-",1,0,"GCGTT","TS54","+dTAG","RepR3","S23","Xist","MSR","other"
"4815",19977,"FJ24-FJ25.FJ24-FJ25.FJ24-FJ25::chrX:75646518-75653780",1464,1466,1,2,2,"+","G","+",2,2,"-",0,0,"CACGT","TS54","+dTAG","RepR3","S23","Xist","MSR","other"
"4816",19978,"FJ24-FJ25.FJ24-FJ25.FJ24-FJ25::chrX:75646518-75653780",1491,1493,1,2,2,"+","G","+",2,2,"-",0,0,"GCCGT","TS54","+dTAG","RepR3","S23","Xist","MSR","other"
"4817",19979,"FJ24-FJ25.FJ24-FJ25.FJ24-FJ25::chrX:75646518-75653780",7048,7050,0.36,222,80,"B","G","+",44,26,"-",178,54,"TCCGG","TS54","+dTAG","RepR3","S23","Xist","MSR","other"
"4818",19980,"FJ24-FJ25.FJ24-FJ25.FJ24-FJ25::chrX:75646518-75653780",7189,7191,0.187,91,17,"B","G","+",14,11,"-",77,6,"GTCGG","TS54","+dTAG","RepR3","S23","Xist","MSR","other"
"4819",19981,"FJ24-FJ25.FJ24-FJ25.FJ24-FJ25::chrX:75653690-75658384",17,19,0.0645,31,2,"B","G","+",3,2,"-",28,0,"GTCGG","TS54","+dTAG","RepR3","S23","Xist","MSR","other"
"4820",19982,"FJ24-FJ25.FJ24-FJ25.FJ24-FJ25::chrX:75653690-75658384",131,133,0.752,1013,762,"B","G","+",368,295,"-",645,467,"CCCGG","TS54","+dTAG","RepR3","S23","Xist","MSR","other"
"4821",19983,"FJ24-FJ25.FJ24-FJ25.FJ24-FJ25::chrX:75653690-75658384",177,179,0.693,984,682,"B","G","+",569,406,"-",415,276,"GGCGG","TS54","+dTAG","RepR3","S23","Xist","MSR","other"
"4822",19984,"FJ24-FJ25.FJ24-FJ25.FJ24-FJ25::chrX:75653690-75658384",210,212,0.571,191,109,"B","G","+",33,7,"-",158,102,"CACGC","TS54","+dTAG","RepR3","S23","Xist","MSR","other"
"4823",19985,"FJ24-FJ25.FJ24-FJ25.FJ24-FJ25::chrX:75653690-75658384",578,580,1,2,2,"+","G","+",2,2,"-",0,0,"TTCGT","TS54","+dTAG","RepR3","S23","Xist","MSR","other"
"4824",19986,"FJ24-FJ25.FJ24-FJ25.FJ24-FJ25::chrX:75653690-75658384",4482,4484,0.587,184,108,"B","G","+",153,104,"-",31,4,"TGCGT","TS54","+dTAG","RepR3","S23","Xist","MSR","other"
"4825",19987,"FJ24-FJ25.FJ24-FJ25.FJ24-FJ25::chrX:75653690-75658384",4515,4517,0.733,1028,754,"B","G","+",421,321,"-",607,433,"GCCGC","TS54","+dTAG","RepR3","S23","Xist","MSR","other"
"4826",19988,"FJ24-FJ25.FJ24-FJ25.FJ24-FJ25::chrX:75653690-75658384",4561,4563,0.751,1129,848,"B","G","+",737,571,"-",392,277,"TCCGG","TS54","+dTAG","RepR3","S23","Xist","MSR","other"
"4827",19989,"FJ24-FJ25.FJ24-FJ25.FJ24-FJ25::chrX:75653690-75658384",4675,4677,0.06,50,3,"B","G","+",49,2,"-",1,1,"ACCGA","TS54","+dTAG","RepR3","S23","Xist","MSR","other"
"4828",19990,"FJ24-FJ25.FJ24-FJ25.FJ24-FJ25.FJ24-FJ25.FJ24-FJ25.FJ24-FJ25.FJ24-FJ25.FJ24-FJ25::chrX:75658294-75672942",71,73,0.149,154,23,"B","G","+",136,5,"-",18,18,"ACCGA","TS54","+dTAG","RepR3","S23","Xist","MSR","other"
"4829",19991,"FJ24-FJ25.FJ24-FJ25.FJ24-FJ25.FJ24-FJ25.FJ24-FJ25.FJ24-FJ25.FJ24-FJ25.FJ24-FJ25::chrX:75658294-75672942",212,214,0.318,211,67,"B","G","+",151,28,"-",60,39,"CCCGG","TS54","+dTAG","RepR3","S23","Xist","MSR","other"
"4830",19992,"FJ24-FJ25.FJ24-FJ25.FJ24-FJ25.FJ24-FJ25.FJ24-FJ25.FJ24-FJ25.FJ24-FJ25.FJ24-FJ25::chrX:75658294-75672942",3431,3433,1,2,2,"-","G","+",0,0,"-",2,2,"ACGCA","TS54","+dTAG","RepR3","S23","Xist","MSR","other"
"4831",19993,"FJ24-FJ25.FJ24-FJ25.FJ24-FJ25.FJ24-FJ25.FJ24-FJ25.FJ24-FJ25.FJ24-FJ25.FJ24-FJ25::chrX:75658294-75672942",10261,10263,0,1,0,"-","G","+",0,0,"-",1,0,"ACGCA","TS54","+dTAG","RepR3","S23","Xist","MSR","other"
"4832",19994,"FJ24-FJ25.FJ24-FJ25.FJ24-FJ25.FJ24-FJ25.FJ24-FJ25.FJ24-FJ25.FJ24-FJ25.FJ24-FJ25::chrX:75658294-75672942",10287,10289,1,1,1,"-","G","+",0,0,"-",1,1,"GCGAA","TS54","+dTAG","RepR3","S23","Xist","MSR","other"
"4833",19995,"FJ24-FJ25.FJ24-FJ25.FJ24-FJ25.FJ24-FJ25.FJ24-FJ25.FJ24-FJ25.FJ24-FJ25.FJ24-FJ25::chrX:75658294-75672942",13721,13723,1,2,2,"+","G","+",2,2,"-",0,0,"CACGG","TS54","+dTAG","RepR3","S23","Xist","MSR","other"
"4834",19996,"FJ28-FJ29.FJ26-FJ27::chrX:103482701-103483891",480,482,0.68,442985,301221,"+","G","+",442985,301221,"-",0,0,"CACGG","TS54","+dTAG","RepR3","S23","Xist","RE58","RE58_CGI_2"
"4835",19997,"FJ28-FJ29.FJ26-FJ27::chrX:103482701-103483891",489,491,0.729,438344,319564,"+","G","+",438344,319564,"-",0,0,"ACCGC","TS54","+dTAG","RepR3","S23","Xist","RE58","RE58_CGI_2"
"4836",19998,"FJ28-FJ29.FJ26-FJ27::chrX:103482701-103483891",499,501,0.737,445012,327878,"+","G","+",445012,327878,"-",0,0,"CACGG","TS54","+dTAG","RepR3","S23","Xist","RE58","RE58_CGI_2"
"4837",19999,"FJ28-FJ29.FJ26-FJ27::chrX:103482701-103483891",506,508,0.725,445194,322700,"+","G","+",445194,322700,"-",0,0,"AACGA","TS54","+dTAG","RepR3","S23","Xist","RE58","RE58_CGI_2"
"4838",20000,"FJ28-FJ29.FJ26-FJ27::chrX:103482701-103483891",530,532,0.723,446217,322754,"+","G","+",446217,322754,"-",0,0,"GCCGT","TS54","+dTAG","RepR3","S23","Xist","RE58","RE58_CGI_2"
"4839",20001,"FJ28-FJ29.FJ26-FJ27::chrX:103482701-103483891",537,539,0.746,446814,333528,"+","G","+",446814,333528,"-",0,0,"CACGC","TS54","+dTAG","RepR3","S23","Xist","RE58","RE58_CGI_2"
"4840",20002,"FJ28-FJ29.FJ26-FJ27::chrX:103482701-103483891",552,554,0.573,441367,253094,"+","G","+",441367,253094,"-",0,0,"TCCGC","TS54","+dTAG","RepR3","S23","Xist","RE58","RE58_CGI_2"
"4841",20003,"FJ28-FJ29.FJ26-FJ27::chrX:103482701-103483891",554,556,0.706,444203,313494,"+","G","+",444203,313494,"-",0,0,"CGCGG","TS54","+dTAG","RepR3","S23","Xist","RE58","RE58_CGI_2"
"4842",20004,"FJ28-FJ29.FJ26-FJ27::chrX:103482701-103483891",557,559,0.675,446115,301248,"+","G","+",446115,301248,"-",0,0,"GGCGC","TS54","+dTAG","RepR3","S23","Xist","RE58","RE58_CGI_2"
"4843",20005,"FJ28-FJ29.FJ26-FJ27::chrX:103482701-103483891",566,568,0.76,445195,338219,"+","G","+",445195,338219,"-",0,0,"GGCGG","TS54","+dTAG","RepR3","S23","Xist","RE58","RE58_CGI_2"
"4844",20006,"FJ28-FJ29.FJ26-FJ27::chrX:103482701-103483891",675,677,0.956,668666,639366,"B","G","+",432646,403528,"-",236020,235838,"TACGT","TS54","+dTAG","RepR3","S23","Xist","RE58","RE58_CGI_1"
"4845",20007,"FJ28-FJ29.FJ26-FJ27::chrX:103482701-103483891",694,696,0.872,662769,577761,"B","G","+",432409,347552,"-",230360,230209,"GACGC","TS54","+dTAG","RepR3","S23","Xist","RE58","RE58_CGI_1"
"4846",20008,"FJ28-FJ29.FJ26-FJ27::chrX:103482701-103483891",696,698,0.882,665030,586263,"B","G","+",431886,353254,"-",233144,233009,"CGCGT","TS54","+dTAG","RepR3","S23","Xist","RE58","RE58_CGI_1"
"4847",20009,"FJ28-FJ29.FJ26-FJ27::chrX:103482701-103483891",715,717,0.866,655779,567717,"B","G","+",425916,337968,"-",229863,229749,"TGCGC","TS54","+dTAG","RepR3","S23","Xist","RE58","RE58_CGI_1"
"4848",20010,"FJ28-FJ29.FJ26-FJ27::chrX:103482701-103483891",717,719,0.842,654394,550969,"B","G","+",427507,324195,"-",226887,226774,"CGCGA","TS54","+dTAG","RepR3","S23","Xist","RE58","RE58_CGI_1"
"4849",20011,"FJ28-FJ29.FJ26-FJ27::chrX:103482701-103483891",753,755,0.488,303239,148025,"B","G","+",178288,23083,"-",124951,124942,"AACGT","TS54","+dTAG","RepR3","S23","Xist","RE58","RE58_CGI_1"
