"","chrom","start","end","ratio","totalC","methC","strand","next","Plus","totalC_plus","methC_plus","Minus","totalC_minus","methC_minus","localSeq","cell_line","condition","replicate","sample_number","region","amplicon"
"1","FJ14-FJ15.FJ10-FJ11::chrX:103481327-103482781",433,435,0.93,172,160,"+","G","+",172,160,"-",0,0,"TCCGC","XO_TS54","-dTAG","RepR1","S11","RE57","RE57_YY1"
"2","FJ14-FJ15.FJ10-FJ11::chrX:103481327-103482781",520,522,0.933,60,56,"+","G","+",60,56,"-",0,0,"TGCGT","XO_TS54","-dTAG","RepR1","S11","RE57","RE57_YY1"
"3","FJ14-FJ15.FJ10-FJ11::chrX:103481327-103482781",528,530,0.93,57,53,"+","G","+",57,53,"-",0,0,"ACCGC","XO_TS54","-dTAG","RepR1","S11","RE57","RE57_YY1"
"4","FJ14-FJ15.FJ10-FJ11::chrX:103481327-103482781",546,548,0.93,57,53,"+","G","+",57,53,"-",0,0,"GCCGC","XO_TS54","-dTAG","RepR1","S11","RE57","RE57_YY1"
"5","FJ14-FJ15.FJ10-FJ11::chrX:103481327-103482781",563,565,1,54,54,"+","G","+",54,54,"-",0,0,"TACGA","XO_TS54","-dTAG","RepR1","S11","RE57","RE57_YY1"
"6","FJ14-FJ15.FJ10-FJ11::chrX:103481327-103482781",617,619,0.955,111,106,"+","G","+",111,106,"-",0,0,"GTCGA","XO_TS54","-dTAG","RepR1","S11","RE57","RE57_YY1"
"7","FJ14-FJ15.FJ10-FJ11::chrX:103481327-103482781",624,626,0.973,147,143,"+","G","+",147,143,"-",0,0,"CTCGG","XO_TS54","-dTAG","RepR1","S11","RE57","RE57_YY1"
"8","FJ14-FJ15.FJ10-FJ11::chrX:103481327-103482781",637,639,0.944,160,151,"+","G","+",160,151,"-",0,0,"CCCGA","XO_TS54","-dTAG","RepR1","S11","RE57","RE57_YY1"
"9","FJ14-FJ15.FJ10-FJ11::chrX:103481327-103482781",642,644,0.938,162,152,"+","G","+",162,152,"-",0,0,"GCCGC","XO_TS54","-dTAG","RepR1","S11","RE57","RE57_YY1"
"10","FJ14-FJ15.FJ10-FJ11::chrX:103481327-103482781",736,738,1,7,7,"+","G","+",7,7,"-",0,0,"CACGC","XO_TS54","-dTAG","RepR1","S11","RE57","RE57_CGI"
"11","FJ14-FJ15.FJ10-FJ11::chrX:103481327-103482781",763,765,1,6,6,"+","G","+",6,6,"-",0,0,"TGCGG","XO_TS54","-dTAG","RepR1","S11","RE57","RE57_CGI"
"12","FJ14-FJ15.FJ10-FJ11::chrX:103481327-103482781",770,772,1,6,6,"+","G","+",6,6,"-",0,0,"TCCGC","XO_TS54","-dTAG","RepR1","S11","RE57","RE57_CGI"
"13","FJ14-FJ15.FJ10-FJ11::chrX:103481327-103482781",772,774,1,6,6,"+","G","+",6,6,"-",0,0,"CGCGC","XO_TS54","-dTAG","RepR1","S11","RE57","RE57_CGI"
"14","FJ14-FJ15.FJ10-FJ11::chrX:103481327-103482781",780,782,1,5,5,"+","G","+",5,5,"-",0,0,"ACCGC","XO_TS54","-dTAG","RepR1","S11","RE57","RE57_CGI"
"15","FJ14-FJ15.FJ10-FJ11::chrX:103481327-103482781",792,794,1,6,6,"+","G","+",6,6,"-",0,0,"TACGA","XO_TS54","-dTAG","RepR1","S11","RE57","RE57_CGI"
"16","FJ14-FJ15.FJ10-FJ11::chrX:103481327-103482781",817,819,1,6,6,"+","G","+",6,6,"-",0,0,"TCCGG","XO_TS54","-dTAG","RepR1","S11","RE57","RE57_CGI"
"17","FJ14-FJ15.FJ10-FJ11::chrX:103481327-103482781",832,834,1,6,6,"+","G","+",6,6,"-",0,0,"CCCGC","XO_TS54","-dTAG","RepR1","S11","RE57","RE57_CGI"
"18","FJ14-FJ15.FJ10-FJ11::chrX:103481327-103482781",929,931,0.857,14,12,"+","G","+",14,12,"-",0,0,"TCCGC","XO_TS54","-dTAG","RepR1","S11","RE57","RE57_CGI"
"19","FJ14-FJ15.FJ10-FJ11::chrX:103481327-103482781",941,943,1,13,13,"+","G","+",13,13,"-",0,0,"CTCGG","XO_TS54","-dTAG","RepR1","S11","RE57","RE57_CGI"
"20","FJ14-FJ15.FJ10-FJ11::chrX:103481327-103482781",959,961,1,15,15,"+","G","+",15,15,"-",0,0,"GGCGT","XO_TS54","-dTAG","RepR1","S11","RE57","RE57_CGI"
"21","FJ14-FJ15.FJ10-FJ11::chrX:103481327-103482781",970,972,0.9,20,18,"+","G","+",20,18,"-",0,0,"CTCGA","XO_TS54","-dTAG","RepR1","S11","RE57","RE57_CGI"
"22","FJ14-FJ15.FJ10-FJ11::chrX:103481327-103482781",980,982,1,25,25,"+","G","+",25,25,"-",0,0,"GCCGT","XO_TS54","-dTAG","RepR1","S11","RE57","RE57_CGI"
"23","FJ14-FJ15.FJ10-FJ11::chrX:103481327-103482781",987,989,0.963,27,26,"+","G","+",27,26,"-",0,0,"CACGC","XO_TS54","-dTAG","RepR1","S11","RE57","RE57_CGI"
"24","FJ14-FJ15.FJ10-FJ11::chrX:103481327-103482781",1004,1006,0.976,42,41,"+","G","+",42,41,"-",0,0,"GGCGG","XO_TS54","-dTAG","RepR1","S11","RE57","RE57_CGI"
"25","FJ14-FJ15.FJ10-FJ11::chrX:103481327-103482781",1008,1010,0.977,43,42,"+","G","+",43,42,"-",0,0,"GACGC","XO_TS54","-dTAG","RepR1","S11","RE57","RE57_CGI"
"26","FJ14-FJ15.FJ10-FJ11::chrX:103481327-103482781",1010,1012,0.955,44,42,"+","G","+",44,42,"-",0,0,"CGCGG","XO_TS54","-dTAG","RepR1","S11","RE57","RE57_CGI"
"27","FJ14-FJ15.FJ10-FJ11::chrX:103481327-103482781",1021,1023,0.957,46,44,"+","G","+",46,44,"-",0,0,"CACGC","XO_TS54","-dTAG","RepR1","S11","RE57","RE57_CGI"
"28","FJ24-FJ25.FJ24-FJ25.FJ24-FJ25.FJ24-FJ25.FJ24-FJ25.FJ24-FJ25.FJ24-FJ25.FJ24-FJ25::chrX:75658294-75672942",212,214,0,1,0,"+","G","+",1,0,"-",0,0,"CCCGG","XO_TS54","-dTAG","RepR1","S11","MSR","other"
"29","FJ24-FJ25.FJ24-FJ25.FJ24-FJ25::chrX:75646518-75653780",131,133,1,4,4,"-","G","+",0,0,"-",4,4,"CCGGA","XO_TS54","-dTAG","RepR1","S11","MSR","other"
"30","FJ24-FJ25.FJ24-FJ25.FJ24-FJ25::chrX:75646518-75653780",177,179,1,4,4,"B","G","+",2,2,"-",2,2,"GGCGG","XO_TS54","-dTAG","RepR1","S11","MSR","other"
"31","FJ24-FJ25.FJ24-FJ25.FJ24-FJ25::chrX:75646518-75653780",7048,7050,0.5,4,2,"-","G","+",0,0,"-",4,2,"CCGGG","XO_TS54","-dTAG","RepR1","S11","MSR","other"
"32","FJ24-FJ25.FJ24-FJ25.FJ24-FJ25::chrX:75653690-75658384",4482,4484,1,1,1,"+","G","+",1,1,"-",0,0,"TGCGT","XO_TS54","-dTAG","RepR1","S11","MSR","other"
"33","FJ24-FJ25.FJ24-FJ25.FJ24-FJ25::chrX:75653690-75658384",4515,4517,0,2,0,"-","G","+",0,0,"-",2,0,"CCGCC","XO_TS54","-dTAG","RepR1","S11","MSR","other"
"34","FJ24-FJ25.FJ24-FJ25::chr2:98661834-98663393",429,431,1,6,6,"-","G","+",0,0,"-",6,6,"ACGTT","XO_TS54","-dTAG","RepR1","S11","MSR","other"
"35","FJ24-FJ25.FJ24-FJ25::chr2:98661834-98663393",445,447,0.778,9,7,"-","G","+",0,0,"-",9,7,"TCGTC","XO_TS54","-dTAG","RepR1","S11","MSR","other"
"36","FJ24-FJ25.FJ24-FJ25::chr2:98661834-98663393",460,462,1,9,9,"-","G","+",0,0,"-",9,9,"TCGTC","XO_TS54","-dTAG","RepR1","S11","MSR","other"
"37","FJ24-FJ25.FJ24-FJ25::chr2:98661834-98663393",515,517,1,10,10,"-","G","+",0,0,"-",10,10,"ACGTC","XO_TS54","-dTAG","RepR1","S11","MSR","other"
"38","FJ24-FJ25.FJ24-FJ25::chr2:98661834-98663393",603,605,1,5,5,"-","G","+",0,0,"-",5,5,"CCGTG","XO_TS54","-dTAG","RepR1","S11","MSR","other"
"39","FJ24-FJ25.FJ24-FJ25::chr2:98661834-98663393",621,623,1,2,2,"-","G","+",0,0,"-",2,2,"TCGCC","XO_TS54","-dTAG","RepR1","S11","MSR","other"
"40","FJ24-FJ25.FJ24-FJ25::chr2:98661834-98663393",721,723,1,1,1,"+","G","+",1,1,"-",0,0,"CCCGT","XO_TS54","-dTAG","RepR1","S11","MSR","other"
"41","FJ24-FJ25.FJ24-FJ25::chr2:98661834-98663393",730,732,1,1,1,"+","G","+",1,1,"-",0,0,"AACGA","XO_TS54","-dTAG","RepR1","S11","MSR","other"
"42","FJ24-FJ25.FJ24-FJ25::chr2:98661834-98663393",766,768,0,1,0,"+","G","+",1,0,"-",0,0,"TACGT","XO_TS54","-dTAG","RepR1","S11","MSR","other"
"43","FJ24-FJ25.FJ24-FJ25::chr2:98661834-98663393",1021,1023,0.963,437,421,"+","G","+",437,421,"-",0,0,"GACGT","XO_TS54","-dTAG","RepR1","S11","MSR","other"
"44","FJ24-FJ25.FJ24-FJ25::chr2:98661834-98663393",1076,1078,0.667,3,2,"+","G","+",3,2,"-",0,0,"GACGA","XO_TS54","-dTAG","RepR1","S11","MSR","other"
"45","FJ24-FJ25.FJ24-FJ25::chr2:98661834-98663393",1091,1093,1,1,1,"+","G","+",1,1,"-",0,0,"GACGA","XO_TS54","-dTAG","RepR1","S11","MSR","other"
"46","FJ24-FJ25::chr12:3109471-3110521",451,453,1,1,1,"+","G","+",1,1,"-",0,0,"GGCGA","XO_TS54","-dTAG","RepR1","S11","MSR","other"
"47","FJ24-FJ25::chr12:3109471-3110521",554,556,1,1,1,"+","G","+",1,1,"-",0,0,"GACGA","XO_TS54","-dTAG","RepR1","S11","MSR","other"
"48","FJ24-FJ25::chr12:74803437-74804905",999,1001,0,2,0,"+","G","+",2,0,"-",0,0,"CACGT","XO_TS54","-dTAG","RepR1","S11","MSR","other"
"49","FJ24-FJ25::chr12:74803437-74804905",1016,1018,1,2,2,"+","G","+",2,2,"-",0,0,"CTCGC","XO_TS54","-dTAG","RepR1","S11","MSR","other"
"50","FJ24-FJ25::chr14:19415282-19420102",457,459,1,3,3,"+","G","+",3,3,"-",0,0,"GGCGA","XO_TS54","-dTAG","RepR1","S11","MSR","other"
"51","FJ24-FJ25::chr14:19415282-19420102",475,477,1,8,8,"+","G","+",8,8,"-",0,0,"CACGG","XO_TS54","-dTAG","RepR1","S11","MSR","other"
"52","FJ24-FJ25::chr14:19415282-19420102",618,620,1,1,1,"+","G","+",1,1,"-",0,0,"GACGA","XO_TS54","-dTAG","RepR1","S11","MSR","other"
"53","FJ24-FJ25::chr14:19415282-19420102",633,635,1,1,1,"+","G","+",1,1,"-",0,0,"GACGA","XO_TS54","-dTAG","RepR1","S11","MSR","other"
"54","FJ24-FJ25::chr14:19415282-19420102",691,693,0.667,6,4,"+","G","+",6,4,"-",0,0,"GGCGA","XO_TS54","-dTAG","RepR1","S11","MSR","other"
"55","FJ24-FJ25::chr14:19415282-19420102",709,711,1,7,7,"+","G","+",7,7,"-",0,0,"CACGG","XO_TS54","-dTAG","RepR1","S11","MSR","other"
"56","FJ24-FJ25::chr14:19415282-19420102",1276,1278,1,2,2,"+","G","+",2,2,"-",0,0,"GGCGA","XO_TS54","-dTAG","RepR1","S11","MSR","other"
"57","FJ24-FJ25::chr14:19415282-19420102",1294,1296,0.8,5,4,"+","G","+",5,4,"-",0,0,"CACGG","XO_TS54","-dTAG","RepR1","S11","MSR","other"
"58","FJ24-FJ25::chr14:19415282-19420102",1509,1511,1,6,6,"+","G","+",6,6,"-",0,0,"GGCGA","XO_TS54","-dTAG","RepR1","S11","MSR","other"
"59","FJ24-FJ25::chr14:19415282-19420102",1527,1529,1,6,6,"+","G","+",6,6,"-",0,0,"CTCGG","XO_TS54","-dTAG","RepR1","S11","MSR","other"
"60","FJ24-FJ25::chr14:19415282-19420102",1671,1673,1,1,1,"-","G","+",0,0,"-",1,1,"ACGAC","XO_TS54","-dTAG","RepR1","S11","MSR","other"
"61","FJ24-FJ25::chr14:19415282-19420102",1686,1688,1,1,1,"-","G","+",0,0,"-",1,1,"ACGAA","XO_TS54","-dTAG","RepR1","S11","MSR","other"
"62","FJ24-FJ25::chr14:19415282-19420102",1702,1704,1,1,1,"-","G","+",0,0,"-",1,1,"ACGTG","XO_TS54","-dTAG","RepR1","S11","MSR","other"
"63","FJ24-FJ25::chr14:19415282-19420102",1744,1746,1,2,2,"+","G","+",2,2,"-",0,0,"GGCGA","XO_TS54","-dTAG","RepR1","S11","MSR","other"
"64","FJ24-FJ25::chr14:19415282-19420102",1762,1764,1,1,1,"+","G","+",1,1,"-",0,0,"CACGG","XO_TS54","-dTAG","RepR1","S11","MSR","other"
"65","FJ24-FJ25::chr14:19415282-19420102",1819,1821,1,2,2,"+","G","+",2,2,"-",0,0,"ATCGT","XO_TS54","-dTAG","RepR1","S11","MSR","other"
"66","FJ24-FJ25::chr14:19415282-19420102",1861,1863,1,2,2,"+","G","+",2,2,"-",0,0,"GGCGA","XO_TS54","-dTAG","RepR1","S11","MSR","other"
"67","FJ24-FJ25::chr14:19415282-19420102",2022,2024,0.875,8,7,"B","G","+",6,5,"-",2,2,"GACGA","XO_TS54","-dTAG","RepR1","S11","MSR","other"
"68","FJ24-FJ25::chr14:19415282-19420102",2037,2039,1,6,6,"B","G","+",4,4,"-",2,2,"GACGA","XO_TS54","-dTAG","RepR1","S11","MSR","other"
"69","FJ24-FJ25::chr14:19415282-19420102",2053,2055,1,5,5,"B","G","+",4,4,"-",1,1,"AACGT","XO_TS54","-dTAG","RepR1","S11","MSR","other"
"70","FJ24-FJ25::chr14:19415282-19420102",2230,2232,0.909,11,10,"+","G","+",11,10,"-",0,0,"CACGG","XO_TS54","-dTAG","RepR1","S11","MSR","other"
"71","FJ24-FJ25::chr14:19415282-19420102",2370,2372,0,1,0,"+","G","+",1,0,"-",0,0,"CTCGA","XO_TS54","-dTAG","RepR1","S11","MSR","other"
"72","FJ24-FJ25::chr14:19415282-19420102",2606,2608,1,1,1,"-","G","+",0,0,"-",1,1,"ACGAC","XO_TS54","-dTAG","RepR1","S11","MSR","other"
"73","FJ24-FJ25::chr14:19415282-19420102",2621,2623,1,1,1,"-","G","+",0,0,"-",1,1,"ACGAA","XO_TS54","-dTAG","RepR1","S11","MSR","other"
"74","FJ24-FJ25::chr14:19415282-19420102",2929,2931,0.606,33,20,"+","G","+",33,20,"-",0,0,"CACGG","XO_TS54","-dTAG","RepR1","S11","MSR","other"
"75","FJ24-FJ25::chr14:19415282-19420102",3396,3398,1,1,1,"+","G","+",1,1,"-",0,0,"CACGG","XO_TS54","-dTAG","RepR1","S11","MSR","other"
"76","FJ24-FJ25::chr14:19415282-19420102",3495,3497,1,1,1,"+","G","+",1,1,"-",0,0,"GGCGA","XO_TS54","-dTAG","RepR1","S11","MSR","other"
"77","FJ24-FJ25::chr14:19415282-19420102",3513,3515,1,1,1,"+","G","+",1,1,"-",0,0,"CACGG","XO_TS54","-dTAG","RepR1","S11","MSR","other"
"78","FJ24-FJ25::chr2:98666144-98667732",358,360,1,1,1,"-","G","+",0,0,"-",1,1,"CCGGT","XO_TS54","-dTAG","RepR1","S11","MSR","other"
"79","FJ24-FJ25::chr2:98666144-98667732",446,448,1,3,3,"B","G","+",2,2,"-",1,1,"GACGA","XO_TS54","-dTAG","RepR1","S11","MSR","other"
"80","FJ24-FJ25::chr2:98666144-98667732",461,463,1,2,2,"+","G","+",2,2,"-",0,0,"GACGA","XO_TS54","-dTAG","RepR1","S11","MSR","other"
"81","FJ24-FJ25::chr2:98666144-98667732",477,479,1,8,8,"B","G","+",7,7,"-",1,1,"TACGT","XO_TS54","-dTAG","RepR1","S11","MSR","other"
"82","FJ24-FJ25::chr2:98666144-98667732",537,539,0.818,11,9,"B","G","+",10,9,"-",1,0,"CACGG","XO_TS54","-dTAG","RepR1","S11","MSR","other"
"83","FJ24-FJ25::chr2:98666144-98667732",565,567,1,1,1,"+","G","+",1,1,"-",0,0,"GACGT","XO_TS54","-dTAG","RepR1","S11","MSR","other"
"84","FJ24-FJ25::chr2:98666144-98667732",577,579,1,1,1,"+","G","+",1,1,"-",0,0,"GGCGA","XO_TS54","-dTAG","RepR1","S11","MSR","other"
"85","FJ24-FJ25::chr2:98666144-98667732",625,627,0.951,102,97,"+","G","+",102,97,"-",0,0,"GACGT","XO_TS54","-dTAG","RepR1","S11","MSR","other"
"86","FJ24-FJ25::chr2:98666144-98667732",680,682,0.962,53,51,"B","G","+",52,50,"-",1,1,"GACGA","XO_TS54","-dTAG","RepR1","S11","MSR","other"
"87","FJ24-FJ25::chr2:98666144-98667732",695,697,0.882,51,45,"B","G","+",50,45,"-",1,0,"GACGA","XO_TS54","-dTAG","RepR1","S11","MSR","other"
"88","FJ24-FJ25::chr2:98666144-98667732",711,713,0.83,53,44,"B","G","+",52,44,"-",1,0,"AACGT","XO_TS54","-dTAG","RepR1","S11","MSR","other"
"89","FJ24-FJ25::chr2:98666144-98667732",753,755,1,13,13,"+","G","+",13,13,"-",0,0,"GGCGA","XO_TS54","-dTAG","RepR1","S11","MSR","other"
"90","FJ24-FJ25::chr2:98666144-98667732",771,773,0.882,17,15,"B","G","+",11,9,"-",6,6,"CACGG","XO_TS54","-dTAG","RepR1","S11","MSR","other"
"91","FJ24-FJ25::chr2:98666144-98667732",799,801,1,7,7,"-","G","+",0,0,"-",7,7,"ACGTG","XO_TS54","-dTAG","RepR1","S11","MSR","other"
"92","FJ24-FJ25::chr2:98666144-98667732",811,813,1,7,7,"-","G","+",0,0,"-",7,7,"GCGAG","XO_TS54","-dTAG","RepR1","S11","MSR","other"
"93","FJ24-FJ25::chr2:98666144-98667732",859,861,1,10,10,"B","G","+",8,8,"-",2,2,"GACGT","XO_TS54","-dTAG","RepR1","S11","MSR","other"
"94","FJ24-FJ25::chr2:98666144-98667732",946,948,0.86,57,49,"B","G","+",56,49,"-",1,0,"GACGA","XO_TS54","-dTAG","RepR1","S11","MSR","other"
"95","FJ24-FJ25::chr2:98666144-98667732",962,964,0.838,80,67,"B","G","+",77,67,"-",3,0,"AACGT","XO_TS54","-dTAG","RepR1","S11","MSR","other"
"96","FJ24-FJ25::chr2:98666144-98667732",1004,1006,0.909,175,159,"B","G","+",173,157,"-",2,2,"GGCGA","XO_TS54","-dTAG","RepR1","S11","MSR","other"
"97","FJ24-FJ25::chr2:98666144-98667732",1022,1024,0.954,173,165,"B","G","+",171,163,"-",2,2,"CACGG","XO_TS54","-dTAG","RepR1","S11","MSR","other"
"98","FJ24-FJ25::chr2:98666144-98667732",1050,1052,1,3,3,"B","G","+",1,1,"-",2,2,"GACGT","XO_TS54","-dTAG","RepR1","S11","MSR","other"
"99","FJ24-FJ25::chr2:98666144-98667732",1062,1064,1,4,4,"B","G","+",1,1,"-",3,3,"GGCGA","XO_TS54","-dTAG","RepR1","S11","MSR","other"
"100","FJ24-FJ25::chr2:98666144-98667732",1110,1112,0.982,112,110,"B","G","+",111,109,"-",1,1,"GACGT","XO_TS54","-dTAG","RepR1","S11","MSR","other"
"101","FJ24-FJ25::chr2:98666144-98667732",1165,1167,1,2,2,"B","G","+",1,1,"-",1,1,"GACGA","XO_TS54","-dTAG","RepR1","S11","MSR","other"
"102","FJ24-FJ25::chr2:98666144-98667732",1180,1182,1,1,1,"-","G","+",0,0,"-",1,1,"ACGAA","XO_TS54","-dTAG","RepR1","S11","MSR","other"
"103","FJ24-FJ25::chr4:3089104-3091584",1104,1106,1,1,1,"+","G","+",1,1,"-",0,0,"GACGT","XO_TS54","-dTAG","RepR1","S11","MSR","other"
"104","FJ24-FJ25::chr4:3089104-3091584",1116,1118,0,1,0,"+","G","+",1,0,"-",0,0,"GGCGA","XO_TS54","-dTAG","RepR1","S11","MSR","other"
"105","FJ24-FJ25::chr4:3089104-3091584",2375,2377,0,1,0,"+","G","+",1,0,"-",0,0,"TTCGA","XO_TS54","-dTAG","RepR1","S11","MSR","other"
"106","FJ24-FJ25::chr9:2999602-3038819",738,740,1,2,2,"-","G","+",0,0,"-",2,2,"TCGCC","XO_TS54","-dTAG","RepR1","S11","MSR","other"
"107","FJ24-FJ25::chr9:2999602-3038819",750,752,1,2,2,"-","G","+",0,0,"-",2,2,"ACGTC","XO_TS54","-dTAG","RepR1","S11","MSR","other"
"108","FJ24-FJ25::chr9:2999602-3038819",778,780,0.941,17,16,"-","G","+",0,0,"-",17,16,"CCGTG","XO_TS54","-dTAG","RepR1","S11","MSR","other"
"109","FJ24-FJ25::chr9:2999602-3038819",796,798,0.769,13,10,"-","G","+",0,0,"-",13,10,"TCGAC","XO_TS54","-dTAG","RepR1","S11","MSR","other"
"110","FJ24-FJ25::chr9:2999602-3038819",838,840,1,4,4,"-","G","+",0,0,"-",4,4,"ACGTT","XO_TS54","-dTAG","RepR1","S11","MSR","other"
"111","FJ24-FJ25::chr9:2999602-3038819",854,856,1,2,2,"-","G","+",0,0,"-",2,2,"TCGTC","XO_TS54","-dTAG","RepR1","S11","MSR","other"
"112","FJ24-FJ25::chr9:2999602-3038819",866,868,1,2,2,"-","G","+",0,0,"-",2,2,"ACGTC","XO_TS54","-dTAG","RepR1","S11","MSR","other"
"113","FJ24-FJ25::chr9:2999602-3038819",972,974,1,1,1,"+","G","+",1,1,"-",0,0,"CTCGC","XO_TS54","-dTAG","RepR1","S11","MSR","other"
"114","FJ24-FJ25::chr9:2999602-3038819",1012,1014,1,2,2,"-","G","+",0,0,"-",2,2,"CCGTG","XO_TS54","-dTAG","RepR1","S11","MSR","other"
"115","FJ24-FJ25::chr9:2999602-3038819",1030,1032,1,1,1,"-","G","+",0,0,"-",1,1,"TCGAC","XO_TS54","-dTAG","RepR1","S11","MSR","other"
"116","FJ24-FJ25::chr9:2999602-3038819",1382,1384,1,1,1,"-","G","+",0,0,"-",1,1,"TCGCC","XO_TS54","-dTAG","RepR1","S11","MSR","other"
"117","FJ24-FJ25::chr9:2999602-3038819",1394,1396,1,1,1,"-","G","+",0,0,"-",1,1,"ACGTC","XO_TS54","-dTAG","RepR1","S11","MSR","other"
"118","FJ24-FJ25::chr9:2999602-3038819",1422,1424,1,5,5,"-","G","+",0,0,"-",5,5,"CCGTG","XO_TS54","-dTAG","RepR1","S11","MSR","other"
"119","FJ24-FJ25::chr9:2999602-3038819",1440,1442,1,4,4,"-","G","+",0,0,"-",4,4,"TCGCC","XO_TS54","-dTAG","RepR1","S11","MSR","other"
"120","FJ24-FJ25::chr9:2999602-3038819",1459,1461,0,2,0,"-","G","+",0,0,"-",2,0,"ACGGT","XO_TS54","-dTAG","RepR1","S11","MSR","other"
"121","FJ24-FJ25::chr9:2999602-3038819",1850,1852,1,1,1,"-","G","+",0,0,"-",1,1,"TCGCC","XO_TS54","-dTAG","RepR1","S11","MSR","other"
"122","FJ24-FJ25::chr9:2999602-3038819",1862,1864,1,1,1,"-","G","+",0,0,"-",1,1,"ACGTC","XO_TS54","-dTAG","RepR1","S11","MSR","other"
"123","FJ24-FJ25::chr9:2999602-3038819",1890,1892,0.9,10,9,"-","G","+",0,0,"-",10,9,"CCGTG","XO_TS54","-dTAG","RepR1","S11","MSR","other"
"124","FJ24-FJ25::chr9:2999602-3038819",1908,1910,1,9,9,"-","G","+",0,0,"-",9,9,"TCGCC","XO_TS54","-dTAG","RepR1","S11","MSR","other"
"125","FJ24-FJ25::chr9:2999602-3038819",2123,2125,1,1,1,"-","G","+",0,0,"-",1,1,"CCGTG","XO_TS54","-dTAG","RepR1","S11","MSR","other"
"126","FJ24-FJ25::chr9:2999602-3038819",2141,2143,1,1,1,"-","G","+",0,0,"-",1,1,"TCGCC","XO_TS54","-dTAG","RepR1","S11","MSR","other"
"127","FJ24-FJ25::chr9:2999602-3038819",2448,2450,1,1,1,"-","G","+",0,0,"-",1,1,"TCGTC","XO_TS54","-dTAG","RepR1","S11","MSR","other"
"128","FJ24-FJ25::chr9:2999602-3038819",2825,2827,0.778,9,7,"-","G","+",0,0,"-",9,7,"CCGTG","XO_TS54","-dTAG","RepR1","S11","MSR","other"
"129","FJ24-FJ25::chr9:2999602-3038819",3175,3177,0.923,13,12,"-","G","+",0,0,"-",13,12,"CCGTG","XO_TS54","-dTAG","RepR1","S11","MSR","other"
"130","FJ24-FJ25::chr9:2999602-3038819",3193,3195,1,6,6,"-","G","+",0,0,"-",6,6,"TCGCC","XO_TS54","-dTAG","RepR1","S11","MSR","other"
"131","FJ24-FJ25::chr9:2999602-3038819",3408,3410,1,2,2,"-","G","+",0,0,"-",2,2,"CCGTG","XO_TS54","-dTAG","RepR1","S11","MSR","other"
"132","FJ24-FJ25::chr9:2999602-3038819",3426,3428,0.5,2,1,"-","G","+",0,0,"-",2,1,"TCGCC","XO_TS54","-dTAG","RepR1","S11","MSR","other"
"133","FJ24-FJ25::chr9:2999602-3038819",3733,3735,1,1,1,"-","G","+",0,0,"-",1,1,"TCGTC","XO_TS54","-dTAG","RepR1","S11","MSR","other"
"134","FJ24-FJ25::chr9:2999602-3038819",3836,3838,1,1,1,"+","G","+",1,1,"-",0,0,"CTCGC","XO_TS54","-dTAG","RepR1","S11","MSR","other"
"135","FJ24-FJ25::chr9:2999602-3038819",3894,3896,0.5,2,1,"B","G","+",1,1,"-",1,0,"CTCGC","XO_TS54","-dTAG","RepR1","S11","MSR","other"
"136","FJ24-FJ25::chr9:2999602-3038819",3936,3938,0.5,2,1,"B","G","+",1,1,"-",1,0,"CACGT","XO_TS54","-dTAG","RepR1","S11","MSR","other"
"137","FJ24-FJ25::chr9:2999602-3038819",4128,4130,1,1,1,"-","G","+",0,0,"-",1,1,"TCGCC","XO_TS54","-dTAG","RepR1","S11","MSR","other"
"138","FJ24-FJ25::chr9:2999602-3038819",4303,4305,1,1,1,"-","G","+",0,0,"-",1,1,"TCGCC","XO_TS54","-dTAG","RepR1","S11","MSR","other"
"139","FJ24-FJ25::chr9:2999602-3038819",4520,4522,0.818,170,139,"-","G","+",0,0,"-",170,139,"CCGTG","XO_TS54","-dTAG","RepR1","S11","MSR","other"
"140","FJ24-FJ25::chr9:2999602-3038819",4580,4582,1,10,10,"B","G","+",5,5,"-",5,5,"CACGT","XO_TS54","-dTAG","RepR1","S11","MSR","other"
"141","FJ24-FJ25::chr9:2999602-3038819",4596,4598,1,11,11,"B","G","+",6,6,"-",5,5,"TTCGT","XO_TS54","-dTAG","RepR1","S11","MSR","other"
"142","FJ24-FJ25::chr9:2999602-3038819",4611,4613,0.909,11,10,"B","G","+",6,5,"-",5,5,"GTCGT","XO_TS54","-dTAG","RepR1","S11","MSR","other"
"143","FJ24-FJ25::chr9:2999602-3038819",4654,4656,0,4,0,"+","G","+",4,0,"-",0,0,"CTCGC","XO_TS54","-dTAG","RepR1","S11","MSR","other"
"144","FJ24-FJ25::chr9:2999602-3038819",4754,4756,1,3,3,"-","G","+",0,0,"-",3,3,"CCGTG","XO_TS54","-dTAG","RepR1","S11","MSR","other"
"145","FJ24-FJ25::chr9:2999602-3038819",4899,4901,1,1,1,"-","G","+",0,0,"-",1,1,"ACGTC","XO_TS54","-dTAG","RepR1","S11","MSR","other"
"146","FJ24-FJ25::chr9:2999602-3038819",4947,4949,1,1,1,"+","G","+",1,1,"-",0,0,"TTCGC","XO_TS54","-dTAG","RepR1","S11","MSR","other"
"147","FJ24-FJ25::chr9:2999602-3038819",4959,4961,1,1,1,"+","G","+",1,1,"-",0,0,"CACGT","XO_TS54","-dTAG","RepR1","S11","MSR","other"
"148","FJ24-FJ25::chr9:2999602-3038819",4987,4989,0.833,12,10,"B","G","+",2,2,"-",10,8,"TCCGT","XO_TS54","-dTAG","RepR1","S11","MSR","other"
"149","FJ24-FJ25::chr9:2999602-3038819",5005,5007,0.917,12,11,"B","G","+",1,1,"-",11,10,"CTCGC","XO_TS54","-dTAG","RepR1","S11","MSR","other"
"150","FJ24-FJ25::chr9:2999602-3038819",5047,5049,1,3,3,"-","G","+",0,0,"-",3,3,"ACGTT","XO_TS54","-dTAG","RepR1","S11","MSR","other"
"151","FJ24-FJ25::chr9:2999602-3038819",5063,5065,1,5,5,"B","G","+",2,2,"-",3,3,"TTCGT","XO_TS54","-dTAG","RepR1","S11","MSR","other"
"152","FJ24-FJ25::chr9:2999602-3038819",5078,5080,1,3,3,"-","G","+",0,0,"-",3,3,"TCGTC","XO_TS54","-dTAG","RepR1","S11","MSR","other"
"153","FJ24-FJ25::chr9:2999602-3038819",5221,5223,0.8,5,4,"-","G","+",0,0,"-",5,4,"CCGTG","XO_TS54","-dTAG","RepR1","S11","MSR","other"
"154","FJ24-FJ25::chr9:2999602-3038819",6098,6100,1,1,1,"-","G","+",0,0,"-",1,1,"CCGTG","XO_TS54","-dTAG","RepR1","S11","MSR","other"
"155","FJ24-FJ25::chr9:2999602-3038819",6390,6392,1,1,1,"-","G","+",0,0,"-",1,1,"CCGTG","XO_TS54","-dTAG","RepR1","S11","MSR","other"
"156","FJ24-FJ25::chr9:2999602-3038819",6434,6436,0,1,0,"-","G","+",0,0,"-",1,0,"ACGTT","XO_TS54","-dTAG","RepR1","S11","MSR","other"
"157","FJ24-FJ25::chr9:2999602-3038819",6508,6510,1,2,2,"-","G","+",0,0,"-",2,2,"CCGTG","XO_TS54","-dTAG","RepR1","S11","MSR","other"
"158","FJ24-FJ25::chr9:2999602-3038819",6526,6528,1,1,1,"-","G","+",0,0,"-",1,1,"TCGCC","XO_TS54","-dTAG","RepR1","S11","MSR","other"
"159","FJ24-FJ25::chr9:2999602-3038819",6760,6762,0.667,6,4,"-","G","+",0,0,"-",6,4,"TCGCC","XO_TS54","-dTAG","RepR1","S11","MSR","other"
"160","FJ24-FJ25::chr9:2999602-3038819",7169,7171,1,3,3,"B","G","+",2,2,"-",1,1,"CTCGC","XO_TS54","-dTAG","RepR1","S11","MSR","other"
"161","FJ24-FJ25::chr9:2999602-3038819",7181,7183,1,3,3,"B","G","+",2,2,"-",1,1,"CACGT","XO_TS54","-dTAG","RepR1","S11","MSR","other"
"162","FJ24-FJ25::chr9:2999602-3038819",7209,7211,0.931,175,163,"-","G","+",0,0,"-",175,163,"CCGTG","XO_TS54","-dTAG","RepR1","S11","MSR","other"
"163","FJ24-FJ25::chr9:2999602-3038819",7227,7229,0.929,170,158,"B","G","+",1,1,"-",169,157,"CTCGC","XO_TS54","-dTAG","RepR1","S11","MSR","other"
"164","FJ24-FJ25::chr9:2999602-3038819",7269,7271,0.5,2,1,"B","G","+",1,1,"-",1,0,"CACGT","XO_TS54","-dTAG","RepR1","S11","MSR","other"
"165","FJ24-FJ25::chr9:2999602-3038819",7285,7287,1,1,1,"+","G","+",1,1,"-",0,0,"TTCGT","XO_TS54","-dTAG","RepR1","S11","MSR","other"
"166","FJ24-FJ25::chr9:2999602-3038819",7522,7524,1,1,1,"+","G","+",1,1,"-",0,0,"TTCGT","XO_TS54","-dTAG","RepR1","S11","MSR","other"
"167","FJ24-FJ25::chr9:2999602-3038819",7537,7539,1,1,1,"+","G","+",1,1,"-",0,0,"GTCGT","XO_TS54","-dTAG","RepR1","S11","MSR","other"
"168","FJ24-FJ25::chr9:2999602-3038819",7698,7700,1,24,24,"-","G","+",0,0,"-",24,24,"TCGCC","XO_TS54","-dTAG","RepR1","S11","MSR","other"
"169","FJ24-FJ25::chr9:2999602-3038819",7799,7801,1,7,7,"-","G","+",0,0,"-",7,7,"CCGTG","XO_TS54","-dTAG","RepR1","S11","MSR","other"
"170","FJ24-FJ25::chr9:2999602-3038819",7817,7819,1,7,7,"-","G","+",0,0,"-",7,7,"TCGCC","XO_TS54","-dTAG","RepR1","S11","MSR","other"
"171","FJ24-FJ25::chr9:2999602-3038819",7992,7994,1,1,1,"-","G","+",0,0,"-",1,1,"TCGCC","XO_TS54","-dTAG","RepR1","S11","MSR","other"
"172","FJ24-FJ25::chr9:2999602-3038819",8004,8006,1,1,1,"-","G","+",0,0,"-",1,1,"ACGTC","XO_TS54","-dTAG","RepR1","S11","MSR","other"
"173","FJ24-FJ25::chr9:2999602-3038819",8032,8034,0.923,13,12,"-","G","+",0,0,"-",13,12,"CCGTG","XO_TS54","-dTAG","RepR1","S11","MSR","other"
"174","FJ24-FJ25::chr9:2999602-3038819",8050,8052,0.875,8,7,"-","G","+",0,0,"-",8,7,"TCGCC","XO_TS54","-dTAG","RepR1","S11","MSR","other"
"175","FJ24-FJ25::chr9:2999602-3038819",8517,8519,1,9,9,"-","G","+",0,0,"-",9,9,"TCGCC","XO_TS54","-dTAG","RepR1","S11","MSR","other"
"176","FJ24-FJ25::chr9:2999602-3038819",8576,8578,1,1,1,"-","G","+",0,0,"-",1,1,"TCGTC","XO_TS54","-dTAG","RepR1","S11","MSR","other"
"177","FJ24-FJ25::chr9:2999602-3038819",8909,8911,0.897,146,131,"-","G","+",0,0,"-",146,131,"CCGTG","XO_TS54","-dTAG","RepR1","S11","MSR","other"
"178","FJ24-FJ25::chr9:2999602-3038819",8969,8971,1,1,1,"-","G","+",0,0,"-",1,1,"ACGTT","XO_TS54","-dTAG","RepR1","S11","MSR","other"
"179","FJ24-FJ25::chr9:2999602-3038819",8985,8987,1,1,1,"-","G","+",0,0,"-",1,1,"TCGTC","XO_TS54","-dTAG","RepR1","S11","MSR","other"
"180","FJ24-FJ25::chr9:2999602-3038819",9161,9163,1,4,4,"-","G","+",0,0,"-",4,4,"TCGCA","XO_TS54","-dTAG","RepR1","S11","MSR","other"
"181","FJ24-FJ25::chr9:2999602-3038819",9691,9693,1,2,2,"-","G","+",0,0,"-",2,2,"ACGTT","XO_TS54","-dTAG","RepR1","S11","MSR","other"
"182","FJ24-FJ25::chr9:2999602-3038819",9707,9709,1,3,3,"B","G","+",1,1,"-",2,2,"TTCGT","XO_TS54","-dTAG","RepR1","S11","MSR","other"
"183","FJ24-FJ25::chr9:2999602-3038819",9722,9724,1,3,3,"B","G","+",1,1,"-",2,2,"GTCGT","XO_TS54","-dTAG","RepR1","S11","MSR","other"
"184","FJ24-FJ25::chr9:2999602-3038819",9883,9885,0.625,16,10,"-","G","+",0,0,"-",16,10,"TCGCC","XO_TS54","-dTAG","RepR1","S11","MSR","other"
"185","FJ24-FJ25::chr9:2999602-3038819",9984,9986,1,3,3,"-","G","+",0,0,"-",3,3,"CCGTG","XO_TS54","-dTAG","RepR1","S11","MSR","other"
"186","FJ24-FJ25::chr9:2999602-3038819",10002,10004,0.667,3,2,"-","G","+",0,0,"-",3,2,"TCGCC","XO_TS54","-dTAG","RepR1","S11","MSR","other"
"187","FJ24-FJ25::chr9:2999602-3038819",10217,10219,0.89,91,81,"-","G","+",0,0,"-",91,81,"CCGTG","XO_TS54","-dTAG","RepR1","S11","MSR","other"
"188","FJ24-FJ25::chr9:2999602-3038819",10451,10453,1,22,22,"-","G","+",0,0,"-",22,22,"CCGTG","XO_TS54","-dTAG","RepR1","S11","MSR","other"
"189","FJ24-FJ25::chr9:2999602-3038819",10469,10471,0.944,18,17,"-","G","+",0,0,"-",18,17,"TCGCC","XO_TS54","-dTAG","RepR1","S11","MSR","other"
"190","FJ24-FJ25::chr9:2999602-3038819",10684,10686,1,1,1,"-","G","+",0,0,"-",1,1,"CCGTG","XO_TS54","-dTAG","RepR1","S11","MSR","other"
"191","FJ24-FJ25::chr9:2999602-3038819",11327,11329,0.928,83,77,"-","G","+",0,0,"-",83,77,"CCGTG","XO_TS54","-dTAG","RepR1","S11","MSR","other"
"192","FJ24-FJ25::chr9:2999602-3038819",11387,11389,1,1,1,"-","G","+",0,0,"-",1,1,"ACGTT","XO_TS54","-dTAG","RepR1","S11","MSR","other"
"193","FJ24-FJ25::chr9:2999602-3038819",11403,11405,1,1,1,"-","G","+",0,0,"-",1,1,"TCGTC","XO_TS54","-dTAG","RepR1","S11","MSR","other"
"194","FJ24-FJ25::chr9:2999602-3038819",11796,11798,1,1,1,"-","G","+",0,0,"-",1,1,"ACGTT","XO_TS54","-dTAG","RepR1","S11","MSR","other"
"195","FJ24-FJ25::chr9:2999602-3038819",11812,11814,1,1,1,"-","G","+",0,0,"-",1,1,"TCGTC","XO_TS54","-dTAG","RepR1","S11","MSR","other"
"196","FJ24-FJ25::chr9:2999602-3038819",11824,11826,1,1,1,"-","G","+",0,0,"-",1,1,"ACGTT","XO_TS54","-dTAG","RepR1","S11","MSR","other"
"197","FJ24-FJ25::chr9:2999602-3038819",11970,11972,1,5,5,"-","G","+",0,0,"-",5,5,"CCGTG","XO_TS54","-dTAG","RepR1","S11","MSR","other"
"198","FJ24-FJ25::chr9:2999602-3038819",11988,11990,1,3,3,"-","G","+",0,0,"-",3,3,"TCGCC","XO_TS54","-dTAG","RepR1","S11","MSR","other"
"199","FJ24-FJ25::chr9:2999602-3038819",12206,12208,1,1,1,"-","G","+",0,0,"-",1,1,"ACGTT","XO_TS54","-dTAG","RepR1","S11","MSR","other"
"200","FJ24-FJ25::chr9:2999602-3038819",12222,12224,1,1,1,"-","G","+",0,0,"-",1,1,"TCGTC","XO_TS54","-dTAG","RepR1","S11","MSR","other"
"201","FJ24-FJ25::chr9:2999602-3038819",12262,12264,0,1,0,"-","G","+",0,0,"-",1,0,"CCGTG","XO_TS54","-dTAG","RepR1","S11","MSR","other"
"202","FJ24-FJ25::chr9:2999602-3038819",12380,12382,1,1,1,"-","G","+",0,0,"-",1,1,"CCGTG","XO_TS54","-dTAG","RepR1","S11","MSR","other"
"203","FJ24-FJ25::chr9:2999602-3038819",12632,12634,0.429,7,3,"-","G","+",0,0,"-",7,3,"TCGCC","XO_TS54","-dTAG","RepR1","S11","MSR","other"
"204","FJ24-FJ25::chr9:2999602-3038819",13175,13177,1,1,1,"-","G","+",0,0,"-",1,1,"TCGTC","XO_TS54","-dTAG","RepR1","S11","MSR","other"
"205","FJ24-FJ25::chr9:2999602-3038819",13336,13338,1,9,9,"-","G","+",0,0,"-",9,9,"TCGCC","XO_TS54","-dTAG","RepR1","S11","MSR","other"
"206","FJ24-FJ25::chr9:2999602-3038819",13437,13439,1,8,8,"-","G","+",0,0,"-",8,8,"CCGTG","XO_TS54","-dTAG","RepR1","S11","MSR","other"
"207","FJ24-FJ25::chr9:2999602-3038819",13455,13457,1,9,9,"-","G","+",0,0,"-",9,9,"TCGCC","XO_TS54","-dTAG","RepR1","S11","MSR","other"
"208","FJ24-FJ25::chr9:2999602-3038819",13670,13672,0.903,93,84,"-","G","+",0,0,"-",93,84,"CCGTG","XO_TS54","-dTAG","RepR1","S11","MSR","other"
"209","FJ24-FJ25::chr9:2999602-3038819",13904,13906,1,16,16,"-","G","+",0,0,"-",16,16,"CCGTG","XO_TS54","-dTAG","RepR1","S11","MSR","other"
"210","FJ24-FJ25::chr9:2999602-3038819",13922,13924,0.9,10,9,"-","G","+",0,0,"-",10,9,"TCGCC","XO_TS54","-dTAG","RepR1","S11","MSR","other"
"211","FJ24-FJ25::chr9:2999602-3038819",14623,14625,1,3,3,"-","G","+",0,0,"-",3,3,"TCGCC","XO_TS54","-dTAG","RepR1","S11","MSR","other"
"212","FJ24-FJ25::chr9:2999602-3038819",14839,14841,0.833,6,5,"-","G","+",0,0,"-",6,5,"CCGTG","XO_TS54","-dTAG","RepR1","S11","MSR","other"
"213","FJ24-FJ25::chr9:2999602-3038819",15325,15327,1,3,3,"-","G","+",0,0,"-",3,3,"TCGCC","XO_TS54","-dTAG","RepR1","S11","MSR","other"
"214","FJ24-FJ25::chr9:2999602-3038819",16202,16204,1,1,1,"-","G","+",0,0,"-",1,1,"TCGCC","XO_TS54","-dTAG","RepR1","S11","MSR","other"
"215","FJ24-FJ25::chr9:2999602-3038819",16377,16379,1,1,1,"-","G","+",0,0,"-",1,1,"TCGCC","XO_TS54","-dTAG","RepR1","S11","MSR","other"
"216","FJ24-FJ25::chr9:2999602-3038819",17079,17081,1,1,1,"-","G","+",0,0,"-",1,1,"TCGCC","XO_TS54","-dTAG","RepR1","S11","MSR","other"
"217","FJ24-FJ25::chr9:2999602-3038819",17254,17256,1,2,2,"-","G","+",0,0,"-",2,2,"TCGCT","XO_TS54","-dTAG","RepR1","S11","MSR","other"
"218","FJ24-FJ25::chr9:2999602-3038819",17471,17473,0.959,169,162,"-","G","+",0,0,"-",169,162,"CCGTG","XO_TS54","-dTAG","RepR1","S11","MSR","other"
"219","FJ24-FJ25::chr9:2999602-3038819",17531,17533,1,3,3,"+","G","+",3,3,"-",0,0,"CACGT","XO_TS54","-dTAG","RepR1","S11","MSR","other"
"220","FJ24-FJ25::chr9:2999602-3038819",17547,17549,0.8,5,4,"B","G","+",4,4,"-",1,0,"TTCGT","XO_TS54","-dTAG","RepR1","S11","MSR","other"
"221","FJ24-FJ25::chr9:2999602-3038819",17562,17564,1,5,5,"B","G","+",4,4,"-",1,1,"GTCGT","XO_TS54","-dTAG","RepR1","S11","MSR","other"
"222","FJ24-FJ25::chr9:2999602-3038819",17705,17707,0.5,6,3,"-","G","+",0,0,"-",6,3,"CCGTG","XO_TS54","-dTAG","RepR1","S11","MSR","other"
"223","FJ24-FJ25::chr9:2999602-3038819",17956,17958,1,2,2,"-","G","+",0,0,"-",2,2,"TCGCC","XO_TS54","-dTAG","RepR1","S11","MSR","other"
"224","FJ24-FJ25::chr9:2999602-3038819",18131,18133,1,1,1,"-","G","+",0,0,"-",1,1,"TCGCC","XO_TS54","-dTAG","RepR1","S11","MSR","other"
"225","FJ24-FJ25::chr9:2999602-3038819",18348,18350,0.916,179,164,"B","G","+",2,2,"-",177,162,"TCCGT","XO_TS54","-dTAG","RepR1","S11","MSR","other"
"226","FJ24-FJ25::chr9:2999602-3038819",18408,18410,0.429,7,3,"B","G","+",2,2,"-",5,1,"CACGT","XO_TS54","-dTAG","RepR1","S11","MSR","other"
"227","FJ24-FJ25::chr9:2999602-3038819",18424,18426,1,3,3,"-","G","+",0,0,"-",3,3,"TCGTC","XO_TS54","-dTAG","RepR1","S11","MSR","other"
"228","FJ24-FJ25::chr9:2999602-3038819",18439,18441,1,2,2,"-","G","+",0,0,"-",2,2,"TCGTC","XO_TS54","-dTAG","RepR1","S11","MSR","other"
"229","FJ24-FJ25::chr9:2999602-3038819",18582,18584,0.818,11,9,"-","G","+",0,0,"-",11,9,"CCGTG","XO_TS54","-dTAG","RepR1","S11","MSR","other"
"230","FJ24-FJ25::chr9:2999602-3038819",18727,18729,1,1,1,"-","G","+",0,0,"-",1,1,"ACGTC","XO_TS54","-dTAG","RepR1","S11","MSR","other"
"231","FJ24-FJ25::chr9:2999602-3038819",18875,18877,0.5,4,2,"B","G","+",1,1,"-",3,1,"CACGT","XO_TS54","-dTAG","RepR1","S11","MSR","other"
"232","FJ24-FJ25::chr9:2999602-3038819",18891,18893,1,4,4,"B","G","+",1,1,"-",3,3,"TTCGT","XO_TS54","-dTAG","RepR1","S11","MSR","other"
"233","FJ24-FJ25::chr9:2999602-3038819",18906,18908,1,4,4,"B","G","+",1,1,"-",3,3,"GTCGT","XO_TS54","-dTAG","RepR1","S11","MSR","other"
"234","FJ24-FJ25::chr9:2999602-3038819",19049,19051,0.765,213,163,"-","G","+",0,0,"-",213,163,"CCGTG","XO_TS54","-dTAG","RepR1","S11","MSR","other"
"235","FJ24-FJ25::chr9:2999602-3038819",19984,19986,1,2,2,"-","G","+",0,0,"-",2,2,"CCGTG","XO_TS54","-dTAG","RepR1","S11","MSR","other"
"236","FJ24-FJ25::chr9:2999602-3038819",20002,20004,0.5,2,1,"-","G","+",0,0,"-",2,1,"TCGCC","XO_TS54","-dTAG","RepR1","S11","MSR","other"
"237","FJ24-FJ25::chr9:2999602-3038819",20685,20687,0.929,14,13,"-","G","+",0,0,"-",14,13,"CCGTG","XO_TS54","-dTAG","RepR1","S11","MSR","other"
"238","FJ24-FJ25::chr9:2999602-3038819",20703,20705,0.923,13,12,"-","G","+",0,0,"-",13,12,"TCGCC","XO_TS54","-dTAG","RepR1","S11","MSR","other"
"239","FJ24-FJ25::chr9:2999602-3038819",20918,20920,0.955,198,189,"-","G","+",0,0,"-",198,189,"CCGTG","XO_TS54","-dTAG","RepR1","S11","MSR","other"
"240","FJ24-FJ25::chr9:2999602-3038819",20936,20938,0.804,179,144,"-","G","+",0,0,"-",179,144,"TCGCC","XO_TS54","-dTAG","RepR1","S11","MSR","other"
"241","FJ24-FJ25::chr9:2999602-3038819",20978,20980,1,6,6,"-","G","+",0,0,"-",6,6,"ACGTT","XO_TS54","-dTAG","RepR1","S11","MSR","other"
"242","FJ24-FJ25::chr9:2999602-3038819",20994,20996,1,4,4,"-","G","+",0,0,"-",4,4,"TCGTC","XO_TS54","-dTAG","RepR1","S11","MSR","other"
"243","FJ24-FJ25::chr9:2999602-3038819",21228,21230,1,1,1,"-","G","+",0,0,"-",1,1,"TCGTC","XO_TS54","-dTAG","RepR1","S11","MSR","other"
"244","FJ24-FJ25::chr9:2999602-3038819",21243,21245,1,1,1,"-","G","+",0,0,"-",1,1,"TCGTC","XO_TS54","-dTAG","RepR1","S11","MSR","other"
"245","FJ24-FJ25::chr9:2999602-3038819",21404,21406,1,1,1,"-","G","+",0,0,"-",1,1,"TCGCC","XO_TS54","-dTAG","RepR1","S11","MSR","other"
"246","FJ24-FJ25::chr9:2999602-3038819",21446,21448,1,1,1,"-","G","+",0,0,"-",1,1,"ACGTT","XO_TS54","-dTAG","RepR1","S11","MSR","other"
"247","FJ24-FJ25::chr9:2999602-3038819",21462,21464,1,1,1,"-","G","+",0,0,"-",1,1,"TCGTC","XO_TS54","-dTAG","RepR1","S11","MSR","other"
"248","FJ24-FJ25::chr9:2999602-3038819",21620,21622,0.6,5,3,"-","G","+",0,0,"-",5,3,"CCGTG","XO_TS54","-dTAG","RepR1","S11","MSR","other"
"249","FJ24-FJ25::chr9:2999602-3038819",21914,21916,1,1,1,"-","G","+",0,0,"-",1,1,"ACGTT","XO_TS54","-dTAG","RepR1","S11","MSR","other"
"250","FJ24-FJ25::chr9:2999602-3038819",22106,22108,0,1,0,"-","G","+",0,0,"-",1,0,"TCGCC","XO_TS54","-dTAG","RepR1","S11","MSR","other"
"251","FJ24-FJ25::chr9:2999602-3038819",22281,22283,0.667,3,2,"-","G","+",0,0,"-",3,2,"TCGCC","XO_TS54","-dTAG","RepR1","S11","MSR","other"
"252","FJ24-FJ25::chr9:2999602-3038819",22498,22500,0.969,254,246,"-","G","+",0,0,"-",254,246,"CCGTG","XO_TS54","-dTAG","RepR1","S11","MSR","other"
"253","FJ24-FJ25::chr9:2999602-3038819",22558,22560,1,2,2,"-","G","+",0,0,"-",2,2,"ACGTT","XO_TS54","-dTAG","RepR1","S11","MSR","other"
"254","FJ24-FJ25::chr9:2999602-3038819",22574,22576,1,3,3,"-","G","+",0,0,"-",3,3,"TCGTC","XO_TS54","-dTAG","RepR1","S11","MSR","other"
"255","FJ24-FJ25::chr9:2999602-3038819",22589,22591,1,4,4,"-","G","+",0,0,"-",4,4,"TCGTC","XO_TS54","-dTAG","RepR1","S11","MSR","other"
"256","FJ24-FJ25::chr9:2999602-3038819",22732,22734,0.5,2,1,"-","G","+",0,0,"-",2,1,"CCGTG","XO_TS54","-dTAG","RepR1","S11","MSR","other"
"257","FJ24-FJ25::chr9:2999602-3038819",22877,22879,1,2,2,"-","G","+",0,0,"-",2,2,"ACGTC","XO_TS54","-dTAG","RepR1","S11","MSR","other"
"258","FJ24-FJ25::chr9:2999602-3038819",22965,22967,0.885,122,108,"-","G","+",0,0,"-",122,108,"CCGTG","XO_TS54","-dTAG","RepR1","S11","MSR","other"
"259","FJ24-FJ25::chr9:2999602-3038819",23843,23845,0.6,5,3,"-","G","+",0,0,"-",5,3,"CCGTG","XO_TS54","-dTAG","RepR1","S11","MSR","other"
"260","FJ24-FJ25::chr9:2999602-3038819",24077,24079,0.783,198,155,"-","G","+",0,0,"-",198,155,"CCGTG","XO_TS54","-dTAG","RepR1","S11","MSR","other"
"261","FJ24-FJ25::chr9:2999602-3038819",24311,24313,0.917,12,11,"-","G","+",0,0,"-",12,11,"CCGTG","XO_TS54","-dTAG","RepR1","S11","MSR","other"
"262","FJ24-FJ25::chr9:2999602-3038819",24329,24331,0.9,10,9,"-","G","+",0,0,"-",10,9,"TCGCC","XO_TS54","-dTAG","RepR1","S11","MSR","other"
"263","FJ24-FJ25::chr9:2999602-3038819",24504,24506,1,2,2,"+","G","+",2,2,"-",0,0,"CTCGC","XO_TS54","-dTAG","RepR1","S11","MSR","other"
"264","FJ24-FJ25::chr9:2999602-3038819",24516,24518,1,2,2,"+","G","+",2,2,"-",0,0,"CACGT","XO_TS54","-dTAG","RepR1","S11","MSR","other"
"265","FJ24-FJ25::chr9:2999602-3038819",24544,24546,0.947,225,213,"B","G","+",1,1,"-",224,212,"TCCGT","XO_TS54","-dTAG","RepR1","S11","MSR","other"
"266","FJ24-FJ25::chr9:2999602-3038819",24562,24564,0.926,229,212,"B","G","+",1,1,"-",228,211,"CTCGC","XO_TS54","-dTAG","RepR1","S11","MSR","other"
"267","FJ24-FJ25::chr9:2999602-3038819",24604,24606,1,2,2,"-","G","+",0,0,"-",2,2,"ACGTT","XO_TS54","-dTAG","RepR1","S11","MSR","other"
"268","FJ24-FJ25::chr9:2999602-3038819",24620,24622,1,2,2,"-","G","+",0,0,"-",2,2,"TCGAC","XO_TS54","-dTAG","RepR1","S11","MSR","other"
"269","FJ24-FJ25::chr9:2999602-3038819",24778,24780,1,2,2,"-","G","+",0,0,"-",2,2,"CCGTG","XO_TS54","-dTAG","RepR1","S11","MSR","other"
"270","FJ24-FJ25::chr9:2999602-3038819",24796,24798,1,2,2,"-","G","+",0,0,"-",2,2,"TCGCC","XO_TS54","-dTAG","RepR1","S11","MSR","other"
"271","FJ24-FJ25::chr9:2999602-3038819",24838,24840,1,5,5,"B","G","+",1,1,"-",4,4,"CACGT","XO_TS54","-dTAG","RepR1","S11","MSR","other"
"272","FJ24-FJ25::chr9:2999602-3038819",24854,24856,1,8,8,"B","G","+",2,2,"-",6,6,"TTCGT","XO_TS54","-dTAG","RepR1","S11","MSR","other"
"273","FJ24-FJ25::chr9:2999602-3038819",24869,24871,1,8,8,"B","G","+",2,2,"-",6,6,"GTCGT","XO_TS54","-dTAG","RepR1","S11","MSR","other"
"274","FJ24-FJ25::chr9:2999602-3038819",25012,25014,0.774,217,168,"-","G","+",0,0,"-",217,168,"CCGTG","XO_TS54","-dTAG","RepR1","S11","MSR","other"
"275","FJ24-FJ25::chr9:2999602-3038819",25246,25248,1,26,26,"-","G","+",0,0,"-",26,26,"CCGTG","XO_TS54","-dTAG","RepR1","S11","MSR","other"
"276","FJ24-FJ25::chr9:2999602-3038819",25264,25266,0.882,17,15,"-","G","+",0,0,"-",17,15,"TCGCC","XO_TS54","-dTAG","RepR1","S11","MSR","other"
"277","FJ24-FJ25::chr9:2999602-3038819",25479,25481,1,1,1,"-","G","+",0,0,"-",1,1,"CCGTG","XO_TS54","-dTAG","RepR1","S11","MSR","other"
"278","FJ24-FJ25::chr9:2999602-3038819",25497,25499,1,1,1,"-","G","+",0,0,"-",1,1,"TCGCC","XO_TS54","-dTAG","RepR1","S11","MSR","other"
"279","FJ24-FJ25::chr9:2999602-3038819",25946,25948,0.976,168,164,"-","G","+",0,0,"-",168,164,"CCGTG","XO_TS54","-dTAG","RepR1","S11","MSR","other"
"280","FJ24-FJ25::chr9:2999602-3038819",25964,25966,0.89,164,146,"-","G","+",0,0,"-",164,146,"TCGCC","XO_TS54","-dTAG","RepR1","S11","MSR","other"
"281","FJ24-FJ25::chr9:2999602-3038819",26198,26200,1,6,6,"-","G","+",0,0,"-",6,6,"TCGCC","XO_TS54","-dTAG","RepR1","S11","MSR","other"
"282","FJ24-FJ25::chr9:2999602-3038819",26414,26416,1,2,2,"-","G","+",0,0,"-",2,2,"CCGTG","XO_TS54","-dTAG","RepR1","S11","MSR","other"
"283","FJ24-FJ25::chr9:2999602-3038819",28053,28055,1,6,6,"-","G","+",0,0,"-",6,6,"CCGTG","XO_TS54","-dTAG","RepR1","S11","MSR","other"
"284","FJ24-FJ25::chr9:2999602-3038819",28521,28523,0.867,135,117,"-","G","+",0,0,"-",135,117,"CCGTG","XO_TS54","-dTAG","RepR1","S11","MSR","other"
"285","FJ24-FJ25::chr9:2999602-3038819",29223,29225,0.907,172,156,"-","G","+",0,0,"-",172,156,"CCGTG","XO_TS54","-dTAG","RepR1","S11","MSR","other"
"286","FJ24-FJ25::chr9:2999602-3038819",29417,29419,1,1,1,"-","G","+",0,0,"-",1,1,"TCGCC","XO_TS54","-dTAG","RepR1","S11","MSR","other"
"287","FJ24-FJ25::chr9:2999602-3038819",29429,29431,1,1,1,"-","G","+",0,0,"-",1,1,"ACGTC","XO_TS54","-dTAG","RepR1","S11","MSR","other"
"288","FJ24-FJ25::chr9:2999602-3038819",29457,29459,1,2,2,"-","G","+",0,0,"-",2,2,"CCGTG","XO_TS54","-dTAG","RepR1","S11","MSR","other"
"289","FJ24-FJ25::chr9:2999602-3038819",29944,29946,1,1,1,"-","G","+",0,0,"-",1,1,"TCGCC","XO_TS54","-dTAG","RepR1","S11","MSR","other"
"290","FJ24-FJ25::chr9:2999602-3038819",30395,30397,1,2,2,"-","G","+",0,0,"-",2,2,"TCGTT","XO_TS54","-dTAG","RepR1","S11","MSR","other"
"291","FJ24-FJ25::chr9:2999602-3038819",31098,31100,1,18,18,"-","G","+",0,0,"-",18,18,"CCGTG","XO_TS54","-dTAG","RepR1","S11","MSR","other"
"292","FJ24-FJ25::chr9:2999602-3038819",31679,31681,0.708,137,97,"-","G","+",0,0,"-",137,97,"CCGTG","XO_TS54","-dTAG","RepR1","S11","MSR","other"
"293","FJ24-FJ25::chr9:2999602-3038819",32615,32617,1,15,15,"-","G","+",0,0,"-",15,15,"CCGTG","XO_TS54","-dTAG","RepR1","S11","MSR","other"
"294","FJ24-FJ25::chr9:2999602-3038819",32849,32851,1,32,32,"B","G","+",2,2,"-",30,30,"TCCGT","XO_TS54","-dTAG","RepR1","S11","MSR","other"
"295","FJ24-FJ25::chr9:2999602-3038819",32867,32869,0.926,27,25,"-","G","+",0,0,"-",27,25,"TCGCC","XO_TS54","-dTAG","RepR1","S11","MSR","other"
"296","FJ24-FJ25::chr9:2999602-3038819",33317,33319,1,13,13,"-","G","+",0,0,"-",13,13,"CCGTG","XO_TS54","-dTAG","RepR1","S11","MSR","other"
"297","FJ24-FJ25::chr9:2999602-3038819",33335,33337,1,8,8,"-","G","+",0,0,"-",8,8,"TCGCC","XO_TS54","-dTAG","RepR1","S11","MSR","other"
"298","FJ24-FJ25::chr9:2999602-3038819",33550,33552,1,1,1,"-","G","+",0,0,"-",1,1,"CCGTG","XO_TS54","-dTAG","RepR1","S11","MSR","other"
"299","FJ24-FJ25::chr9:2999602-3038819",33976,33978,1,2,2,"-","G","+",0,0,"-",2,2,"TCGCT","XO_TS54","-dTAG","RepR1","S11","MSR","other"
"300","FJ24-FJ25::chr9:2999602-3038819",34193,34195,0.897,87,78,"-","G","+",0,0,"-",87,78,"CCGTG","XO_TS54","-dTAG","RepR1","S11","MSR","other"
"301","FJ24-FJ25::chr9:2999602-3038819",34445,34447,0,2,0,"-","G","+",0,0,"-",2,0,"TCGCA","XO_TS54","-dTAG","RepR1","S11","MSR","other"
"302","FJ24-FJ25::chr9:2999602-3038819",34895,34897,0.6,5,3,"-","G","+",0,0,"-",5,3,"CCGTG","XO_TS54","-dTAG","RepR1","S11","MSR","other"
"303","FJ24-FJ25::chr9:2999602-3038819",35381,35383,1,1,1,"-","G","+",0,0,"-",1,1,"TCGCC","XO_TS54","-dTAG","RepR1","S11","MSR","other"
"304","FJ24-FJ25::chr9:2999602-3038819",35423,35425,1,1,1,"-","G","+",0,0,"-",1,1,"ACGTT","XO_TS54","-dTAG","RepR1","S11","MSR","other"
"305","FJ24-FJ25::chr9:2999602-3038819",35454,35456,1,1,1,"-","G","+",0,0,"-",1,1,"ACGTC","XO_TS54","-dTAG","RepR1","S11","MSR","other"
"306","FJ24-FJ25::chr9:2999602-3038819",35597,35599,0.659,208,137,"-","G","+",0,0,"-",208,137,"CCGTG","XO_TS54","-dTAG","RepR1","S11","MSR","other"
"307","FJ24-FJ25::chr9:2999602-3038819",36299,36301,1,2,2,"-","G","+",0,0,"-",2,2,"CCGTG","XO_TS54","-dTAG","RepR1","S11","MSR","other"
"308","FJ24-FJ25::chr9:2999602-3038819",36475,36477,1,4,4,"-","G","+",0,0,"-",4,4,"CCGTG","XO_TS54","-dTAG","RepR1","S11","MSR","other"
"309","FJ24-FJ25::chr9:2999602-3038819",36493,36495,1,2,2,"-","G","+",0,0,"-",2,2,"TCGCC","XO_TS54","-dTAG","RepR1","S11","MSR","other"
"310","FJ24-FJ25::chr9:2999602-3038819",36708,36710,1,2,2,"-","G","+",0,0,"-",2,2,"CCGTG","XO_TS54","-dTAG","RepR1","S11","MSR","other"
"311","FJ24-FJ25::chr9:2999602-3038819",36726,36728,1,2,2,"-","G","+",0,0,"-",2,2,"TCGCC","XO_TS54","-dTAG","RepR1","S11","MSR","other"
"312","FJ24-FJ25::chr9:2999602-3038819",36767,36769,0,1,0,"-","G","+",0,0,"-",1,0,"ACGTT","XO_TS54","-dTAG","RepR1","S11","MSR","other"
"313","FJ24-FJ25::chr9:2999602-3038819",37641,37643,1,8,8,"-","G","+",0,0,"-",8,8,"CCGTG","XO_TS54","-dTAG","RepR1","S11","MSR","other"
"314","FJ24-FJ25::chr9:2999602-3038819",37659,37661,1,6,6,"-","G","+",0,0,"-",6,6,"TCGCC","XO_TS54","-dTAG","RepR1","S11","MSR","other"
"315","FJ24-FJ25::chr9:2999602-3038819",38343,38345,0.8,10,8,"-","G","+",0,0,"-",10,8,"CCGTG","XO_TS54","-dTAG","RepR1","S11","MSR","other"
"316","FJ24-FJ25::chr9:2999602-3038819",38361,38363,1,8,8,"-","G","+",0,0,"-",8,8,"TCGCC","XO_TS54","-dTAG","RepR1","S11","MSR","other"
"317","FJ24-FJ25::chr9:2999602-3038819",38489,38491,1,1,1,"-","G","+",0,0,"-",1,1,"ACGTC","XO_TS54","-dTAG","RepR1","S11","MSR","other"
"318","FJ24-FJ25::chr9:35304805-35306009",436,438,1,5,5,"+","G","+",5,5,"-",0,0,"TGCGA","XO_TS54","-dTAG","RepR1","S11","MSR","other"
"319","FJ24-FJ25::chr9:35304805-35306009",454,456,1,7,7,"+","G","+",7,7,"-",0,0,"CACGG","XO_TS54","-dTAG","RepR1","S11","MSR","other"
"320","FJ24-FJ25::chr9:35304805-35306009",612,614,1,11,11,"+","G","+",11,11,"-",0,0,"GACGA","XO_TS54","-dTAG","RepR1","S11","MSR","other"
"321","FJ24-FJ25::chr9:35304805-35306009",628,630,0.929,14,13,"+","G","+",14,13,"-",0,0,"AACGT","XO_TS54","-dTAG","RepR1","S11","MSR","other"
"322","FJ24-FJ25::chr9:35304805-35306009",688,690,0.946,37,35,"+","G","+",37,35,"-",0,0,"CACGG","XO_TS54","-dTAG","RepR1","S11","MSR","other"
"323","FJ24-FJ25::chr9:35304805-35306009",776,778,0.923,13,12,"+","G","+",13,12,"-",0,0,"GACGT","XO_TS54","-dTAG","RepR1","S11","MSR","other"
"324","FJ24-FJ25::chr9:35304805-35306009",1063,1065,0,2,0,"+","G","+",2,0,"-",0,0,"CCCGG","XO_TS54","-dTAG","RepR1","S11","MSR","other"
"325","FJ28-FJ29.FJ26-FJ27::chrX:103482701-103483891",480,482,0.857,14,12,"+","G","+",14,12,"-",0,0,"CACGG","XO_TS54","-dTAG","RepR1","S11","RE58","RE58_CGI_2"
"326","FJ28-FJ29.FJ26-FJ27::chrX:103482701-103483891",489,491,0.867,15,13,"+","G","+",15,13,"-",0,0,"ACCGC","XO_TS54","-dTAG","RepR1","S11","RE58","RE58_CGI_2"
"327","FJ28-FJ29.FJ26-FJ27::chrX:103482701-103483891",499,501,0.846,13,11,"+","G","+",13,11,"-",0,0,"CACGG","XO_TS54","-dTAG","RepR1","S11","RE58","RE58_CGI_2"
"328","FJ28-FJ29.FJ26-FJ27::chrX:103482701-103483891",506,508,0.867,15,13,"+","G","+",15,13,"-",0,0,"AACGA","XO_TS54","-dTAG","RepR1","S11","RE58","RE58_CGI_2"
"329","FJ28-FJ29.FJ26-FJ27::chrX:103482701-103483891",530,532,0.867,15,13,"+","G","+",15,13,"-",0,0,"GCCGT","XO_TS54","-dTAG","RepR1","S11","RE58","RE58_CGI_2"
"330","FJ28-FJ29.FJ26-FJ27::chrX:103482701-103483891",537,539,0.923,13,12,"+","G","+",13,12,"-",0,0,"CACGC","XO_TS54","-dTAG","RepR1","S11","RE58","RE58_CGI_2"
"331","FJ28-FJ29.FJ26-FJ27::chrX:103482701-103483891",552,554,0.769,13,10,"+","G","+",13,10,"-",0,0,"TCCGC","XO_TS54","-dTAG","RepR1","S11","RE58","RE58_CGI_2"
"332","FJ28-FJ29.FJ26-FJ27::chrX:103482701-103483891",554,556,0.818,11,9,"+","G","+",11,9,"-",0,0,"CGCGG","XO_TS54","-dTAG","RepR1","S11","RE58","RE58_CGI_2"
"333","FJ28-FJ29.FJ26-FJ27::chrX:103482701-103483891",557,559,0.786,14,11,"+","G","+",14,11,"-",0,0,"GGCGC","XO_TS54","-dTAG","RepR1","S11","RE58","RE58_CGI_2"
"334","FJ28-FJ29.FJ26-FJ27::chrX:103482701-103483891",566,568,0.923,13,12,"+","G","+",13,12,"-",0,0,"GGCGG","XO_TS54","-dTAG","RepR1","S11","RE58","RE58_CGI_2"
"335","FJ28-FJ29.FJ26-FJ27::chrX:103482701-103483891",675,677,0.977,86,84,"B","G","+",51,49,"-",35,35,"TACGT","XO_TS54","-dTAG","RepR1","S11","RE58","RE58_CGI_1"
"336","FJ28-FJ29.FJ26-FJ27::chrX:103482701-103483891",694,696,0.942,86,81,"B","G","+",51,46,"-",35,35,"GACGC","XO_TS54","-dTAG","RepR1","S11","RE58","RE58_CGI_1"
"337","FJ28-FJ29.FJ26-FJ27::chrX:103482701-103483891",696,698,0.965,86,83,"B","G","+",51,48,"-",35,35,"CGCGT","XO_TS54","-dTAG","RepR1","S11","RE58","RE58_CGI_1"
"338","FJ28-FJ29.FJ26-FJ27::chrX:103482701-103483891",715,717,0.964,83,80,"B","G","+",50,47,"-",33,33,"TGCGC","XO_TS54","-dTAG","RepR1","S11","RE58","RE58_CGI_1"
"339","FJ28-FJ29.FJ26-FJ27::chrX:103482701-103483891",717,719,0.953,85,81,"B","G","+",51,47,"-",34,34,"CGCGA","XO_TS54","-dTAG","RepR1","S11","RE58","RE58_CGI_1"
"340","FJ28-FJ29.FJ26-FJ27::chrX:103482701-103483891",753,755,0.769,39,30,"B","G","+",14,5,"-",25,25,"AACGT","XO_TS54","-dTAG","RepR1","S11","RE58","RE58_CGI_1"
"341","FJ14-FJ15.FJ10-FJ11::chrX:103481327-103482781",433,435,0.942,2627,2475,"+","G","+",2627,2475,"-",0,0,"TCCGC","XO_TS54","-dTAG","RepR2","S13","RE57","RE57_YY1"
"342","FJ14-FJ15.FJ10-FJ11::chrX:103481327-103482781",520,522,0.974,502,489,"+","G","+",502,489,"-",0,0,"TGCGT","XO_TS54","-dTAG","RepR2","S13","RE57","RE57_YY1"
"343","FJ14-FJ15.FJ10-FJ11::chrX:103481327-103482781",528,530,0.97,470,456,"+","G","+",470,456,"-",0,0,"ACCGC","XO_TS54","-dTAG","RepR2","S13","RE57","RE57_YY1"
"344","FJ14-FJ15.FJ10-FJ11::chrX:103481327-103482781",546,548,0.979,419,410,"+","G","+",419,410,"-",0,0,"GCCGC","XO_TS54","-dTAG","RepR2","S13","RE57","RE57_YY1"
"345","FJ14-FJ15.FJ10-FJ11::chrX:103481327-103482781",563,565,0.98,453,444,"+","G","+",453,444,"-",0,0,"TACGA","XO_TS54","-dTAG","RepR2","S13","RE57","RE57_YY1"
"346","FJ14-FJ15.FJ10-FJ11::chrX:103481327-103482781",617,619,0.976,1488,1452,"+","G","+",1488,1452,"-",0,0,"GTCGA","XO_TS54","-dTAG","RepR2","S13","RE57","RE57_YY1"
"347","FJ14-FJ15.FJ10-FJ11::chrX:103481327-103482781",624,626,0.969,1785,1729,"+","G","+",1785,1729,"-",0,0,"CTCGG","XO_TS54","-dTAG","RepR2","S13","RE57","RE57_YY1"
"348","FJ14-FJ15.FJ10-FJ11::chrX:103481327-103482781",637,639,0.971,1929,1874,"+","G","+",1929,1874,"-",0,0,"CCCGA","XO_TS54","-dTAG","RepR2","S13","RE57","RE57_YY1"
"349","FJ14-FJ15.FJ10-FJ11::chrX:103481327-103482781",642,644,0.937,1971,1846,"+","G","+",1971,1846,"-",0,0,"GCCGC","XO_TS54","-dTAG","RepR2","S13","RE57","RE57_YY1"
"350","FJ14-FJ15.FJ10-FJ11::chrX:103481327-103482781",736,738,0.914,175,160,"+","G","+",175,160,"-",0,0,"CACGC","XO_TS54","-dTAG","RepR2","S13","RE57","RE57_CGI"
"351","FJ14-FJ15.FJ10-FJ11::chrX:103481327-103482781",763,765,0.969,96,93,"+","G","+",96,93,"-",0,0,"TGCGG","XO_TS54","-dTAG","RepR2","S13","RE57","RE57_CGI"
"352","FJ14-FJ15.FJ10-FJ11::chrX:103481327-103482781",770,772,0.907,86,78,"+","G","+",86,78,"-",0,0,"TCCGC","XO_TS54","-dTAG","RepR2","S13","RE57","RE57_CGI"
"353","FJ14-FJ15.FJ10-FJ11::chrX:103481327-103482781",772,774,0.939,82,77,"+","G","+",82,77,"-",0,0,"CGCGC","XO_TS54","-dTAG","RepR2","S13","RE57","RE57_CGI"
"354","FJ14-FJ15.FJ10-FJ11::chrX:103481327-103482781",780,782,0.986,71,70,"+","G","+",71,70,"-",0,0,"ACCGC","XO_TS54","-dTAG","RepR2","S13","RE57","RE57_CGI"
"355","FJ14-FJ15.FJ10-FJ11::chrX:103481327-103482781",792,794,0.902,61,55,"+","G","+",61,55,"-",0,0,"TACGA","XO_TS54","-dTAG","RepR2","S13","RE57","RE57_CGI"
"356","FJ14-FJ15.FJ10-FJ11::chrX:103481327-103482781",817,819,0.889,27,24,"+","G","+",27,24,"-",0,0,"TCCGG","XO_TS54","-dTAG","RepR2","S13","RE57","RE57_CGI"
"357","FJ14-FJ15.FJ10-FJ11::chrX:103481327-103482781",832,834,0.947,19,18,"+","G","+",19,18,"-",0,0,"CCCGC","XO_TS54","-dTAG","RepR2","S13","RE57","RE57_CGI"
"358","FJ14-FJ15.FJ10-FJ11::chrX:103481327-103482781",856,858,1,4,4,"+","G","+",4,4,"-",0,0,"GGCGA","XO_TS54","-dTAG","RepR2","S13","RE57","intermediate_RE57"
"359","FJ14-FJ15.FJ10-FJ11::chrX:103481327-103482781",863,865,1,6,6,"+","G","+",6,6,"-",0,0,"CCCGC","XO_TS54","-dTAG","RepR2","S13","RE57","intermediate_RE57"
"360","FJ14-FJ15.FJ10-FJ11::chrX:103481327-103482781",871,873,1,14,14,"+","G","+",14,14,"-",0,0,"CCCGC","XO_TS54","-dTAG","RepR2","S13","RE57","intermediate_RE57"
"361","FJ14-FJ15.FJ10-FJ11::chrX:103481327-103482781",899,901,1,42,42,"+","G","+",42,42,"-",0,0,"AGCGC","XO_TS54","-dTAG","RepR2","S13","RE57","intermediate_RE57"
"362","FJ14-FJ15.FJ10-FJ11::chrX:103481327-103482781",904,906,0.982,56,55,"+","G","+",56,55,"-",0,0,"AGCGC","XO_TS54","-dTAG","RepR2","S13","RE57","intermediate_RE57"
"363","FJ14-FJ15.FJ10-FJ11::chrX:103481327-103482781",929,931,0.963,136,131,"+","G","+",136,131,"-",0,0,"TCCGC","XO_TS54","-dTAG","RepR2","S13","RE57","RE57_CGI"
"364","FJ14-FJ15.FJ10-FJ11::chrX:103481327-103482781",941,943,0.995,184,183,"+","G","+",184,183,"-",0,0,"CTCGG","XO_TS54","-dTAG","RepR2","S13","RE57","RE57_CGI"
"365","FJ14-FJ15.FJ10-FJ11::chrX:103481327-103482781",959,961,0.981,313,307,"+","G","+",313,307,"-",0,0,"GGCGT","XO_TS54","-dTAG","RepR2","S13","RE57","RE57_CGI"
"366","FJ14-FJ15.FJ10-FJ11::chrX:103481327-103482781",970,972,0.985,395,389,"+","G","+",395,389,"-",0,0,"CTCGA","XO_TS54","-dTAG","RepR2","S13","RE57","RE57_CGI"
"367","FJ14-FJ15.FJ10-FJ11::chrX:103481327-103482781",980,982,0.991,442,438,"+","G","+",442,438,"-",0,0,"GCCGT","XO_TS54","-dTAG","RepR2","S13","RE57","RE57_CGI"
"368","FJ14-FJ15.FJ10-FJ11::chrX:103481327-103482781",987,989,0.989,474,469,"+","G","+",474,469,"-",0,0,"CACGC","XO_TS54","-dTAG","RepR2","S13","RE57","RE57_CGI"
"369","FJ14-FJ15.FJ10-FJ11::chrX:103481327-103482781",1004,1006,0.982,545,535,"+","G","+",545,535,"-",0,0,"GGCGG","XO_TS54","-dTAG","RepR2","S13","RE57","RE57_CGI"
"370","FJ14-FJ15.FJ10-FJ11::chrX:103481327-103482781",1008,1010,0.984,552,543,"+","G","+",552,543,"-",0,0,"GACGC","XO_TS54","-dTAG","RepR2","S13","RE57","RE57_CGI"
"371","FJ14-FJ15.FJ10-FJ11::chrX:103481327-103482781",1010,1012,0.946,533,504,"+","G","+",533,504,"-",0,0,"CGCGG","XO_TS54","-dTAG","RepR2","S13","RE57","RE57_CGI"
"372","FJ14-FJ15.FJ10-FJ11::chrX:103481327-103482781",1021,1023,0.98,561,550,"+","G","+",561,550,"-",0,0,"CACGC","XO_TS54","-dTAG","RepR2","S13","RE57","RE57_CGI"
"373","FJ24-FJ25.FJ24-FJ25.FJ24-FJ25.FJ24-FJ25.FJ24-FJ25.FJ24-FJ25.FJ24-FJ25.FJ24-FJ25::chrX:75658294-75672942",71,73,0,2,0,"+","G","+",2,0,"-",0,0,"ACCGA","XO_TS54","-dTAG","RepR2","S13","MSR","other"
"374","FJ24-FJ25.FJ24-FJ25.FJ24-FJ25.FJ24-FJ25.FJ24-FJ25.FJ24-FJ25.FJ24-FJ25.FJ24-FJ25::chrX:75658294-75672942",212,214,0.364,33,12,"+","G","+",33,12,"-",0,0,"CCCGG","XO_TS54","-dTAG","RepR2","S13","MSR","other"
"375","FJ24-FJ25.FJ24-FJ25.FJ24-FJ25.FJ24-FJ25.FJ24-FJ25.FJ24-FJ25.FJ24-FJ25.FJ24-FJ25::chrX:75658294-75672942",6296,6298,0,2,0,"+","G","+",2,0,"-",0,0,"AACGC","XO_TS54","-dTAG","RepR2","S13","MSR","other"
"376","FJ24-FJ25.FJ24-FJ25.FJ24-FJ25::chrX:75646518-75653780",131,133,0.857,35,30,"B","G","+",6,5,"-",29,25,"CCCGG","XO_TS54","-dTAG","RepR2","S13","MSR","other"
"377","FJ24-FJ25.FJ24-FJ25.FJ24-FJ25::chrX:75646518-75653780",177,179,0.78,41,32,"B","G","+",33,25,"-",8,7,"GGCGG","XO_TS54","-dTAG","RepR2","S13","MSR","other"
"378","FJ24-FJ25.FJ24-FJ25.FJ24-FJ25::chrX:75646518-75653780",210,212,0.333,3,1,"B","G","+",2,0,"-",1,1,"CACGC","XO_TS54","-dTAG","RepR2","S13","MSR","other"
"379","FJ24-FJ25.FJ24-FJ25.FJ24-FJ25::chrX:75646518-75653780",1181,1183,1,1,1,"-","G","+",0,0,"-",1,1,"TCGCC","XO_TS54","-dTAG","RepR2","S13","MSR","other"
"380","FJ24-FJ25.FJ24-FJ25.FJ24-FJ25::chrX:75646518-75653780",7048,7050,0.562,32,18,"B","G","+",7,7,"-",25,11,"TCCGG","XO_TS54","-dTAG","RepR2","S13","MSR","other"
"381","FJ24-FJ25.FJ24-FJ25.FJ24-FJ25::chrX:75646518-75653780",7189,7191,0,2,0,"-","G","+",0,0,"-",2,0,"TCGGT","XO_TS54","-dTAG","RepR2","S13","MSR","other"
"382","FJ24-FJ25.FJ24-FJ25.FJ24-FJ25::chrX:75653690-75658384",131,133,0.786,28,22,"B","G","+",7,7,"-",21,15,"CCCGG","XO_TS54","-dTAG","RepR2","S13","MSR","other"
"383","FJ24-FJ25.FJ24-FJ25.FJ24-FJ25::chrX:75653690-75658384",177,179,0.714,28,20,"B","G","+",15,9,"-",13,11,"GGCGG","XO_TS54","-dTAG","RepR2","S13","MSR","other"
"384","FJ24-FJ25.FJ24-FJ25.FJ24-FJ25::chrX:75653690-75658384",210,212,1,2,2,"-","G","+",0,0,"-",2,2,"ACGCA","XO_TS54","-dTAG","RepR2","S13","MSR","other"
"385","FJ24-FJ25.FJ24-FJ25.FJ24-FJ25::chrX:75653690-75658384",4482,4484,0.714,7,5,"B","G","+",5,3,"-",2,2,"TGCGT","XO_TS54","-dTAG","RepR2","S13","MSR","other"
"386","FJ24-FJ25.FJ24-FJ25.FJ24-FJ25::chrX:75653690-75658384",4515,4517,1,20,20,"B","G","+",7,7,"-",13,13,"GCCGC","XO_TS54","-dTAG","RepR2","S13","MSR","other"
"387","FJ24-FJ25.FJ24-FJ25.FJ24-FJ25::chrX:75653690-75658384",4561,4563,0.675,40,27,"B","G","+",33,24,"-",7,3,"TCCGG","XO_TS54","-dTAG","RepR2","S13","MSR","other"
"388","FJ24-FJ25.FJ24-FJ25.FJ24-FJ25::chrX:75653690-75658384",4675,4677,0,1,0,"+","G","+",1,0,"-",0,0,"ACCGA","XO_TS54","-dTAG","RepR2","S13","MSR","other"
"389","FJ24-FJ25.FJ24-FJ25::chr11:3099610-3105149",1675,1677,1,1,1,"-","G","+",0,0,"-",1,1,"TCGCC","XO_TS54","-dTAG","RepR2","S13","MSR","other"
"390","FJ24-FJ25.FJ24-FJ25::chr11:3099610-3105149",2123,2125,1,1,1,"+","G","+",1,1,"-",0,0,"CACGA","XO_TS54","-dTAG","RepR2","S13","MSR","other"
"391","FJ24-FJ25.FJ24-FJ25::chr11:3099610-3105149",2139,2141,1,1,1,"+","G","+",1,1,"-",0,0,"CTCGC","XO_TS54","-dTAG","RepR2","S13","MSR","other"
"392","FJ24-FJ25.FJ24-FJ25::chr11:3099610-3105149",5187,5189,1,2,2,"+","G","+",2,2,"-",0,0,"GGCGC","XO_TS54","-dTAG","RepR2","S13","MSR","other"
"393","FJ24-FJ25.FJ24-FJ25::chr11:3099610-3105149",5227,5229,1,2,2,"+","G","+",2,2,"-",0,0,"TGCGC","XO_TS54","-dTAG","RepR2","S13","MSR","other"
"394","FJ24-FJ25.FJ24-FJ25::chr11:3099610-3105149",5461,5463,1,1,1,"-","G","+",0,0,"-",1,1,"TCGTC","XO_TS54","-dTAG","RepR2","S13","MSR","other"
"395","FJ24-FJ25.FJ24-FJ25::chr11:3099610-3105149",5467,5469,1,1,1,"-","G","+",0,0,"-",1,1,"TCGTT","XO_TS54","-dTAG","RepR2","S13","MSR","other"
"396","FJ24-FJ25.FJ24-FJ25::chr11:3099610-3105149",5473,5475,1,1,1,"-","G","+",0,0,"-",1,1,"GCGAG","XO_TS54","-dTAG","RepR2","S13","MSR","other"
"397","FJ24-FJ25.FJ24-FJ25::chr2:98661834-98663393",429,431,0.911,281,256,"B","G","+",3,3,"-",278,253,"CACGT","XO_TS54","-dTAG","RepR2","S13","MSR","other"
"398","FJ24-FJ25.FJ24-FJ25::chr2:98661834-98663393",445,447,0.954,351,335,"B","G","+",5,5,"-",346,330,"TTCGT","XO_TS54","-dTAG","RepR2","S13","MSR","other"
"399","FJ24-FJ25.FJ24-FJ25::chr2:98661834-98663393",460,462,0.943,386,364,"B","G","+",7,7,"-",379,357,"GTCGT","XO_TS54","-dTAG","RepR2","S13","MSR","other"
"400","FJ24-FJ25.FJ24-FJ25::chr2:98661834-98663393",515,517,0.935,417,390,"B","G","+",1,1,"-",416,389,"CACGT","XO_TS54","-dTAG","RepR2","S13","MSR","other"
"401","FJ24-FJ25.FJ24-FJ25::chr2:98661834-98663393",575,577,1,20,20,"B","G","+",9,9,"-",11,11,"CACGT","XO_TS54","-dTAG","RepR2","S13","MSR","other"
"402","FJ24-FJ25.FJ24-FJ25::chr2:98661834-98663393",603,605,0.936,156,146,"B","G","+",13,13,"-",143,133,"TCCGT","XO_TS54","-dTAG","RepR2","S13","MSR","other"
"403","FJ24-FJ25.FJ24-FJ25::chr2:98661834-98663393",621,623,0.942,138,130,"B","G","+",12,12,"-",126,118,"CTCGC","XO_TS54","-dTAG","RepR2","S13","MSR","other"
"404","FJ24-FJ25.FJ24-FJ25::chr2:98661834-98663393",663,665,1,4,4,"-","G","+",0,0,"-",4,4,"ACGTA","XO_TS54","-dTAG","RepR2","S13","MSR","other"
"405","FJ24-FJ25.FJ24-FJ25::chr2:98661834-98663393",721,723,1,2,2,"+","G","+",2,2,"-",0,0,"CCCGT","XO_TS54","-dTAG","RepR2","S13","MSR","other"
"406","FJ24-FJ25.FJ24-FJ25::chr2:98661834-98663393",730,732,1,3,3,"+","G","+",3,3,"-",0,0,"AACGA","XO_TS54","-dTAG","RepR2","S13","MSR","other"
"407","FJ24-FJ25.FJ24-FJ25::chr2:98661834-98663393",766,768,0,2,0,"+","G","+",2,0,"-",0,0,"TACGT","XO_TS54","-dTAG","RepR2","S13","MSR","other"
"408","FJ24-FJ25.FJ24-FJ25::chr2:98661834-98663393",841,843,1,7,7,"B","G","+",2,2,"-",5,5,"CCCGT","XO_TS54","-dTAG","RepR2","S13","MSR","other"
"409","FJ24-FJ25.FJ24-FJ25::chr2:98661834-98663393",850,852,0.857,7,6,"B","G","+",1,1,"-",6,5,"AACGA","XO_TS54","-dTAG","RepR2","S13","MSR","other"
"410","FJ24-FJ25.FJ24-FJ25::chr2:98661834-98663393",959,961,1,3,3,"-","G","+",0,0,"-",3,3,"CCGGT","XO_TS54","-dTAG","RepR2","S13","MSR","other"
"411","FJ24-FJ25.FJ24-FJ25::chr2:98661834-98663393",969,971,1,1,1,"-","G","+",0,0,"-",1,1,"ACGTA","XO_TS54","-dTAG","RepR2","S13","MSR","other"
"412","FJ24-FJ25.FJ24-FJ25::chr2:98661834-98663393",992,994,0,1,0,"+","G","+",1,0,"-",0,0,"CTCGG","XO_TS54","-dTAG","RepR2","S13","MSR","other"
"413","FJ24-FJ25.FJ24-FJ25::chr2:98661834-98663393",1021,1023,0.953,3608,3439,"+","G","+",3608,3439,"-",0,0,"GACGT","XO_TS54","-dTAG","RepR2","S13","MSR","other"
"414","FJ24-FJ25.FJ24-FJ25::chr2:98661834-98663393",1068,1070,0.8,15,12,"B","G","+",14,12,"-",1,0,"ATCGA","XO_TS54","-dTAG","RepR2","S13","MSR","other"
"415","FJ24-FJ25.FJ24-FJ25::chr2:98661834-98663393",1076,1078,0.933,269,251,"B","G","+",265,247,"-",4,4,"GACGA","XO_TS54","-dTAG","RepR2","S13","MSR","other"
"416","FJ24-FJ25.FJ24-FJ25::chr2:98661834-98663393",1091,1093,0.945,182,172,"B","G","+",176,169,"-",6,3,"GACGA","XO_TS54","-dTAG","RepR2","S13","MSR","other"
"417","FJ24-FJ25.FJ24-FJ25::chr2:98661834-98663393",1107,1109,0.919,123,113,"B","G","+",120,110,"-",3,3,"TACGT","XO_TS54","-dTAG","RepR2","S13","MSR","other"
"418","FJ24-FJ25::chr12:3109471-3110521",411,413,0.875,8,7,"B","G","+",5,4,"-",3,3,"CACGG","XO_TS54","-dTAG","RepR2","S13","MSR","other"
"419","FJ24-FJ25::chr12:3109471-3110521",439,441,0.833,30,25,"B","G","+",25,20,"-",5,5,"GACGT","XO_TS54","-dTAG","RepR2","S13","MSR","other"
"420","FJ24-FJ25::chr12:3109471-3110521",451,453,0.857,42,36,"B","G","+",38,34,"-",4,2,"GGCGA","XO_TS54","-dTAG","RepR2","S13","MSR","other"
"421","FJ24-FJ25::chr12:3109471-3110521",554,556,0.941,34,32,"+","G","+",34,32,"-",0,0,"GACGA","XO_TS54","-dTAG","RepR2","S13","MSR","other"
"422","FJ24-FJ25::chr12:3109471-3110521",627,629,1,2,2,"+","G","+",2,2,"-",0,0,"GGCGA","XO_TS54","-dTAG","RepR2","S13","MSR","other"
"423","FJ24-FJ25::chr12:67058771-67060356",648,650,0.889,9,8,"+","G","+",9,8,"-",0,0,"GGCGA","XO_TS54","-dTAG","RepR2","S13","MSR","other"
"424","FJ24-FJ25::chr12:74803437-74804905",495,497,1,2,2,"-","G","+",0,0,"-",2,2,"TCGCC","XO_TS54","-dTAG","RepR2","S13","MSR","other"
"425","FJ24-FJ25::chr12:74803437-74804905",825,827,1,4,4,"-","G","+",0,0,"-",4,4,"ACGTT","XO_TS54","-dTAG","RepR2","S13","MSR","other"
"426","FJ24-FJ25::chr12:74803437-74804905",941,943,1,1,1,"-","G","+",0,0,"-",1,1,"ACGTT","XO_TS54","-dTAG","RepR2","S13","MSR","other"
"427","FJ24-FJ25::chr12:74803437-74804905",999,1001,1,1,1,"-","G","+",0,0,"-",1,1,"ACGTT","XO_TS54","-dTAG","RepR2","S13","MSR","other"
"428","FJ24-FJ25::chr12:74803437-74804905",1016,1018,1,1,1,"-","G","+",0,0,"-",1,1,"TCGCC","XO_TS54","-dTAG","RepR2","S13","MSR","other"
"429","FJ24-FJ25::chr13:6404233-6405143",472,474,1,2,2,"+","G","+",2,2,"-",0,0,"GGCGA","XO_TS54","-dTAG","RepR2","S13","MSR","other"
"430","FJ24-FJ25::chr13:6404233-6405143",488,490,1,1,1,"+","G","+",1,1,"-",0,0,"AACGA","XO_TS54","-dTAG","RepR2","S13","MSR","other"
"431","FJ24-FJ25::chr13:77438509-77439457",415,417,1,20,20,"-","G","+",0,0,"-",20,20,"TCGTC","XO_TS54","-dTAG","RepR2","S13","MSR","other"
"432","FJ24-FJ25::chr13:77438509-77439457",430,432,1,23,23,"-","G","+",0,0,"-",23,23,"TCGTC","XO_TS54","-dTAG","RepR2","S13","MSR","other"
"433","FJ24-FJ25::chr14:19415282-19420102",457,459,0.964,110,106,"+","G","+",110,106,"-",0,0,"GGCGA","XO_TS54","-dTAG","RepR2","S13","MSR","other"
"434","FJ24-FJ25::chr14:19415282-19420102",475,477,0.93,142,132,"+","G","+",142,132,"-",0,0,"CACGG","XO_TS54","-dTAG","RepR2","S13","MSR","other"
"435","FJ24-FJ25::chr14:19415282-19420102",503,505,1,5,5,"+","G","+",5,5,"-",0,0,"GACGT","XO_TS54","-dTAG","RepR2","S13","MSR","other"
"436","FJ24-FJ25::chr14:19415282-19420102",515,517,1,4,4,"+","G","+",4,4,"-",0,0,"GTCGA","XO_TS54","-dTAG","RepR2","S13","MSR","other"
"437","FJ24-FJ25::chr14:19415282-19420102",618,620,0.938,65,61,"B","G","+",58,54,"-",7,7,"GACGA","XO_TS54","-dTAG","RepR2","S13","MSR","other"
"438","FJ24-FJ25::chr14:19415282-19420102",633,635,0.917,24,22,"B","G","+",19,17,"-",5,5,"GACGA","XO_TS54","-dTAG","RepR2","S13","MSR","other"
"439","FJ24-FJ25::chr14:19415282-19420102",691,693,0.967,90,87,"+","G","+",90,87,"-",0,0,"GGCGA","XO_TS54","-dTAG","RepR2","S13","MSR","other"
"440","FJ24-FJ25::chr14:19415282-19420102",709,711,0.957,116,111,"+","G","+",116,111,"-",0,0,"CACGG","XO_TS54","-dTAG","RepR2","S13","MSR","other"
"441","FJ24-FJ25::chr14:19415282-19420102",809,811,1,4,4,"+","G","+",4,4,"-",0,0,"GTCGA","XO_TS54","-dTAG","RepR2","S13","MSR","other"
"442","FJ24-FJ25::chr14:19415282-19420102",852,854,1,2,2,"-","G","+",0,0,"-",2,2,"ACGAC","XO_TS54","-dTAG","RepR2","S13","MSR","other"
"443","FJ24-FJ25::chr14:19415282-19420102",883,885,1,2,2,"-","G","+",0,0,"-",2,2,"ACGTG","XO_TS54","-dTAG","RepR2","S13","MSR","other"
"444","FJ24-FJ25::chr14:19415282-19420102",963,965,1,6,6,"+","G","+",6,6,"-",0,0,"CTCGT","XO_TS54","-dTAG","RepR2","S13","MSR","other"
"445","FJ24-FJ25::chr14:19415282-19420102",1060,1062,0.667,3,2,"+","G","+",3,2,"-",0,0,"CACGA","XO_TS54","-dTAG","RepR2","S13","MSR","other"
"446","FJ24-FJ25::chr14:19415282-19420102",1219,1221,1,1,1,"-","G","+",0,0,"-",1,1,"ACGAA","XO_TS54","-dTAG","RepR2","S13","MSR","other"
"447","FJ24-FJ25::chr14:19415282-19420102",1276,1278,0.939,114,107,"+","G","+",114,107,"-",0,0,"GGCGA","XO_TS54","-dTAG","RepR2","S13","MSR","other"
"448","FJ24-FJ25::chr14:19415282-19420102",1294,1296,0.897,204,183,"+","G","+",204,183,"-",0,0,"CACGG","XO_TS54","-dTAG","RepR2","S13","MSR","other"
"449","FJ24-FJ25::chr14:19415282-19420102",1436,1438,1,2,2,"+","G","+",2,2,"-",0,0,"GACGA","XO_TS54","-dTAG","RepR2","S13","MSR","other"
"450","FJ24-FJ25::chr14:19415282-19420102",1451,1453,1,1,1,"+","G","+",1,1,"-",0,0,"GACGA","XO_TS54","-dTAG","RepR2","S13","MSR","other"
"451","FJ24-FJ25::chr14:19415282-19420102",1509,1511,0.96,50,48,"+","G","+",50,48,"-",0,0,"GGCGA","XO_TS54","-dTAG","RepR2","S13","MSR","other"
"452","FJ24-FJ25::chr14:19415282-19420102",1527,1529,0.962,79,76,"+","G","+",79,76,"-",0,0,"CTCGG","XO_TS54","-dTAG","RepR2","S13","MSR","other"
"453","FJ24-FJ25::chr14:19415282-19420102",1628,1630,0.667,3,2,"+","G","+",3,2,"-",0,0,"AGCGA","XO_TS54","-dTAG","RepR2","S13","MSR","other"
"454","FJ24-FJ25::chr14:19415282-19420102",1671,1673,1,34,34,"B","G","+",16,16,"-",18,18,"GACGA","XO_TS54","-dTAG","RepR2","S13","MSR","other"
"455","FJ24-FJ25::chr14:19415282-19420102",1686,1688,0.953,43,41,"B","G","+",22,21,"-",21,20,"GACGA","XO_TS54","-dTAG","RepR2","S13","MSR","other"
"456","FJ24-FJ25::chr14:19415282-19420102",1702,1704,0.941,34,32,"B","G","+",20,18,"-",14,14,"AACGT","XO_TS54","-dTAG","RepR2","S13","MSR","other"
"457","FJ24-FJ25::chr14:19415282-19420102",1744,1746,0.923,13,12,"+","G","+",13,12,"-",0,0,"GGCGA","XO_TS54","-dTAG","RepR2","S13","MSR","other"
"458","FJ24-FJ25::chr14:19415282-19420102",1762,1764,1,8,8,"+","G","+",8,8,"-",0,0,"CACGG","XO_TS54","-dTAG","RepR2","S13","MSR","other"
"459","FJ24-FJ25::chr14:19415282-19420102",1819,1821,1,5,5,"+","G","+",5,5,"-",0,0,"ATCGT","XO_TS54","-dTAG","RepR2","S13","MSR","other"
"460","FJ24-FJ25::chr14:19415282-19420102",1861,1863,1,20,20,"+","G","+",20,20,"-",0,0,"GGCGA","XO_TS54","-dTAG","RepR2","S13","MSR","other"
"461","FJ24-FJ25::chr14:19415282-19420102",1879,1881,0.909,22,20,"+","G","+",22,20,"-",0,0,"CACGG","XO_TS54","-dTAG","RepR2","S13","MSR","other"
"462","FJ24-FJ25::chr14:19415282-19420102",1939,1941,0,4,0,"+","G","+",4,0,"-",0,0,"GTCGA","XO_TS54","-dTAG","RepR2","S13","MSR","other"
"463","FJ24-FJ25::chr14:19415282-19420102",2022,2024,0.941,239,225,"B","G","+",224,211,"-",15,14,"GACGA","XO_TS54","-dTAG","RepR2","S13","MSR","other"
"464","FJ24-FJ25::chr14:19415282-19420102",2037,2039,0.957,185,177,"B","G","+",169,161,"-",16,16,"GACGA","XO_TS54","-dTAG","RepR2","S13","MSR","other"
"465","FJ24-FJ25::chr14:19415282-19420102",2053,2055,0.913,149,136,"B","G","+",136,124,"-",13,12,"AACGT","XO_TS54","-dTAG","RepR2","S13","MSR","other"
"466","FJ24-FJ25::chr14:19415282-19420102",2095,2097,0.765,17,13,"+","G","+",17,13,"-",0,0,"GGCGA","XO_TS54","-dTAG","RepR2","S13","MSR","other"
"467","FJ24-FJ25::chr14:19415282-19420102",2230,2232,0.89,200,178,"+","G","+",200,178,"-",0,0,"CACGG","XO_TS54","-dTAG","RepR2","S13","MSR","other"
"468","FJ24-FJ25::chr14:19415282-19420102",2370,2372,0,39,0,"+","G","+",39,0,"-",0,0,"CTCGA","XO_TS54","-dTAG","RepR2","S13","MSR","other"
"469","FJ24-FJ25::chr14:19415282-19420102",2404,2406,1,9,9,"+","G","+",9,9,"-",0,0,"AACGT","XO_TS54","-dTAG","RepR2","S13","MSR","other"
"470","FJ24-FJ25::chr14:19415282-19420102",2437,2439,1,2,2,"+","G","+",2,2,"-",0,0,"CTCGA","XO_TS54","-dTAG","RepR2","S13","MSR","other"
"471","FJ24-FJ25::chr14:19415282-19420102",2446,2448,0.9,10,9,"+","G","+",10,9,"-",0,0,"GGCGA","XO_TS54","-dTAG","RepR2","S13","MSR","other"
"472","FJ24-FJ25::chr14:19415282-19420102",2464,2466,0.889,9,8,"+","G","+",9,8,"-",0,0,"CACGG","XO_TS54","-dTAG","RepR2","S13","MSR","other"
"473","FJ24-FJ25::chr14:19415282-19420102",2491,2493,1,1,1,"+","G","+",1,1,"-",0,0,"GACGG","XO_TS54","-dTAG","RepR2","S13","MSR","other"
"474","FJ24-FJ25::chr14:19415282-19420102",2503,2505,1,2,2,"+","G","+",2,2,"-",0,0,"GGCGA","XO_TS54","-dTAG","RepR2","S13","MSR","other"
"475","FJ24-FJ25::chr14:19415282-19420102",2606,2608,0.932,88,82,"B","G","+",80,74,"-",8,8,"GACGA","XO_TS54","-dTAG","RepR2","S13","MSR","other"
"476","FJ24-FJ25::chr14:19415282-19420102",2621,2623,0.939,33,31,"B","G","+",28,26,"-",5,5,"GACGA","XO_TS54","-dTAG","RepR2","S13","MSR","other"
"477","FJ24-FJ25::chr14:19415282-19420102",2637,2639,0.938,16,15,"B","G","+",15,14,"-",1,1,"AACGT","XO_TS54","-dTAG","RepR2","S13","MSR","other"
"478","FJ24-FJ25::chr14:19415282-19420102",2678,2680,1,2,2,"+","G","+",2,2,"-",0,0,"GGCGA","XO_TS54","-dTAG","RepR2","S13","MSR","other"
"479","FJ24-FJ25::chr14:19415282-19420102",2853,2855,0.9,10,9,"B","G","+",7,6,"-",3,3,"GACGA","XO_TS54","-dTAG","RepR2","S13","MSR","other"
"480","FJ24-FJ25::chr14:19415282-19420102",2929,2931,0.607,1294,786,"+","G","+",1294,786,"-",0,0,"CACGG","XO_TS54","-dTAG","RepR2","S13","MSR","other"
"481","FJ24-FJ25::chr14:19415282-19420102",3072,3074,1,2,2,"+","G","+",2,2,"-",0,0,"GACGA","XO_TS54","-dTAG","RepR2","S13","MSR","other"
"482","FJ24-FJ25::chr14:19415282-19420102",3087,3089,1,2,2,"+","G","+",2,2,"-",0,0,"GACGG","XO_TS54","-dTAG","RepR2","S13","MSR","other"
"483","FJ24-FJ25::chr14:19415282-19420102",3103,3105,1,1,1,"+","G","+",1,1,"-",0,0,"AACGT","XO_TS54","-dTAG","RepR2","S13","MSR","other"
"484","FJ24-FJ25::chr14:19415282-19420102",3163,3165,1,11,11,"+","G","+",11,11,"-",0,0,"CACGA","XO_TS54","-dTAG","RepR2","S13","MSR","other"
"485","FJ24-FJ25::chr14:19415282-19420102",3190,3192,1,1,1,"+","G","+",1,1,"-",0,0,"GACGT","XO_TS54","-dTAG","RepR2","S13","MSR","other"
"486","FJ24-FJ25::chr14:19415282-19420102",3305,3307,1,9,9,"B","G","+",5,5,"-",4,4,"GACGA","XO_TS54","-dTAG","RepR2","S13","MSR","other"
"487","FJ24-FJ25::chr14:19415282-19420102",3320,3322,1,12,12,"B","G","+",8,8,"-",4,4,"GACGA","XO_TS54","-dTAG","RepR2","S13","MSR","other"
"488","FJ24-FJ25::chr14:19415282-19420102",3336,3338,1,9,9,"B","G","+",6,6,"-",3,3,"AACGT","XO_TS54","-dTAG","RepR2","S13","MSR","other"
"489","FJ24-FJ25::chr14:19415282-19420102",3386,3388,1,3,3,"+","G","+",3,3,"-",0,0,"AACGG","XO_TS54","-dTAG","RepR2","S13","MSR","other"
"490","FJ24-FJ25::chr14:19415282-19420102",3396,3398,1,2,2,"+","G","+",2,2,"-",0,0,"CACGG","XO_TS54","-dTAG","RepR2","S13","MSR","other"
"491","FJ24-FJ25::chr14:19415282-19420102",3416,3418,0,1,0,"+","G","+",1,0,"-",0,0,"CACGT","XO_TS54","-dTAG","RepR2","S13","MSR","other"
"492","FJ24-FJ25::chr14:19415282-19420102",3495,3497,1,17,17,"B","G","+",15,15,"-",2,2,"GGCGA","XO_TS54","-dTAG","RepR2","S13","MSR","other"
"493","FJ24-FJ25::chr14:19415282-19420102",3513,3515,0.688,16,11,"B","G","+",14,9,"-",2,2,"CACGG","XO_TS54","-dTAG","RepR2","S13","MSR","other"
"494","FJ24-FJ25::chr14:19415282-19420102",3541,3543,1,1,1,"-","G","+",0,0,"-",1,1,"ACGTG","XO_TS54","-dTAG","RepR2","S13","MSR","other"
"495","FJ24-FJ25::chr14:19415282-19420102",3553,3555,1,2,2,"-","G","+",0,0,"-",2,2,"GCGAG","XO_TS54","-dTAG","RepR2","S13","MSR","other"
"496","FJ24-FJ25::chr14:19415282-19420102",3656,3658,1,6,6,"B","G","+",4,4,"-",2,2,"GACGA","XO_TS54","-dTAG","RepR2","S13","MSR","other"
"497","FJ24-FJ25::chr14:19415282-19420102",3671,3673,1,5,5,"B","G","+",3,3,"-",2,2,"GACGA","XO_TS54","-dTAG","RepR2","S13","MSR","other"
"498","FJ24-FJ25::chr14:19415282-19420102",3687,3689,1,4,4,"B","G","+",3,3,"-",1,1,"AACGT","XO_TS54","-dTAG","RepR2","S13","MSR","other"
"499","FJ24-FJ25::chr14:19415282-19420102",3729,3731,1,1,1,"+","G","+",1,1,"-",0,0,"GGCGA","XO_TS54","-dTAG","RepR2","S13","MSR","other"
"500","FJ24-FJ25::chr14:19415282-19420102",3963,3965,0.857,7,6,"+","G","+",7,6,"-",0,0,"GGCGA","XO_TS54","-dTAG","RepR2","S13","MSR","other"
"501","FJ24-FJ25::chr14:19415282-19420102",3981,3983,1,7,7,"+","G","+",7,7,"-",0,0,"CACGG","XO_TS54","-dTAG","RepR2","S13","MSR","other"
"502","FJ24-FJ25::chr14:19415282-19420102",4124,4126,0.714,7,5,"+","G","+",7,5,"-",0,0,"GACGA","XO_TS54","-dTAG","RepR2","S13","MSR","other"
"503","FJ24-FJ25::chr14:19415282-19420102",4155,4157,0.5,4,2,"+","G","+",4,2,"-",0,0,"AACGT","XO_TS54","-dTAG","RepR2","S13","MSR","other"
"504","FJ24-FJ25::chr14:19415282-19420102",4166,4168,1,1,1,"+","G","+",1,1,"-",0,0,"TGCGA","XO_TS54","-dTAG","RepR2","S13","MSR","other"
"505","FJ24-FJ25::chr14:19415282-19420102",4332,4334,0.833,12,10,"+","G","+",12,10,"-",0,0,"CACGA","XO_TS54","-dTAG","RepR2","S13","MSR","other"
"506","FJ24-FJ25::chr19:23357022-23357993",438,440,1,2,2,"+","G","+",2,2,"-",0,0,"GGCGA","XO_TS54","-dTAG","RepR2","S13","MSR","other"
"507","FJ24-FJ25::chr2:98663241-98664491",474,476,1,23,23,"B","G","+",4,4,"-",19,19,"TCCGT","XO_TS54","-dTAG","RepR2","S13","MSR","other"
"508","FJ24-FJ25::chr2:98663241-98664491",533,535,1,12,12,"-","G","+",0,0,"-",12,12,"ACGTT","XO_TS54","-dTAG","RepR2","S13","MSR","other"
"509","FJ24-FJ25::chr2:98663241-98664491",665,667,1,2,2,"+","G","+",2,2,"-",0,0,"CTCGT","XO_TS54","-dTAG","RepR2","S13","MSR","other"
"510","FJ24-FJ25::chr2:98663241-98664491",705,707,0.818,22,18,"B","G","+",4,4,"-",18,14,"TCCGT","XO_TS54","-dTAG","RepR2","S13","MSR","other"
"511","FJ24-FJ25::chr2:98663241-98664491",723,725,0.909,22,20,"-","G","+",0,0,"-",22,20,"TCGCC","XO_TS54","-dTAG","RepR2","S13","MSR","other"
"512","FJ24-FJ25::chr2:98666144-98667732",117,119,1,3,3,"B","G","+",2,2,"-",1,1,"GCCGG","XO_TS54","-dTAG","RepR2","S13","MSR","other"
"513","FJ24-FJ25::chr2:98666144-98667732",127,129,0.667,3,2,"B","G","+",2,2,"-",1,0,"AACGA","XO_TS54","-dTAG","RepR2","S13","MSR","other"
"514","FJ24-FJ25::chr2:98666144-98667732",239,241,1,3,3,"B","G","+",2,2,"-",1,1,"CCCGT","XO_TS54","-dTAG","RepR2","S13","MSR","other"
"515","FJ24-FJ25::chr2:98666144-98667732",248,250,1,3,3,"+","G","+",3,3,"-",0,0,"AACGA","XO_TS54","-dTAG","RepR2","S13","MSR","other"
"516","FJ24-FJ25::chr2:98666144-98667732",358,360,0.875,8,7,"-","G","+",0,0,"-",8,7,"CCGGT","XO_TS54","-dTAG","RepR2","S13","MSR","other"
"517","FJ24-FJ25::chr2:98666144-98667732",368,370,0.6,5,3,"-","G","+",0,0,"-",5,3,"ACGTA","XO_TS54","-dTAG","RepR2","S13","MSR","other"
"518","FJ24-FJ25::chr2:98666144-98667732",446,448,0.967,213,206,"B","G","+",99,94,"-",114,112,"GACGA","XO_TS54","-dTAG","RepR2","S13","MSR","other"
"519","FJ24-FJ25::chr2:98666144-98667732",461,463,0.965,256,247,"B","G","+",152,147,"-",104,100,"GACGA","XO_TS54","-dTAG","RepR2","S13","MSR","other"
"520","FJ24-FJ25::chr2:98666144-98667732",477,479,0.955,286,273,"B","G","+",234,224,"-",52,49,"TACGT","XO_TS54","-dTAG","RepR2","S13","MSR","other"
"521","FJ24-FJ25::chr2:98666144-98667732",537,539,0.943,331,312,"B","G","+",327,308,"-",4,4,"CACGG","XO_TS54","-dTAG","RepR2","S13","MSR","other"
"522","FJ24-FJ25::chr2:98666144-98667732",565,567,1,8,8,"B","G","+",5,5,"-",3,3,"GACGT","XO_TS54","-dTAG","RepR2","S13","MSR","other"
"523","FJ24-FJ25::chr2:98666144-98667732",577,579,0.75,12,9,"B","G","+",9,6,"-",3,3,"GGCGA","XO_TS54","-dTAG","RepR2","S13","MSR","other"
"524","FJ24-FJ25::chr2:98666144-98667732",625,627,0.957,3138,3002,"B","G","+",3137,3001,"-",1,1,"GACGT","XO_TS54","-dTAG","RepR2","S13","MSR","other"
"525","FJ24-FJ25::chr2:98666144-98667732",680,682,0.955,2586,2470,"B","G","+",2580,2464,"-",6,6,"GACGA","XO_TS54","-dTAG","RepR2","S13","MSR","other"
"526","FJ24-FJ25::chr2:98666144-98667732",695,697,0.948,2530,2399,"B","G","+",2524,2394,"-",6,5,"GACGA","XO_TS54","-dTAG","RepR2","S13","MSR","other"
"527","FJ24-FJ25::chr2:98666144-98667732",711,713,0.939,2476,2324,"B","G","+",2470,2319,"-",6,5,"AACGT","XO_TS54","-dTAG","RepR2","S13","MSR","other"
"528","FJ24-FJ25::chr2:98666144-98667732",753,755,0.946,616,583,"B","G","+",613,580,"-",3,3,"GGCGA","XO_TS54","-dTAG","RepR2","S13","MSR","other"
"529","FJ24-FJ25::chr2:98666144-98667732",771,773,0.941,614,578,"B","G","+",557,525,"-",57,53,"CACGG","XO_TS54","-dTAG","RepR2","S13","MSR","other"
"530","FJ24-FJ25::chr2:98666144-98667732",799,801,1,62,62,"B","G","+",9,9,"-",53,53,"GACGT","XO_TS54","-dTAG","RepR2","S13","MSR","other"
"531","FJ24-FJ25::chr2:98666144-98667732",811,813,0.882,51,45,"B","G","+",9,7,"-",42,38,"GGCGA","XO_TS54","-dTAG","RepR2","S13","MSR","other"
"532","FJ24-FJ25::chr2:98666144-98667732",859,861,0.981,53,52,"B","G","+",42,41,"-",11,11,"GACGT","XO_TS54","-dTAG","RepR2","S13","MSR","other"
"533","FJ24-FJ25::chr2:98666144-98667732",946,948,0.955,2854,2726,"B","G","+",2824,2697,"-",30,29,"GACGA","XO_TS54","-dTAG","RepR2","S13","MSR","other"
"534","FJ24-FJ25::chr2:98666144-98667732",962,964,0.915,3584,3280,"B","G","+",3563,3263,"-",21,17,"AACGT","XO_TS54","-dTAG","RepR2","S13","MSR","other"
"535","FJ24-FJ25::chr2:98666144-98667732",1004,1006,0.934,6365,5944,"B","G","+",6348,5927,"-",17,17,"GGCGA","XO_TS54","-dTAG","RepR2","S13","MSR","other"
"536","FJ24-FJ25::chr2:98666144-98667732",1022,1024,0.952,6303,5998,"B","G","+",6286,5983,"-",17,15,"CACGG","XO_TS54","-dTAG","RepR2","S13","MSR","other"
"537","FJ24-FJ25::chr2:98666144-98667732",1050,1052,0.973,37,36,"B","G","+",29,28,"-",8,8,"GACGT","XO_TS54","-dTAG","RepR2","S13","MSR","other"
"538","FJ24-FJ25::chr2:98666144-98667732",1062,1064,0.921,38,35,"B","G","+",30,27,"-",8,8,"GGCGA","XO_TS54","-dTAG","RepR2","S13","MSR","other"
"539","FJ24-FJ25::chr2:98666144-98667732",1110,1112,0.971,2539,2466,"B","G","+",2533,2461,"-",6,5,"GACGT","XO_TS54","-dTAG","RepR2","S13","MSR","other"
"540","FJ24-FJ25::chr2:98666144-98667732",1165,1167,0.923,155,143,"B","G","+",151,139,"-",4,4,"GACGA","XO_TS54","-dTAG","RepR2","S13","MSR","other"
"541","FJ24-FJ25::chr2:98666144-98667732",1180,1182,0.868,38,33,"B","G","+",37,32,"-",1,1,"GACGA","XO_TS54","-dTAG","RepR2","S13","MSR","other"
"542","FJ24-FJ25::chr4:3089104-3091584",997,999,1,1,1,"+","G","+",1,1,"-",0,0,"GGCGA","XO_TS54","-dTAG","RepR2","S13","MSR","other"
"543","FJ24-FJ25::chr4:3089104-3091584",1104,1106,0.75,8,6,"+","G","+",8,6,"-",0,0,"GACGT","XO_TS54","-dTAG","RepR2","S13","MSR","other"
"544","FJ24-FJ25::chr4:3089104-3091584",1116,1118,0.75,8,6,"+","G","+",8,6,"-",0,0,"GGCGA","XO_TS54","-dTAG","RepR2","S13","MSR","other"
"545","FJ24-FJ25::chr4:3089104-3091584",1132,1134,0.333,3,1,"+","G","+",3,1,"-",0,0,"AACGT","XO_TS54","-dTAG","RepR2","S13","MSR","other"
"546","FJ24-FJ25::chr4:3089104-3091584",1489,1491,1,1,1,"-","G","+",0,0,"-",1,1,"ACGAG","XO_TS54","-dTAG","RepR2","S13","MSR","other"
"547","FJ24-FJ25::chr4:3089104-3091584",1649,1651,1,2,2,"+","G","+",2,2,"-",0,0,"GGCGA","XO_TS54","-dTAG","RepR2","S13","MSR","other"
"548","FJ24-FJ25::chr4:3089104-3091584",2375,2377,0.667,18,12,"B","G","+",1,0,"-",17,12,"TTCGA","XO_TS54","-dTAG","RepR2","S13","MSR","other"
"549","FJ24-FJ25::chr4:3089104-3091584",2440,2442,1,4,4,"+","G","+",4,4,"-",0,0,"CTCGA","XO_TS54","-dTAG","RepR2","S13","MSR","other"
"550","FJ24-FJ25::chr4:70377716-70378654",463,465,1,2,2,"+","G","+",2,2,"-",0,0,"GGCGA","XO_TS54","-dTAG","RepR2","S13","MSR","other"
"551","FJ24-FJ25::chr4:70377716-70378654",481,483,1,3,3,"+","G","+",3,3,"-",0,0,"CACGG","XO_TS54","-dTAG","RepR2","S13","MSR","other"
"552","FJ24-FJ25::chr5:104156087-104156938",131,133,1,1,1,"+","G","+",1,1,"-",0,0,"TCCGC","XO_TS54","-dTAG","RepR2","S13","MSR","other"
"553","FJ24-FJ25::chr8:23095075-23096205",332,334,0,1,0,"+","G","+",1,0,"-",0,0,"TGCGT","XO_TS54","-dTAG","RepR2","S13","MSR","other"
"554","FJ24-FJ25::chr8:23095075-23096205",354,356,0,1,0,"+","G","+",1,0,"-",0,0,"TGCGT","XO_TS54","-dTAG","RepR2","S13","MSR","other"
"555","FJ24-FJ25::chr8:23095075-23096205",417,419,1,1,1,"+","G","+",1,1,"-",0,0,"GGCGA","XO_TS54","-dTAG","RepR2","S13","MSR","other"
"556","FJ24-FJ25::chr8:23095075-23096205",425,427,1,1,1,"+","G","+",1,1,"-",0,0,"AACGG","XO_TS54","-dTAG","RepR2","S13","MSR","other"
"557","FJ24-FJ25::chr8:23095075-23096205",710,712,1,1,1,"-","G","+",0,0,"-",1,1,"GCGAG","XO_TS54","-dTAG","RepR2","S13","MSR","other"
"558","FJ24-FJ25::chr9:21878296-21879293",900,902,1,2,2,"+","G","+",2,2,"-",0,0,"GCCGC","XO_TS54","-dTAG","RepR2","S13","MSR","other"
"559","FJ24-FJ25::chr9:21878296-21879293",912,914,1,6,6,"+","G","+",6,6,"-",0,0,"TTCGC","XO_TS54","-dTAG","RepR2","S13","MSR","other"
"560","FJ24-FJ25::chr9:21878296-21879293",915,917,1,6,6,"+","G","+",6,6,"-",0,0,"GCCGT","XO_TS54","-dTAG","RepR2","S13","MSR","other"
"561","FJ24-FJ25::chr9:21878296-21879293",928,930,1,6,6,"+","G","+",6,6,"-",0,0,"GGCGC","XO_TS54","-dTAG","RepR2","S13","MSR","other"
"562","FJ24-FJ25::chr9:2999602-3038819",428,430,1,3,3,"-","G","+",0,0,"-",3,3,"ACGTT","XO_TS54","-dTAG","RepR2","S13","MSR","other"
"563","FJ24-FJ25::chr9:2999602-3038819",444,446,1,3,3,"-","G","+",0,0,"-",3,3,"TCGTC","XO_TS54","-dTAG","RepR2","S13","MSR","other"
"564","FJ24-FJ25::chr9:2999602-3038819",604,606,1,6,6,"-","G","+",0,0,"-",6,6,"ACGTT","XO_TS54","-dTAG","RepR2","S13","MSR","other"
"565","FJ24-FJ25::chr9:2999602-3038819",620,622,1,5,5,"-","G","+",0,0,"-",5,5,"TCGTC","XO_TS54","-dTAG","RepR2","S13","MSR","other"
"566","FJ24-FJ25::chr9:2999602-3038819",738,740,1,8,8,"B","G","+",2,2,"-",6,6,"CTCGC","XO_TS54","-dTAG","RepR2","S13","MSR","other"
"567","FJ24-FJ25::chr9:2999602-3038819",750,752,0.778,9,7,"B","G","+",3,1,"-",6,6,"CACGT","XO_TS54","-dTAG","RepR2","S13","MSR","other"
"568","FJ24-FJ25::chr9:2999602-3038819",778,780,0.913,688,628,"B","G","+",4,4,"-",684,624,"TCCGT","XO_TS54","-dTAG","RepR2","S13","MSR","other"
"569","FJ24-FJ25::chr9:2999602-3038819",796,798,0.855,613,524,"B","G","+",1,0,"-",612,524,"CTCGA","XO_TS54","-dTAG","RepR2","S13","MSR","other"
"570","FJ24-FJ25::chr9:2999602-3038819",838,840,0.826,46,38,"B","G","+",1,1,"-",45,37,"CACGT","XO_TS54","-dTAG","RepR2","S13","MSR","other"
"571","FJ24-FJ25::chr9:2999602-3038819",854,856,0.864,44,38,"B","G","+",3,2,"-",41,36,"TTCGT","XO_TS54","-dTAG","RepR2","S13","MSR","other"
"572","FJ24-FJ25::chr9:2999602-3038819",866,868,0.727,22,16,"B","G","+",3,0,"-",19,16,"CACGT","XO_TS54","-dTAG","RepR2","S13","MSR","other"
"573","FJ24-FJ25::chr9:2999602-3038819",869,871,0.795,44,35,"B","G","+",3,3,"-",41,32,"GTCGT","XO_TS54","-dTAG","RepR2","S13","MSR","other"
"574","FJ24-FJ25::chr9:2999602-3038819",972,974,0.977,44,43,"B","G","+",4,3,"-",40,40,"CTCGC","XO_TS54","-dTAG","RepR2","S13","MSR","other"
"575","FJ24-FJ25::chr9:2999602-3038819",984,986,0.939,33,31,"B","G","+",4,4,"-",29,27,"CACGT","XO_TS54","-dTAG","RepR2","S13","MSR","other"
"576","FJ24-FJ25::chr9:2999602-3038819",1012,1014,0.931,58,54,"B","G","+",1,1,"-",57,53,"TCCGT","XO_TS54","-dTAG","RepR2","S13","MSR","other"
"577","FJ24-FJ25::chr9:2999602-3038819",1030,1032,0.929,28,26,"-","G","+",0,0,"-",28,26,"TCGAC","XO_TS54","-dTAG","RepR2","S13","MSR","other"
"578","FJ24-FJ25::chr9:2999602-3038819",1072,1074,0,1,0,"-","G","+",0,0,"-",1,0,"ACGTT","XO_TS54","-dTAG","RepR2","S13","MSR","other"
"579","FJ24-FJ25::chr9:2999602-3038819",1103,1105,1,1,1,"-","G","+",0,0,"-",1,1,"TCGTC","XO_TS54","-dTAG","RepR2","S13","MSR","other"
"580","FJ24-FJ25::chr9:2999602-3038819",1158,1160,0.889,9,8,"B","G","+",2,2,"-",7,6,"CACGT","XO_TS54","-dTAG","RepR2","S13","MSR","other"
"581","FJ24-FJ25::chr9:2999602-3038819",1248,1250,1,9,9,"B","G","+",1,1,"-",8,8,"CACGT","XO_TS54","-dTAG","RepR2","S13","MSR","other"
"582","FJ24-FJ25::chr9:2999602-3038819",1264,1266,0.818,11,9,"B","G","+",2,0,"-",9,9,"TTCGT","XO_TS54","-dTAG","RepR2","S13","MSR","other"
"583","FJ24-FJ25::chr9:2999602-3038819",1382,1384,0.88,25,22,"B","G","+",4,2,"-",21,20,"CTCGC","XO_TS54","-dTAG","RepR2","S13","MSR","other"
"584","FJ24-FJ25::chr9:2999602-3038819",1394,1396,1,26,26,"B","G","+",6,6,"-",20,20,"CACGT","XO_TS54","-dTAG","RepR2","S13","MSR","other"
"585","FJ24-FJ25::chr9:2999602-3038819",1422,1424,0.866,67,58,"B","G","+",4,4,"-",63,54,"TCCGT","XO_TS54","-dTAG","RepR2","S13","MSR","other"
"586","FJ24-FJ25::chr9:2999602-3038819",1440,1442,1,14,14,"-","G","+",0,0,"-",14,14,"TCGCC","XO_TS54","-dTAG","RepR2","S13","MSR","other"
"587","FJ24-FJ25::chr9:2999602-3038819",1459,1461,0,13,0,"-","G","+",0,0,"-",13,0,"ACGGT","XO_TS54","-dTAG","RepR2","S13","MSR","other"
"588","FJ24-FJ25::chr9:2999602-3038819",1616,1618,1,2,2,"-","G","+",0,0,"-",2,2,"TCGCC","XO_TS54","-dTAG","RepR2","S13","MSR","other"
"589","FJ24-FJ25::chr9:2999602-3038819",1674,1676,0.8,30,24,"-","G","+",0,0,"-",30,24,"TCGCC","XO_TS54","-dTAG","RepR2","S13","MSR","other"
"590","FJ24-FJ25::chr9:2999602-3038819",1716,1718,0.939,33,31,"B","G","+",1,1,"-",32,30,"CACGT","XO_TS54","-dTAG","RepR2","S13","MSR","other"
"591","FJ24-FJ25::chr9:2999602-3038819",1732,1734,0.971,34,33,"B","G","+",1,1,"-",33,32,"TTCGT","XO_TS54","-dTAG","RepR2","S13","MSR","other"
"592","FJ24-FJ25::chr9:2999602-3038819",1850,1852,0.947,19,18,"B","G","+",1,1,"-",18,17,"CTCGC","XO_TS54","-dTAG","RepR2","S13","MSR","other"
"593","FJ24-FJ25::chr9:2999602-3038819",1862,1864,0.933,15,14,"-","G","+",0,0,"-",15,14,"ACGTC","XO_TS54","-dTAG","RepR2","S13","MSR","other"
"594","FJ24-FJ25::chr9:2999602-3038819",1890,1892,0.904,136,123,"B","G","+",2,2,"-",134,121,"TCCGT","XO_TS54","-dTAG","RepR2","S13","MSR","other"
"595","FJ24-FJ25::chr9:2999602-3038819",1908,1910,0.94,84,79,"B","G","+",2,2,"-",82,77,"CTCGC","XO_TS54","-dTAG","RepR2","S13","MSR","other"
"596","FJ24-FJ25::chr9:2999602-3038819",2083,2085,1,3,3,"-","G","+",0,0,"-",3,3,"TCGCC","XO_TS54","-dTAG","RepR2","S13","MSR","other"
"597","FJ24-FJ25::chr9:2999602-3038819",2095,2097,0.667,3,2,"-","G","+",0,0,"-",3,2,"ACGTC","XO_TS54","-dTAG","RepR2","S13","MSR","other"
"598","FJ24-FJ25::chr9:2999602-3038819",2123,2125,0.765,17,13,"-","G","+",0,0,"-",17,13,"CCGTG","XO_TS54","-dTAG","RepR2","S13","MSR","other"
"599","FJ24-FJ25::chr9:2999602-3038819",2141,2143,0.938,16,15,"-","G","+",0,0,"-",16,15,"TCGCC","XO_TS54","-dTAG","RepR2","S13","MSR","other"
"600","FJ24-FJ25::chr9:2999602-3038819",2183,2185,1,1,1,"-","G","+",0,0,"-",1,1,"ACGTT","XO_TS54","-dTAG","RepR2","S13","MSR","other"
"601","FJ24-FJ25::chr9:2999602-3038819",2199,2201,1,1,1,"-","G","+",0,0,"-",1,1,"TCGTC","XO_TS54","-dTAG","RepR2","S13","MSR","other"
"602","FJ24-FJ25::chr9:2999602-3038819",2357,2359,1,3,3,"-","G","+",0,0,"-",3,3,"CCGTG","XO_TS54","-dTAG","RepR2","S13","MSR","other"
"603","FJ24-FJ25::chr9:2999602-3038819",2375,2377,1,3,3,"-","G","+",0,0,"-",3,3,"TCGCC","XO_TS54","-dTAG","RepR2","S13","MSR","other"
"604","FJ24-FJ25::chr9:2999602-3038819",2433,2435,1,3,3,"-","G","+",0,0,"-",3,3,"TCGTC","XO_TS54","-dTAG","RepR2","S13","MSR","other"
"605","FJ24-FJ25::chr9:2999602-3038819",2448,2450,1,41,41,"B","G","+",1,1,"-",40,40,"GTCGT","XO_TS54","-dTAG","RepR2","S13","MSR","other"
"606","FJ24-FJ25::chr9:2999602-3038819",2609,2611,0.826,23,19,"-","G","+",0,0,"-",23,19,"TCGCC","XO_TS54","-dTAG","RepR2","S13","MSR","other"
"607","FJ24-FJ25::chr9:2999602-3038819",2651,2653,1,4,4,"-","G","+",0,0,"-",4,4,"ACGTT","XO_TS54","-dTAG","RepR2","S13","MSR","other"
"608","FJ24-FJ25::chr9:2999602-3038819",2667,2669,1,3,3,"-","G","+",0,0,"-",3,3,"TCGTC","XO_TS54","-dTAG","RepR2","S13","MSR","other"
"609","FJ24-FJ25::chr9:2999602-3038819",2825,2827,0.752,105,79,"-","G","+",0,0,"-",105,79,"CCGTG","XO_TS54","-dTAG","RepR2","S13","MSR","other"
"610","FJ24-FJ25::chr9:2999602-3038819",3001,3003,1,2,2,"-","G","+",0,0,"-",2,2,"ACGTT","XO_TS54","-dTAG","RepR2","S13","MSR","other"
"611","FJ24-FJ25::chr9:2999602-3038819",3135,3137,1,4,4,"-","G","+",0,0,"-",4,4,"TCGCC","XO_TS54","-dTAG","RepR2","S13","MSR","other"
"612","FJ24-FJ25::chr9:2999602-3038819",3147,3149,1,4,4,"-","G","+",0,0,"-",4,4,"ACGTC","XO_TS54","-dTAG","RepR2","S13","MSR","other"
"613","FJ24-FJ25::chr9:2999602-3038819",3175,3177,0.905,84,76,"-","G","+",0,0,"-",84,76,"CCGTG","XO_TS54","-dTAG","RepR2","S13","MSR","other"
"614","FJ24-FJ25::chr9:2999602-3038819",3193,3195,0.984,61,60,"-","G","+",0,0,"-",61,60,"TCGCC","XO_TS54","-dTAG","RepR2","S13","MSR","other"
"615","FJ24-FJ25::chr9:2999602-3038819",3408,3410,0.875,16,14,"-","G","+",0,0,"-",16,14,"CCGTG","XO_TS54","-dTAG","RepR2","S13","MSR","other"
"616","FJ24-FJ25::chr9:2999602-3038819",3426,3428,1,17,17,"-","G","+",0,0,"-",17,17,"TCGCC","XO_TS54","-dTAG","RepR2","S13","MSR","other"
"617","FJ24-FJ25::chr9:2999602-3038819",3468,3470,0.5,2,1,"-","G","+",0,0,"-",2,1,"ACGTT","XO_TS54","-dTAG","RepR2","S13","MSR","other"
"618","FJ24-FJ25::chr9:2999602-3038819",3484,3486,1,2,2,"-","G","+",0,0,"-",2,2,"TCGTC","XO_TS54","-dTAG","RepR2","S13","MSR","other"
"619","FJ24-FJ25::chr9:2999602-3038819",3642,3644,0.75,4,3,"B","G","+",1,0,"-",3,3,"TCCGT","XO_TS54","-dTAG","RepR2","S13","MSR","other"
"620","FJ24-FJ25::chr9:2999602-3038819",3660,3662,1,5,5,"B","G","+",2,2,"-",3,3,"CTCGC","XO_TS54","-dTAG","RepR2","S13","MSR","other"
"621","FJ24-FJ25::chr9:2999602-3038819",3718,3720,1,6,6,"B","G","+",2,2,"-",4,4,"TTCGT","XO_TS54","-dTAG","RepR2","S13","MSR","other"
"622","FJ24-FJ25::chr9:2999602-3038819",3733,3735,0.933,30,28,"B","G","+",2,2,"-",28,26,"GTCGT","XO_TS54","-dTAG","RepR2","S13","MSR","other"
"623","FJ24-FJ25::chr9:2999602-3038819",3836,3838,1,1,1,"-","G","+",0,0,"-",1,1,"TCGCC","XO_TS54","-dTAG","RepR2","S13","MSR","other"
"624","FJ24-FJ25::chr9:2999602-3038819",3894,3896,0.981,53,52,"-","G","+",0,0,"-",53,52,"TCGCC","XO_TS54","-dTAG","RepR2","S13","MSR","other"
"625","FJ24-FJ25::chr9:2999602-3038819",3936,3938,0.8,15,12,"-","G","+",0,0,"-",15,12,"ACGTT","XO_TS54","-dTAG","RepR2","S13","MSR","other"
"626","FJ24-FJ25::chr9:2999602-3038819",4128,4130,0.971,35,34,"-","G","+",0,0,"-",35,34,"TCGCC","XO_TS54","-dTAG","RepR2","S13","MSR","other"
"627","FJ24-FJ25::chr9:2999602-3038819",4187,4189,1,1,1,"+","G","+",1,1,"-",0,0,"TTCGT","XO_TS54","-dTAG","RepR2","S13","MSR","other"
"628","FJ24-FJ25::chr9:2999602-3038819",4199,4201,0,1,0,"+","G","+",1,0,"-",0,0,"CACGT","XO_TS54","-dTAG","RepR2","S13","MSR","other"
"629","FJ24-FJ25::chr9:2999602-3038819",4303,4305,0.955,44,42,"-","G","+",0,0,"-",44,42,"TCGCC","XO_TS54","-dTAG","RepR2","S13","MSR","other"
"630","FJ24-FJ25::chr9:2999602-3038819",4520,4522,0.721,4805,3466,"-","G","+",0,0,"-",4805,3466,"CCGTG","XO_TS54","-dTAG","RepR2","S13","MSR","other"
"631","FJ24-FJ25::chr9:2999602-3038819",4580,4582,0.913,126,115,"B","G","+",8,8,"-",118,107,"CACGT","XO_TS54","-dTAG","RepR2","S13","MSR","other"
"632","FJ24-FJ25::chr9:2999602-3038819",4596,4598,0.944,124,117,"B","G","+",10,10,"-",114,107,"TTCGT","XO_TS54","-dTAG","RepR2","S13","MSR","other"
"633","FJ24-FJ25::chr9:2999602-3038819",4611,4613,0.955,134,128,"B","G","+",13,13,"-",121,115,"GTCGT","XO_TS54","-dTAG","RepR2","S13","MSR","other"
"634","FJ24-FJ25::chr9:2999602-3038819",4654,4656,0.8,5,4,"-","G","+",0,0,"-",5,4,"TCGCC","XO_TS54","-dTAG","RepR2","S13","MSR","other"
"635","FJ24-FJ25::chr9:2999602-3038819",4754,4756,0.757,74,56,"-","G","+",0,0,"-",74,56,"CCGTG","XO_TS54","-dTAG","RepR2","S13","MSR","other"
"636","FJ24-FJ25::chr9:2999602-3038819",4814,4816,0.8,5,4,"-","G","+",0,0,"-",5,4,"ACGTT","XO_TS54","-dTAG","RepR2","S13","MSR","other"
"637","FJ24-FJ25::chr9:2999602-3038819",4844,4846,0.667,3,2,"-","G","+",0,0,"-",3,2,"TCGTC","XO_TS54","-dTAG","RepR2","S13","MSR","other"
"638","FJ24-FJ25::chr9:2999602-3038819",4899,4901,0.5,2,1,"-","G","+",0,0,"-",2,1,"ACGTC","XO_TS54","-dTAG","RepR2","S13","MSR","other"
"639","FJ24-FJ25::chr9:2999602-3038819",4947,4949,0,1,0,"+","G","+",1,0,"-",0,0,"TTCGC","XO_TS54","-dTAG","RepR2","S13","MSR","other"
"640","FJ24-FJ25::chr9:2999602-3038819",4987,4989,0.937,414,388,"B","G","+",1,1,"-",413,387,"TCCGT","XO_TS54","-dTAG","RepR2","S13","MSR","other"
"641","FJ24-FJ25::chr9:2999602-3038819",5005,5007,0.856,402,344,"B","G","+",1,1,"-",401,343,"CTCGC","XO_TS54","-dTAG","RepR2","S13","MSR","other"
"642","FJ24-FJ25::chr9:2999602-3038819",5047,5049,0.926,94,87,"B","G","+",1,1,"-",93,86,"CACGT","XO_TS54","-dTAG","RepR2","S13","MSR","other"
"643","FJ24-FJ25::chr9:2999602-3038819",5063,5065,0.925,93,86,"B","G","+",1,1,"-",92,85,"TTCGT","XO_TS54","-dTAG","RepR2","S13","MSR","other"
"644","FJ24-FJ25::chr9:2999602-3038819",5078,5080,0.955,112,107,"B","G","+",1,1,"-",111,106,"GTCGT","XO_TS54","-dTAG","RepR2","S13","MSR","other"
"645","FJ24-FJ25::chr9:2999602-3038819",5221,5223,1,65,65,"-","G","+",0,0,"-",65,65,"CCGTG","XO_TS54","-dTAG","RepR2","S13","MSR","other"
"646","FJ24-FJ25::chr9:2999602-3038819",5455,5457,0,1,0,"-","G","+",0,0,"-",1,0,"TCGTG","XO_TS54","-dTAG","RepR2","S13","MSR","other"
"647","FJ24-FJ25::chr9:2999602-3038819",5515,5517,1,1,1,"-","G","+",0,0,"-",1,1,"ACGTT","XO_TS54","-dTAG","RepR2","S13","MSR","other"
"648","FJ24-FJ25::chr9:2999602-3038819",5707,5709,0.923,26,24,"-","G","+",0,0,"-",26,24,"TCGCA","XO_TS54","-dTAG","RepR2","S13","MSR","other"
"649","FJ24-FJ25::chr9:2999602-3038819",6098,6100,0.941,34,32,"-","G","+",0,0,"-",34,32,"CCGTG","XO_TS54","-dTAG","RepR2","S13","MSR","other"
"650","FJ24-FJ25::chr9:2999602-3038819",6116,6118,0.882,17,15,"-","G","+",0,0,"-",17,15,"TCGCC","XO_TS54","-dTAG","RepR2","S13","MSR","other"
"651","FJ24-FJ25::chr9:2999602-3038819",6158,6160,1,1,1,"-","G","+",0,0,"-",1,1,"ACGTT","XO_TS54","-dTAG","RepR2","S13","MSR","other"
"652","FJ24-FJ25::chr9:2999602-3038819",6189,6191,1,1,1,"-","G","+",0,0,"-",1,1,"TCGTC","XO_TS54","-dTAG","RepR2","S13","MSR","other"
"653","FJ24-FJ25::chr9:2999602-3038819",6244,6246,1,3,3,"-","G","+",0,0,"-",3,3,"ACGTC","XO_TS54","-dTAG","RepR2","S13","MSR","other"
"654","FJ24-FJ25::chr9:2999602-3038819",6350,6352,1,1,1,"-","G","+",0,0,"-",1,1,"TCGTC","XO_TS54","-dTAG","RepR2","S13","MSR","other"
"655","FJ24-FJ25::chr9:2999602-3038819",6390,6392,0.885,26,23,"-","G","+",0,0,"-",26,23,"CCGTG","XO_TS54","-dTAG","RepR2","S13","MSR","other"
"656","FJ24-FJ25::chr9:2999602-3038819",6434,6436,0.0417,24,1,"-","G","+",0,0,"-",24,1,"ACGTT","XO_TS54","-dTAG","RepR2","S13","MSR","other"
"657","FJ24-FJ25::chr9:2999602-3038819",6508,6510,0.857,14,12,"B","G","+",1,1,"-",13,11,"TCCGT","XO_TS54","-dTAG","RepR2","S13","MSR","other"
"658","FJ24-FJ25::chr9:2999602-3038819",6526,6528,1,8,8,"-","G","+",0,0,"-",8,8,"TCGCC","XO_TS54","-dTAG","RepR2","S13","MSR","other"
"659","FJ24-FJ25::chr9:2999602-3038819",6760,6762,0.88,150,132,"-","G","+",0,0,"-",150,132,"TCGCC","XO_TS54","-dTAG","RepR2","S13","MSR","other"
"660","FJ24-FJ25::chr9:2999602-3038819",6802,6804,1,4,4,"-","G","+",0,0,"-",4,4,"ACGTT","XO_TS54","-dTAG","RepR2","S13","MSR","other"
"661","FJ24-FJ25::chr9:2999602-3038819",6818,6820,1,5,5,"B","G","+",1,1,"-",4,4,"TTCGT","XO_TS54","-dTAG","RepR2","S13","MSR","other"
"662","FJ24-FJ25::chr9:2999602-3038819",6994,6996,0,1,0,"-","G","+",0,0,"-",1,0,"TCGAC","XO_TS54","-dTAG","RepR2","S13","MSR","other"
"663","FJ24-FJ25::chr9:2999602-3038819",7051,7053,1,3,3,"-","G","+",0,0,"-",3,3,"TCGTC","XO_TS54","-dTAG","RepR2","S13","MSR","other"
"664","FJ24-FJ25::chr9:2999602-3038819",7169,7171,1,13,13,"B","G","+",3,3,"-",10,10,"CTCGC","XO_TS54","-dTAG","RepR2","S13","MSR","other"
"665","FJ24-FJ25::chr9:2999602-3038819",7181,7183,0.929,14,13,"B","G","+",4,4,"-",10,9,"CACGT","XO_TS54","-dTAG","RepR2","S13","MSR","other"
"666","FJ24-FJ25::chr9:2999602-3038819",7209,7211,0.929,5396,5015,"B","G","+",4,3,"-",5392,5012,"TCCGT","XO_TS54","-dTAG","RepR2","S13","MSR","other"
"667","FJ24-FJ25::chr9:2999602-3038819",7227,7229,0.89,5385,4794,"B","G","+",2,2,"-",5383,4792,"CTCGC","XO_TS54","-dTAG","RepR2","S13","MSR","other"
"668","FJ24-FJ25::chr9:2999602-3038819",7269,7271,0.88,92,81,"B","G","+",3,3,"-",89,78,"CACGT","XO_TS54","-dTAG","RepR2","S13","MSR","other"
"669","FJ24-FJ25::chr9:2999602-3038819",7285,7287,0.84,50,42,"B","G","+",2,2,"-",48,40,"TTCGT","XO_TS54","-dTAG","RepR2","S13","MSR","other"
"670","FJ24-FJ25::chr9:2999602-3038819",7444,7446,1,1,1,"-","G","+",0,0,"-",1,1,"TCGGT","XO_TS54","-dTAG","RepR2","S13","MSR","other"
"671","FJ24-FJ25::chr9:2999602-3038819",7506,7508,0.75,4,3,"+","G","+",4,3,"-",0,0,"CACGT","XO_TS54","-dTAG","RepR2","S13","MSR","other"
"672","FJ24-FJ25::chr9:2999602-3038819",7522,7524,1,5,5,"+","G","+",5,5,"-",0,0,"TTCGT","XO_TS54","-dTAG","RepR2","S13","MSR","other"
"673","FJ24-FJ25::chr9:2999602-3038819",7537,7539,1,8,8,"B","G","+",5,5,"-",3,3,"GTCGT","XO_TS54","-dTAG","RepR2","S13","MSR","other"
"674","FJ24-FJ25::chr9:2999602-3038819",7698,7700,0.907,583,529,"-","G","+",0,0,"-",583,529,"TCGCC","XO_TS54","-dTAG","RepR2","S13","MSR","other"
"675","FJ24-FJ25::chr9:2999602-3038819",7799,7801,0.941,153,144,"-","G","+",0,0,"-",153,144,"CCGTG","XO_TS54","-dTAG","RepR2","S13","MSR","other"
"676","FJ24-FJ25::chr9:2999602-3038819",7817,7819,0.903,154,139,"-","G","+",0,0,"-",154,139,"TCGCC","XO_TS54","-dTAG","RepR2","S13","MSR","other"
"677","FJ24-FJ25::chr9:2999602-3038819",7859,7861,1,5,5,"-","G","+",0,0,"-",5,5,"ACGTT","XO_TS54","-dTAG","RepR2","S13","MSR","other"
"678","FJ24-FJ25::chr9:2999602-3038819",7992,7994,0.333,3,1,"B","G","+",2,0,"-",1,1,"CTCGC","XO_TS54","-dTAG","RepR2","S13","MSR","other"
"679","FJ24-FJ25::chr9:2999602-3038819",8004,8006,1,2,2,"+","G","+",2,2,"-",0,0,"CACGT","XO_TS54","-dTAG","RepR2","S13","MSR","other"
"680","FJ24-FJ25::chr9:2999602-3038819",8032,8034,0.963,215,207,"B","G","+",2,2,"-",213,205,"TCCGT","XO_TS54","-dTAG","RepR2","S13","MSR","other"
"681","FJ24-FJ25::chr9:2999602-3038819",8050,8052,0.894,151,135,"B","G","+",1,1,"-",150,134,"CTCGC","XO_TS54","-dTAG","RepR2","S13","MSR","other"
"682","FJ24-FJ25::chr9:2999602-3038819",8091,8093,1,2,2,"B","G","+",1,1,"-",1,1,"CACGT","XO_TS54","-dTAG","RepR2","S13","MSR","other"
"683","FJ24-FJ25::chr9:2999602-3038819",8265,8267,1,2,2,"-","G","+",0,0,"-",2,2,"TCGTG","XO_TS54","-dTAG","RepR2","S13","MSR","other"
"684","FJ24-FJ25::chr9:2999602-3038819",8283,8285,0.5,4,2,"-","G","+",0,0,"-",4,2,"TCGCC","XO_TS54","-dTAG","RepR2","S13","MSR","other"
"685","FJ24-FJ25::chr9:2999602-3038819",8325,8327,1,2,2,"-","G","+",0,0,"-",2,2,"ACGTT","XO_TS54","-dTAG","RepR2","S13","MSR","other"
"686","FJ24-FJ25::chr9:2999602-3038819",8517,8519,0.935,138,129,"-","G","+",0,0,"-",138,129,"TCGCC","XO_TS54","-dTAG","RepR2","S13","MSR","other"
"687","FJ24-FJ25::chr9:2999602-3038819",8692,8694,0.909,22,20,"-","G","+",0,0,"-",22,20,"TCGCT","XO_TS54","-dTAG","RepR2","S13","MSR","other"
"688","FJ24-FJ25::chr9:2999602-3038819",8869,8871,1,1,1,"+","G","+",1,1,"-",0,0,"CTCGC","XO_TS54","-dTAG","RepR2","S13","MSR","other"
"689","FJ24-FJ25::chr9:2999602-3038819",8909,8911,0.916,3113,2852,"-","G","+",0,0,"-",3113,2852,"CCGTG","XO_TS54","-dTAG","RepR2","S13","MSR","other"
"690","FJ24-FJ25::chr9:2999602-3038819",8969,8971,1,6,6,"-","G","+",0,0,"-",6,6,"ACGTT","XO_TS54","-dTAG","RepR2","S13","MSR","other"
"691","FJ24-FJ25::chr9:2999602-3038819",8985,8987,0.833,6,5,"-","G","+",0,0,"-",6,5,"TCGTC","XO_TS54","-dTAG","RepR2","S13","MSR","other"
"692","FJ24-FJ25::chr9:2999602-3038819",9161,9163,1,33,33,"-","G","+",0,0,"-",33,33,"TCGCA","XO_TS54","-dTAG","RepR2","S13","MSR","other"
"693","FJ24-FJ25::chr9:2999602-3038819",9220,9222,1,1,1,"-","G","+",0,0,"-",1,1,"TCGTC","XO_TS54","-dTAG","RepR2","S13","MSR","other"
"694","FJ24-FJ25::chr9:2999602-3038819",9394,9396,1,1,1,"-","G","+",0,0,"-",1,1,"TCGTC","XO_TS54","-dTAG","RepR2","S13","MSR","other"
"695","FJ24-FJ25::chr9:2999602-3038819",9629,9631,1,1,1,"-","G","+",0,0,"-",1,1,"TCGGT","XO_TS54","-dTAG","RepR2","S13","MSR","other"
"696","FJ24-FJ25::chr9:2999602-3038819",9691,9693,1,1,1,"-","G","+",0,0,"-",1,1,"ACGTT","XO_TS54","-dTAG","RepR2","S13","MSR","other"
"697","FJ24-FJ25::chr9:2999602-3038819",9707,9709,0.857,7,6,"B","G","+",3,2,"-",4,4,"TTCGT","XO_TS54","-dTAG","RepR2","S13","MSR","other"
"698","FJ24-FJ25::chr9:2999602-3038819",9722,9724,0.857,7,6,"B","G","+",2,2,"-",5,4,"GTCGT","XO_TS54","-dTAG","RepR2","S13","MSR","other"
"699","FJ24-FJ25::chr9:2999602-3038819",9883,9885,0.898,412,370,"B","G","+",1,1,"-",411,369,"CTCGC","XO_TS54","-dTAG","RepR2","S13","MSR","other"
"700","FJ24-FJ25::chr9:2999602-3038819",9944,9946,1,1,1,"-","G","+",0,0,"-",1,1,"TCGCC","XO_TS54","-dTAG","RepR2","S13","MSR","other"
"701","FJ24-FJ25::chr9:2999602-3038819",9984,9986,0.909,110,100,"-","G","+",0,0,"-",110,100,"CCGTG","XO_TS54","-dTAG","RepR2","S13","MSR","other"
"702","FJ24-FJ25::chr9:2999602-3038819",10002,10004,0.925,106,98,"-","G","+",0,0,"-",106,98,"TCGCC","XO_TS54","-dTAG","RepR2","S13","MSR","other"
"703","FJ24-FJ25::chr9:2999602-3038819",10044,10046,1,3,3,"-","G","+",0,0,"-",3,3,"ACGTT","XO_TS54","-dTAG","RepR2","S13","MSR","other"
"704","FJ24-FJ25::chr9:2999602-3038819",10177,10179,1,1,1,"-","G","+",0,0,"-",1,1,"TCGCC","XO_TS54","-dTAG","RepR2","S13","MSR","other"
"705","FJ24-FJ25::chr9:2999602-3038819",10189,10191,1,2,2,"-","G","+",0,0,"-",2,2,"ACGTC","XO_TS54","-dTAG","RepR2","S13","MSR","other"
"706","FJ24-FJ25::chr9:2999602-3038819",10217,10219,0.917,2529,2318,"-","G","+",0,0,"-",2529,2318,"CCGTG","XO_TS54","-dTAG","RepR2","S13","MSR","other"
"707","FJ24-FJ25::chr9:2999602-3038819",10277,10279,1,2,2,"-","G","+",0,0,"-",2,2,"ACGTT","XO_TS54","-dTAG","RepR2","S13","MSR","other"
"708","FJ24-FJ25::chr9:2999602-3038819",10411,10413,1,5,5,"B","G","+",1,1,"-",4,4,"CTCGC","XO_TS54","-dTAG","RepR2","S13","MSR","other"
"709","FJ24-FJ25::chr9:2999602-3038819",10423,10425,0.857,7,6,"B","G","+",3,3,"-",4,3,"CACGT","XO_TS54","-dTAG","RepR2","S13","MSR","other"
"710","FJ24-FJ25::chr9:2999602-3038819",10451,10453,0.929,140,130,"B","G","+",2,2,"-",138,128,"TCCGT","XO_TS54","-dTAG","RepR2","S13","MSR","other"
"711","FJ24-FJ25::chr9:2999602-3038819",10469,10471,0.909,110,100,"B","G","+",2,2,"-",108,98,"CTCGC","XO_TS54","-dTAG","RepR2","S13","MSR","other"
"712","FJ24-FJ25::chr9:2999602-3038819",10510,10512,1,2,2,"-","G","+",0,0,"-",2,2,"ACGTT","XO_TS54","-dTAG","RepR2","S13","MSR","other"
"713","FJ24-FJ25::chr9:2999602-3038819",10684,10686,0.933,15,14,"-","G","+",0,0,"-",15,14,"CCGTG","XO_TS54","-dTAG","RepR2","S13","MSR","other"
"714","FJ24-FJ25::chr9:2999602-3038819",10702,10704,0.929,14,13,"-","G","+",0,0,"-",14,13,"TCGCC","XO_TS54","-dTAG","RepR2","S13","MSR","other"
"715","FJ24-FJ25::chr9:2999602-3038819",10744,10746,1,2,2,"-","G","+",0,0,"-",2,2,"ACGTT","XO_TS54","-dTAG","RepR2","S13","MSR","other"
"716","FJ24-FJ25::chr9:2999602-3038819",10760,10762,1,1,1,"-","G","+",0,0,"-",1,1,"TCGTC","XO_TS54","-dTAG","RepR2","S13","MSR","other"
"717","FJ24-FJ25::chr9:2999602-3038819",11110,11112,0.76,25,19,"-","G","+",0,0,"-",25,19,"TCGCT","XO_TS54","-dTAG","RepR2","S13","MSR","other"
"718","FJ24-FJ25::chr9:2999602-3038819",11327,11329,0.904,2432,2199,"B","G","+",1,1,"-",2431,2198,"TCCGT","XO_TS54","-dTAG","RepR2","S13","MSR","other"
"719","FJ24-FJ25::chr9:2999602-3038819",11387,11389,1,4,4,"-","G","+",0,0,"-",4,4,"ACGTT","XO_TS54","-dTAG","RepR2","S13","MSR","other"
"720","FJ24-FJ25::chr9:2999602-3038819",11403,11405,1,2,2,"-","G","+",0,0,"-",2,2,"TCGTC","XO_TS54","-dTAG","RepR2","S13","MSR","other"
"721","FJ24-FJ25::chr9:2999602-3038819",11579,11581,1,23,23,"-","G","+",0,0,"-",23,23,"TCGCA","XO_TS54","-dTAG","RepR2","S13","MSR","other"
"722","FJ24-FJ25::chr9:2999602-3038819",11970,11972,1,40,40,"B","G","+",1,1,"-",39,39,"TCCGT","XO_TS54","-dTAG","RepR2","S13","MSR","other"
"723","FJ24-FJ25::chr9:2999602-3038819",11988,11990,0.933,15,14,"B","G","+",1,1,"-",14,13,"CTCGC","XO_TS54","-dTAG","RepR2","S13","MSR","other"
"724","FJ24-FJ25::chr9:2999602-3038819",12116,12118,1,2,2,"-","G","+",0,0,"-",2,2,"ACGTC","XO_TS54","-dTAG","RepR2","S13","MSR","other"
"725","FJ24-FJ25::chr9:2999602-3038819",12206,12208,1,3,3,"-","G","+",0,0,"-",3,3,"ACGTT","XO_TS54","-dTAG","RepR2","S13","MSR","other"
"726","FJ24-FJ25::chr9:2999602-3038819",12222,12224,1,4,4,"B","G","+",1,1,"-",3,3,"TTCGT","XO_TS54","-dTAG","RepR2","S13","MSR","other"
"727","FJ24-FJ25::chr9:2999602-3038819",12262,12264,0.429,7,3,"B","G","+",1,1,"-",6,2,"TCCGT","XO_TS54","-dTAG","RepR2","S13","MSR","other"
"728","FJ24-FJ25::chr9:2999602-3038819",12306,12308,0,6,0,"-","G","+",0,0,"-",6,0,"ACGTT","XO_TS54","-dTAG","RepR2","S13","MSR","other"
"729","FJ24-FJ25::chr9:2999602-3038819",12380,12382,1,3,3,"-","G","+",0,0,"-",3,3,"CCGTG","XO_TS54","-dTAG","RepR2","S13","MSR","other"
"730","FJ24-FJ25::chr9:2999602-3038819",12398,12400,1,1,1,"-","G","+",0,0,"-",1,1,"TCGCC","XO_TS54","-dTAG","RepR2","S13","MSR","other"
"731","FJ24-FJ25::chr9:2999602-3038819",12632,12634,0.731,93,68,"-","G","+",0,0,"-",93,68,"TCGCC","XO_TS54","-dTAG","RepR2","S13","MSR","other"
"732","FJ24-FJ25::chr9:2999602-3038819",12674,12676,1,4,4,"B","G","+",2,2,"-",2,2,"CACGT","XO_TS54","-dTAG","RepR2","S13","MSR","other"
"733","FJ24-FJ25::chr9:2999602-3038819",12690,12692,1,4,4,"B","G","+",2,2,"-",2,2,"TTCGT","XO_TS54","-dTAG","RepR2","S13","MSR","other"
"734","FJ24-FJ25::chr9:2999602-3038819",12866,12868,1,4,4,"-","G","+",0,0,"-",4,4,"TCGAC","XO_TS54","-dTAG","RepR2","S13","MSR","other"
"735","FJ24-FJ25::chr9:2999602-3038819",13144,13146,1,8,8,"B","G","+",4,4,"-",4,4,"CACGT","XO_TS54","-dTAG","RepR2","S13","MSR","other"
"736","FJ24-FJ25::chr9:2999602-3038819",13160,13162,1,10,10,"B","G","+",6,6,"-",4,4,"TTCGT","XO_TS54","-dTAG","RepR2","S13","MSR","other"
"737","FJ24-FJ25::chr9:2999602-3038819",13175,13177,1,16,16,"B","G","+",6,6,"-",10,10,"GTCGT","XO_TS54","-dTAG","RepR2","S13","MSR","other"
"738","FJ24-FJ25::chr9:2999602-3038819",13336,13338,0.926,420,389,"-","G","+",0,0,"-",420,389,"TCGCC","XO_TS54","-dTAG","RepR2","S13","MSR","other"
"739","FJ24-FJ25::chr9:2999602-3038819",13397,13399,1,1,1,"-","G","+",0,0,"-",1,1,"TCGCC","XO_TS54","-dTAG","RepR2","S13","MSR","other"
"740","FJ24-FJ25::chr9:2999602-3038819",13437,13439,0.874,111,97,"-","G","+",0,0,"-",111,97,"CCGTG","XO_TS54","-dTAG","RepR2","S13","MSR","other"
"741","FJ24-FJ25::chr9:2999602-3038819",13455,13457,0.865,104,90,"-","G","+",0,0,"-",104,90,"TCGCC","XO_TS54","-dTAG","RepR2","S13","MSR","other"
"742","FJ24-FJ25::chr9:2999602-3038819",13497,13499,1,4,4,"-","G","+",0,0,"-",4,4,"ACGTT","XO_TS54","-dTAG","RepR2","S13","MSR","other"
"743","FJ24-FJ25::chr9:2999602-3038819",13642,13644,1,1,1,"+","G","+",1,1,"-",0,0,"CACGT","XO_TS54","-dTAG","RepR2","S13","MSR","other"
"744","FJ24-FJ25::chr9:2999602-3038819",13670,13672,0.912,2490,2271,"B","G","+",2,2,"-",2488,2269,"TCCGT","XO_TS54","-dTAG","RepR2","S13","MSR","other"
"745","FJ24-FJ25::chr9:2999602-3038819",13730,13732,1,4,4,"-","G","+",0,0,"-",4,4,"ACGTT","XO_TS54","-dTAG","RepR2","S13","MSR","other"
"746","FJ24-FJ25::chr9:2999602-3038819",13904,13906,0.929,156,145,"-","G","+",0,0,"-",156,145,"CCGTG","XO_TS54","-dTAG","RepR2","S13","MSR","other"
"747","FJ24-FJ25::chr9:2999602-3038819",13922,13924,0.946,112,106,"-","G","+",0,0,"-",112,106,"TCGCC","XO_TS54","-dTAG","RepR2","S13","MSR","other"
"748","FJ24-FJ25::chr9:2999602-3038819",13963,13965,1,2,2,"-","G","+",0,0,"-",2,2,"ACGTT","XO_TS54","-dTAG","RepR2","S13","MSR","other"
"749","FJ24-FJ25::chr9:2999602-3038819",14137,14139,1,10,10,"-","G","+",0,0,"-",10,10,"CCGTG","XO_TS54","-dTAG","RepR2","S13","MSR","other"
"750","FJ24-FJ25::chr9:2999602-3038819",14155,14157,0.917,12,11,"-","G","+",0,0,"-",12,11,"TCGCC","XO_TS54","-dTAG","RepR2","S13","MSR","other"
"751","FJ24-FJ25::chr9:2999602-3038819",14197,14199,1,4,4,"-","G","+",0,0,"-",4,4,"ACGTT","XO_TS54","-dTAG","RepR2","S13","MSR","other"
"752","FJ24-FJ25::chr9:2999602-3038819",14213,14215,1,3,3,"-","G","+",0,0,"-",3,3,"TCGTC","XO_TS54","-dTAG","RepR2","S13","MSR","other"
"753","FJ24-FJ25::chr9:2999602-3038819",14371,14373,1,2,2,"-","G","+",0,0,"-",2,2,"CCGTG","XO_TS54","-dTAG","RepR2","S13","MSR","other"
"754","FJ24-FJ25::chr9:2999602-3038819",14389,14391,1,2,2,"-","G","+",0,0,"-",2,2,"TCGCC","XO_TS54","-dTAG","RepR2","S13","MSR","other"
"755","FJ24-FJ25::chr9:2999602-3038819",14447,14449,1,3,3,"-","G","+",0,0,"-",3,3,"TCGTC","XO_TS54","-dTAG","RepR2","S13","MSR","other"
"756","FJ24-FJ25::chr9:2999602-3038819",14462,14464,1,14,14,"-","G","+",0,0,"-",14,14,"TCGTC","XO_TS54","-dTAG","RepR2","S13","MSR","other"
"757","FJ24-FJ25::chr9:2999602-3038819",14565,14567,1,3,3,"-","G","+",0,0,"-",3,3,"TCGCC","XO_TS54","-dTAG","RepR2","S13","MSR","other"
"758","FJ24-FJ25::chr9:2999602-3038819",14623,14625,0.955,22,21,"-","G","+",0,0,"-",22,21,"TCGCC","XO_TS54","-dTAG","RepR2","S13","MSR","other"
"759","FJ24-FJ25::chr9:2999602-3038819",14665,14667,1,3,3,"-","G","+",0,0,"-",3,3,"ACGTT","XO_TS54","-dTAG","RepR2","S13","MSR","other"
"760","FJ24-FJ25::chr9:2999602-3038819",14681,14683,1,4,4,"-","G","+",0,0,"-",4,4,"TCGTC","XO_TS54","-dTAG","RepR2","S13","MSR","other"
"761","FJ24-FJ25::chr9:2999602-3038819",14839,14841,0.694,98,68,"-","G","+",0,0,"-",98,68,"CCGTG","XO_TS54","-dTAG","RepR2","S13","MSR","other"
"762","FJ24-FJ25::chr9:2999602-3038819",14899,14901,1,1,1,"-","G","+",0,0,"-",1,1,"ACGTT","XO_TS54","-dTAG","RepR2","S13","MSR","other"
"763","FJ24-FJ25::chr9:2999602-3038819",15073,15075,0,1,0,"-","G","+",0,0,"-",1,0,"TCGTG","XO_TS54","-dTAG","RepR2","S13","MSR","other"
"764","FJ24-FJ25::chr9:2999602-3038819",15091,15093,1,3,3,"-","G","+",0,0,"-",3,3,"TCGCC","XO_TS54","-dTAG","RepR2","S13","MSR","other"
"765","FJ24-FJ25::chr9:2999602-3038819",15133,15135,1,1,1,"-","G","+",0,0,"-",1,1,"ACGTT","XO_TS54","-dTAG","RepR2","S13","MSR","other"
"766","FJ24-FJ25::chr9:2999602-3038819",15325,15327,0.93,43,40,"-","G","+",0,0,"-",43,40,"TCGCC","XO_TS54","-dTAG","RepR2","S13","MSR","other"
"767","FJ24-FJ25::chr9:2999602-3038819",15500,15502,1,22,22,"-","G","+",0,0,"-",22,22,"TCGCT","XO_TS54","-dTAG","RepR2","S13","MSR","other"
"768","FJ24-FJ25::chr9:2999602-3038819",15777,15779,0.875,24,21,"B","G","+",10,10,"-",14,11,"CACGT","XO_TS54","-dTAG","RepR2","S13","MSR","other"
"769","FJ24-FJ25::chr9:2999602-3038819",15793,15795,0.808,26,21,"B","G","+",14,12,"-",12,9,"TTCGT","XO_TS54","-dTAG","RepR2","S13","MSR","other"
"770","FJ24-FJ25::chr9:2999602-3038819",15808,15810,1,24,24,"B","G","+",14,14,"-",10,10,"GTCGT","XO_TS54","-dTAG","RepR2","S13","MSR","other"
"771","FJ24-FJ25::chr9:2999602-3038819",15851,15853,0.5,2,1,"-","G","+",0,0,"-",2,1,"TCGCC","XO_TS54","-dTAG","RepR2","S13","MSR","other"
"772","FJ24-FJ25::chr9:2999602-3038819",15951,15953,0.891,46,41,"-","G","+",0,0,"-",46,41,"CCGTG","XO_TS54","-dTAG","RepR2","S13","MSR","other"
"773","FJ24-FJ25::chr9:2999602-3038819",16202,16204,0.93,43,40,"B","G","+",2,2,"-",41,38,"CTCGC","XO_TS54","-dTAG","RepR2","S13","MSR","other"
"774","FJ24-FJ25::chr9:2999602-3038819",16377,16379,0.894,47,42,"B","G","+",1,1,"-",46,41,"CTCGC","XO_TS54","-dTAG","RepR2","S13","MSR","other"
"775","FJ24-FJ25::chr9:2999602-3038819",16419,16421,0.643,14,9,"B","G","+",1,1,"-",13,8,"CACGT","XO_TS54","-dTAG","RepR2","S13","MSR","other"
"776","FJ24-FJ25::chr9:2999602-3038819",16435,16437,1,7,7,"-","G","+",0,0,"-",7,7,"TCGTC","XO_TS54","-dTAG","RepR2","S13","MSR","other"
"777","FJ24-FJ25::chr9:2999602-3038819",16593,16595,0.828,87,72,"-","G","+",0,0,"-",87,72,"CCGTG","XO_TS54","-dTAG","RepR2","S13","MSR","other"
"778","FJ24-FJ25::chr9:2999602-3038819",16653,16655,1,3,3,"-","G","+",0,0,"-",3,3,"ACGTT","XO_TS54","-dTAG","RepR2","S13","MSR","other"
"779","FJ24-FJ25::chr9:2999602-3038819",16827,16829,0.5,4,2,"-","G","+",0,0,"-",4,2,"TCGTG","XO_TS54","-dTAG","RepR2","S13","MSR","other"
"780","FJ24-FJ25::chr9:2999602-3038819",16845,16847,1,2,2,"-","G","+",0,0,"-",2,2,"TCGCC","XO_TS54","-dTAG","RepR2","S13","MSR","other"
"781","FJ24-FJ25::chr9:2999602-3038819",16887,16889,1,2,2,"-","G","+",0,0,"-",2,2,"ACGTT","XO_TS54","-dTAG","RepR2","S13","MSR","other"
"782","FJ24-FJ25::chr9:2999602-3038819",17079,17081,0.919,37,34,"B","G","+",1,1,"-",36,33,"CTCGC","XO_TS54","-dTAG","RepR2","S13","MSR","other"
"783","FJ24-FJ25::chr9:2999602-3038819",17254,17256,1,18,18,"-","G","+",0,0,"-",18,18,"TCGCT","XO_TS54","-dTAG","RepR2","S13","MSR","other"
"784","FJ24-FJ25::chr9:2999602-3038819",17471,17473,0.913,4407,4024,"-","G","+",0,0,"-",4407,4024,"CCGTG","XO_TS54","-dTAG","RepR2","S13","MSR","other"
"785","FJ24-FJ25::chr9:2999602-3038819",17531,17533,0.902,61,55,"B","G","+",10,8,"-",51,47,"CACGT","XO_TS54","-dTAG","RepR2","S13","MSR","other"
"786","FJ24-FJ25::chr9:2999602-3038819",17547,17549,0.871,62,54,"B","G","+",14,14,"-",48,40,"TTCGT","XO_TS54","-dTAG","RepR2","S13","MSR","other"
"787","FJ24-FJ25::chr9:2999602-3038819",17562,17564,0.893,56,50,"B","G","+",15,15,"-",41,35,"GTCGT","XO_TS54","-dTAG","RepR2","S13","MSR","other"
"788","FJ24-FJ25::chr9:2999602-3038819",17605,17607,0.812,16,13,"-","G","+",0,0,"-",16,13,"TCGCC","XO_TS54","-dTAG","RepR2","S13","MSR","other"
"789","FJ24-FJ25::chr9:2999602-3038819",17705,17707,0.676,102,69,"-","G","+",0,0,"-",102,69,"CCGTG","XO_TS54","-dTAG","RepR2","S13","MSR","other"
"790","FJ24-FJ25::chr9:2999602-3038819",17956,17958,0.942,137,129,"-","G","+",0,0,"-",137,129,"TCGCC","XO_TS54","-dTAG","RepR2","S13","MSR","other"
"791","FJ24-FJ25::chr9:2999602-3038819",18015,18017,1,1,1,"-","G","+",0,0,"-",1,1,"TCGTC","XO_TS54","-dTAG","RepR2","S13","MSR","other"
"792","FJ24-FJ25::chr9:2999602-3038819",18131,18133,0.947,19,18,"-","G","+",0,0,"-",19,18,"TCGCC","XO_TS54","-dTAG","RepR2","S13","MSR","other"
"793","FJ24-FJ25::chr9:2999602-3038819",18174,18176,1,2,2,"-","G","+",0,0,"-",2,2,"ACGTT","XO_TS54","-dTAG","RepR2","S13","MSR","other"
"794","FJ24-FJ25::chr9:2999602-3038819",18308,18310,0,1,0,"-","G","+",0,0,"-",1,0,"TCGCC","XO_TS54","-dTAG","RepR2","S13","MSR","other"
"795","FJ24-FJ25::chr9:2999602-3038819",18348,18350,0.893,5118,4569,"-","G","+",0,0,"-",5118,4569,"CCGTG","XO_TS54","-dTAG","RepR2","S13","MSR","other"
"796","FJ24-FJ25::chr9:2999602-3038819",18408,18410,0.877,154,135,"B","G","+",13,11,"-",141,124,"CACGT","XO_TS54","-dTAG","RepR2","S13","MSR","other"
"797","FJ24-FJ25::chr9:2999602-3038819",18424,18426,0.947,152,144,"B","G","+",16,16,"-",136,128,"TTCGT","XO_TS54","-dTAG","RepR2","S13","MSR","other"
"798","FJ24-FJ25::chr9:2999602-3038819",18439,18441,0.919,161,148,"B","G","+",17,17,"-",144,131,"GTCGT","XO_TS54","-dTAG","RepR2","S13","MSR","other"
"799","FJ24-FJ25::chr9:2999602-3038819",18482,18484,0.5,4,2,"-","G","+",0,0,"-",4,2,"TCGCC","XO_TS54","-dTAG","RepR2","S13","MSR","other"
"800","FJ24-FJ25::chr9:2999602-3038819",18544,18546,1,1,1,"-","G","+",0,0,"-",1,1,"GCGAT","XO_TS54","-dTAG","RepR2","S13","MSR","other"
"801","FJ24-FJ25::chr9:2999602-3038819",18582,18584,0.804,102,82,"-","G","+",0,0,"-",102,82,"CCGTG","XO_TS54","-dTAG","RepR2","S13","MSR","other"
"802","FJ24-FJ25::chr9:2999602-3038819",18642,18644,1,5,5,"-","G","+",0,0,"-",5,5,"ACGTT","XO_TS54","-dTAG","RepR2","S13","MSR","other"
"803","FJ24-FJ25::chr9:2999602-3038819",18672,18674,1,4,4,"-","G","+",0,0,"-",4,4,"TCGTC","XO_TS54","-dTAG","RepR2","S13","MSR","other"
"804","FJ24-FJ25::chr9:2999602-3038819",18727,18729,0.962,53,51,"B","G","+",2,2,"-",51,49,"CACGT","XO_TS54","-dTAG","RepR2","S13","MSR","other"
"805","FJ24-FJ25::chr9:2999602-3038819",18775,18777,1,4,4,"+","G","+",4,4,"-",0,0,"TTCGC","XO_TS54","-dTAG","RepR2","S13","MSR","other"
"806","FJ24-FJ25::chr9:2999602-3038819",18787,18789,1,5,5,"+","G","+",5,5,"-",0,0,"CACGT","XO_TS54","-dTAG","RepR2","S13","MSR","other"
"807","FJ24-FJ25::chr9:2999602-3038819",18815,18817,0.833,30,25,"B","G","+",5,3,"-",25,22,"TCCGT","XO_TS54","-dTAG","RepR2","S13","MSR","other"
"808","FJ24-FJ25::chr9:2999602-3038819",18833,18835,0.95,20,19,"-","G","+",0,0,"-",20,19,"TCGCA","XO_TS54","-dTAG","RepR2","S13","MSR","other"
"809","FJ24-FJ25::chr9:2999602-3038819",18875,18877,0.892,102,91,"B","G","+",1,1,"-",101,90,"CACGT","XO_TS54","-dTAG","RepR2","S13","MSR","other"
"810","FJ24-FJ25::chr9:2999602-3038819",18891,18893,0.951,103,98,"B","G","+",1,1,"-",102,97,"TTCGT","XO_TS54","-dTAG","RepR2","S13","MSR","other"
"811","FJ24-FJ25::chr9:2999602-3038819",18906,18908,0.947,132,125,"B","G","+",1,1,"-",131,124,"GTCGT","XO_TS54","-dTAG","RepR2","S13","MSR","other"
"812","FJ24-FJ25::chr9:2999602-3038819",19009,19011,0.667,3,2,"-","G","+",0,0,"-",3,2,"TCGCC","XO_TS54","-dTAG","RepR2","S13","MSR","other"
"813","FJ24-FJ25::chr9:2999602-3038819",19021,19023,1,4,4,"-","G","+",0,0,"-",4,4,"ACGTC","XO_TS54","-dTAG","RepR2","S13","MSR","other"
"814","FJ24-FJ25::chr9:2999602-3038819",19049,19051,0.735,5237,3851,"B","G","+",1,1,"-",5236,3850,"TCCGT","XO_TS54","-dTAG","RepR2","S13","MSR","other"
"815","FJ24-FJ25::chr9:2999602-3038819",19109,19111,1,7,7,"B","G","+",1,1,"-",6,6,"CACGT","XO_TS54","-dTAG","RepR2","S13","MSR","other"
"816","FJ24-FJ25::chr9:2999602-3038819",19535,19537,0.979,47,46,"-","G","+",0,0,"-",47,46,"TCGCA","XO_TS54","-dTAG","RepR2","S13","MSR","other"
"817","FJ24-FJ25::chr9:2999602-3038819",19575,19577,0.8,15,12,"B","G","+",1,1,"-",14,11,"TCCGT","XO_TS54","-dTAG","RepR2","S13","MSR","other"
"818","FJ24-FJ25::chr9:2999602-3038819",19593,19595,1,3,3,"-","G","+",0,0,"-",3,3,"TCGCC","XO_TS54","-dTAG","RepR2","S13","MSR","other"
"819","FJ24-FJ25::chr9:2999602-3038819",19635,19637,1,1,1,"-","G","+",0,0,"-",1,1,"ACGTT","XO_TS54","-dTAG","RepR2","S13","MSR","other"
"820","FJ24-FJ25::chr9:2999602-3038819",19651,19653,1,2,2,"-","G","+",0,0,"-",2,2,"TCGTC","XO_TS54","-dTAG","RepR2","S13","MSR","other"
"821","FJ24-FJ25::chr9:2999602-3038819",19666,19668,0.5,2,1,"-","G","+",0,0,"-",2,1,"TCGTC","XO_TS54","-dTAG","RepR2","S13","MSR","other"
"822","FJ24-FJ25::chr9:2999602-3038819",19721,19723,0.895,19,17,"-","G","+",0,0,"-",19,17,"ACGTC","XO_TS54","-dTAG","RepR2","S13","MSR","other"
"823","FJ24-FJ25::chr9:2999602-3038819",19810,19812,1,3,3,"-","G","+",0,0,"-",3,3,"ACGTT","XO_TS54","-dTAG","RepR2","S13","MSR","other"
"824","FJ24-FJ25::chr9:2999602-3038819",19826,19828,1,1,1,"-","G","+",0,0,"-",1,1,"TCGTC","XO_TS54","-dTAG","RepR2","S13","MSR","other"
"825","FJ24-FJ25::chr9:2999602-3038819",19866,19868,0,1,0,"-","G","+",0,0,"-",1,0,"CCGTG","XO_TS54","-dTAG","RepR2","S13","MSR","other"
"826","FJ24-FJ25::chr9:2999602-3038819",19984,19986,0.909,11,10,"-","G","+",0,0,"-",11,10,"CCGTG","XO_TS54","-dTAG","RepR2","S13","MSR","other"
"827","FJ24-FJ25::chr9:2999602-3038819",20002,20004,1,7,7,"-","G","+",0,0,"-",7,7,"TCGCC","XO_TS54","-dTAG","RepR2","S13","MSR","other"
"828","FJ24-FJ25::chr9:2999602-3038819",20236,20238,1,11,11,"-","G","+",0,0,"-",11,11,"TCGCC","XO_TS54","-dTAG","RepR2","S13","MSR","other"
"829","FJ24-FJ25::chr9:2999602-3038819",20294,20296,1,2,2,"-","G","+",0,0,"-",2,2,"TCGTC","XO_TS54","-dTAG","RepR2","S13","MSR","other"
"830","FJ24-FJ25::chr9:2999602-3038819",20470,20472,1,2,2,"-","G","+",0,0,"-",2,2,"TCGAC","XO_TS54","-dTAG","RepR2","S13","MSR","other"
"831","FJ24-FJ25::chr9:2999602-3038819",20527,20529,1,2,2,"-","G","+",0,0,"-",2,2,"TCGTC","XO_TS54","-dTAG","RepR2","S13","MSR","other"
"832","FJ24-FJ25::chr9:2999602-3038819",20645,20647,0.857,7,6,"B","G","+",3,3,"-",4,3,"CTCGC","XO_TS54","-dTAG","RepR2","S13","MSR","other"
"833","FJ24-FJ25::chr9:2999602-3038819",20657,20659,0.6,5,3,"B","G","+",2,1,"-",3,2,"CACGT","XO_TS54","-dTAG","RepR2","S13","MSR","other"
"834","FJ24-FJ25::chr9:2999602-3038819",20685,20687,0.933,134,125,"B","G","+",2,2,"-",132,123,"TCCGT","XO_TS54","-dTAG","RepR2","S13","MSR","other"
"835","FJ24-FJ25::chr9:2999602-3038819",20703,20705,0.925,106,98,"B","G","+",1,0,"-",105,98,"CTCGC","XO_TS54","-dTAG","RepR2","S13","MSR","other"
"836","FJ24-FJ25::chr9:2999602-3038819",20744,20746,1,2,2,"-","G","+",0,0,"-",2,2,"ACGTT","XO_TS54","-dTAG","RepR2","S13","MSR","other"
"837","FJ24-FJ25::chr9:2999602-3038819",20878,20880,0.917,12,11,"B","G","+",3,3,"-",9,8,"CTCGC","XO_TS54","-dTAG","RepR2","S13","MSR","other"
"838","FJ24-FJ25::chr9:2999602-3038819",20890,20892,0.9,10,9,"B","G","+",3,2,"-",7,7,"CACGT","XO_TS54","-dTAG","RepR2","S13","MSR","other"
"839","FJ24-FJ25::chr9:2999602-3038819",20918,20920,0.934,5385,5027,"B","G","+",2,2,"-",5383,5025,"TCCGT","XO_TS54","-dTAG","RepR2","S13","MSR","other"
"840","FJ24-FJ25::chr9:2999602-3038819",20936,20938,0.895,5409,4840,"B","G","+",1,0,"-",5408,4840,"CTCGC","XO_TS54","-dTAG","RepR2","S13","MSR","other"
"841","FJ24-FJ25::chr9:2999602-3038819",20978,20980,0.874,127,111,"B","G","+",1,1,"-",126,110,"CACGT","XO_TS54","-dTAG","RepR2","S13","MSR","other"
"842","FJ24-FJ25::chr9:2999602-3038819",20994,20996,0.88,100,88,"B","G","+",1,1,"-",99,87,"TTCGT","XO_TS54","-dTAG","RepR2","S13","MSR","other"
"843","FJ24-FJ25::chr9:2999602-3038819",21152,21154,1,4,4,"B","G","+",1,1,"-",3,3,"TCCGT","XO_TS54","-dTAG","RepR2","S13","MSR","other"
"844","FJ24-FJ25::chr9:2999602-3038819",21170,21172,1,5,5,"B","G","+",2,2,"-",3,3,"CTCGC","XO_TS54","-dTAG","RepR2","S13","MSR","other"
"845","FJ24-FJ25::chr9:2999602-3038819",21228,21230,0.9,10,9,"-","G","+",0,0,"-",10,9,"TCGTC","XO_TS54","-dTAG","RepR2","S13","MSR","other"
"846","FJ24-FJ25::chr9:2999602-3038819",21243,21245,1,24,24,"-","G","+",0,0,"-",24,24,"TCGTC","XO_TS54","-dTAG","RepR2","S13","MSR","other"
"847","FJ24-FJ25::chr9:2999602-3038819",21346,21348,1,1,1,"-","G","+",0,0,"-",1,1,"TCGCC","XO_TS54","-dTAG","RepR2","S13","MSR","other"
"848","FJ24-FJ25::chr9:2999602-3038819",21404,21406,0.878,49,43,"B","G","+",1,1,"-",48,42,"CTCGC","XO_TS54","-dTAG","RepR2","S13","MSR","other"
"849","FJ24-FJ25::chr9:2999602-3038819",21446,21448,0.971,34,33,"B","G","+",1,1,"-",33,32,"CACGT","XO_TS54","-dTAG","RepR2","S13","MSR","other"
"850","FJ24-FJ25::chr9:2999602-3038819",21462,21464,0.971,35,34,"B","G","+",1,1,"-",34,33,"TTCGT","XO_TS54","-dTAG","RepR2","S13","MSR","other"
"851","FJ24-FJ25::chr9:2999602-3038819",21620,21622,0.77,126,97,"-","G","+",0,0,"-",126,97,"CCGTG","XO_TS54","-dTAG","RepR2","S13","MSR","other"
"852","FJ24-FJ25::chr9:2999602-3038819",21854,21856,1,2,2,"-","G","+",0,0,"-",2,2,"TCGTG","XO_TS54","-dTAG","RepR2","S13","MSR","other"
"853","FJ24-FJ25::chr9:2999602-3038819",21872,21874,1,2,2,"-","G","+",0,0,"-",2,2,"TCGCC","XO_TS54","-dTAG","RepR2","S13","MSR","other"
"854","FJ24-FJ25::chr9:2999602-3038819",22106,22108,0.844,32,27,"-","G","+",0,0,"-",32,27,"TCGCC","XO_TS54","-dTAG","RepR2","S13","MSR","other"
"855","FJ24-FJ25::chr9:2999602-3038819",22281,22283,0.871,31,27,"-","G","+",0,0,"-",31,27,"TCGCC","XO_TS54","-dTAG","RepR2","S13","MSR","other"
"856","FJ24-FJ25::chr9:2999602-3038819",22324,22326,1,2,2,"-","G","+",0,0,"-",2,2,"ACGTT","XO_TS54","-dTAG","RepR2","S13","MSR","other"
"857","FJ24-FJ25::chr9:2999602-3038819",22340,22342,1,2,2,"-","G","+",0,0,"-",2,2,"TCGTC","XO_TS54","-dTAG","RepR2","S13","MSR","other"
"858","FJ24-FJ25::chr9:2999602-3038819",22458,22460,1,1,1,"-","G","+",0,0,"-",1,1,"TCGCC","XO_TS54","-dTAG","RepR2","S13","MSR","other"
"859","FJ24-FJ25::chr9:2999602-3038819",22498,22500,0.927,5944,5508,"-","G","+",0,0,"-",5944,5508,"CCGTG","XO_TS54","-dTAG","RepR2","S13","MSR","other"
"860","FJ24-FJ25::chr9:2999602-3038819",22558,22560,0.963,27,26,"B","G","+",1,1,"-",26,25,"CACGT","XO_TS54","-dTAG","RepR2","S13","MSR","other"
"861","FJ24-FJ25::chr9:2999602-3038819",22574,22576,1,15,15,"B","G","+",3,3,"-",12,12,"TTCGT","XO_TS54","-dTAG","RepR2","S13","MSR","other"
"862","FJ24-FJ25::chr9:2999602-3038819",22589,22591,0.812,16,13,"B","G","+",3,3,"-",13,10,"GTCGT","XO_TS54","-dTAG","RepR2","S13","MSR","other"
"863","FJ24-FJ25::chr9:2999602-3038819",22632,22634,0,1,0,"+","G","+",1,0,"-",0,0,"CTCGC","XO_TS54","-dTAG","RepR2","S13","MSR","other"
"864","FJ24-FJ25::chr9:2999602-3038819",22732,22734,0.729,59,43,"-","G","+",0,0,"-",59,43,"CCGTG","XO_TS54","-dTAG","RepR2","S13","MSR","other"
"865","FJ24-FJ25::chr9:2999602-3038819",22792,22794,1,2,2,"-","G","+",0,0,"-",2,2,"ACGTT","XO_TS54","-dTAG","RepR2","S13","MSR","other"
"866","FJ24-FJ25::chr9:2999602-3038819",22877,22879,0.964,55,53,"-","G","+",0,0,"-",55,53,"ACGTC","XO_TS54","-dTAG","RepR2","S13","MSR","other"
"867","FJ24-FJ25::chr9:2999602-3038819",22925,22927,1,1,1,"+","G","+",1,1,"-",0,0,"CTCGC","XO_TS54","-dTAG","RepR2","S13","MSR","other"
"868","FJ24-FJ25::chr9:2999602-3038819",22937,22939,1,2,2,"B","G","+",1,1,"-",1,1,"CACGT","XO_TS54","-dTAG","RepR2","S13","MSR","other"
"869","FJ24-FJ25::chr9:2999602-3038819",22965,22967,0.884,2375,2099,"B","G","+",2,2,"-",2373,2097,"TCCGT","XO_TS54","-dTAG","RepR2","S13","MSR","other"
"870","FJ24-FJ25::chr9:2999602-3038819",23025,23027,1,1,1,"+","G","+",1,1,"-",0,0,"CACGT","XO_TS54","-dTAG","RepR2","S13","MSR","other"
"871","FJ24-FJ25::chr9:2999602-3038819",23199,23201,0,2,0,"-","G","+",0,0,"-",2,0,"TCGTG","XO_TS54","-dTAG","RepR2","S13","MSR","other"
"872","FJ24-FJ25::chr9:2999602-3038819",23451,23453,1,23,23,"-","G","+",0,0,"-",23,23,"TCGCA","XO_TS54","-dTAG","RepR2","S13","MSR","other"
"873","FJ24-FJ25::chr9:2999602-3038819",23626,23628,1,2,2,"-","G","+",0,0,"-",2,2,"TCGCC","XO_TS54","-dTAG","RepR2","S13","MSR","other"
"874","FJ24-FJ25::chr9:2999602-3038819",23843,23845,0.848,145,123,"-","G","+",0,0,"-",145,123,"CCGTG","XO_TS54","-dTAG","RepR2","S13","MSR","other"
"875","FJ24-FJ25::chr9:2999602-3038819",23903,23905,0.8,25,20,"B","G","+",2,2,"-",23,18,"CACGT","XO_TS54","-dTAG","RepR2","S13","MSR","other"
"876","FJ24-FJ25::chr9:2999602-3038819",23934,23936,0.918,49,45,"B","G","+",8,8,"-",41,37,"GTCGT","XO_TS54","-dTAG","RepR2","S13","MSR","other"
"877","FJ24-FJ25::chr9:2999602-3038819",24037,24039,0.833,6,5,"B","G","+",1,1,"-",5,4,"CTCGC","XO_TS54","-dTAG","RepR2","S13","MSR","other"
"878","FJ24-FJ25::chr9:2999602-3038819",24049,24051,1,7,7,"B","G","+",1,1,"-",6,6,"CACGT","XO_TS54","-dTAG","RepR2","S13","MSR","other"
"879","FJ24-FJ25::chr9:2999602-3038819",24077,24079,0.731,5247,3838,"B","G","+",1,1,"-",5246,3837,"TCCGT","XO_TS54","-dTAG","RepR2","S13","MSR","other"
"880","FJ24-FJ25::chr9:2999602-3038819",24271,24273,1,4,4,"B","G","+",1,1,"-",3,3,"CTCGC","XO_TS54","-dTAG","RepR2","S13","MSR","other"
"881","FJ24-FJ25::chr9:2999602-3038819",24283,24285,1,4,4,"B","G","+",1,1,"-",3,3,"CACGT","XO_TS54","-dTAG","RepR2","S13","MSR","other"
"882","FJ24-FJ25::chr9:2999602-3038819",24311,24313,0.966,148,143,"B","G","+",1,1,"-",147,142,"TCCGT","XO_TS54","-dTAG","RepR2","S13","MSR","other"
"883","FJ24-FJ25::chr9:2999602-3038819",24329,24331,0.937,127,119,"B","G","+",1,1,"-",126,118,"CTCGC","XO_TS54","-dTAG","RepR2","S13","MSR","other"
"884","FJ24-FJ25::chr9:2999602-3038819",24370,24372,0.5,2,1,"-","G","+",0,0,"-",2,1,"ACGTT","XO_TS54","-dTAG","RepR2","S13","MSR","other"
"885","FJ24-FJ25::chr9:2999602-3038819",24504,24506,0.75,4,3,"B","G","+",1,1,"-",3,2,"CTCGC","XO_TS54","-dTAG","RepR2","S13","MSR","other"
"886","FJ24-FJ25::chr9:2999602-3038819",24516,24518,1,5,5,"B","G","+",2,2,"-",3,3,"CACGT","XO_TS54","-dTAG","RepR2","S13","MSR","other"
"887","FJ24-FJ25::chr9:2999602-3038819",24544,24546,0.944,5496,5190,"B","G","+",2,1,"-",5494,5189,"TCCGT","XO_TS54","-dTAG","RepR2","S13","MSR","other"
"888","FJ24-FJ25::chr9:2999602-3038819",24562,24564,0.9,5494,4946,"B","G","+",2,2,"-",5492,4944,"CTCGC","XO_TS54","-dTAG","RepR2","S13","MSR","other"
"889","FJ24-FJ25::chr9:2999602-3038819",24604,24606,0.91,122,111,"B","G","+",3,2,"-",119,109,"CACGT","XO_TS54","-dTAG","RepR2","S13","MSR","other"
"890","FJ24-FJ25::chr9:2999602-3038819",24620,24622,0.966,87,84,"B","G","+",3,2,"-",84,82,"TTCGA","XO_TS54","-dTAG","RepR2","S13","MSR","other"
"891","FJ24-FJ25::chr9:2999602-3038819",24778,24780,0.934,91,85,"B","G","+",3,3,"-",88,82,"TCCGT","XO_TS54","-dTAG","RepR2","S13","MSR","other"
"892","FJ24-FJ25::chr9:2999602-3038819",24796,24798,0.933,105,98,"B","G","+",8,8,"-",97,90,"CTCGC","XO_TS54","-dTAG","RepR2","S13","MSR","other"
"893","FJ24-FJ25::chr9:2999602-3038819",24838,24840,0.913,277,253,"B","G","+",18,16,"-",259,237,"CACGT","XO_TS54","-dTAG","RepR2","S13","MSR","other"
"894","FJ24-FJ25::chr9:2999602-3038819",24854,24856,0.95,281,267,"B","G","+",21,20,"-",260,247,"TTCGT","XO_TS54","-dTAG","RepR2","S13","MSR","other"
"895","FJ24-FJ25::chr9:2999602-3038819",24869,24871,0.957,328,314,"B","G","+",21,21,"-",307,293,"GTCGT","XO_TS54","-dTAG","RepR2","S13","MSR","other"
"896","FJ24-FJ25::chr9:2999602-3038819",24972,24974,1,6,6,"B","G","+",2,2,"-",4,4,"CTCGC","XO_TS54","-dTAG","RepR2","S13","MSR","other"
"897","FJ24-FJ25::chr9:2999602-3038819",24984,24986,0.667,6,4,"-","G","+",0,0,"-",6,4,"ACGTC","XO_TS54","-dTAG","RepR2","S13","MSR","other"
"898","FJ24-FJ25::chr9:2999602-3038819",25012,25014,0.732,5396,3949,"-","G","+",0,0,"-",5396,3949,"CCGTG","XO_TS54","-dTAG","RepR2","S13","MSR","other"
"899","FJ24-FJ25::chr9:2999602-3038819",25206,25208,0.667,3,2,"-","G","+",0,0,"-",3,2,"TCGCC","XO_TS54","-dTAG","RepR2","S13","MSR","other"
"900","FJ24-FJ25::chr9:2999602-3038819",25218,25220,1,2,2,"-","G","+",0,0,"-",2,2,"ACGTC","XO_TS54","-dTAG","RepR2","S13","MSR","other"
"901","FJ24-FJ25::chr9:2999602-3038819",25246,25248,0.929,253,235,"-","G","+",0,0,"-",253,235,"CCGTG","XO_TS54","-dTAG","RepR2","S13","MSR","other"
"902","FJ24-FJ25::chr9:2999602-3038819",25264,25266,0.892,185,165,"-","G","+",0,0,"-",185,165,"TCGCC","XO_TS54","-dTAG","RepR2","S13","MSR","other"
"903","FJ24-FJ25::chr9:2999602-3038819",25479,25481,0.886,88,78,"-","G","+",0,0,"-",88,78,"CCGTG","XO_TS54","-dTAG","RepR2","S13","MSR","other"
"904","FJ24-FJ25::chr9:2999602-3038819",25497,25499,0.887,80,71,"-","G","+",0,0,"-",80,71,"TCGCC","XO_TS54","-dTAG","RepR2","S13","MSR","other"
"905","FJ24-FJ25::chr9:2999602-3038819",25539,25541,1,3,3,"-","G","+",0,0,"-",3,3,"ACGTT","XO_TS54","-dTAG","RepR2","S13","MSR","other"
"906","FJ24-FJ25::chr9:2999602-3038819",25555,25557,1,1,1,"-","G","+",0,0,"-",1,1,"TCGAC","XO_TS54","-dTAG","RepR2","S13","MSR","other"
"907","FJ24-FJ25::chr9:2999602-3038819",25713,25715,1,11,11,"-","G","+",0,0,"-",11,11,"CCGTG","XO_TS54","-dTAG","RepR2","S13","MSR","other"
"908","FJ24-FJ25::chr9:2999602-3038819",25731,25733,0.917,12,11,"-","G","+",0,0,"-",12,11,"TCGCC","XO_TS54","-dTAG","RepR2","S13","MSR","other"
"909","FJ24-FJ25::chr9:2999602-3038819",25773,25775,1,1,1,"-","G","+",0,0,"-",1,1,"ACGTT","XO_TS54","-dTAG","RepR2","S13","MSR","other"
"910","FJ24-FJ25::chr9:2999602-3038819",25789,25791,1,1,1,"-","G","+",0,0,"-",1,1,"TCGTC","XO_TS54","-dTAG","RepR2","S13","MSR","other"
"911","FJ24-FJ25::chr9:2999602-3038819",25906,25908,1,10,10,"-","G","+",0,0,"-",10,10,"TCGCC","XO_TS54","-dTAG","RepR2","S13","MSR","other"
"912","FJ24-FJ25::chr9:2999602-3038819",25918,25920,1,11,11,"-","G","+",0,0,"-",11,11,"ACGTC","XO_TS54","-dTAG","RepR2","S13","MSR","other"
"913","FJ24-FJ25::chr9:2999602-3038819",25946,25948,0.95,5158,4902,"B","G","+",4,4,"-",5154,4898,"TCCGT","XO_TS54","-dTAG","RepR2","S13","MSR","other"
"914","FJ24-FJ25::chr9:2999602-3038819",25964,25966,0.895,5160,4620,"B","G","+",3,3,"-",5157,4617,"CTCGC","XO_TS54","-dTAG","RepR2","S13","MSR","other"
"915","FJ24-FJ25::chr9:2999602-3038819",26006,26008,0.923,26,24,"B","G","+",2,2,"-",24,22,"CACGT","XO_TS54","-dTAG","RepR2","S13","MSR","other"
"916","FJ24-FJ25::chr9:2999602-3038819",26140,26142,0.667,3,2,"-","G","+",0,0,"-",3,2,"TCGCC","XO_TS54","-dTAG","RepR2","S13","MSR","other"
"917","FJ24-FJ25::chr9:2999602-3038819",26198,26200,0.963,27,26,"-","G","+",0,0,"-",27,26,"TCGCC","XO_TS54","-dTAG","RepR2","S13","MSR","other"
"918","FJ24-FJ25::chr9:2999602-3038819",26240,26242,1,14,14,"B","G","+",1,1,"-",13,13,"CACGT","XO_TS54","-dTAG","RepR2","S13","MSR","other"
"919","FJ24-FJ25::chr9:2999602-3038819",26256,26258,1,7,7,"-","G","+",0,0,"-",7,7,"TCGTC","XO_TS54","-dTAG","RepR2","S13","MSR","other"
"920","FJ24-FJ25::chr9:2999602-3038819",26414,26416,0.719,96,69,"-","G","+",0,0,"-",96,69,"CCGTG","XO_TS54","-dTAG","RepR2","S13","MSR","other"
"921","FJ24-FJ25::chr9:2999602-3038819",26474,26476,1,2,2,"-","G","+",0,0,"-",2,2,"ACGTT","XO_TS54","-dTAG","RepR2","S13","MSR","other"
"922","FJ24-FJ25::chr9:2999602-3038819",26648,26650,1,2,2,"-","G","+",0,0,"-",2,2,"TCGTG","XO_TS54","-dTAG","RepR2","S13","MSR","other"
"923","FJ24-FJ25::chr9:2999602-3038819",26666,26668,0.667,3,2,"-","G","+",0,0,"-",3,2,"TCGCC","XO_TS54","-dTAG","RepR2","S13","MSR","other"
"924","FJ24-FJ25::chr9:2999602-3038819",26708,26710,0.667,3,2,"-","G","+",0,0,"-",3,2,"ACGTT","XO_TS54","-dTAG","RepR2","S13","MSR","other"
"925","FJ24-FJ25::chr9:2999602-3038819",26943,26945,0,1,0,"-","G","+",0,0,"-",1,0,"ACGTT","XO_TS54","-dTAG","RepR2","S13","MSR","other"
"926","FJ24-FJ25::chr9:2999602-3038819",27117,27119,0.87,46,40,"-","G","+",0,0,"-",46,40,"TCGTT","XO_TS54","-dTAG","RepR2","S13","MSR","other"
"927","FJ24-FJ25::chr9:2999602-3038819",27177,27179,0.5,2,1,"-","G","+",0,0,"-",2,1,"ACGTT","XO_TS54","-dTAG","RepR2","S13","MSR","other"
"928","FJ24-FJ25::chr9:2999602-3038819",27545,27547,1,4,4,"-","G","+",0,0,"-",4,4,"TCGCC","XO_TS54","-dTAG","RepR2","S13","MSR","other"
"929","FJ24-FJ25::chr9:2999602-3038819",27557,27559,1,5,5,"B","G","+",1,1,"-",4,4,"CACGT","XO_TS54","-dTAG","RepR2","S13","MSR","other"
"930","FJ24-FJ25::chr9:2999602-3038819",27910,27912,0,1,0,"-","G","+",0,0,"-",1,0,"ACGTC","XO_TS54","-dTAG","RepR2","S13","MSR","other"
"931","FJ24-FJ25::chr9:2999602-3038819",28025,28027,0,2,0,"-","G","+",0,0,"-",2,0,"ACGTC","XO_TS54","-dTAG","RepR2","S13","MSR","other"
"932","FJ24-FJ25::chr9:2999602-3038819",28053,28055,0.747,336,251,"-","G","+",0,0,"-",336,251,"CCGTG","XO_TS54","-dTAG","RepR2","S13","MSR","other"
"933","FJ24-FJ25::chr9:2999602-3038819",28287,28289,0.729,107,78,"-","G","+",0,0,"-",107,78,"CCGTG","XO_TS54","-dTAG","RepR2","S13","MSR","other"
"934","FJ24-FJ25::chr9:2999602-3038819",28481,28483,1,2,2,"-","G","+",0,0,"-",2,2,"TCGCC","XO_TS54","-dTAG","RepR2","S13","MSR","other"
"935","FJ24-FJ25::chr9:2999602-3038819",28521,28523,0.847,4253,3603,"-","G","+",0,0,"-",4253,3603,"CCGTG","XO_TS54","-dTAG","RepR2","S13","MSR","other"
"936","FJ24-FJ25::chr9:2999602-3038819",28581,28583,0.615,13,8,"B","G","+",1,1,"-",12,7,"CACGT","XO_TS54","-dTAG","RepR2","S13","MSR","other"
"937","FJ24-FJ25::chr9:2999602-3038819",28597,28599,1,8,8,"B","G","+",1,1,"-",7,7,"TTCGT","XO_TS54","-dTAG","RepR2","S13","MSR","other"
"938","FJ24-FJ25::chr9:2999602-3038819",28655,28657,0.5,2,1,"-","G","+",0,0,"-",2,1,"TCGCC","XO_TS54","-dTAG","RepR2","S13","MSR","other"
"939","FJ24-FJ25::chr9:2999602-3038819",28715,28717,1,1,1,"+","G","+",1,1,"-",0,0,"CTCGC","XO_TS54","-dTAG","RepR2","S13","MSR","other"
"940","FJ24-FJ25::chr9:2999602-3038819",28727,28729,1,1,1,"+","G","+",1,1,"-",0,0,"CACGT","XO_TS54","-dTAG","RepR2","S13","MSR","other"
"941","FJ24-FJ25::chr9:2999602-3038819",28755,28757,0.967,30,29,"B","G","+",1,0,"-",29,29,"TTCGT","XO_TS54","-dTAG","RepR2","S13","MSR","other"
"942","FJ24-FJ25::chr9:2999602-3038819",28901,28903,1,7,7,"-","G","+",0,0,"-",7,7,"ACGTC","XO_TS54","-dTAG","RepR2","S13","MSR","other"
"943","FJ24-FJ25::chr9:2999602-3038819",28949,28951,1,1,1,"+","G","+",1,1,"-",0,0,"CTCGC","XO_TS54","-dTAG","RepR2","S13","MSR","other"
"944","FJ24-FJ25::chr9:2999602-3038819",28961,28963,1,1,1,"+","G","+",1,1,"-",0,0,"CACGT","XO_TS54","-dTAG","RepR2","S13","MSR","other"
"945","FJ24-FJ25::chr9:2999602-3038819",29049,29051,1,4,4,"-","G","+",0,0,"-",4,4,"ACGTT","XO_TS54","-dTAG","RepR2","S13","MSR","other"
"946","FJ24-FJ25::chr9:2999602-3038819",29065,29067,1,2,2,"-","G","+",0,0,"-",2,2,"TCGTC","XO_TS54","-dTAG","RepR2","S13","MSR","other"
"947","FJ24-FJ25::chr9:2999602-3038819",29183,29185,1,2,2,"-","G","+",0,0,"-",2,2,"TCGCC","XO_TS54","-dTAG","RepR2","S13","MSR","other"
"948","FJ24-FJ25::chr9:2999602-3038819",29195,29197,1,2,2,"-","G","+",0,0,"-",2,2,"ACGTC","XO_TS54","-dTAG","RepR2","S13","MSR","other"
"949","FJ24-FJ25::chr9:2999602-3038819",29223,29225,0.894,3535,3159,"-","G","+",0,0,"-",3535,3159,"CCGTG","XO_TS54","-dTAG","RepR2","S13","MSR","other"
"950","FJ24-FJ25::chr9:2999602-3038819",29283,29285,0.333,6,2,"-","G","+",0,0,"-",6,2,"ACGTT","XO_TS54","-dTAG","RepR2","S13","MSR","other"
"951","FJ24-FJ25::chr9:2999602-3038819",29417,29419,0.667,3,2,"-","G","+",0,0,"-",3,2,"TCGCC","XO_TS54","-dTAG","RepR2","S13","MSR","other"
"952","FJ24-FJ25::chr9:2999602-3038819",29429,29431,1,3,3,"-","G","+",0,0,"-",3,3,"ACGTC","XO_TS54","-dTAG","RepR2","S13","MSR","other"
"953","FJ24-FJ25::chr9:2999602-3038819",29457,29459,0.6,15,9,"-","G","+",0,0,"-",15,9,"CCGTG","XO_TS54","-dTAG","RepR2","S13","MSR","other"
"954","FJ24-FJ25::chr9:2999602-3038819",29652,29654,1,2,2,"+","G","+",2,2,"-",0,0,"CTCGC","XO_TS54","-dTAG","RepR2","S13","MSR","other"
"955","FJ24-FJ25::chr9:2999602-3038819",29664,29666,1,2,2,"+","G","+",2,2,"-",0,0,"CACGT","XO_TS54","-dTAG","RepR2","S13","MSR","other"
"956","FJ24-FJ25::chr9:2999602-3038819",29692,29694,0.667,6,4,"B","G","+",2,2,"-",4,2,"TTCGT","XO_TS54","-dTAG","RepR2","S13","MSR","other"
"957","FJ24-FJ25::chr9:2999602-3038819",29710,29712,1,1,1,"-","G","+",0,0,"-",1,1,"TCGCC","XO_TS54","-dTAG","RepR2","S13","MSR","other"
"958","FJ24-FJ25::chr9:2999602-3038819",29752,29754,1,1,1,"-","G","+",0,0,"-",1,1,"ACGTT","XO_TS54","-dTAG","RepR2","S13","MSR","other"
"959","FJ24-FJ25::chr9:2999602-3038819",29944,29946,0.882,17,15,"-","G","+",0,0,"-",17,15,"TCGCC","XO_TS54","-dTAG","RepR2","S13","MSR","other"
"960","FJ24-FJ25::chr9:2999602-3038819",30121,30123,1,1,1,"-","G","+",0,0,"-",1,1,"TCGCC","XO_TS54","-dTAG","RepR2","S13","MSR","other"
"961","FJ24-FJ25::chr9:2999602-3038819",30133,30135,1,1,1,"-","G","+",0,0,"-",1,1,"ACGTC","XO_TS54","-dTAG","RepR2","S13","MSR","other"
"962","FJ24-FJ25::chr9:2999602-3038819",30221,30223,0.824,17,14,"-","G","+",0,0,"-",17,14,"ACGTT","XO_TS54","-dTAG","RepR2","S13","MSR","other"
"963","FJ24-FJ25::chr9:2999602-3038819",30237,30239,1,21,21,"-","G","+",0,0,"-",21,21,"TCGTC","XO_TS54","-dTAG","RepR2","S13","MSR","other"
"964","FJ24-FJ25::chr9:2999602-3038819",30252,30254,1,17,17,"-","G","+",0,0,"-",17,17,"TCGTC","XO_TS54","-dTAG","RepR2","S13","MSR","other"
"965","FJ24-FJ25::chr9:2999602-3038819",30395,30397,1,16,16,"-","G","+",0,0,"-",16,16,"TCGTT","XO_TS54","-dTAG","RepR2","S13","MSR","other"
"966","FJ24-FJ25::chr9:2999602-3038819",30486,30488,1,2,2,"+","G","+",2,2,"-",0,0,"GTCGT","XO_TS54","-dTAG","RepR2","S13","MSR","other"
"967","FJ24-FJ25::chr9:2999602-3038819",30590,30592,1,3,3,"-","G","+",0,0,"-",3,3,"TCGCC","XO_TS54","-dTAG","RepR2","S13","MSR","other"
"968","FJ24-FJ25::chr9:2999602-3038819",30602,30604,1,2,2,"-","G","+",0,0,"-",2,2,"ACGTC","XO_TS54","-dTAG","RepR2","S13","MSR","other"
"969","FJ24-FJ25::chr9:2999602-3038819",30690,30692,1,5,5,"-","G","+",0,0,"-",5,5,"ACGTT","XO_TS54","-dTAG","RepR2","S13","MSR","other"
"970","FJ24-FJ25::chr9:2999602-3038819",30706,30708,1,4,4,"-","G","+",0,0,"-",4,4,"TCGTC","XO_TS54","-dTAG","RepR2","S13","MSR","other"
"971","FJ24-FJ25::chr9:2999602-3038819",30924,30926,0.75,4,3,"-","G","+",0,0,"-",4,3,"ACGTT","XO_TS54","-dTAG","RepR2","S13","MSR","other"
"972","FJ24-FJ25::chr9:2999602-3038819",30940,30942,1,4,4,"-","G","+",0,0,"-",4,4,"TCGTC","XO_TS54","-dTAG","RepR2","S13","MSR","other"
"973","FJ24-FJ25::chr9:2999602-3038819",30955,30957,1,4,4,"-","G","+",0,0,"-",4,4,"ACGTC","XO_TS54","-dTAG","RepR2","S13","MSR","other"
"974","FJ24-FJ25::chr9:2999602-3038819",31070,31072,1,1,1,"-","G","+",0,0,"-",1,1,"ACGTC","XO_TS54","-dTAG","RepR2","S13","MSR","other"
"975","FJ24-FJ25::chr9:2999602-3038819",31098,31100,0.738,321,237,"-","G","+",0,0,"-",321,237,"CCGTG","XO_TS54","-dTAG","RepR2","S13","MSR","other"
"976","FJ24-FJ25::chr9:2999602-3038819",31158,31160,1,1,1,"-","G","+",0,0,"-",1,1,"ACGTT","XO_TS54","-dTAG","RepR2","S13","MSR","other"
"977","FJ24-FJ25::chr9:2999602-3038819",31332,31334,0.75,4,3,"-","G","+",0,0,"-",4,3,"TCGTG","XO_TS54","-dTAG","RepR2","S13","MSR","other"
"978","FJ24-FJ25::chr9:2999602-3038819",31350,31352,1,2,2,"-","G","+",0,0,"-",2,2,"TCGCC","XO_TS54","-dTAG","RepR2","S13","MSR","other"
"979","FJ24-FJ25::chr9:2999602-3038819",31679,31681,0.701,3926,2753,"-","G","+",0,0,"-",3926,2753,"CCGTG","XO_TS54","-dTAG","RepR2","S13","MSR","other"
"980","FJ24-FJ25::chr9:2999602-3038819",31739,31741,0.867,15,13,"B","G","+",1,1,"-",14,12,"CACGT","XO_TS54","-dTAG","RepR2","S13","MSR","other"
"981","FJ24-FJ25::chr9:2999602-3038819",31755,31757,1,9,9,"B","G","+",1,1,"-",8,8,"TTCGT","XO_TS54","-dTAG","RepR2","S13","MSR","other"
"982","FJ24-FJ25::chr9:2999602-3038819",31813,31815,1,2,2,"-","G","+",0,0,"-",2,2,"TCGCC","XO_TS54","-dTAG","RepR2","S13","MSR","other"
"983","FJ24-FJ25::chr9:2999602-3038819",31913,31915,0.939,33,31,"-","G","+",0,0,"-",33,31,"TCGTT","XO_TS54","-dTAG","RepR2","S13","MSR","other"
"984","FJ24-FJ25::chr9:2999602-3038819",32059,32061,1,6,6,"-","G","+",0,0,"-",6,6,"ACGTC","XO_TS54","-dTAG","RepR2","S13","MSR","other"
"985","FJ24-FJ25::chr9:2999602-3038819",32207,32209,1,6,6,"-","G","+",0,0,"-",6,6,"ACGTT","XO_TS54","-dTAG","RepR2","S13","MSR","other"
"986","FJ24-FJ25::chr9:2999602-3038819",32223,32225,1,3,3,"-","G","+",0,0,"-",3,3,"TCGTC","XO_TS54","-dTAG","RepR2","S13","MSR","other"
"987","FJ24-FJ25::chr9:2999602-3038819",32441,32443,1,1,1,"-","G","+",0,0,"-",1,1,"ACGTT","XO_TS54","-dTAG","RepR2","S13","MSR","other"
"988","FJ24-FJ25::chr9:2999602-3038819",32457,32459,1,1,1,"-","G","+",0,0,"-",1,1,"TCGTC","XO_TS54","-dTAG","RepR2","S13","MSR","other"
"989","FJ24-FJ25::chr9:2999602-3038819",32472,32474,1,1,1,"-","G","+",0,0,"-",1,1,"ACGTC","XO_TS54","-dTAG","RepR2","S13","MSR","other"
"990","FJ24-FJ25::chr9:2999602-3038819",32615,32617,0.751,337,253,"-","G","+",0,0,"-",337,253,"CCGTG","XO_TS54","-dTAG","RepR2","S13","MSR","other"
"991","FJ24-FJ25::chr9:2999602-3038819",32675,32677,0.833,6,5,"-","G","+",0,0,"-",6,5,"ACGTT","XO_TS54","-dTAG","RepR2","S13","MSR","other"
"992","FJ24-FJ25::chr9:2999602-3038819",32821,32823,1,11,11,"+","G","+",11,11,"-",0,0,"CACGT","XO_TS54","-dTAG","RepR2","S13","MSR","other"
"993","FJ24-FJ25::chr9:2999602-3038819",32849,32851,0.92,1101,1013,"B","G","+",29,29,"-",1072,984,"TCCGT","XO_TS54","-dTAG","RepR2","S13","MSR","other"
"994","FJ24-FJ25::chr9:2999602-3038819",32867,32869,0.92,1027,945,"B","G","+",2,2,"-",1025,943,"CTCGC","XO_TS54","-dTAG","RepR2","S13","MSR","other"
"995","FJ24-FJ25::chr9:2999602-3038819",32909,32911,0.846,13,11,"-","G","+",0,0,"-",13,11,"ACGTT","XO_TS54","-dTAG","RepR2","S13","MSR","other"
"996","FJ24-FJ25::chr9:2999602-3038819",33043,33045,1,3,3,"-","G","+",0,0,"-",3,3,"TCGCC","XO_TS54","-dTAG","RepR2","S13","MSR","other"
"997","FJ24-FJ25::chr9:2999602-3038819",33289,33291,1,2,2,"+","G","+",2,2,"-",0,0,"CACGT","XO_TS54","-dTAG","RepR2","S13","MSR","other"
"998","FJ24-FJ25::chr9:2999602-3038819",33317,33319,0.954,109,104,"B","G","+",2,2,"-",107,102,"TCCGT","XO_TS54","-dTAG","RepR2","S13","MSR","other"
"999","FJ24-FJ25::chr9:2999602-3038819",33335,33337,1,72,72,"-","G","+",0,0,"-",72,72,"TCGCC","XO_TS54","-dTAG","RepR2","S13","MSR","other"
"1000","FJ24-FJ25::chr9:2999602-3038819",33376,33378,0,1,0,"-","G","+",0,0,"-",1,0,"ACGTT","XO_TS54","-dTAG","RepR2","S13","MSR","other"
"1001","FJ24-FJ25::chr9:2999602-3038819",33550,33552,0.812,16,13,"-","G","+",0,0,"-",16,13,"CCGTG","XO_TS54","-dTAG","RepR2","S13","MSR","other"
"1002","FJ24-FJ25::chr9:2999602-3038819",33568,33570,1,12,12,"-","G","+",0,0,"-",12,12,"TCGCC","XO_TS54","-dTAG","RepR2","S13","MSR","other"
"1003","FJ24-FJ25::chr9:2999602-3038819",33610,33612,0.333,3,1,"-","G","+",0,0,"-",3,1,"ACGTT","XO_TS54","-dTAG","RepR2","S13","MSR","other"
"1004","FJ24-FJ25::chr9:2999602-3038819",33626,33628,1,2,2,"-","G","+",0,0,"-",2,2,"TCGTC","XO_TS54","-dTAG","RepR2","S13","MSR","other"
"1005","FJ24-FJ25::chr9:2999602-3038819",33784,33786,1,5,5,"B","G","+",2,2,"-",3,3,"TCCGT","XO_TS54","-dTAG","RepR2","S13","MSR","other"
"1006","FJ24-FJ25::chr9:2999602-3038819",33802,33804,1,4,4,"B","G","+",3,3,"-",1,1,"CTCGC","XO_TS54","-dTAG","RepR2","S13","MSR","other"
"1007","FJ24-FJ25::chr9:2999602-3038819",33860,33862,1,1,1,"-","G","+",0,0,"-",1,1,"TCGTC","XO_TS54","-dTAG","RepR2","S13","MSR","other"
"1008","FJ24-FJ25::chr9:2999602-3038819",33875,33877,1,4,4,"B","G","+",2,2,"-",2,2,"GTCGT","XO_TS54","-dTAG","RepR2","S13","MSR","other"
"1009","FJ24-FJ25::chr9:2999602-3038819",33976,33978,1,22,22,"-","G","+",0,0,"-",22,22,"TCGCT","XO_TS54","-dTAG","RepR2","S13","MSR","other"
"1010","FJ24-FJ25::chr9:2999602-3038819",34193,34195,0.897,2553,2289,"-","G","+",0,0,"-",2553,2289,"CCGTG","XO_TS54","-dTAG","RepR2","S13","MSR","other"
"1011","FJ24-FJ25::chr9:2999602-3038819",34253,34255,0.714,7,5,"B","G","+",2,2,"-",5,3,"CACGT","XO_TS54","-dTAG","RepR2","S13","MSR","other"
"1012","FJ24-FJ25::chr9:2999602-3038819",34269,34271,1,2,2,"+","G","+",2,2,"-",0,0,"TTCGT","XO_TS54","-dTAG","RepR2","S13","MSR","other"
"1013","FJ24-FJ25::chr9:2999602-3038819",34445,34447,0.905,21,19,"-","G","+",0,0,"-",21,19,"TCGCA","XO_TS54","-dTAG","RepR2","S13","MSR","other"
"1014","FJ24-FJ25::chr9:2999602-3038819",34621,34623,0.946,56,53,"-","G","+",0,0,"-",56,53,"TCGCC","XO_TS54","-dTAG","RepR2","S13","MSR","other"
"1015","FJ24-FJ25::chr9:2999602-3038819",34633,34635,0.95,40,38,"-","G","+",0,0,"-",40,38,"ACGTC","XO_TS54","-dTAG","RepR2","S13","MSR","other"
"1016","FJ24-FJ25::chr9:2999602-3038819",34679,34681,1,5,5,"-","G","+",0,0,"-",5,5,"TCGCC","XO_TS54","-dTAG","RepR2","S13","MSR","other"
"1017","FJ24-FJ25::chr9:2999602-3038819",34895,34897,0.721,312,225,"-","G","+",0,0,"-",312,225,"CCGTG","XO_TS54","-dTAG","RepR2","S13","MSR","other"
"1018","FJ24-FJ25::chr9:2999602-3038819",34955,34957,1,2,2,"-","G","+",0,0,"-",2,2,"ACGTT","XO_TS54","-dTAG","RepR2","S13","MSR","other"
"1019","FJ24-FJ25::chr9:2999602-3038819",35089,35091,1,3,3,"-","G","+",0,0,"-",3,3,"TCGCC","XO_TS54","-dTAG","RepR2","S13","MSR","other"
"1020","FJ24-FJ25::chr9:2999602-3038819",35101,35103,1,1,1,"-","G","+",0,0,"-",1,1,"ACGTG","XO_TS54","-dTAG","RepR2","S13","MSR","other"
"1021","FJ24-FJ25::chr9:2999602-3038819",35129,35131,0.25,4,1,"-","G","+",0,0,"-",4,1,"TCGTG","XO_TS54","-dTAG","RepR2","S13","MSR","other"
"1022","FJ24-FJ25::chr9:2999602-3038819",35147,35149,1,2,2,"-","G","+",0,0,"-",2,2,"TCGCC","XO_TS54","-dTAG","RepR2","S13","MSR","other"
"1023","FJ24-FJ25::chr9:2999602-3038819",35189,35191,1,1,1,"-","G","+",0,0,"-",1,1,"ACGTT","XO_TS54","-dTAG","RepR2","S13","MSR","other"
"1024","FJ24-FJ25::chr9:2999602-3038819",35381,35383,0.955,22,21,"-","G","+",0,0,"-",22,21,"TCGCC","XO_TS54","-dTAG","RepR2","S13","MSR","other"
"1025","FJ24-FJ25::chr9:2999602-3038819",35423,35425,1,6,6,"-","G","+",0,0,"-",6,6,"ACGTT","XO_TS54","-dTAG","RepR2","S13","MSR","other"
"1026","FJ24-FJ25::chr9:2999602-3038819",35439,35441,1,5,5,"-","G","+",0,0,"-",5,5,"TCGTC","XO_TS54","-dTAG","RepR2","S13","MSR","other"
"1027","FJ24-FJ25::chr9:2999602-3038819",35454,35456,1,9,9,"-","G","+",0,0,"-",9,9,"ACGTC","XO_TS54","-dTAG","RepR2","S13","MSR","other"
"1028","FJ24-FJ25::chr9:2999602-3038819",35557,35559,1,1,1,"-","G","+",0,0,"-",1,1,"TCGCC","XO_TS54","-dTAG","RepR2","S13","MSR","other"
"1029","FJ24-FJ25::chr9:2999602-3038819",35569,35571,1,1,1,"-","G","+",0,0,"-",1,1,"ACGTC","XO_TS54","-dTAG","RepR2","S13","MSR","other"
"1030","FJ24-FJ25::chr9:2999602-3038819",35597,35599,0.63,5807,3656,"-","G","+",0,0,"-",5807,3656,"CCGTG","XO_TS54","-dTAG","RepR2","S13","MSR","other"
"1031","FJ24-FJ25::chr9:2999602-3038819",35657,35659,1,2,2,"-","G","+",0,0,"-",2,2,"ACGTT","XO_TS54","-dTAG","RepR2","S13","MSR","other"
"1032","FJ24-FJ25::chr9:2999602-3038819",35791,35793,0.667,3,2,"B","G","+",1,0,"-",2,2,"CTCGC","XO_TS54","-dTAG","RepR2","S13","MSR","other"
"1033","FJ24-FJ25::chr9:2999602-3038819",35803,35805,1,2,2,"B","G","+",1,1,"-",1,1,"CACGT","XO_TS54","-dTAG","RepR2","S13","MSR","other"
"1034","FJ24-FJ25::chr9:2999602-3038819",35831,35833,0.636,11,7,"-","G","+",0,0,"-",11,7,"CCGTG","XO_TS54","-dTAG","RepR2","S13","MSR","other"
"1035","FJ24-FJ25::chr9:2999602-3038819",36066,36068,0.25,4,1,"-","G","+",0,0,"-",4,1,"TCGTG","XO_TS54","-dTAG","RepR2","S13","MSR","other"
"1036","FJ24-FJ25::chr9:2999602-3038819",36084,36086,1,1,1,"-","G","+",0,0,"-",1,1,"TCGCC","XO_TS54","-dTAG","RepR2","S13","MSR","other"
"1037","FJ24-FJ25::chr9:2999602-3038819",36126,36128,1,1,1,"-","G","+",0,0,"-",1,1,"ACGTT","XO_TS54","-dTAG","RepR2","S13","MSR","other"
"1038","FJ24-FJ25::chr9:2999602-3038819",36259,36261,1,1,1,"-","G","+",0,0,"-",1,1,"TCGCC","XO_TS54","-dTAG","RepR2","S13","MSR","other"
"1039","FJ24-FJ25::chr9:2999602-3038819",36299,36301,0.761,92,70,"-","G","+",0,0,"-",92,70,"CCGTG","XO_TS54","-dTAG","RepR2","S13","MSR","other"
"1040","FJ24-FJ25::chr9:2999602-3038819",36475,36477,0.901,81,73,"-","G","+",0,0,"-",81,73,"CCGTG","XO_TS54","-dTAG","RepR2","S13","MSR","other"
"1041","FJ24-FJ25::chr9:2999602-3038819",36493,36495,0.953,43,41,"-","G","+",0,0,"-",43,41,"TCGCC","XO_TS54","-dTAG","RepR2","S13","MSR","other"
"1042","FJ24-FJ25::chr9:2999602-3038819",36668,36670,0,1,0,"+","G","+",1,0,"-",0,0,"CTCGC","XO_TS54","-dTAG","RepR2","S13","MSR","other"
"1043","FJ24-FJ25::chr9:2999602-3038819",36680,36682,1,1,1,"+","G","+",1,1,"-",0,0,"CACGT","XO_TS54","-dTAG","RepR2","S13","MSR","other"
"1044","FJ24-FJ25::chr9:2999602-3038819",36708,36710,0.927,41,38,"-","G","+",0,0,"-",41,38,"CCGTG","XO_TS54","-dTAG","RepR2","S13","MSR","other"
"1045","FJ24-FJ25::chr9:2999602-3038819",36726,36728,0.75,28,21,"-","G","+",0,0,"-",28,21,"TCGCC","XO_TS54","-dTAG","RepR2","S13","MSR","other"
"1046","FJ24-FJ25::chr9:2999602-3038819",36767,36769,1,2,2,"B","G","+",1,1,"-",1,1,"CACGT","XO_TS54","-dTAG","RepR2","S13","MSR","other"
"1047","FJ24-FJ25::chr9:2999602-3038819",36781,36783,0,1,0,"-","G","+",0,0,"-",1,0,"TCGTC","XO_TS54","-dTAG","RepR2","S13","MSR","other"
"1048","FJ24-FJ25::chr9:2999602-3038819",36939,36941,0.636,22,14,"-","G","+",0,0,"-",22,14,"CCGTG","XO_TS54","-dTAG","RepR2","S13","MSR","other"
"1049","FJ24-FJ25::chr9:2999602-3038819",36999,37001,1,1,1,"-","G","+",0,0,"-",1,1,"ACGTT","XO_TS54","-dTAG","RepR2","S13","MSR","other"
"1050","FJ24-FJ25::chr9:2999602-3038819",37173,37175,1,1,1,"-","G","+",0,0,"-",1,1,"TCGTG","XO_TS54","-dTAG","RepR2","S13","MSR","other"
"1051","FJ24-FJ25::chr9:2999602-3038819",37191,37193,1,1,1,"-","G","+",0,0,"-",1,1,"TCGCC","XO_TS54","-dTAG","RepR2","S13","MSR","other"
"1052","FJ24-FJ25::chr9:2999602-3038819",37233,37235,1,1,1,"-","G","+",0,0,"-",1,1,"ACGTT","XO_TS54","-dTAG","RepR2","S13","MSR","other"
"1053","FJ24-FJ25::chr9:2999602-3038819",37319,37321,1,1,1,"-","G","+",0,0,"-",1,1,"ACGTC","XO_TS54","-dTAG","RepR2","S13","MSR","other"
"1054","FJ24-FJ25::chr9:2999602-3038819",37601,37603,1,3,3,"B","G","+",1,1,"-",2,2,"CTCGC","XO_TS54","-dTAG","RepR2","S13","MSR","other"
"1055","FJ24-FJ25::chr9:2999602-3038819",37613,37615,1,4,4,"B","G","+",2,2,"-",2,2,"CACGT","XO_TS54","-dTAG","RepR2","S13","MSR","other"
"1056","FJ24-FJ25::chr9:2999602-3038819",37641,37643,0.843,172,145,"B","G","+",3,3,"-",169,142,"TCCGT","XO_TS54","-dTAG","RepR2","S13","MSR","other"
"1057","FJ24-FJ25::chr9:2999602-3038819",37659,37661,0.913,138,126,"B","G","+",1,1,"-",137,125,"CTCGC","XO_TS54","-dTAG","RepR2","S13","MSR","other"
"1058","FJ24-FJ25::chr9:2999602-3038819",37701,37703,1,3,3,"-","G","+",0,0,"-",3,3,"ACGTT","XO_TS54","-dTAG","RepR2","S13","MSR","other"
"1059","FJ24-FJ25::chr9:2999602-3038819",37875,37877,1,2,2,"-","G","+",0,0,"-",2,2,"TCGTG","XO_TS54","-dTAG","RepR2","S13","MSR","other"
"1060","FJ24-FJ25::chr9:2999602-3038819",37893,37895,1,2,2,"-","G","+",0,0,"-",2,2,"TCGCC","XO_TS54","-dTAG","RepR2","S13","MSR","other"
"1061","FJ24-FJ25::chr9:2999602-3038819",38303,38305,1,1,1,"-","G","+",0,0,"-",1,1,"TCGCC","XO_TS54","-dTAG","RepR2","S13","MSR","other"
"1062","FJ24-FJ25::chr9:2999602-3038819",38315,38317,0,1,0,"-","G","+",0,0,"-",1,0,"ACGTC","XO_TS54","-dTAG","RepR2","S13","MSR","other"
"1063","FJ24-FJ25::chr9:2999602-3038819",38343,38345,0.867,166,144,"-","G","+",0,0,"-",166,144,"CCGTG","XO_TS54","-dTAG","RepR2","S13","MSR","other"
"1064","FJ24-FJ25::chr9:2999602-3038819",38361,38363,0.927,151,140,"-","G","+",0,0,"-",151,140,"TCGCC","XO_TS54","-dTAG","RepR2","S13","MSR","other"
"1065","FJ24-FJ25::chr9:2999602-3038819",38403,38405,0.4,5,2,"-","G","+",0,0,"-",5,2,"ACGTT","XO_TS54","-dTAG","RepR2","S13","MSR","other"
"1066","FJ24-FJ25::chr9:2999602-3038819",38419,38421,1,3,3,"-","G","+",0,0,"-",3,3,"TCGTC","XO_TS54","-dTAG","RepR2","S13","MSR","other"
"1067","FJ24-FJ25::chr9:2999602-3038819",38489,38491,1,11,11,"-","G","+",0,0,"-",11,11,"ACGTC","XO_TS54","-dTAG","RepR2","S13","MSR","other"
"1068","FJ24-FJ25::chr9:2999602-3038819",38637,38639,1,1,1,"-","G","+",0,0,"-",1,1,"ACGTT","XO_TS54","-dTAG","RepR2","S13","MSR","other"
"1069","FJ24-FJ25::chr9:35304805-35306009",436,438,0.912,34,31,"+","G","+",34,31,"-",0,0,"TGCGA","XO_TS54","-dTAG","RepR2","S13","MSR","other"
"1070","FJ24-FJ25::chr9:35304805-35306009",454,456,0.959,49,47,"B","G","+",48,46,"-",1,1,"CACGG","XO_TS54","-dTAG","RepR2","S13","MSR","other"
"1071","FJ24-FJ25::chr9:35304805-35306009",482,484,1,3,3,"B","G","+",2,2,"-",1,1,"GACGT","XO_TS54","-dTAG","RepR2","S13","MSR","other"
"1072","FJ24-FJ25::chr9:35304805-35306009",494,496,1,5,5,"B","G","+",4,4,"-",1,1,"GGCGA","XO_TS54","-dTAG","RepR2","S13","MSR","other"
"1073","FJ24-FJ25::chr9:35304805-35306009",612,614,0.953,405,386,"B","G","+",403,384,"-",2,2,"GACGA","XO_TS54","-dTAG","RepR2","S13","MSR","other"
"1074","FJ24-FJ25::chr9:35304805-35306009",628,630,0.902,479,432,"B","G","+",476,429,"-",3,3,"AACGT","XO_TS54","-dTAG","RepR2","S13","MSR","other"
"1075","FJ24-FJ25::chr9:35304805-35306009",688,690,0.94,1449,1362,"B","G","+",1441,1356,"-",8,6,"CACGG","XO_TS54","-dTAG","RepR2","S13","MSR","other"
"1076","FJ24-FJ25::chr9:35304805-35306009",716,718,1,11,11,"B","G","+",3,3,"-",8,8,"GACGT","XO_TS54","-dTAG","RepR2","S13","MSR","other"
"1077","FJ24-FJ25::chr9:35304805-35306009",728,730,1,9,9,"B","G","+",3,3,"-",6,6,"GGCGA","XO_TS54","-dTAG","RepR2","S13","MSR","other"
"1078","FJ24-FJ25::chr9:35304805-35306009",776,778,0.939,82,77,"B","G","+",81,76,"-",1,1,"GACGT","XO_TS54","-dTAG","RepR2","S13","MSR","other"
"1079","FJ24-FJ25::chr9:35304805-35306009",1063,1065,0,11,0,"B","G","+",8,0,"-",3,0,"CCCGG","XO_TS54","-dTAG","RepR2","S13","MSR","other"
"1080","FJ24-FJ25::chrX:75643946-75646608",2448,2450,0.348,23,8,"B","G","+",2,2,"-",21,6,"TCCGG","XO_TS54","-dTAG","RepR2","S13","MSR","other"
"1081","FJ28-FJ29.FJ26-FJ27::chrX:103482701-103483891",480,482,0.889,9,8,"+","G","+",9,8,"-",0,0,"CACGG","XO_TS54","-dTAG","RepR2","S13","RE58","RE58_CGI_2"
"1082","FJ28-FJ29.FJ26-FJ27::chrX:103482701-103483891",489,491,1,10,10,"+","G","+",10,10,"-",0,0,"ACCGC","XO_TS54","-dTAG","RepR2","S13","RE58","RE58_CGI_2"
"1083","FJ28-FJ29.FJ26-FJ27::chrX:103482701-103483891",499,501,0.875,16,14,"+","G","+",16,14,"-",0,0,"CACGG","XO_TS54","-dTAG","RepR2","S13","RE58","RE58_CGI_2"
"1084","FJ28-FJ29.FJ26-FJ27::chrX:103482701-103483891",506,508,1,16,16,"+","G","+",16,16,"-",0,0,"AACGA","XO_TS54","-dTAG","RepR2","S13","RE58","RE58_CGI_2"
"1085","FJ28-FJ29.FJ26-FJ27::chrX:103482701-103483891",530,532,0.929,14,13,"+","G","+",14,13,"-",0,0,"GCCGT","XO_TS54","-dTAG","RepR2","S13","RE58","RE58_CGI_2"
"1086","FJ28-FJ29.FJ26-FJ27::chrX:103482701-103483891",537,539,1,14,14,"+","G","+",14,14,"-",0,0,"CACGC","XO_TS54","-dTAG","RepR2","S13","RE58","RE58_CGI_2"
"1087","FJ28-FJ29.FJ26-FJ27::chrX:103482701-103483891",552,554,0.7,10,7,"+","G","+",10,7,"-",0,0,"TCCGC","XO_TS54","-dTAG","RepR2","S13","RE58","RE58_CGI_2"
"1088","FJ28-FJ29.FJ26-FJ27::chrX:103482701-103483891",554,556,1,12,12,"+","G","+",12,12,"-",0,0,"CGCGG","XO_TS54","-dTAG","RepR2","S13","RE58","RE58_CGI_2"
"1089","FJ28-FJ29.FJ26-FJ27::chrX:103482701-103483891",557,559,1,13,13,"+","G","+",13,13,"-",0,0,"GGCGC","XO_TS54","-dTAG","RepR2","S13","RE58","RE58_CGI_2"
"1090","FJ28-FJ29.FJ26-FJ27::chrX:103482701-103483891",566,568,1,13,13,"+","G","+",13,13,"-",0,0,"GGCGG","XO_TS54","-dTAG","RepR2","S13","RE58","RE58_CGI_2"
"1091","FJ28-FJ29.FJ26-FJ27::chrX:103482701-103483891",675,677,0.994,927,921,"B","G","+",570,564,"-",357,357,"TACGT","XO_TS54","-dTAG","RepR2","S13","RE58","RE58_CGI_1"
"1092","FJ28-FJ29.FJ26-FJ27::chrX:103482701-103483891",694,696,0.987,943,931,"B","G","+",587,575,"-",356,356,"GACGC","XO_TS54","-dTAG","RepR2","S13","RE58","RE58_CGI_1"
"1093","FJ28-FJ29.FJ26-FJ27::chrX:103482701-103483891",696,698,0.993,946,939,"B","G","+",592,585,"-",354,354,"CGCGT","XO_TS54","-dTAG","RepR2","S13","RE58","RE58_CGI_1"
"1094","FJ28-FJ29.FJ26-FJ27::chrX:103482701-103483891",715,717,0.987,908,896,"B","G","+",559,548,"-",349,348,"TGCGC","XO_TS54","-dTAG","RepR2","S13","RE58","RE58_CGI_1"
"1095","FJ28-FJ29.FJ26-FJ27::chrX:103482701-103483891",717,719,0.978,897,877,"B","G","+",555,535,"-",342,342,"CGCGA","XO_TS54","-dTAG","RepR2","S13","RE58","RE58_CGI_1"
"1096","FJ28-FJ29.FJ26-FJ27::chrX:103482701-103483891",753,755,0.826,420,347,"B","G","+",220,147,"-",200,200,"AACGT","XO_TS54","-dTAG","RepR2","S13","RE58","RE58_CGI_1"
"1097","FJ14-FJ15.FJ10-FJ11::chrX:103481327-103482781",433,435,0.932,691,644,"+","G","+",691,644,"-",0,0,"TCCGC","XO_TS54","-dTAG","RepR3","S15","RE57","RE57_YY1"
"1098","FJ14-FJ15.FJ10-FJ11::chrX:103481327-103482781",520,522,0.98,152,149,"+","G","+",152,149,"-",0,0,"TGCGT","XO_TS54","-dTAG","RepR3","S15","RE57","RE57_YY1"
"1099","FJ14-FJ15.FJ10-FJ11::chrX:103481327-103482781",528,530,0.964,139,134,"+","G","+",139,134,"-",0,0,"ACCGC","XO_TS54","-dTAG","RepR3","S15","RE57","RE57_YY1"
"1100","FJ14-FJ15.FJ10-FJ11::chrX:103481327-103482781",546,548,0.971,137,133,"+","G","+",137,133,"-",0,0,"GCCGC","XO_TS54","-dTAG","RepR3","S15","RE57","RE57_YY1"
"1101","FJ14-FJ15.FJ10-FJ11::chrX:103481327-103482781",563,565,0.971,139,135,"+","G","+",139,135,"-",0,0,"TACGA","XO_TS54","-dTAG","RepR3","S15","RE57","RE57_YY1"
"1102","FJ14-FJ15.FJ10-FJ11::chrX:103481327-103482781",617,619,0.978,415,406,"+","G","+",415,406,"-",0,0,"GTCGA","XO_TS54","-dTAG","RepR3","S15","RE57","RE57_YY1"
"1103","FJ14-FJ15.FJ10-FJ11::chrX:103481327-103482781",624,626,0.954,495,472,"+","G","+",495,472,"-",0,0,"CTCGG","XO_TS54","-dTAG","RepR3","S15","RE57","RE57_YY1"
"1104","FJ14-FJ15.FJ10-FJ11::chrX:103481327-103482781",637,639,0.971,523,508,"+","G","+",523,508,"-",0,0,"CCCGA","XO_TS54","-dTAG","RepR3","S15","RE57","RE57_YY1"
"1105","FJ14-FJ15.FJ10-FJ11::chrX:103481327-103482781",642,644,0.921,529,487,"+","G","+",529,487,"-",0,0,"GCCGC","XO_TS54","-dTAG","RepR3","S15","RE57","RE57_YY1"
"1106","FJ14-FJ15.FJ10-FJ11::chrX:103481327-103482781",736,738,0.972,36,35,"+","G","+",36,35,"-",0,0,"CACGC","XO_TS54","-dTAG","RepR3","S15","RE57","RE57_CGI"
"1107","FJ14-FJ15.FJ10-FJ11::chrX:103481327-103482781",763,765,0.885,26,23,"+","G","+",26,23,"-",0,0,"TGCGG","XO_TS54","-dTAG","RepR3","S15","RE57","RE57_CGI"
"1108","FJ14-FJ15.FJ10-FJ11::chrX:103481327-103482781",770,772,1,21,21,"+","G","+",21,21,"-",0,0,"TCCGC","XO_TS54","-dTAG","RepR3","S15","RE57","RE57_CGI"
"1109","FJ14-FJ15.FJ10-FJ11::chrX:103481327-103482781",772,774,0.895,19,17,"+","G","+",19,17,"-",0,0,"CGCGC","XO_TS54","-dTAG","RepR3","S15","RE57","RE57_CGI"
"1110","FJ14-FJ15.FJ10-FJ11::chrX:103481327-103482781",780,782,1,14,14,"+","G","+",14,14,"-",0,0,"ACCGC","XO_TS54","-dTAG","RepR3","S15","RE57","RE57_CGI"
"1111","FJ14-FJ15.FJ10-FJ11::chrX:103481327-103482781",792,794,1,11,11,"+","G","+",11,11,"-",0,0,"TACGA","XO_TS54","-dTAG","RepR3","S15","RE57","RE57_CGI"
"1112","FJ14-FJ15.FJ10-FJ11::chrX:103481327-103482781",817,819,0.9,10,9,"+","G","+",10,9,"-",0,0,"TCCGG","XO_TS54","-dTAG","RepR3","S15","RE57","RE57_CGI"
"1113","FJ14-FJ15.FJ10-FJ11::chrX:103481327-103482781",832,834,0.9,10,9,"+","G","+",10,9,"-",0,0,"CCCGC","XO_TS54","-dTAG","RepR3","S15","RE57","RE57_CGI"
"1114","FJ14-FJ15.FJ10-FJ11::chrX:103481327-103482781",856,858,1,2,2,"+","G","+",2,2,"-",0,0,"GGCGA","XO_TS54","-dTAG","RepR3","S15","RE57","intermediate_RE57"
"1115","FJ14-FJ15.FJ10-FJ11::chrX:103481327-103482781",863,865,1,2,2,"+","G","+",2,2,"-",0,0,"CCCGC","XO_TS54","-dTAG","RepR3","S15","RE57","intermediate_RE57"
"1116","FJ14-FJ15.FJ10-FJ11::chrX:103481327-103482781",871,873,1,4,4,"+","G","+",4,4,"-",0,0,"CCCGC","XO_TS54","-dTAG","RepR3","S15","RE57","intermediate_RE57"
"1117","FJ14-FJ15.FJ10-FJ11::chrX:103481327-103482781",899,901,1,18,18,"+","G","+",18,18,"-",0,0,"AGCGC","XO_TS54","-dTAG","RepR3","S15","RE57","intermediate_RE57"
"1118","FJ14-FJ15.FJ10-FJ11::chrX:103481327-103482781",904,906,0.95,20,19,"+","G","+",20,19,"-",0,0,"AGCGC","XO_TS54","-dTAG","RepR3","S15","RE57","intermediate_RE57"
"1119","FJ14-FJ15.FJ10-FJ11::chrX:103481327-103482781",929,931,0.957,47,45,"+","G","+",47,45,"-",0,0,"TCCGC","XO_TS54","-dTAG","RepR3","S15","RE57","RE57_CGI"
"1120","FJ14-FJ15.FJ10-FJ11::chrX:103481327-103482781",941,943,0.924,66,61,"+","G","+",66,61,"-",0,0,"CTCGG","XO_TS54","-dTAG","RepR3","S15","RE57","RE57_CGI"
"1121","FJ14-FJ15.FJ10-FJ11::chrX:103481327-103482781",959,961,0.975,80,78,"+","G","+",80,78,"-",0,0,"GGCGT","XO_TS54","-dTAG","RepR3","S15","RE57","RE57_CGI"
"1122","FJ14-FJ15.FJ10-FJ11::chrX:103481327-103482781",970,972,1,107,107,"+","G","+",107,107,"-",0,0,"CTCGA","XO_TS54","-dTAG","RepR3","S15","RE57","RE57_CGI"
"1123","FJ14-FJ15.FJ10-FJ11::chrX:103481327-103482781",980,982,1,120,120,"+","G","+",120,120,"-",0,0,"GCCGT","XO_TS54","-dTAG","RepR3","S15","RE57","RE57_CGI"
"1124","FJ14-FJ15.FJ10-FJ11::chrX:103481327-103482781",987,989,0.971,137,133,"+","G","+",137,133,"-",0,0,"CACGC","XO_TS54","-dTAG","RepR3","S15","RE57","RE57_CGI"
"1125","FJ14-FJ15.FJ10-FJ11::chrX:103481327-103482781",1004,1006,0.994,160,159,"+","G","+",160,159,"-",0,0,"GGCGG","XO_TS54","-dTAG","RepR3","S15","RE57","RE57_CGI"
"1126","FJ14-FJ15.FJ10-FJ11::chrX:103481327-103482781",1008,1010,0.951,163,155,"+","G","+",163,155,"-",0,0,"GACGC","XO_TS54","-dTAG","RepR3","S15","RE57","RE57_CGI"
"1127","FJ14-FJ15.FJ10-FJ11::chrX:103481327-103482781",1010,1012,0.981,156,153,"+","G","+",156,153,"-",0,0,"CGCGG","XO_TS54","-dTAG","RepR3","S15","RE57","RE57_CGI"
"1128","FJ14-FJ15.FJ10-FJ11::chrX:103481327-103482781",1021,1023,1,160,160,"+","G","+",160,160,"-",0,0,"CACGC","XO_TS54","-dTAG","RepR3","S15","RE57","RE57_CGI"
"1129","FJ24-FJ25.FJ24-FJ25.FJ24-FJ25.FJ24-FJ25.FJ24-FJ25.FJ24-FJ25.FJ24-FJ25.FJ24-FJ25::chrX:75658294-75672942",71,73,0,2,0,"+","G","+",2,0,"-",0,0,"ACCGA","XO_TS54","-dTAG","RepR3","S15","MSR","other"
"1130","FJ24-FJ25.FJ24-FJ25.FJ24-FJ25.FJ24-FJ25.FJ24-FJ25.FJ24-FJ25.FJ24-FJ25.FJ24-FJ25::chrX:75658294-75672942",212,214,0,2,0,"+","G","+",2,0,"-",0,0,"CCCGG","XO_TS54","-dTAG","RepR3","S15","MSR","other"
"1131","FJ24-FJ25.FJ24-FJ25.FJ24-FJ25::chrX:75646518-75653780",131,133,0.75,8,6,"B","G","+",1,1,"-",7,5,"CCCGG","XO_TS54","-dTAG","RepR3","S15","MSR","other"
"1132","FJ24-FJ25.FJ24-FJ25.FJ24-FJ25::chrX:75646518-75653780",177,179,0.833,6,5,"B","G","+",4,3,"-",2,2,"GGCGG","XO_TS54","-dTAG","RepR3","S15","MSR","other"
"1133","FJ24-FJ25.FJ24-FJ25.FJ24-FJ25::chrX:75646518-75653780",210,212,1,1,1,"-","G","+",0,0,"-",1,1,"ACGCA","XO_TS54","-dTAG","RepR3","S15","MSR","other"
"1134","FJ24-FJ25.FJ24-FJ25.FJ24-FJ25::chrX:75646518-75653780",7048,7050,0.667,9,6,"-","G","+",0,0,"-",9,6,"CCGGG","XO_TS54","-dTAG","RepR3","S15","MSR","other"
"1135","FJ24-FJ25.FJ24-FJ25.FJ24-FJ25::chrX:75653690-75658384",131,133,0.6,5,3,"B","G","+",2,0,"-",3,3,"CCCGG","XO_TS54","-dTAG","RepR3","S15","MSR","other"
"1136","FJ24-FJ25.FJ24-FJ25.FJ24-FJ25::chrX:75653690-75658384",177,179,0.833,12,10,"B","G","+",11,9,"-",1,1,"GGCGG","XO_TS54","-dTAG","RepR3","S15","MSR","other"
"1137","FJ24-FJ25.FJ24-FJ25.FJ24-FJ25::chrX:75653690-75658384",4515,4517,1,7,7,"B","G","+",2,2,"-",5,5,"GCCGC","XO_TS54","-dTAG","RepR3","S15","MSR","other"
"1138","FJ24-FJ25.FJ24-FJ25.FJ24-FJ25::chrX:75653690-75658384",4561,4563,0.286,7,2,"+","G","+",7,2,"-",0,0,"TCCGG","XO_TS54","-dTAG","RepR3","S15","MSR","other"
"1139","FJ24-FJ25.FJ24-FJ25::chr2:98661834-98663393",429,431,0.821,56,46,"B","G","+",1,1,"-",55,45,"CACGT","XO_TS54","-dTAG","RepR3","S15","MSR","other"
"1140","FJ24-FJ25.FJ24-FJ25::chr2:98661834-98663393",445,447,1,61,61,"B","G","+",1,1,"-",60,60,"TTCGT","XO_TS54","-dTAG","RepR3","S15","MSR","other"
"1141","FJ24-FJ25.FJ24-FJ25::chr2:98661834-98663393",460,462,0.906,64,58,"-","G","+",0,0,"-",64,58,"TCGTC","XO_TS54","-dTAG","RepR3","S15","MSR","other"
"1142","FJ24-FJ25.FJ24-FJ25::chr2:98661834-98663393",515,517,0.913,69,63,"-","G","+",0,0,"-",69,63,"ACGTC","XO_TS54","-dTAG","RepR3","S15","MSR","other"
"1143","FJ24-FJ25.FJ24-FJ25::chr2:98661834-98663393",603,605,1,18,18,"-","G","+",0,0,"-",18,18,"CCGTG","XO_TS54","-dTAG","RepR3","S15","MSR","other"
"1144","FJ24-FJ25.FJ24-FJ25::chr2:98661834-98663393",621,623,0.944,18,17,"-","G","+",0,0,"-",18,17,"TCGCC","XO_TS54","-dTAG","RepR3","S15","MSR","other"
"1145","FJ24-FJ25.FJ24-FJ25::chr2:98661834-98663393",663,665,1,3,3,"-","G","+",0,0,"-",3,3,"ACGTA","XO_TS54","-dTAG","RepR3","S15","MSR","other"
"1146","FJ24-FJ25.FJ24-FJ25::chr2:98661834-98663393",721,723,1,2,2,"+","G","+",2,2,"-",0,0,"CCCGT","XO_TS54","-dTAG","RepR3","S15","MSR","other"
"1147","FJ24-FJ25.FJ24-FJ25::chr2:98661834-98663393",730,732,1,2,2,"+","G","+",2,2,"-",0,0,"AACGA","XO_TS54","-dTAG","RepR3","S15","MSR","other"
"1148","FJ24-FJ25.FJ24-FJ25::chr2:98661834-98663393",992,994,0,1,0,"+","G","+",1,0,"-",0,0,"CTCGG","XO_TS54","-dTAG","RepR3","S15","MSR","other"
"1149","FJ24-FJ25.FJ24-FJ25::chr2:98661834-98663393",1021,1023,0.947,509,482,"+","G","+",509,482,"-",0,0,"GACGT","XO_TS54","-dTAG","RepR3","S15","MSR","other"
"1150","FJ24-FJ25.FJ24-FJ25::chr2:98661834-98663393",1068,1070,1,5,5,"+","G","+",5,5,"-",0,0,"ATCGA","XO_TS54","-dTAG","RepR3","S15","MSR","other"
"1151","FJ24-FJ25.FJ24-FJ25::chr2:98661834-98663393",1076,1078,1,36,36,"B","G","+",35,35,"-",1,1,"GACGA","XO_TS54","-dTAG","RepR3","S15","MSR","other"
"1152","FJ24-FJ25.FJ24-FJ25::chr2:98661834-98663393",1091,1093,1,23,23,"B","G","+",22,22,"-",1,1,"GACGA","XO_TS54","-dTAG","RepR3","S15","MSR","other"
"1153","FJ24-FJ25.FJ24-FJ25::chr2:98661834-98663393",1107,1109,0.867,15,13,"B","G","+",14,12,"-",1,1,"TACGT","XO_TS54","-dTAG","RepR3","S15","MSR","other"
"1154","FJ24-FJ25.FJ24-FJ25::chr2:98661834-98663393",1195,1197,0,1,0,"+","G","+",1,0,"-",0,0,"ATCGT","XO_TS54","-dTAG","RepR3","S15","MSR","other"
"1155","FJ24-FJ25::chr12:3109471-3110521",411,413,0.5,2,1,"B","G","+",1,0,"-",1,1,"CACGG","XO_TS54","-dTAG","RepR3","S15","MSR","other"
"1156","FJ24-FJ25::chr12:3109471-3110521",439,441,1,6,6,"B","G","+",4,4,"-",2,2,"GACGT","XO_TS54","-dTAG","RepR3","S15","MSR","other"
"1157","FJ24-FJ25::chr12:3109471-3110521",451,453,0.875,8,7,"+","G","+",8,7,"-",0,0,"GGCGA","XO_TS54","-dTAG","RepR3","S15","MSR","other"
"1158","FJ24-FJ25::chr12:3109471-3110521",554,556,0.333,3,1,"+","G","+",3,1,"-",0,0,"GACGA","XO_TS54","-dTAG","RepR3","S15","MSR","other"
"1159","FJ24-FJ25::chr12:67058771-67060356",648,650,1,4,4,"+","G","+",4,4,"-",0,0,"GGCGA","XO_TS54","-dTAG","RepR3","S15","MSR","other"
"1160","FJ24-FJ25::chr13:77438509-77439457",415,417,1,2,2,"-","G","+",0,0,"-",2,2,"TCGTC","XO_TS54","-dTAG","RepR3","S15","MSR","other"
"1161","FJ24-FJ25::chr13:77438509-77439457",430,432,1,2,2,"-","G","+",0,0,"-",2,2,"TCGTC","XO_TS54","-dTAG","RepR3","S15","MSR","other"
"1162","FJ24-FJ25::chr14:19415282-19420102",457,459,0.938,16,15,"+","G","+",16,15,"-",0,0,"GGCGA","XO_TS54","-dTAG","RepR3","S15","MSR","other"
"1163","FJ24-FJ25::chr14:19415282-19420102",475,477,0.88,25,22,"+","G","+",25,22,"-",0,0,"CACGG","XO_TS54","-dTAG","RepR3","S15","MSR","other"
"1164","FJ24-FJ25::chr14:19415282-19420102",618,620,1,4,4,"+","G","+",4,4,"-",0,0,"GACGA","XO_TS54","-dTAG","RepR3","S15","MSR","other"
"1165","FJ24-FJ25::chr14:19415282-19420102",633,635,1,3,3,"+","G","+",3,3,"-",0,0,"GACGA","XO_TS54","-dTAG","RepR3","S15","MSR","other"
"1166","FJ24-FJ25::chr14:19415282-19420102",691,693,1,18,18,"+","G","+",18,18,"-",0,0,"GGCGA","XO_TS54","-dTAG","RepR3","S15","MSR","other"
"1167","FJ24-FJ25::chr14:19415282-19420102",709,711,0.964,28,27,"B","G","+",24,23,"-",4,4,"CACGG","XO_TS54","-dTAG","RepR3","S15","MSR","other"
"1168","FJ24-FJ25::chr14:19415282-19420102",749,751,1,3,3,"-","G","+",0,0,"-",3,3,"GCGAA","XO_TS54","-dTAG","RepR3","S15","MSR","other"
"1169","FJ24-FJ25::chr14:19415282-19420102",963,965,1,2,2,"+","G","+",2,2,"-",0,0,"CTCGT","XO_TS54","-dTAG","RepR3","S15","MSR","other"
"1170","FJ24-FJ25::chr14:19415282-19420102",1219,1221,1,2,2,"+","G","+",2,2,"-",0,0,"GACGA","XO_TS54","-dTAG","RepR3","S15","MSR","other"
"1171","FJ24-FJ25::chr14:19415282-19420102",1276,1278,1,15,15,"+","G","+",15,15,"-",0,0,"GGCGA","XO_TS54","-dTAG","RepR3","S15","MSR","other"
"1172","FJ24-FJ25::chr14:19415282-19420102",1294,1296,0.926,27,25,"+","G","+",27,25,"-",0,0,"CACGG","XO_TS54","-dTAG","RepR3","S15","MSR","other"
"1173","FJ24-FJ25::chr14:19415282-19420102",1436,1438,1,1,1,"+","G","+",1,1,"-",0,0,"GACGA","XO_TS54","-dTAG","RepR3","S15","MSR","other"
"1174","FJ24-FJ25::chr14:19415282-19420102",1451,1453,1,1,1,"+","G","+",1,1,"-",0,0,"GACGA","XO_TS54","-dTAG","RepR3","S15","MSR","other"
"1175","FJ24-FJ25::chr14:19415282-19420102",1509,1511,0.857,14,12,"+","G","+",14,12,"-",0,0,"GGCGA","XO_TS54","-dTAG","RepR3","S15","MSR","other"
"1176","FJ24-FJ25::chr14:19415282-19420102",1527,1529,0.882,17,15,"+","G","+",17,15,"-",0,0,"CTCGG","XO_TS54","-dTAG","RepR3","S15","MSR","other"
"1177","FJ24-FJ25::chr14:19415282-19420102",1671,1673,1,12,12,"B","G","+",5,5,"-",7,7,"GACGA","XO_TS54","-dTAG","RepR3","S15","MSR","other"
"1178","FJ24-FJ25::chr14:19415282-19420102",1686,1688,1,10,10,"B","G","+",5,5,"-",5,5,"GACGA","XO_TS54","-dTAG","RepR3","S15","MSR","other"
"1179","FJ24-FJ25::chr14:19415282-19420102",1702,1704,1,8,8,"B","G","+",4,4,"-",4,4,"AACGT","XO_TS54","-dTAG","RepR3","S15","MSR","other"
"1180","FJ24-FJ25::chr14:19415282-19420102",1744,1746,1,5,5,"+","G","+",5,5,"-",0,0,"GGCGA","XO_TS54","-dTAG","RepR3","S15","MSR","other"
"1181","FJ24-FJ25::chr14:19415282-19420102",1762,1764,1,2,2,"+","G","+",2,2,"-",0,0,"CACGG","XO_TS54","-dTAG","RepR3","S15","MSR","other"
"1182","FJ24-FJ25::chr14:19415282-19420102",1819,1821,1,2,2,"+","G","+",2,2,"-",0,0,"ATCGT","XO_TS54","-dTAG","RepR3","S15","MSR","other"
"1183","FJ24-FJ25::chr14:19415282-19420102",1861,1863,0.8,5,4,"+","G","+",5,4,"-",0,0,"GGCGA","XO_TS54","-dTAG","RepR3","S15","MSR","other"
"1184","FJ24-FJ25::chr14:19415282-19420102",1879,1881,1,4,4,"+","G","+",4,4,"-",0,0,"CACGG","XO_TS54","-dTAG","RepR3","S15","MSR","other"
"1185","FJ24-FJ25::chr14:19415282-19420102",2022,2024,1,46,46,"B","G","+",43,43,"-",3,3,"GACGA","XO_TS54","-dTAG","RepR3","S15","MSR","other"
"1186","FJ24-FJ25::chr14:19415282-19420102",2037,2039,1,33,33,"B","G","+",30,30,"-",3,3,"GACGA","XO_TS54","-dTAG","RepR3","S15","MSR","other"
"1187","FJ24-FJ25::chr14:19415282-19420102",2053,2055,0.833,30,25,"B","G","+",27,22,"-",3,3,"AACGT","XO_TS54","-dTAG","RepR3","S15","MSR","other"
"1188","FJ24-FJ25::chr14:19415282-19420102",2095,2097,1,8,8,"+","G","+",8,8,"-",0,0,"GGCGA","XO_TS54","-dTAG","RepR3","S15","MSR","other"
"1189","FJ24-FJ25::chr14:19415282-19420102",2230,2232,0.886,35,31,"+","G","+",35,31,"-",0,0,"CACGG","XO_TS54","-dTAG","RepR3","S15","MSR","other"
"1190","FJ24-FJ25::chr14:19415282-19420102",2370,2372,0,2,0,"+","G","+",2,0,"-",0,0,"CTCGA","XO_TS54","-dTAG","RepR3","S15","MSR","other"
"1191","FJ24-FJ25::chr14:19415282-19420102",2606,2608,0.895,19,17,"B","G","+",17,15,"-",2,2,"GACGA","XO_TS54","-dTAG","RepR3","S15","MSR","other"
"1192","FJ24-FJ25::chr14:19415282-19420102",2621,2623,1,10,10,"B","G","+",8,8,"-",2,2,"GACGA","XO_TS54","-dTAG","RepR3","S15","MSR","other"
"1193","FJ24-FJ25::chr14:19415282-19420102",2637,2639,0.857,7,6,"+","G","+",7,6,"-",0,0,"AACGT","XO_TS54","-dTAG","RepR3","S15","MSR","other"
"1194","FJ24-FJ25::chr14:19415282-19420102",2853,2855,1,2,2,"B","G","+",1,1,"-",1,1,"GACGA","XO_TS54","-dTAG","RepR3","S15","MSR","other"
"1195","FJ24-FJ25::chr14:19415282-19420102",2929,2931,0.704,199,140,"+","G","+",199,140,"-",0,0,"CACGG","XO_TS54","-dTAG","RepR3","S15","MSR","other"
"1196","FJ24-FJ25::chr14:19415282-19420102",3163,3165,1,2,2,"+","G","+",2,2,"-",0,0,"CACGA","XO_TS54","-dTAG","RepR3","S15","MSR","other"
"1197","FJ24-FJ25::chr14:19415282-19420102",3386,3388,1,1,1,"+","G","+",1,1,"-",0,0,"AACGG","XO_TS54","-dTAG","RepR3","S15","MSR","other"
"1198","FJ24-FJ25::chr14:19415282-19420102",3396,3398,1,1,1,"+","G","+",1,1,"-",0,0,"CACGG","XO_TS54","-dTAG","RepR3","S15","MSR","other"
"1199","FJ24-FJ25::chr14:19415282-19420102",3495,3497,1,3,3,"+","G","+",3,3,"-",0,0,"GGCGA","XO_TS54","-dTAG","RepR3","S15","MSR","other"
"1200","FJ24-FJ25::chr14:19415282-19420102",3513,3515,1,2,2,"+","G","+",2,2,"-",0,0,"CACGG","XO_TS54","-dTAG","RepR3","S15","MSR","other"
"1201","FJ24-FJ25::chr14:19415282-19420102",3963,3965,1,1,1,"+","G","+",1,1,"-",0,0,"GGCGA","XO_TS54","-dTAG","RepR3","S15","MSR","other"
"1202","FJ24-FJ25::chr14:19415282-19420102",3981,3983,1,1,1,"+","G","+",1,1,"-",0,0,"CACGG","XO_TS54","-dTAG","RepR3","S15","MSR","other"
"1203","FJ24-FJ25::chr14:19415282-19420102",4332,4334,1,6,6,"+","G","+",6,6,"-",0,0,"CACGA","XO_TS54","-dTAG","RepR3","S15","MSR","other"
"1204","FJ24-FJ25::chr2:98663241-98664491",474,476,1,2,2,"-","G","+",0,0,"-",2,2,"CCGTG","XO_TS54","-dTAG","RepR3","S15","MSR","other"
"1205","FJ24-FJ25::chr2:98663241-98664491",533,535,1,2,2,"-","G","+",0,0,"-",2,2,"ACGTT","XO_TS54","-dTAG","RepR3","S15","MSR","other"
"1206","FJ24-FJ25::chr2:98663241-98664491",705,707,1,6,6,"-","G","+",0,0,"-",6,6,"CCGTG","XO_TS54","-dTAG","RepR3","S15","MSR","other"
"1207","FJ24-FJ25::chr2:98663241-98664491",723,725,1,5,5,"-","G","+",0,0,"-",5,5,"TCGCC","XO_TS54","-dTAG","RepR3","S15","MSR","other"
"1208","FJ24-FJ25::chr2:98666144-98667732",117,119,1,1,1,"+","G","+",1,1,"-",0,0,"GCCGG","XO_TS54","-dTAG","RepR3","S15","MSR","other"
"1209","FJ24-FJ25::chr2:98666144-98667732",127,129,1,1,1,"+","G","+",1,1,"-",0,0,"AACGA","XO_TS54","-dTAG","RepR3","S15","MSR","other"
"1210","FJ24-FJ25::chr2:98666144-98667732",446,448,0.96,50,48,"B","G","+",29,27,"-",21,21,"GACGA","XO_TS54","-dTAG","RepR3","S15","MSR","other"
"1211","FJ24-FJ25::chr2:98666144-98667732",461,463,0.915,59,54,"B","G","+",39,36,"-",20,18,"GACGA","XO_TS54","-dTAG","RepR3","S15","MSR","other"
"1212","FJ24-FJ25::chr2:98666144-98667732",477,479,0.904,52,47,"B","G","+",47,42,"-",5,5,"TACGT","XO_TS54","-dTAG","RepR3","S15","MSR","other"
"1213","FJ24-FJ25::chr2:98666144-98667732",537,539,0.938,80,75,"B","G","+",77,72,"-",3,3,"CACGG","XO_TS54","-dTAG","RepR3","S15","MSR","other"
"1214","FJ24-FJ25::chr2:98666144-98667732",565,567,1,2,2,"-","G","+",0,0,"-",2,2,"ACGTG","XO_TS54","-dTAG","RepR3","S15","MSR","other"
"1215","FJ24-FJ25::chr2:98666144-98667732",577,579,1,2,2,"-","G","+",0,0,"-",2,2,"GCGAG","XO_TS54","-dTAG","RepR3","S15","MSR","other"
"1216","FJ24-FJ25::chr2:98666144-98667732",625,627,0.957,533,510,"+","G","+",533,510,"-",0,0,"GACGT","XO_TS54","-dTAG","RepR3","S15","MSR","other"
"1217","FJ24-FJ25::chr2:98666144-98667732",680,682,0.953,447,426,"B","G","+",446,425,"-",1,1,"GACGA","XO_TS54","-dTAG","RepR3","S15","MSR","other"
"1218","FJ24-FJ25::chr2:98666144-98667732",695,697,0.956,455,435,"B","G","+",452,432,"-",3,3,"GACGA","XO_TS54","-dTAG","RepR3","S15","MSR","other"
"1219","FJ24-FJ25::chr2:98666144-98667732",711,713,0.929,434,403,"B","G","+",429,400,"-",5,3,"AACGT","XO_TS54","-dTAG","RepR3","S15","MSR","other"
"1220","FJ24-FJ25::chr2:98666144-98667732",753,755,0.928,111,103,"B","G","+",109,101,"-",2,2,"GGCGA","XO_TS54","-dTAG","RepR3","S15","MSR","other"
"1221","FJ24-FJ25::chr2:98666144-98667732",771,773,0.95,119,113,"B","G","+",94,88,"-",25,25,"CACGG","XO_TS54","-dTAG","RepR3","S15","MSR","other"
"1222","FJ24-FJ25::chr2:98666144-98667732",799,801,0.958,24,23,"B","G","+",1,0,"-",23,23,"GACGT","XO_TS54","-dTAG","RepR3","S15","MSR","other"
"1223","FJ24-FJ25::chr2:98666144-98667732",811,813,1,19,19,"B","G","+",1,1,"-",18,18,"GGCGA","XO_TS54","-dTAG","RepR3","S15","MSR","other"
"1224","FJ24-FJ25::chr2:98666144-98667732",859,861,1,6,6,"B","G","+",4,4,"-",2,2,"GACGT","XO_TS54","-dTAG","RepR3","S15","MSR","other"
"1225","FJ24-FJ25::chr2:98666144-98667732",946,948,0.948,500,474,"B","G","+",496,470,"-",4,4,"GACGA","XO_TS54","-dTAG","RepR3","S15","MSR","other"
"1226","FJ24-FJ25::chr2:98666144-98667732",962,964,0.921,619,570,"B","G","+",614,565,"-",5,5,"AACGT","XO_TS54","-dTAG","RepR3","S15","MSR","other"
"1227","FJ24-FJ25::chr2:98666144-98667732",1004,1006,0.927,1094,1014,"B","G","+",1085,1007,"-",9,7,"GGCGA","XO_TS54","-dTAG","RepR3","S15","MSR","other"
"1228","FJ24-FJ25::chr2:98666144-98667732",1022,1024,0.953,1097,1045,"B","G","+",1090,1038,"-",7,7,"CACGG","XO_TS54","-dTAG","RepR3","S15","MSR","other"
"1229","FJ24-FJ25::chr2:98666144-98667732",1050,1052,0.889,9,8,"B","G","+",6,5,"-",3,3,"GACGT","XO_TS54","-dTAG","RepR3","S15","MSR","other"
"1230","FJ24-FJ25::chr2:98666144-98667732",1062,1064,1,5,5,"B","G","+",1,1,"-",4,4,"GGCGA","XO_TS54","-dTAG","RepR3","S15","MSR","other"
"1231","FJ24-FJ25::chr2:98666144-98667732",1110,1112,0.964,421,406,"+","G","+",421,406,"-",0,0,"GACGT","XO_TS54","-dTAG","RepR3","S15","MSR","other"
"1232","FJ24-FJ25::chr2:98666144-98667732",1165,1167,0.933,15,14,"B","G","+",14,13,"-",1,1,"GACGA","XO_TS54","-dTAG","RepR3","S15","MSR","other"
"1233","FJ24-FJ25::chr2:98666144-98667732",1180,1182,1,6,6,"B","G","+",5,5,"-",1,1,"GACGA","XO_TS54","-dTAG","RepR3","S15","MSR","other"
"1234","FJ24-FJ25::chr4:3089104-3091584",997,999,1,1,1,"+","G","+",1,1,"-",0,0,"GGCGA","XO_TS54","-dTAG","RepR3","S15","MSR","other"
"1235","FJ24-FJ25::chr4:3089104-3091584",1104,1106,1,1,1,"+","G","+",1,1,"-",0,0,"GACGT","XO_TS54","-dTAG","RepR3","S15","MSR","other"
"1236","FJ24-FJ25::chr4:3089104-3091584",1116,1118,1,1,1,"+","G","+",1,1,"-",0,0,"GGCGA","XO_TS54","-dTAG","RepR3","S15","MSR","other"
"1237","FJ24-FJ25::chr4:3089104-3091584",1132,1134,1,1,1,"+","G","+",1,1,"-",0,0,"AACGT","XO_TS54","-dTAG","RepR3","S15","MSR","other"
"1238","FJ24-FJ25::chr4:3089104-3091584",2375,2377,0.5,2,1,"B","G","+",1,0,"-",1,1,"TTCGA","XO_TS54","-dTAG","RepR3","S15","MSR","other"
"1239","FJ24-FJ25::chr4:3089104-3091584",2440,2442,1,4,4,"-","G","+",0,0,"-",4,4,"TCGAA","XO_TS54","-dTAG","RepR3","S15","MSR","other"
"1240","FJ24-FJ25::chr4:70377716-70378654",481,483,1,3,3,"B","G","+",2,2,"-",1,1,"CACGG","XO_TS54","-dTAG","RepR3","S15","MSR","other"
"1241","FJ24-FJ25::chr4:70377716-70378654",629,631,0,1,0,"-","G","+",0,0,"-",1,0,"ACGTT","XO_TS54","-dTAG","RepR3","S15","MSR","other"
"1242","FJ24-FJ25::chr8:23095075-23096205",332,334,0,1,0,"-","G","+",0,0,"-",1,0,"GCGTG","XO_TS54","-dTAG","RepR3","S15","MSR","other"
"1243","FJ24-FJ25::chr8:23095075-23096205",417,419,1,1,1,"+","G","+",1,1,"-",0,0,"GGCGA","XO_TS54","-dTAG","RepR3","S15","MSR","other"
"1244","FJ24-FJ25::chr8:23095075-23096205",593,595,1,1,1,"-","G","+",0,0,"-",1,1,"GCGAT","XO_TS54","-dTAG","RepR3","S15","MSR","other"
"1245","FJ24-FJ25::chr9:2999602-3038819",428,430,1,4,4,"-","G","+",0,0,"-",4,4,"ACGTT","XO_TS54","-dTAG","RepR3","S15","MSR","other"
"1246","FJ24-FJ25::chr9:2999602-3038819",444,446,0.5,4,2,"-","G","+",0,0,"-",4,2,"TCGTC","XO_TS54","-dTAG","RepR3","S15","MSR","other"
"1247","FJ24-FJ25::chr9:2999602-3038819",604,606,1,2,2,"-","G","+",0,0,"-",2,2,"ACGTT","XO_TS54","-dTAG","RepR3","S15","MSR","other"
"1248","FJ24-FJ25::chr9:2999602-3038819",620,622,1,2,2,"-","G","+",0,0,"-",2,2,"TCGTC","XO_TS54","-dTAG","RepR3","S15","MSR","other"
"1249","FJ24-FJ25::chr9:2999602-3038819",738,740,1,2,2,"-","G","+",0,0,"-",2,2,"TCGCC","XO_TS54","-dTAG","RepR3","S15","MSR","other"
"1250","FJ24-FJ25::chr9:2999602-3038819",750,752,1,2,2,"-","G","+",0,0,"-",2,2,"ACGTC","XO_TS54","-dTAG","RepR3","S15","MSR","other"
"1251","FJ24-FJ25::chr9:2999602-3038819",778,780,0.918,98,90,"B","G","+",1,1,"-",97,89,"TCCGT","XO_TS54","-dTAG","RepR3","S15","MSR","other"
"1252","FJ24-FJ25::chr9:2999602-3038819",796,798,0.923,78,72,"-","G","+",0,0,"-",78,72,"TCGAC","XO_TS54","-dTAG","RepR3","S15","MSR","other"
"1253","FJ24-FJ25::chr9:2999602-3038819",838,840,1,10,10,"-","G","+",0,0,"-",10,10,"ACGTT","XO_TS54","-dTAG","RepR3","S15","MSR","other"
"1254","FJ24-FJ25::chr9:2999602-3038819",854,856,1,9,9,"-","G","+",0,0,"-",9,9,"TCGTC","XO_TS54","-dTAG","RepR3","S15","MSR","other"
"1255","FJ24-FJ25::chr9:2999602-3038819",866,868,1,6,6,"-","G","+",0,0,"-",6,6,"ACGTC","XO_TS54","-dTAG","RepR3","S15","MSR","other"
"1256","FJ24-FJ25::chr9:2999602-3038819",869,871,1,9,9,"-","G","+",0,0,"-",9,9,"TCGTC","XO_TS54","-dTAG","RepR3","S15","MSR","other"
"1257","FJ24-FJ25::chr9:2999602-3038819",972,974,1,19,19,"-","G","+",0,0,"-",19,19,"TCGCC","XO_TS54","-dTAG","RepR3","S15","MSR","other"
"1258","FJ24-FJ25::chr9:2999602-3038819",984,986,1,16,16,"B","G","+",2,2,"-",14,14,"CACGT","XO_TS54","-dTAG","RepR3","S15","MSR","other"
"1259","FJ24-FJ25::chr9:2999602-3038819",1012,1014,0.909,11,10,"B","G","+",3,3,"-",8,7,"TCCGT","XO_TS54","-dTAG","RepR3","S15","MSR","other"
"1260","FJ24-FJ25::chr9:2999602-3038819",1030,1032,1,3,3,"-","G","+",0,0,"-",3,3,"TCGAC","XO_TS54","-dTAG","RepR3","S15","MSR","other"
"1261","FJ24-FJ25::chr9:2999602-3038819",1158,1160,0,1,0,"-","G","+",0,0,"-",1,0,"ACGTC","XO_TS54","-dTAG","RepR3","S15","MSR","other"
"1262","FJ24-FJ25::chr9:2999602-3038819",1248,1250,1,2,2,"-","G","+",0,0,"-",2,2,"ACGTT","XO_TS54","-dTAG","RepR3","S15","MSR","other"
"1263","FJ24-FJ25::chr9:2999602-3038819",1264,1266,1,2,2,"-","G","+",0,0,"-",2,2,"TCGTC","XO_TS54","-dTAG","RepR3","S15","MSR","other"
"1264","FJ24-FJ25::chr9:2999602-3038819",1382,1384,1,2,2,"-","G","+",0,0,"-",2,2,"TCGCC","XO_TS54","-dTAG","RepR3","S15","MSR","other"
"1265","FJ24-FJ25::chr9:2999602-3038819",1394,1396,1,2,2,"-","G","+",0,0,"-",2,2,"ACGTC","XO_TS54","-dTAG","RepR3","S15","MSR","other"
"1266","FJ24-FJ25::chr9:2999602-3038819",1422,1424,0.917,12,11,"-","G","+",0,0,"-",12,11,"CCGTG","XO_TS54","-dTAG","RepR3","S15","MSR","other"
"1267","FJ24-FJ25::chr9:2999602-3038819",1440,1442,1,3,3,"-","G","+",0,0,"-",3,3,"TCGCC","XO_TS54","-dTAG","RepR3","S15","MSR","other"
"1268","FJ24-FJ25::chr9:2999602-3038819",1616,1618,1,2,2,"-","G","+",0,0,"-",2,2,"TCGCC","XO_TS54","-dTAG","RepR3","S15","MSR","other"
"1269","FJ24-FJ25::chr9:2999602-3038819",1674,1676,1,3,3,"B","G","+",1,1,"-",2,2,"CTCGC","XO_TS54","-dTAG","RepR3","S15","MSR","other"
"1270","FJ24-FJ25::chr9:2999602-3038819",1716,1718,0.5,4,2,"B","G","+",1,1,"-",3,1,"CACGT","XO_TS54","-dTAG","RepR3","S15","MSR","other"
"1271","FJ24-FJ25::chr9:2999602-3038819",1732,1734,1,3,3,"B","G","+",1,1,"-",2,2,"TTCGT","XO_TS54","-dTAG","RepR3","S15","MSR","other"
"1272","FJ24-FJ25::chr9:2999602-3038819",1850,1852,1,1,1,"-","G","+",0,0,"-",1,1,"TCGCC","XO_TS54","-dTAG","RepR3","S15","MSR","other"
"1273","FJ24-FJ25::chr9:2999602-3038819",1862,1864,1,2,2,"-","G","+",0,0,"-",2,2,"ACGTC","XO_TS54","-dTAG","RepR3","S15","MSR","other"
"1274","FJ24-FJ25::chr9:2999602-3038819",1890,1892,1,21,21,"-","G","+",0,0,"-",21,21,"CCGTG","XO_TS54","-dTAG","RepR3","S15","MSR","other"
"1275","FJ24-FJ25::chr9:2999602-3038819",1908,1910,1,17,17,"-","G","+",0,0,"-",17,17,"TCGCC","XO_TS54","-dTAG","RepR3","S15","MSR","other"
"1276","FJ24-FJ25::chr9:2999602-3038819",2123,2125,0.6,5,3,"-","G","+",0,0,"-",5,3,"CCGTG","XO_TS54","-dTAG","RepR3","S15","MSR","other"
"1277","FJ24-FJ25::chr9:2999602-3038819",2141,2143,1,2,2,"-","G","+",0,0,"-",2,2,"TCGCC","XO_TS54","-dTAG","RepR3","S15","MSR","other"
"1278","FJ24-FJ25::chr9:2999602-3038819",2448,2450,0.833,6,5,"-","G","+",0,0,"-",6,5,"TCGTC","XO_TS54","-dTAG","RepR3","S15","MSR","other"
"1279","FJ24-FJ25::chr9:2999602-3038819",2609,2611,1,2,2,"B","G","+",1,1,"-",1,1,"CTCGC","XO_TS54","-dTAG","RepR3","S15","MSR","other"
"1280","FJ24-FJ25::chr9:2999602-3038819",2651,2653,1,4,4,"B","G","+",1,1,"-",3,3,"CACGT","XO_TS54","-dTAG","RepR3","S15","MSR","other"
"1281","FJ24-FJ25::chr9:2999602-3038819",2667,2669,1,1,1,"+","G","+",1,1,"-",0,0,"TTCGT","XO_TS54","-dTAG","RepR3","S15","MSR","other"
"1282","FJ24-FJ25::chr9:2999602-3038819",2825,2827,0.741,27,20,"-","G","+",0,0,"-",27,20,"CCGTG","XO_TS54","-dTAG","RepR3","S15","MSR","other"
"1283","FJ24-FJ25::chr9:2999602-3038819",3135,3137,1,3,3,"B","G","+",1,1,"-",2,2,"CTCGC","XO_TS54","-dTAG","RepR3","S15","MSR","other"
"1284","FJ24-FJ25::chr9:2999602-3038819",3147,3149,1,5,5,"B","G","+",3,3,"-",2,2,"CACGT","XO_TS54","-dTAG","RepR3","S15","MSR","other"
"1285","FJ24-FJ25::chr9:2999602-3038819",3175,3177,1,19,19,"B","G","+",3,3,"-",16,16,"TCCGT","XO_TS54","-dTAG","RepR3","S15","MSR","other"
"1286","FJ24-FJ25::chr9:2999602-3038819",3193,3195,0.923,13,12,"B","G","+",2,2,"-",11,10,"CTCGC","XO_TS54","-dTAG","RepR3","S15","MSR","other"
"1287","FJ24-FJ25::chr9:2999602-3038819",3408,3410,0,1,0,"-","G","+",0,0,"-",1,0,"CCGTG","XO_TS54","-dTAG","RepR3","S15","MSR","other"
"1288","FJ24-FJ25::chr9:2999602-3038819",3426,3428,1,1,1,"-","G","+",0,0,"-",1,1,"TCGCC","XO_TS54","-dTAG","RepR3","S15","MSR","other"
"1289","FJ24-FJ25::chr9:2999602-3038819",3733,3735,1,1,1,"+","G","+",1,1,"-",0,0,"GTCGT","XO_TS54","-dTAG","RepR3","S15","MSR","other"
"1290","FJ24-FJ25::chr9:2999602-3038819",3894,3896,0.5,6,3,"-","G","+",0,0,"-",6,3,"TCGCC","XO_TS54","-dTAG","RepR3","S15","MSR","other"
"1291","FJ24-FJ25::chr9:2999602-3038819",3936,3938,0.5,2,1,"-","G","+",0,0,"-",2,1,"ACGTT","XO_TS54","-dTAG","RepR3","S15","MSR","other"
"1292","FJ24-FJ25::chr9:2999602-3038819",4128,4130,1,4,4,"-","G","+",0,0,"-",4,4,"TCGCC","XO_TS54","-dTAG","RepR3","S15","MSR","other"
"1293","FJ24-FJ25::chr9:2999602-3038819",4303,4305,0.667,6,4,"-","G","+",0,0,"-",6,4,"TCGCC","XO_TS54","-dTAG","RepR3","S15","MSR","other"
"1294","FJ24-FJ25::chr9:2999602-3038819",4346,4348,0.5,2,1,"-","G","+",0,0,"-",2,1,"ACGTT","XO_TS54","-dTAG","RepR3","S15","MSR","other"
"1295","FJ24-FJ25::chr9:2999602-3038819",4520,4522,0.758,764,579,"-","G","+",0,0,"-",764,579,"CCGTG","XO_TS54","-dTAG","RepR3","S15","MSR","other"
"1296","FJ24-FJ25::chr9:2999602-3038819",4580,4582,0.81,21,17,"B","G","+",1,1,"-",20,16,"CACGT","XO_TS54","-dTAG","RepR3","S15","MSR","other"
"1297","FJ24-FJ25::chr9:2999602-3038819",4596,4598,0.95,20,19,"B","G","+",3,3,"-",17,16,"TTCGT","XO_TS54","-dTAG","RepR3","S15","MSR","other"
"1298","FJ24-FJ25::chr9:2999602-3038819",4611,4613,1,22,22,"B","G","+",3,3,"-",19,19,"GTCGT","XO_TS54","-dTAG","RepR3","S15","MSR","other"
"1299","FJ24-FJ25::chr9:2999602-3038819",4754,4756,0.917,12,11,"-","G","+",0,0,"-",12,11,"CCGTG","XO_TS54","-dTAG","RepR3","S15","MSR","other"
"1300","FJ24-FJ25::chr9:2999602-3038819",4899,4901,1,1,1,"-","G","+",0,0,"-",1,1,"ACGTC","XO_TS54","-dTAG","RepR3","S15","MSR","other"
"1301","FJ24-FJ25::chr9:2999602-3038819",4987,4989,0.942,69,65,"-","G","+",0,0,"-",69,65,"CCGTG","XO_TS54","-dTAG","RepR3","S15","MSR","other"
"1302","FJ24-FJ25::chr9:2999602-3038819",5005,5007,0.797,69,55,"-","G","+",0,0,"-",69,55,"TCGCC","XO_TS54","-dTAG","RepR3","S15","MSR","other"
"1303","FJ24-FJ25::chr9:2999602-3038819",5047,5049,0.75,12,9,"B","G","+",1,1,"-",11,8,"CACGT","XO_TS54","-dTAG","RepR3","S15","MSR","other"
"1304","FJ24-FJ25::chr9:2999602-3038819",5063,5065,0.923,13,12,"B","G","+",1,1,"-",12,11,"TTCGT","XO_TS54","-dTAG","RepR3","S15","MSR","other"
"1305","FJ24-FJ25::chr9:2999602-3038819",5078,5080,0.933,15,14,"B","G","+",1,1,"-",14,13,"GTCGT","XO_TS54","-dTAG","RepR3","S15","MSR","other"
"1306","FJ24-FJ25::chr9:2999602-3038819",5221,5223,0.75,12,9,"-","G","+",0,0,"-",12,9,"CCGTG","XO_TS54","-dTAG","RepR3","S15","MSR","other"
"1307","FJ24-FJ25::chr9:2999602-3038819",5707,5709,1,2,2,"-","G","+",0,0,"-",2,2,"TCGCA","XO_TS54","-dTAG","RepR3","S15","MSR","other"
"1308","FJ24-FJ25::chr9:2999602-3038819",6098,6100,1,9,9,"-","G","+",0,0,"-",9,9,"CCGTG","XO_TS54","-dTAG","RepR3","S15","MSR","other"
"1309","FJ24-FJ25::chr9:2999602-3038819",6116,6118,0.8,5,4,"-","G","+",0,0,"-",5,4,"TCGCC","XO_TS54","-dTAG","RepR3","S15","MSR","other"
"1310","FJ24-FJ25::chr9:2999602-3038819",6390,6392,1,7,7,"-","G","+",0,0,"-",7,7,"CCGTG","XO_TS54","-dTAG","RepR3","S15","MSR","other"
"1311","FJ24-FJ25::chr9:2999602-3038819",6434,6436,0,6,0,"-","G","+",0,0,"-",6,0,"ACGTT","XO_TS54","-dTAG","RepR3","S15","MSR","other"
"1312","FJ24-FJ25::chr9:2999602-3038819",6508,6510,1,1,1,"-","G","+",0,0,"-",1,1,"CCGTG","XO_TS54","-dTAG","RepR3","S15","MSR","other"
"1313","FJ24-FJ25::chr9:2999602-3038819",6760,6762,0.848,33,28,"-","G","+",0,0,"-",33,28,"TCGCC","XO_TS54","-dTAG","RepR3","S15","MSR","other"
"1314","FJ24-FJ25::chr9:2999602-3038819",6818,6820,1,2,2,"-","G","+",0,0,"-",2,2,"TCGTC","XO_TS54","-dTAG","RepR3","S15","MSR","other"
"1315","FJ24-FJ25::chr9:2999602-3038819",7169,7171,1,3,3,"B","G","+",2,2,"-",1,1,"CTCGC","XO_TS54","-dTAG","RepR3","S15","MSR","other"
"1316","FJ24-FJ25::chr9:2999602-3038819",7181,7183,1,3,3,"B","G","+",2,2,"-",1,1,"CACGT","XO_TS54","-dTAG","RepR3","S15","MSR","other"
"1317","FJ24-FJ25::chr9:2999602-3038819",7209,7211,0.942,826,778,"B","G","+",2,2,"-",824,776,"TCCGT","XO_TS54","-dTAG","RepR3","S15","MSR","other"
"1318","FJ24-FJ25::chr9:2999602-3038819",7227,7229,0.899,819,736,"B","G","+",2,2,"-",817,734,"CTCGC","XO_TS54","-dTAG","RepR3","S15","MSR","other"
"1319","FJ24-FJ25::chr9:2999602-3038819",7269,7271,1,9,9,"B","G","+",2,2,"-",7,7,"CACGT","XO_TS54","-dTAG","RepR3","S15","MSR","other"
"1320","FJ24-FJ25::chr9:2999602-3038819",7285,7287,0.75,8,6,"B","G","+",2,2,"-",6,4,"TTCGT","XO_TS54","-dTAG","RepR3","S15","MSR","other"
"1321","FJ24-FJ25::chr9:2999602-3038819",7537,7539,1,1,1,"-","G","+",0,0,"-",1,1,"TCGTC","XO_TS54","-dTAG","RepR3","S15","MSR","other"
"1322","FJ24-FJ25::chr9:2999602-3038819",7698,7700,0.955,88,84,"-","G","+",0,0,"-",88,84,"TCGCC","XO_TS54","-dTAG","RepR3","S15","MSR","other"
"1323","FJ24-FJ25::chr9:2999602-3038819",7799,7801,0.903,31,28,"-","G","+",0,0,"-",31,28,"CCGTG","XO_TS54","-dTAG","RepR3","S15","MSR","other"
"1324","FJ24-FJ25::chr9:2999602-3038819",7817,7819,0.9,30,27,"-","G","+",0,0,"-",30,27,"TCGCC","XO_TS54","-dTAG","RepR3","S15","MSR","other"
"1325","FJ24-FJ25::chr9:2999602-3038819",7992,7994,1,2,2,"-","G","+",0,0,"-",2,2,"TCGCC","XO_TS54","-dTAG","RepR3","S15","MSR","other"
"1326","FJ24-FJ25::chr9:2999602-3038819",8004,8006,1,2,2,"-","G","+",0,0,"-",2,2,"ACGTC","XO_TS54","-dTAG","RepR3","S15","MSR","other"
"1327","FJ24-FJ25::chr9:2999602-3038819",8032,8034,0.875,40,35,"-","G","+",0,0,"-",40,35,"CCGTG","XO_TS54","-dTAG","RepR3","S15","MSR","other"
"1328","FJ24-FJ25::chr9:2999602-3038819",8050,8052,0.963,27,26,"-","G","+",0,0,"-",27,26,"TCGCC","XO_TS54","-dTAG","RepR3","S15","MSR","other"
"1329","FJ24-FJ25::chr9:2999602-3038819",8517,8519,0.95,20,19,"-","G","+",0,0,"-",20,19,"TCGCC","XO_TS54","-dTAG","RepR3","S15","MSR","other"
"1330","FJ24-FJ25::chr9:2999602-3038819",8692,8694,1,4,4,"-","G","+",0,0,"-",4,4,"TCGCT","XO_TS54","-dTAG","RepR3","S15","MSR","other"
"1331","FJ24-FJ25::chr9:2999602-3038819",8909,8911,0.916,500,458,"-","G","+",0,0,"-",500,458,"CCGTG","XO_TS54","-dTAG","RepR3","S15","MSR","other"
"1332","FJ24-FJ25::chr9:2999602-3038819",8969,8971,0.5,2,1,"-","G","+",0,0,"-",2,1,"ACGTT","XO_TS54","-dTAG","RepR3","S15","MSR","other"
"1333","FJ24-FJ25::chr9:2999602-3038819",8985,8987,0,1,0,"-","G","+",0,0,"-",1,0,"TCGTC","XO_TS54","-dTAG","RepR3","S15","MSR","other"
"1334","FJ24-FJ25::chr9:2999602-3038819",9161,9163,0,2,0,"-","G","+",0,0,"-",2,0,"TCGCA","XO_TS54","-dTAG","RepR3","S15","MSR","other"
"1335","FJ24-FJ25::chr9:2999602-3038819",9648,9650,0,1,0,"-","G","+",0,0,"-",1,0,"TCGCC","XO_TS54","-dTAG","RepR3","S15","MSR","other"
"1336","FJ24-FJ25::chr9:2999602-3038819",9691,9693,0.5,2,1,"-","G","+",0,0,"-",2,1,"ACGTT","XO_TS54","-dTAG","RepR3","S15","MSR","other"
"1337","FJ24-FJ25::chr9:2999602-3038819",9707,9709,0.5,2,1,"-","G","+",0,0,"-",2,1,"TCGTC","XO_TS54","-dTAG","RepR3","S15","MSR","other"
"1338","FJ24-FJ25::chr9:2999602-3038819",9722,9724,1,2,2,"-","G","+",0,0,"-",2,2,"TCGTC","XO_TS54","-dTAG","RepR3","S15","MSR","other"
"1339","FJ24-FJ25::chr9:2999602-3038819",9883,9885,0.949,39,37,"-","G","+",0,0,"-",39,37,"TCGCC","XO_TS54","-dTAG","RepR3","S15","MSR","other"
"1340","FJ24-FJ25::chr9:2999602-3038819",9984,9986,1,21,21,"-","G","+",0,0,"-",21,21,"CCGTG","XO_TS54","-dTAG","RepR3","S15","MSR","other"
"1341","FJ24-FJ25::chr9:2999602-3038819",10002,10004,0.85,20,17,"-","G","+",0,0,"-",20,17,"TCGCC","XO_TS54","-dTAG","RepR3","S15","MSR","other"
"1342","FJ24-FJ25::chr9:2999602-3038819",10217,10219,0.901,404,364,"-","G","+",0,0,"-",404,364,"CCGTG","XO_TS54","-dTAG","RepR3","S15","MSR","other"
"1343","FJ24-FJ25::chr9:2999602-3038819",10423,10425,1,1,1,"+","G","+",1,1,"-",0,0,"CACGT","XO_TS54","-dTAG","RepR3","S15","MSR","other"
"1344","FJ24-FJ25::chr9:2999602-3038819",10451,10453,1,28,28,"B","G","+",1,1,"-",27,27,"TCCGT","XO_TS54","-dTAG","RepR3","S15","MSR","other"
"1345","FJ24-FJ25::chr9:2999602-3038819",10469,10471,0.75,20,15,"B","G","+",1,1,"-",19,14,"CTCGC","XO_TS54","-dTAG","RepR3","S15","MSR","other"
"1346","FJ24-FJ25::chr9:2999602-3038819",10684,10686,1,2,2,"-","G","+",0,0,"-",2,2,"CCGTG","XO_TS54","-dTAG","RepR3","S15","MSR","other"
"1347","FJ24-FJ25::chr9:2999602-3038819",10702,10704,1,2,2,"-","G","+",0,0,"-",2,2,"TCGCC","XO_TS54","-dTAG","RepR3","S15","MSR","other"
"1348","FJ24-FJ25::chr9:2999602-3038819",11110,11112,1,4,4,"-","G","+",0,0,"-",4,4,"TCGCT","XO_TS54","-dTAG","RepR3","S15","MSR","other"
"1349","FJ24-FJ25::chr9:2999602-3038819",11153,11155,1,2,2,"-","G","+",0,0,"-",2,2,"ACGTT","XO_TS54","-dTAG","RepR3","S15","MSR","other"
"1350","FJ24-FJ25::chr9:2999602-3038819",11169,11171,1,2,2,"-","G","+",0,0,"-",2,2,"TCGTC","XO_TS54","-dTAG","RepR3","S15","MSR","other"
"1351","FJ24-FJ25::chr9:2999602-3038819",11327,11329,0.906,456,413,"-","G","+",0,0,"-",456,413,"CCGTG","XO_TS54","-dTAG","RepR3","S15","MSR","other"
"1352","FJ24-FJ25::chr9:2999602-3038819",11387,11389,1,1,1,"-","G","+",0,0,"-",1,1,"ACGTT","XO_TS54","-dTAG","RepR3","S15","MSR","other"
"1353","FJ24-FJ25::chr9:2999602-3038819",11579,11581,1,2,2,"-","G","+",0,0,"-",2,2,"TCGCA","XO_TS54","-dTAG","RepR3","S15","MSR","other"
"1354","FJ24-FJ25::chr9:2999602-3038819",11796,11798,1,1,1,"+","G","+",1,1,"-",0,0,"CACGT","XO_TS54","-dTAG","RepR3","S15","MSR","other"
"1355","FJ24-FJ25::chr9:2999602-3038819",11812,11814,1,1,1,"+","G","+",1,1,"-",0,0,"TTCGT","XO_TS54","-dTAG","RepR3","S15","MSR","other"
"1356","FJ24-FJ25::chr9:2999602-3038819",11970,11972,0.6,10,6,"-","G","+",0,0,"-",10,6,"CCGTG","XO_TS54","-dTAG","RepR3","S15","MSR","other"
"1357","FJ24-FJ25::chr9:2999602-3038819",11988,11990,0.667,3,2,"-","G","+",0,0,"-",3,2,"TCGCC","XO_TS54","-dTAG","RepR3","S15","MSR","other"
"1358","FJ24-FJ25::chr9:2999602-3038819",12262,12264,1,1,1,"-","G","+",0,0,"-",1,1,"CCGTG","XO_TS54","-dTAG","RepR3","S15","MSR","other"
"1359","FJ24-FJ25::chr9:2999602-3038819",12306,12308,0,1,0,"-","G","+",0,0,"-",1,0,"ACGTT","XO_TS54","-dTAG","RepR3","S15","MSR","other"
"1360","FJ24-FJ25::chr9:2999602-3038819",12380,12382,1,1,1,"-","G","+",0,0,"-",1,1,"CCGTG","XO_TS54","-dTAG","RepR3","S15","MSR","other"
"1361","FJ24-FJ25::chr9:2999602-3038819",12632,12634,0.562,16,9,"-","G","+",0,0,"-",16,9,"TCGCC","XO_TS54","-dTAG","RepR3","S15","MSR","other"
"1362","FJ24-FJ25::chr9:2999602-3038819",12674,12676,1,1,1,"-","G","+",0,0,"-",1,1,"ACGTT","XO_TS54","-dTAG","RepR3","S15","MSR","other"
"1363","FJ24-FJ25::chr9:2999602-3038819",13082,13084,1,1,1,"-","G","+",0,0,"-",1,1,"TCGGT","XO_TS54","-dTAG","RepR3","S15","MSR","other"
"1364","FJ24-FJ25::chr9:2999602-3038819",13101,13103,1,1,1,"-","G","+",0,0,"-",1,1,"TCGCC","XO_TS54","-dTAG","RepR3","S15","MSR","other"
"1365","FJ24-FJ25::chr9:2999602-3038819",13144,13146,1,3,3,"B","G","+",2,2,"-",1,1,"CACGT","XO_TS54","-dTAG","RepR3","S15","MSR","other"
"1366","FJ24-FJ25::chr9:2999602-3038819",13160,13162,1,5,5,"B","G","+",4,4,"-",1,1,"TTCGT","XO_TS54","-dTAG","RepR3","S15","MSR","other"
"1367","FJ24-FJ25::chr9:2999602-3038819",13175,13177,1,4,4,"+","G","+",4,4,"-",0,0,"GTCGT","XO_TS54","-dTAG","RepR3","S15","MSR","other"
"1368","FJ24-FJ25::chr9:2999602-3038819",13336,13338,0.966,87,84,"-","G","+",0,0,"-",87,84,"TCGCC","XO_TS54","-dTAG","RepR3","S15","MSR","other"
"1369","FJ24-FJ25::chr9:2999602-3038819",13437,13439,0.958,24,23,"-","G","+",0,0,"-",24,23,"CCGTG","XO_TS54","-dTAG","RepR3","S15","MSR","other"
"1370","FJ24-FJ25::chr9:2999602-3038819",13455,13457,0.897,29,26,"-","G","+",0,0,"-",29,26,"TCGCC","XO_TS54","-dTAG","RepR3","S15","MSR","other"
"1371","FJ24-FJ25::chr9:2999602-3038819",13497,13499,1,1,1,"-","G","+",0,0,"-",1,1,"ACGTT","XO_TS54","-dTAG","RepR3","S15","MSR","other"
"1372","FJ24-FJ25::chr9:2999602-3038819",13670,13672,0.882,433,382,"-","G","+",0,0,"-",433,382,"CCGTG","XO_TS54","-dTAG","RepR3","S15","MSR","other"
"1373","FJ24-FJ25::chr9:2999602-3038819",13730,13732,1,1,1,"-","G","+",0,0,"-",1,1,"ACGTT","XO_TS54","-dTAG","RepR3","S15","MSR","other"
"1374","FJ24-FJ25::chr9:2999602-3038819",13864,13866,1,1,1,"-","G","+",0,0,"-",1,1,"TCGCC","XO_TS54","-dTAG","RepR3","S15","MSR","other"
"1375","FJ24-FJ25::chr9:2999602-3038819",13876,13878,1,1,1,"-","G","+",0,0,"-",1,1,"ACGTC","XO_TS54","-dTAG","RepR3","S15","MSR","other"
"1376","FJ24-FJ25::chr9:2999602-3038819",13904,13906,1,32,32,"-","G","+",0,0,"-",32,32,"CCGTG","XO_TS54","-dTAG","RepR3","S15","MSR","other"
"1377","FJ24-FJ25::chr9:2999602-3038819",13922,13924,1,20,20,"-","G","+",0,0,"-",20,20,"TCGCC","XO_TS54","-dTAG","RepR3","S15","MSR","other"
"1378","FJ24-FJ25::chr9:2999602-3038819",14137,14139,0.667,3,2,"-","G","+",0,0,"-",3,2,"CCGTG","XO_TS54","-dTAG","RepR3","S15","MSR","other"
"1379","FJ24-FJ25::chr9:2999602-3038819",14155,14157,1,2,2,"-","G","+",0,0,"-",2,2,"TCGCC","XO_TS54","-dTAG","RepR3","S15","MSR","other"
"1380","FJ24-FJ25::chr9:2999602-3038819",14197,14199,1,1,1,"-","G","+",0,0,"-",1,1,"ACGTT","XO_TS54","-dTAG","RepR3","S15","MSR","other"
"1381","FJ24-FJ25::chr9:2999602-3038819",14213,14215,1,1,1,"-","G","+",0,0,"-",1,1,"TCGTC","XO_TS54","-dTAG","RepR3","S15","MSR","other"
"1382","FJ24-FJ25::chr9:2999602-3038819",14371,14373,1,1,1,"-","G","+",0,0,"-",1,1,"CCGTG","XO_TS54","-dTAG","RepR3","S15","MSR","other"
"1383","FJ24-FJ25::chr9:2999602-3038819",14389,14391,1,1,1,"-","G","+",0,0,"-",1,1,"TCGCC","XO_TS54","-dTAG","RepR3","S15","MSR","other"
"1384","FJ24-FJ25::chr9:2999602-3038819",14462,14464,0,2,0,"-","G","+",0,0,"-",2,0,"TCGTC","XO_TS54","-dTAG","RepR3","S15","MSR","other"
"1385","FJ24-FJ25::chr9:2999602-3038819",14565,14567,1,1,1,"-","G","+",0,0,"-",1,1,"TCGCC","XO_TS54","-dTAG","RepR3","S15","MSR","other"
"1386","FJ24-FJ25::chr9:2999602-3038819",14623,14625,0.714,7,5,"-","G","+",0,0,"-",7,5,"TCGCC","XO_TS54","-dTAG","RepR3","S15","MSR","other"
"1387","FJ24-FJ25::chr9:2999602-3038819",14665,14667,1,1,1,"-","G","+",0,0,"-",1,1,"ACGTT","XO_TS54","-dTAG","RepR3","S15","MSR","other"
"1388","FJ24-FJ25::chr9:2999602-3038819",14839,14841,0.545,11,6,"-","G","+",0,0,"-",11,6,"CCGTG","XO_TS54","-dTAG","RepR3","S15","MSR","other"
"1389","FJ24-FJ25::chr9:2999602-3038819",15325,15327,1,3,3,"-","G","+",0,0,"-",3,3,"TCGCC","XO_TS54","-dTAG","RepR3","S15","MSR","other"
"1390","FJ24-FJ25::chr9:2999602-3038819",15500,15502,1,5,5,"-","G","+",0,0,"-",5,5,"TCGCT","XO_TS54","-dTAG","RepR3","S15","MSR","other"
"1391","FJ24-FJ25::chr9:2999602-3038819",15777,15779,1,4,4,"+","G","+",4,4,"-",0,0,"CACGT","XO_TS54","-dTAG","RepR3","S15","MSR","other"
"1392","FJ24-FJ25::chr9:2999602-3038819",15793,15795,1,5,5,"+","G","+",5,5,"-",0,0,"TTCGT","XO_TS54","-dTAG","RepR3","S15","MSR","other"
"1393","FJ24-FJ25::chr9:2999602-3038819",15808,15810,1,5,5,"+","G","+",5,5,"-",0,0,"GTCGT","XO_TS54","-dTAG","RepR3","S15","MSR","other"
"1394","FJ24-FJ25::chr9:2999602-3038819",15851,15853,1,3,3,"-","G","+",0,0,"-",3,3,"TCGCC","XO_TS54","-dTAG","RepR3","S15","MSR","other"
"1395","FJ24-FJ25::chr9:2999602-3038819",15951,15953,0.667,9,6,"-","G","+",0,0,"-",9,6,"CCGTG","XO_TS54","-dTAG","RepR3","S15","MSR","other"
"1396","FJ24-FJ25::chr9:2999602-3038819",16202,16204,1,7,7,"-","G","+",0,0,"-",7,7,"TCGCC","XO_TS54","-dTAG","RepR3","S15","MSR","other"
"1397","FJ24-FJ25::chr9:2999602-3038819",16377,16379,1,5,5,"-","G","+",0,0,"-",5,5,"TCGCC","XO_TS54","-dTAG","RepR3","S15","MSR","other"
"1398","FJ24-FJ25::chr9:2999602-3038819",16553,16555,1,1,1,"-","G","+",0,0,"-",1,1,"TCGCC","XO_TS54","-dTAG","RepR3","S15","MSR","other"
"1399","FJ24-FJ25::chr9:2999602-3038819",16593,16595,0.692,13,9,"-","G","+",0,0,"-",13,9,"CCGTG","XO_TS54","-dTAG","RepR3","S15","MSR","other"
"1400","FJ24-FJ25::chr9:2999602-3038819",17079,17081,1,7,7,"B","G","+",1,1,"-",6,6,"CTCGC","XO_TS54","-dTAG","RepR3","S15","MSR","other"
"1401","FJ24-FJ25::chr9:2999602-3038819",17254,17256,1,6,6,"-","G","+",0,0,"-",6,6,"TCGCT","XO_TS54","-dTAG","RepR3","S15","MSR","other"
"1402","FJ24-FJ25::chr9:2999602-3038819",17471,17473,0.923,633,584,"-","G","+",0,0,"-",633,584,"CCGTG","XO_TS54","-dTAG","RepR3","S15","MSR","other"
"1403","FJ24-FJ25::chr9:2999602-3038819",17531,17533,1,24,24,"B","G","+",2,2,"-",22,22,"CACGT","XO_TS54","-dTAG","RepR3","S15","MSR","other"
"1404","FJ24-FJ25::chr9:2999602-3038819",17547,17549,1,25,25,"B","G","+",3,3,"-",22,22,"TTCGT","XO_TS54","-dTAG","RepR3","S15","MSR","other"
"1405","FJ24-FJ25::chr9:2999602-3038819",17562,17564,0.889,18,16,"B","G","+",3,3,"-",15,13,"GTCGT","XO_TS54","-dTAG","RepR3","S15","MSR","other"
"1406","FJ24-FJ25::chr9:2999602-3038819",17605,17607,1,2,2,"-","G","+",0,0,"-",2,2,"TCGCC","XO_TS54","-dTAG","RepR3","S15","MSR","other"
"1407","FJ24-FJ25::chr9:2999602-3038819",17705,17707,0.833,18,15,"-","G","+",0,0,"-",18,15,"CCGTG","XO_TS54","-dTAG","RepR3","S15","MSR","other"
"1408","FJ24-FJ25::chr9:2999602-3038819",17956,17958,1,12,12,"-","G","+",0,0,"-",12,12,"TCGCC","XO_TS54","-dTAG","RepR3","S15","MSR","other"
"1409","FJ24-FJ25::chr9:2999602-3038819",18131,18133,1,4,4,"-","G","+",0,0,"-",4,4,"TCGCC","XO_TS54","-dTAG","RepR3","S15","MSR","other"
"1410","FJ24-FJ25::chr9:2999602-3038819",18348,18350,0.897,793,711,"-","G","+",0,0,"-",793,711,"CCGTG","XO_TS54","-dTAG","RepR3","S15","MSR","other"
"1411","FJ24-FJ25::chr9:2999602-3038819",18408,18410,0.909,33,30,"B","G","+",4,4,"-",29,26,"CACGT","XO_TS54","-dTAG","RepR3","S15","MSR","other"
"1412","FJ24-FJ25::chr9:2999602-3038819",18424,18426,0.938,32,30,"B","G","+",5,4,"-",27,26,"TTCGT","XO_TS54","-dTAG","RepR3","S15","MSR","other"
"1413","FJ24-FJ25::chr9:2999602-3038819",18439,18441,0.914,35,32,"B","G","+",6,6,"-",29,26,"GTCGT","XO_TS54","-dTAG","RepR3","S15","MSR","other"
"1414","FJ24-FJ25::chr9:2999602-3038819",18482,18484,0.333,3,1,"B","G","+",2,0,"-",1,1,"CTCGC","XO_TS54","-dTAG","RepR3","S15","MSR","other"
"1415","FJ24-FJ25::chr9:2999602-3038819",18582,18584,0.625,8,5,"-","G","+",0,0,"-",8,5,"CCGTG","XO_TS54","-dTAG","RepR3","S15","MSR","other"
"1416","FJ24-FJ25::chr9:2999602-3038819",18727,18729,1,7,7,"-","G","+",0,0,"-",7,7,"ACGTC","XO_TS54","-dTAG","RepR3","S15","MSR","other"
"1417","FJ24-FJ25::chr9:2999602-3038819",18815,18817,1,10,10,"-","G","+",0,0,"-",10,10,"CCGTG","XO_TS54","-dTAG","RepR3","S15","MSR","other"
"1418","FJ24-FJ25::chr9:2999602-3038819",18833,18835,0.833,12,10,"B","G","+",1,1,"-",11,9,"CTCGC","XO_TS54","-dTAG","RepR3","S15","MSR","other"
"1419","FJ24-FJ25::chr9:2999602-3038819",18875,18877,0.913,23,21,"B","G","+",1,1,"-",22,20,"CACGT","XO_TS54","-dTAG","RepR3","S15","MSR","other"
"1420","FJ24-FJ25::chr9:2999602-3038819",18891,18893,0.95,20,19,"B","G","+",1,1,"-",19,18,"TTCGT","XO_TS54","-dTAG","RepR3","S15","MSR","other"
"1421","FJ24-FJ25::chr9:2999602-3038819",18906,18908,0.92,25,23,"B","G","+",1,1,"-",24,22,"GTCGT","XO_TS54","-dTAG","RepR3","S15","MSR","other"
"1422","FJ24-FJ25::chr9:2999602-3038819",19021,19023,1,2,2,"-","G","+",0,0,"-",2,2,"ACGTC","XO_TS54","-dTAG","RepR3","S15","MSR","other"
"1423","FJ24-FJ25::chr9:2999602-3038819",19049,19051,0.717,781,560,"-","G","+",0,0,"-",781,560,"CCGTG","XO_TS54","-dTAG","RepR3","S15","MSR","other"
"1424","FJ24-FJ25::chr9:2999602-3038819",19109,19111,1,2,2,"-","G","+",0,0,"-",2,2,"ACGTT","XO_TS54","-dTAG","RepR3","S15","MSR","other"
"1425","FJ24-FJ25::chr9:2999602-3038819",19535,19537,0.556,9,5,"-","G","+",0,0,"-",9,5,"TCGCA","XO_TS54","-dTAG","RepR3","S15","MSR","other"
"1426","FJ24-FJ25::chr9:2999602-3038819",19575,19577,0,1,0,"-","G","+",0,0,"-",1,0,"CCGTG","XO_TS54","-dTAG","RepR3","S15","MSR","other"
"1427","FJ24-FJ25::chr9:2999602-3038819",19593,19595,1,1,1,"-","G","+",0,0,"-",1,1,"TCGCC","XO_TS54","-dTAG","RepR3","S15","MSR","other"
"1428","FJ24-FJ25::chr9:2999602-3038819",19635,19637,1,1,1,"-","G","+",0,0,"-",1,1,"ACGTT","XO_TS54","-dTAG","RepR3","S15","MSR","other"
"1429","FJ24-FJ25::chr9:2999602-3038819",19651,19653,1,1,1,"-","G","+",0,0,"-",1,1,"TCGTC","XO_TS54","-dTAG","RepR3","S15","MSR","other"
"1430","FJ24-FJ25::chr9:2999602-3038819",19666,19668,1,1,1,"-","G","+",0,0,"-",1,1,"TCGTC","XO_TS54","-dTAG","RepR3","S15","MSR","other"
"1431","FJ24-FJ25::chr9:2999602-3038819",19984,19986,1,2,2,"-","G","+",0,0,"-",2,2,"CCGTG","XO_TS54","-dTAG","RepR3","S15","MSR","other"
"1432","FJ24-FJ25::chr9:2999602-3038819",20236,20238,1,5,5,"-","G","+",0,0,"-",5,5,"TCGCC","XO_TS54","-dTAG","RepR3","S15","MSR","other"
"1433","FJ24-FJ25::chr9:2999602-3038819",20278,20280,1,1,1,"-","G","+",0,0,"-",1,1,"ACGTT","XO_TS54","-dTAG","RepR3","S15","MSR","other"
"1434","FJ24-FJ25::chr9:2999602-3038819",20294,20296,1,1,1,"-","G","+",0,0,"-",1,1,"TCGTC","XO_TS54","-dTAG","RepR3","S15","MSR","other"
"1435","FJ24-FJ25::chr9:2999602-3038819",20527,20529,1,1,1,"-","G","+",0,0,"-",1,1,"TCGTC","XO_TS54","-dTAG","RepR3","S15","MSR","other"
"1436","FJ24-FJ25::chr9:2999602-3038819",20645,20647,1,3,3,"-","G","+",0,0,"-",3,3,"TCGCC","XO_TS54","-dTAG","RepR3","S15","MSR","other"
"1437","FJ24-FJ25::chr9:2999602-3038819",20657,20659,1,3,3,"-","G","+",0,0,"-",3,3,"ACGTC","XO_TS54","-dTAG","RepR3","S15","MSR","other"
"1438","FJ24-FJ25::chr9:2999602-3038819",20685,20687,0.882,34,30,"-","G","+",0,0,"-",34,30,"CCGTG","XO_TS54","-dTAG","RepR3","S15","MSR","other"
"1439","FJ24-FJ25::chr9:2999602-3038819",20703,20705,1,28,28,"-","G","+",0,0,"-",28,28,"TCGCC","XO_TS54","-dTAG","RepR3","S15","MSR","other"
"1440","FJ24-FJ25::chr9:2999602-3038819",20878,20880,1,4,4,"-","G","+",0,0,"-",4,4,"TCGCC","XO_TS54","-dTAG","RepR3","S15","MSR","other"
"1441","FJ24-FJ25::chr9:2999602-3038819",20890,20892,0.8,5,4,"-","G","+",0,0,"-",5,4,"ACGTC","XO_TS54","-dTAG","RepR3","S15","MSR","other"
"1442","FJ24-FJ25::chr9:2999602-3038819",20918,20920,0.949,810,769,"-","G","+",0,0,"-",810,769,"CCGTG","XO_TS54","-dTAG","RepR3","S15","MSR","other"
"1443","FJ24-FJ25::chr9:2999602-3038819",20936,20938,0.907,792,718,"-","G","+",0,0,"-",792,718,"TCGCC","XO_TS54","-dTAG","RepR3","S15","MSR","other"
"1444","FJ24-FJ25::chr9:2999602-3038819",20978,20980,0.895,19,17,"-","G","+",0,0,"-",19,17,"ACGTT","XO_TS54","-dTAG","RepR3","S15","MSR","other"
"1445","FJ24-FJ25::chr9:2999602-3038819",20994,20996,0.952,21,20,"-","G","+",0,0,"-",21,20,"TCGTC","XO_TS54","-dTAG","RepR3","S15","MSR","other"
"1446","FJ24-FJ25::chr9:2999602-3038819",21152,21154,1,2,2,"+","G","+",2,2,"-",0,0,"TCCGT","XO_TS54","-dTAG","RepR3","S15","MSR","other"
"1447","FJ24-FJ25::chr9:2999602-3038819",21170,21172,1,2,2,"+","G","+",2,2,"-",0,0,"CTCGC","XO_TS54","-dTAG","RepR3","S15","MSR","other"
"1448","FJ24-FJ25::chr9:2999602-3038819",21228,21230,1,4,4,"-","G","+",0,0,"-",4,4,"TCGTC","XO_TS54","-dTAG","RepR3","S15","MSR","other"
"1449","FJ24-FJ25::chr9:2999602-3038819",21243,21245,0.778,9,7,"-","G","+",0,0,"-",9,7,"TCGTC","XO_TS54","-dTAG","RepR3","S15","MSR","other"
"1450","FJ24-FJ25::chr9:2999602-3038819",21346,21348,1,1,1,"-","G","+",0,0,"-",1,1,"TCGCC","XO_TS54","-dTAG","RepR3","S15","MSR","other"
"1451","FJ24-FJ25::chr9:2999602-3038819",21404,21406,1,8,8,"-","G","+",0,0,"-",8,8,"TCGCC","XO_TS54","-dTAG","RepR3","S15","MSR","other"
"1452","FJ24-FJ25::chr9:2999602-3038819",21446,21448,1,5,5,"-","G","+",0,0,"-",5,5,"ACGTT","XO_TS54","-dTAG","RepR3","S15","MSR","other"
"1453","FJ24-FJ25::chr9:2999602-3038819",21462,21464,1,5,5,"-","G","+",0,0,"-",5,5,"TCGTC","XO_TS54","-dTAG","RepR3","S15","MSR","other"
"1454","FJ24-FJ25::chr9:2999602-3038819",21620,21622,0.765,17,13,"-","G","+",0,0,"-",17,13,"CCGTG","XO_TS54","-dTAG","RepR3","S15","MSR","other"
"1455","FJ24-FJ25::chr9:2999602-3038819",22106,22108,1,4,4,"-","G","+",0,0,"-",4,4,"TCGCC","XO_TS54","-dTAG","RepR3","S15","MSR","other"
"1456","FJ24-FJ25::chr9:2999602-3038819",22281,22283,0,2,0,"-","G","+",0,0,"-",2,0,"TCGCC","XO_TS54","-dTAG","RepR3","S15","MSR","other"
"1457","FJ24-FJ25::chr9:2999602-3038819",22498,22500,0.91,922,839,"-","G","+",0,0,"-",922,839,"CCGTG","XO_TS54","-dTAG","RepR3","S15","MSR","other"
"1458","FJ24-FJ25::chr9:2999602-3038819",22558,22560,0.4,5,2,"-","G","+",0,0,"-",5,2,"ACGTT","XO_TS54","-dTAG","RepR3","S15","MSR","other"
"1459","FJ24-FJ25::chr9:2999602-3038819",22574,22576,1,4,4,"-","G","+",0,0,"-",4,4,"TCGTC","XO_TS54","-dTAG","RepR3","S15","MSR","other"
"1460","FJ24-FJ25::chr9:2999602-3038819",22589,22591,0,2,0,"-","G","+",0,0,"-",2,0,"TCGTC","XO_TS54","-dTAG","RepR3","S15","MSR","other"
"1461","FJ24-FJ25::chr9:2999602-3038819",22732,22734,0.769,13,10,"-","G","+",0,0,"-",13,10,"CCGTG","XO_TS54","-dTAG","RepR3","S15","MSR","other"
"1462","FJ24-FJ25::chr9:2999602-3038819",22877,22879,1,10,10,"-","G","+",0,0,"-",10,10,"ACGTC","XO_TS54","-dTAG","RepR3","S15","MSR","other"
"1463","FJ24-FJ25::chr9:2999602-3038819",22965,22967,0.878,362,318,"-","G","+",0,0,"-",362,318,"CCGTG","XO_TS54","-dTAG","RepR3","S15","MSR","other"
"1464","FJ24-FJ25::chr9:2999602-3038819",23025,23027,1,1,1,"-","G","+",0,0,"-",1,1,"ACGTT","XO_TS54","-dTAG","RepR3","S15","MSR","other"
"1465","FJ24-FJ25::chr9:2999602-3038819",23451,23453,1,5,5,"-","G","+",0,0,"-",5,5,"TCGCA","XO_TS54","-dTAG","RepR3","S15","MSR","other"
"1466","FJ24-FJ25::chr9:2999602-3038819",23843,23845,0.786,28,22,"-","G","+",0,0,"-",28,22,"CCGTG","XO_TS54","-dTAG","RepR3","S15","MSR","other"
"1467","FJ24-FJ25::chr9:2999602-3038819",23903,23905,0.917,12,11,"-","G","+",0,0,"-",12,11,"ACGTT","XO_TS54","-dTAG","RepR3","S15","MSR","other"
"1468","FJ24-FJ25::chr9:2999602-3038819",23934,23936,0.933,15,14,"B","G","+",1,1,"-",14,13,"GTCGT","XO_TS54","-dTAG","RepR3","S15","MSR","other"
"1469","FJ24-FJ25::chr9:2999602-3038819",24077,24079,0.734,771,566,"-","G","+",0,0,"-",771,566,"CCGTG","XO_TS54","-dTAG","RepR3","S15","MSR","other"
"1470","FJ24-FJ25::chr9:2999602-3038819",24283,24285,1,2,2,"-","G","+",0,0,"-",2,2,"ACGTC","XO_TS54","-dTAG","RepR3","S15","MSR","other"
"1471","FJ24-FJ25::chr9:2999602-3038819",24311,24313,0.946,37,35,"-","G","+",0,0,"-",37,35,"CCGTG","XO_TS54","-dTAG","RepR3","S15","MSR","other"
"1472","FJ24-FJ25::chr9:2999602-3038819",24329,24331,0.897,29,26,"-","G","+",0,0,"-",29,26,"TCGCC","XO_TS54","-dTAG","RepR3","S15","MSR","other"
"1473","FJ24-FJ25::chr9:2999602-3038819",24370,24372,1,1,1,"-","G","+",0,0,"-",1,1,"ACGTT","XO_TS54","-dTAG","RepR3","S15","MSR","other"
"1474","FJ24-FJ25::chr9:2999602-3038819",24544,24546,0.921,834,768,"-","G","+",0,0,"-",834,768,"CCGTG","XO_TS54","-dTAG","RepR3","S15","MSR","other"
"1475","FJ24-FJ25::chr9:2999602-3038819",24562,24564,0.887,826,733,"-","G","+",0,0,"-",826,733,"TCGCC","XO_TS54","-dTAG","RepR3","S15","MSR","other"
"1476","FJ24-FJ25::chr9:2999602-3038819",24604,24606,0.882,17,15,"-","G","+",0,0,"-",17,15,"ACGTT","XO_TS54","-dTAG","RepR3","S15","MSR","other"
"1477","FJ24-FJ25::chr9:2999602-3038819",24620,24622,1,10,10,"-","G","+",0,0,"-",10,10,"TCGAC","XO_TS54","-dTAG","RepR3","S15","MSR","other"
"1478","FJ24-FJ25::chr9:2999602-3038819",24718,24720,0,1,0,"-","G","+",0,0,"-",1,0,"TCGAC","XO_TS54","-dTAG","RepR3","S15","MSR","other"
"1479","FJ24-FJ25::chr9:2999602-3038819",24778,24780,1,13,13,"B","G","+",2,2,"-",11,11,"TCCGT","XO_TS54","-dTAG","RepR3","S15","MSR","other"
"1480","FJ24-FJ25::chr9:2999602-3038819",24796,24798,0.941,17,16,"B","G","+",4,4,"-",13,12,"CTCGC","XO_TS54","-dTAG","RepR3","S15","MSR","other"
"1481","FJ24-FJ25::chr9:2999602-3038819",24838,24840,0.875,48,42,"B","G","+",6,5,"-",42,37,"CACGT","XO_TS54","-dTAG","RepR3","S15","MSR","other"
"1482","FJ24-FJ25::chr9:2999602-3038819",24854,24856,1,46,46,"B","G","+",6,6,"-",40,40,"TTCGT","XO_TS54","-dTAG","RepR3","S15","MSR","other"
"1483","FJ24-FJ25::chr9:2999602-3038819",24869,24871,1,48,48,"B","G","+",6,6,"-",42,42,"GTCGT","XO_TS54","-dTAG","RepR3","S15","MSR","other"
"1484","FJ24-FJ25::chr9:2999602-3038819",25012,25014,0.743,781,580,"-","G","+",0,0,"-",781,580,"CCGTG","XO_TS54","-dTAG","RepR3","S15","MSR","other"
"1485","FJ24-FJ25::chr9:2999602-3038819",25218,25220,1,1,1,"-","G","+",0,0,"-",1,1,"ACGTC","XO_TS54","-dTAG","RepR3","S15","MSR","other"
"1486","FJ24-FJ25::chr9:2999602-3038819",25246,25248,0.9,30,27,"-","G","+",0,0,"-",30,27,"CCGTG","XO_TS54","-dTAG","RepR3","S15","MSR","other"
"1487","FJ24-FJ25::chr9:2999602-3038819",25264,25266,0.917,24,22,"-","G","+",0,0,"-",24,22,"TCGCC","XO_TS54","-dTAG","RepR3","S15","MSR","other"
"1488","FJ24-FJ25::chr9:2999602-3038819",25479,25481,0.909,11,10,"-","G","+",0,0,"-",11,10,"CCGTG","XO_TS54","-dTAG","RepR3","S15","MSR","other"
"1489","FJ24-FJ25::chr9:2999602-3038819",25497,25499,0.9,10,9,"-","G","+",0,0,"-",10,9,"TCGCC","XO_TS54","-dTAG","RepR3","S15","MSR","other"
"1490","FJ24-FJ25::chr9:2999602-3038819",25539,25541,1,2,2,"B","G","+",1,1,"-",1,1,"CACGT","XO_TS54","-dTAG","RepR3","S15","MSR","other"
"1491","FJ24-FJ25::chr9:2999602-3038819",25555,25557,1,2,2,"B","G","+",1,1,"-",1,1,"TTCGA","XO_TS54","-dTAG","RepR3","S15","MSR","other"
"1492","FJ24-FJ25::chr9:2999602-3038819",25713,25715,1,1,1,"-","G","+",0,0,"-",1,1,"CCGTG","XO_TS54","-dTAG","RepR3","S15","MSR","other"
"1493","FJ24-FJ25::chr9:2999602-3038819",25946,25948,0.956,799,764,"-","G","+",0,0,"-",799,764,"CCGTG","XO_TS54","-dTAG","RepR3","S15","MSR","other"
"1494","FJ24-FJ25::chr9:2999602-3038819",25964,25966,0.89,803,715,"-","G","+",0,0,"-",803,715,"TCGCC","XO_TS54","-dTAG","RepR3","S15","MSR","other"
"1495","FJ24-FJ25::chr9:2999602-3038819",26006,26008,0.636,11,7,"-","G","+",0,0,"-",11,7,"ACGTT","XO_TS54","-dTAG","RepR3","S15","MSR","other"
"1496","FJ24-FJ25::chr9:2999602-3038819",26140,26142,0,2,0,"-","G","+",0,0,"-",2,0,"TCGCC","XO_TS54","-dTAG","RepR3","S15","MSR","other"
"1497","FJ24-FJ25::chr9:2999602-3038819",26198,26200,1,3,3,"-","G","+",0,0,"-",3,3,"TCGCC","XO_TS54","-dTAG","RepR3","S15","MSR","other"
"1498","FJ24-FJ25::chr9:2999602-3038819",26240,26242,1,2,2,"-","G","+",0,0,"-",2,2,"ACGTT","XO_TS54","-dTAG","RepR3","S15","MSR","other"
"1499","FJ24-FJ25::chr9:2999602-3038819",26256,26258,1,2,2,"-","G","+",0,0,"-",2,2,"TCGTC","XO_TS54","-dTAG","RepR3","S15","MSR","other"
"1500","FJ24-FJ25::chr9:2999602-3038819",26414,26416,0.882,17,15,"-","G","+",0,0,"-",17,15,"CCGTG","XO_TS54","-dTAG","RepR3","S15","MSR","other"
"1501","FJ24-FJ25::chr9:2999602-3038819",26708,26710,1,1,1,"-","G","+",0,0,"-",1,1,"ACGTT","XO_TS54","-dTAG","RepR3","S15","MSR","other"
"1502","FJ24-FJ25::chr9:2999602-3038819",27117,27119,1,6,6,"-","G","+",0,0,"-",6,6,"TCGTT","XO_TS54","-dTAG","RepR3","S15","MSR","other"
"1503","FJ24-FJ25::chr9:2999602-3038819",28053,28055,0.735,49,36,"-","G","+",0,0,"-",49,36,"CCGTG","XO_TS54","-dTAG","RepR3","S15","MSR","other"
"1504","FJ24-FJ25::chr9:2999602-3038819",28247,28249,1,1,1,"-","G","+",0,0,"-",1,1,"TCGCC","XO_TS54","-dTAG","RepR3","S15","MSR","other"
"1505","FJ24-FJ25::chr9:2999602-3038819",28287,28289,0.5,8,4,"-","G","+",0,0,"-",8,4,"CCGTG","XO_TS54","-dTAG","RepR3","S15","MSR","other"
"1506","FJ24-FJ25::chr9:2999602-3038819",28521,28523,0.88,632,556,"-","G","+",0,0,"-",632,556,"CCGTG","XO_TS54","-dTAG","RepR3","S15","MSR","other"
"1507","FJ24-FJ25::chr9:2999602-3038819",28655,28657,1,1,1,"-","G","+",0,0,"-",1,1,"TCGCC","XO_TS54","-dTAG","RepR3","S15","MSR","other"
"1508","FJ24-FJ25::chr9:2999602-3038819",28755,28757,1,3,3,"-","G","+",0,0,"-",3,3,"TCGTT","XO_TS54","-dTAG","RepR3","S15","MSR","other"
"1509","FJ24-FJ25::chr9:2999602-3038819",28901,28903,1,1,1,"-","G","+",0,0,"-",1,1,"ACGTC","XO_TS54","-dTAG","RepR3","S15","MSR","other"
"1510","FJ24-FJ25::chr9:2999602-3038819",29049,29051,1,1,1,"-","G","+",0,0,"-",1,1,"ACGTT","XO_TS54","-dTAG","RepR3","S15","MSR","other"
"1511","FJ24-FJ25::chr9:2999602-3038819",29223,29225,0.897,556,499,"-","G","+",0,0,"-",556,499,"CCGTG","XO_TS54","-dTAG","RepR3","S15","MSR","other"
"1512","FJ24-FJ25::chr9:2999602-3038819",29283,29285,0,1,0,"-","G","+",0,0,"-",1,0,"ACGTT","XO_TS54","-dTAG","RepR3","S15","MSR","other"
"1513","FJ24-FJ25::chr9:2999602-3038819",29457,29459,1,1,1,"-","G","+",0,0,"-",1,1,"CCGTG","XO_TS54","-dTAG","RepR3","S15","MSR","other"
"1514","FJ24-FJ25::chr9:2999602-3038819",29752,29754,1,1,1,"+","G","+",1,1,"-",0,0,"CACGT","XO_TS54","-dTAG","RepR3","S15","MSR","other"
"1515","FJ24-FJ25::chr9:2999602-3038819",30221,30223,1,2,2,"-","G","+",0,0,"-",2,2,"ACGTT","XO_TS54","-dTAG","RepR3","S15","MSR","other"
"1516","FJ24-FJ25::chr9:2999602-3038819",30237,30239,1,2,2,"-","G","+",0,0,"-",2,2,"TCGTC","XO_TS54","-dTAG","RepR3","S15","MSR","other"
"1517","FJ24-FJ25::chr9:2999602-3038819",30252,30254,1,2,2,"-","G","+",0,0,"-",2,2,"TCGTC","XO_TS54","-dTAG","RepR3","S15","MSR","other"
"1518","FJ24-FJ25::chr9:2999602-3038819",30395,30397,1,6,6,"-","G","+",0,0,"-",6,6,"TCGTT","XO_TS54","-dTAG","RepR3","S15","MSR","other"
"1519","FJ24-FJ25::chr9:2999602-3038819",31098,31100,0.72,50,36,"-","G","+",0,0,"-",50,36,"CCGTG","XO_TS54","-dTAG","RepR3","S15","MSR","other"
"1520","FJ24-FJ25::chr9:2999602-3038819",31679,31681,0.726,566,411,"-","G","+",0,0,"-",566,411,"CCGTG","XO_TS54","-dTAG","RepR3","S15","MSR","other"
"1521","FJ24-FJ25::chr9:2999602-3038819",31739,31741,1,1,1,"+","G","+",1,1,"-",0,0,"CACGT","XO_TS54","-dTAG","RepR3","S15","MSR","other"
"1522","FJ24-FJ25::chr9:2999602-3038819",31755,31757,1,1,1,"+","G","+",1,1,"-",0,0,"TTCGT","XO_TS54","-dTAG","RepR3","S15","MSR","other"
"1523","FJ24-FJ25::chr9:2999602-3038819",31913,31915,1,2,2,"-","G","+",0,0,"-",2,2,"TCGTT","XO_TS54","-dTAG","RepR3","S15","MSR","other"
"1524","FJ24-FJ25::chr9:2999602-3038819",31973,31975,0,2,0,"-","G","+",0,0,"-",2,0,"ACGTT","XO_TS54","-dTAG","RepR3","S15","MSR","other"
"1525","FJ24-FJ25::chr9:2999602-3038819",32059,32061,1,2,2,"B","G","+",1,1,"-",1,1,"CACGT","XO_TS54","-dTAG","RepR3","S15","MSR","other"
"1526","FJ24-FJ25::chr9:2999602-3038819",32615,32617,0.75,44,33,"-","G","+",0,0,"-",44,33,"CCGTG","XO_TS54","-dTAG","RepR3","S15","MSR","other"
"1527","FJ24-FJ25::chr9:2999602-3038819",32821,32823,1,10,10,"+","G","+",10,10,"-",0,0,"CACGT","XO_TS54","-dTAG","RepR3","S15","MSR","other"
"1528","FJ24-FJ25::chr9:2999602-3038819",32849,32851,0.877,203,178,"B","G","+",19,18,"-",184,160,"TCCGT","XO_TS54","-dTAG","RepR3","S15","MSR","other"
"1529","FJ24-FJ25::chr9:2999602-3038819",32867,32869,0.927,179,166,"-","G","+",0,0,"-",179,166,"TCGCC","XO_TS54","-dTAG","RepR3","S15","MSR","other"
"1530","FJ24-FJ25::chr9:2999602-3038819",32909,32911,1,4,4,"-","G","+",0,0,"-",4,4,"ACGTT","XO_TS54","-dTAG","RepR3","S15","MSR","other"
"1531","FJ24-FJ25::chr9:2999602-3038819",33277,33279,1,2,2,"B","G","+",1,1,"-",1,1,"CTCGC","XO_TS54","-dTAG","RepR3","S15","MSR","other"
"1532","FJ24-FJ25::chr9:2999602-3038819",33289,33291,1,3,3,"B","G","+",1,1,"-",2,2,"CACGT","XO_TS54","-dTAG","RepR3","S15","MSR","other"
"1533","FJ24-FJ25::chr9:2999602-3038819",33317,33319,0.9,20,18,"B","G","+",1,1,"-",19,17,"TCCGT","XO_TS54","-dTAG","RepR3","S15","MSR","other"
"1534","FJ24-FJ25::chr9:2999602-3038819",33335,33337,1,12,12,"B","G","+",1,1,"-",11,11,"CTCGC","XO_TS54","-dTAG","RepR3","S15","MSR","other"
"1535","FJ24-FJ25::chr9:2999602-3038819",33976,33978,1,2,2,"-","G","+",0,0,"-",2,2,"TCGCT","XO_TS54","-dTAG","RepR3","S15","MSR","other"
"1536","FJ24-FJ25::chr9:2999602-3038819",34193,34195,0.926,365,338,"-","G","+",0,0,"-",365,338,"CCGTG","XO_TS54","-dTAG","RepR3","S15","MSR","other"
"1537","FJ24-FJ25::chr9:2999602-3038819",34253,34255,1,2,2,"-","G","+",0,0,"-",2,2,"ACGTT","XO_TS54","-dTAG","RepR3","S15","MSR","other"
"1538","FJ24-FJ25::chr9:2999602-3038819",34445,34447,0.5,4,2,"-","G","+",0,0,"-",4,2,"TCGCA","XO_TS54","-dTAG","RepR3","S15","MSR","other"
"1539","FJ24-FJ25::chr9:2999602-3038819",34621,34623,1,8,8,"-","G","+",0,0,"-",8,8,"TCGCC","XO_TS54","-dTAG","RepR3","S15","MSR","other"
"1540","FJ24-FJ25::chr9:2999602-3038819",34633,34635,1,5,5,"-","G","+",0,0,"-",5,5,"ACGTC","XO_TS54","-dTAG","RepR3","S15","MSR","other"
"1541","FJ24-FJ25::chr9:2999602-3038819",34895,34897,0.667,57,38,"-","G","+",0,0,"-",57,38,"CCGTG","XO_TS54","-dTAG","RepR3","S15","MSR","other"
"1542","FJ24-FJ25::chr9:2999602-3038819",35381,35383,0.667,6,4,"-","G","+",0,0,"-",6,4,"TCGCC","XO_TS54","-dTAG","RepR3","S15","MSR","other"
"1543","FJ24-FJ25::chr9:2999602-3038819",35597,35599,0.705,970,684,"-","G","+",0,0,"-",970,684,"CCGTG","XO_TS54","-dTAG","RepR3","S15","MSR","other"
"1544","FJ24-FJ25::chr9:2999602-3038819",36126,36128,1,1,1,"+","G","+",1,1,"-",0,0,"CACGT","XO_TS54","-dTAG","RepR3","S15","MSR","other"
"1545","FJ24-FJ25::chr9:2999602-3038819",36299,36301,0.8,5,4,"-","G","+",0,0,"-",5,4,"CCGTG","XO_TS54","-dTAG","RepR3","S15","MSR","other"
"1546","FJ24-FJ25::chr9:2999602-3038819",36475,36477,1,8,8,"-","G","+",0,0,"-",8,8,"CCGTG","XO_TS54","-dTAG","RepR3","S15","MSR","other"
"1547","FJ24-FJ25::chr9:2999602-3038819",36493,36495,1,2,2,"-","G","+",0,0,"-",2,2,"TCGCC","XO_TS54","-dTAG","RepR3","S15","MSR","other"
"1548","FJ24-FJ25::chr9:2999602-3038819",36668,36670,1,2,2,"-","G","+",0,0,"-",2,2,"TCGCC","XO_TS54","-dTAG","RepR3","S15","MSR","other"
"1549","FJ24-FJ25::chr9:2999602-3038819",36680,36682,0,1,0,"-","G","+",0,0,"-",1,0,"ACGTC","XO_TS54","-dTAG","RepR3","S15","MSR","other"
"1550","FJ24-FJ25::chr9:2999602-3038819",36708,36710,1,1,1,"-","G","+",0,0,"-",1,1,"CCGTG","XO_TS54","-dTAG","RepR3","S15","MSR","other"
"1551","FJ24-FJ25::chr9:2999602-3038819",36726,36728,0,1,0,"-","G","+",0,0,"-",1,0,"TCGCC","XO_TS54","-dTAG","RepR3","S15","MSR","other"
"1552","FJ24-FJ25::chr9:2999602-3038819",36781,36783,1,1,1,"-","G","+",0,0,"-",1,1,"TCGTC","XO_TS54","-dTAG","RepR3","S15","MSR","other"
"1553","FJ24-FJ25::chr9:2999602-3038819",36939,36941,0.5,8,4,"-","G","+",0,0,"-",8,4,"CCGTG","XO_TS54","-dTAG","RepR3","S15","MSR","other"
"1554","FJ24-FJ25::chr9:2999602-3038819",37467,37469,1,1,1,"-","G","+",0,0,"-",1,1,"ACGTT","XO_TS54","-dTAG","RepR3","S15","MSR","other"
"1555","FJ24-FJ25::chr9:2999602-3038819",37483,37485,1,1,1,"-","G","+",0,0,"-",1,1,"TCGTC","XO_TS54","-dTAG","RepR3","S15","MSR","other"
"1556","FJ24-FJ25::chr9:2999602-3038819",37498,37500,1,1,1,"-","G","+",0,0,"-",1,1,"ACGTC","XO_TS54","-dTAG","RepR3","S15","MSR","other"
"1557","FJ24-FJ25::chr9:2999602-3038819",37641,37643,0.808,26,21,"-","G","+",0,0,"-",26,21,"CCGTG","XO_TS54","-dTAG","RepR3","S15","MSR","other"
"1558","FJ24-FJ25::chr9:2999602-3038819",37659,37661,0.962,26,25,"-","G","+",0,0,"-",26,25,"TCGCC","XO_TS54","-dTAG","RepR3","S15","MSR","other"
"1559","FJ24-FJ25::chr9:2999602-3038819",38315,38317,1,1,1,"+","G","+",1,1,"-",0,0,"CACGT","XO_TS54","-dTAG","RepR3","S15","MSR","other"
"1560","FJ24-FJ25::chr9:2999602-3038819",38343,38345,0.809,47,38,"-","G","+",0,0,"-",47,38,"CCGTG","XO_TS54","-dTAG","RepR3","S15","MSR","other"
"1561","FJ24-FJ25::chr9:2999602-3038819",38361,38363,0.861,36,31,"B","G","+",2,2,"-",34,29,"CTCGC","XO_TS54","-dTAG","RepR3","S15","MSR","other"
"1562","FJ24-FJ25::chr9:2999602-3038819",38403,38405,1,5,5,"B","G","+",2,2,"-",3,3,"CACGT","XO_TS54","-dTAG","RepR3","S15","MSR","other"
"1563","FJ24-FJ25::chr9:2999602-3038819",38419,38421,1,2,2,"+","G","+",2,2,"-",0,0,"TTCGT","XO_TS54","-dTAG","RepR3","S15","MSR","other"
"1564","FJ24-FJ25::chr9:2999602-3038819",38489,38491,1,2,2,"-","G","+",0,0,"-",2,2,"ACGTC","XO_TS54","-dTAG","RepR3","S15","MSR","other"
"1565","FJ24-FJ25::chr9:2999602-3038819",38637,38639,0,2,0,"-","G","+",0,0,"-",2,0,"ACGTT","XO_TS54","-dTAG","RepR3","S15","MSR","other"
"1566","FJ24-FJ25::chr9:35304805-35306009",454,456,1,2,2,"+","G","+",2,2,"-",0,0,"CACGG","XO_TS54","-dTAG","RepR3","S15","MSR","other"
"1567","FJ24-FJ25::chr9:35304805-35306009",612,614,0.912,80,73,"B","G","+",79,72,"-",1,1,"GACGA","XO_TS54","-dTAG","RepR3","S15","MSR","other"
"1568","FJ24-FJ25::chr9:35304805-35306009",628,630,0.887,97,86,"B","G","+",96,85,"-",1,1,"AACGT","XO_TS54","-dTAG","RepR3","S15","MSR","other"
"1569","FJ24-FJ25::chr9:35304805-35306009",688,690,0.946,242,229,"B","G","+",240,227,"-",2,2,"CACGG","XO_TS54","-dTAG","RepR3","S15","MSR","other"
"1570","FJ24-FJ25::chr9:35304805-35306009",716,718,1,4,4,"B","G","+",2,2,"-",2,2,"GACGT","XO_TS54","-dTAG","RepR3","S15","MSR","other"
"1571","FJ24-FJ25::chr9:35304805-35306009",728,730,1,4,4,"B","G","+",2,2,"-",2,2,"GGCGA","XO_TS54","-dTAG","RepR3","S15","MSR","other"
"1572","FJ24-FJ25::chr9:35304805-35306009",776,778,1,6,6,"+","G","+",6,6,"-",0,0,"GACGT","XO_TS54","-dTAG","RepR3","S15","MSR","other"
"1573","FJ24-FJ25::chr9:35304805-35306009",1063,1065,0,5,0,"B","G","+",4,0,"-",1,0,"CCCGG","XO_TS54","-dTAG","RepR3","S15","MSR","other"
"1574","FJ24-FJ25::chrX:75643946-75646608",2448,2450,0,1,0,"-","G","+",0,0,"-",1,0,"CCGGG","XO_TS54","-dTAG","RepR3","S15","MSR","other"
"1575","FJ24-FJ25::chrX:75643946-75646608",2589,2591,0,1,0,"-","G","+",0,0,"-",1,0,"TCGGT","XO_TS54","-dTAG","RepR3","S15","MSR","other"
"1576","FJ28-FJ29.FJ26-FJ27::chrX:103482701-103483891",480,482,0.2,5,1,"+","G","+",5,1,"-",0,0,"CACGG","XO_TS54","-dTAG","RepR3","S15","RE58","RE58_CGI_2"
"1577","FJ28-FJ29.FJ26-FJ27::chrX:103482701-103483891",489,491,0.667,9,6,"+","G","+",9,6,"-",0,0,"ACCGC","XO_TS54","-dTAG","RepR3","S15","RE58","RE58_CGI_2"
"1578","FJ28-FJ29.FJ26-FJ27::chrX:103482701-103483891",499,501,0.727,11,8,"+","G","+",11,8,"-",0,0,"CACGG","XO_TS54","-dTAG","RepR3","S15","RE58","RE58_CGI_2"
"1579","FJ28-FJ29.FJ26-FJ27::chrX:103482701-103483891",506,508,0.727,11,8,"+","G","+",11,8,"-",0,0,"AACGA","XO_TS54","-dTAG","RepR3","S15","RE58","RE58_CGI_2"
"1580","FJ28-FJ29.FJ26-FJ27::chrX:103482701-103483891",530,532,0.75,12,9,"+","G","+",12,9,"-",0,0,"GCCGT","XO_TS54","-dTAG","RepR3","S15","RE58","RE58_CGI_2"
"1581","FJ28-FJ29.FJ26-FJ27::chrX:103482701-103483891",537,539,0.667,9,6,"+","G","+",9,6,"-",0,0,"CACGC","XO_TS54","-dTAG","RepR3","S15","RE58","RE58_CGI_2"
"1582","FJ28-FJ29.FJ26-FJ27::chrX:103482701-103483891",552,554,0.667,6,4,"+","G","+",6,4,"-",0,0,"TCCGC","XO_TS54","-dTAG","RepR3","S15","RE58","RE58_CGI_2"
"1583","FJ28-FJ29.FJ26-FJ27::chrX:103482701-103483891",554,556,0.714,7,5,"+","G","+",7,5,"-",0,0,"CGCGG","XO_TS54","-dTAG","RepR3","S15","RE58","RE58_CGI_2"
"1584","FJ28-FJ29.FJ26-FJ27::chrX:103482701-103483891",557,559,0.909,11,10,"+","G","+",11,10,"-",0,0,"GGCGC","XO_TS54","-dTAG","RepR3","S15","RE58","RE58_CGI_2"
"1585","FJ28-FJ29.FJ26-FJ27::chrX:103482701-103483891",566,568,0.9,10,9,"+","G","+",10,9,"-",0,0,"GGCGG","XO_TS54","-dTAG","RepR3","S15","RE58","RE58_CGI_2"
"1586","FJ28-FJ29.FJ26-FJ27::chrX:103482701-103483891",675,677,0.98,350,343,"B","G","+",223,217,"-",127,126,"TACGT","XO_TS54","-dTAG","RepR3","S15","RE58","RE58_CGI_1"
"1587","FJ28-FJ29.FJ26-FJ27::chrX:103482701-103483891",694,696,0.983,348,342,"B","G","+",223,217,"-",125,125,"GACGC","XO_TS54","-dTAG","RepR3","S15","RE58","RE58_CGI_1"
"1588","FJ28-FJ29.FJ26-FJ27::chrX:103482701-103483891",696,698,0.986,345,340,"B","G","+",220,215,"-",125,125,"CGCGT","XO_TS54","-dTAG","RepR3","S15","RE58","RE58_CGI_1"
"1589","FJ28-FJ29.FJ26-FJ27::chrX:103482701-103483891",715,717,0.994,336,334,"B","G","+",212,210,"-",124,124,"TGCGC","XO_TS54","-dTAG","RepR3","S15","RE58","RE58_CGI_1"
"1590","FJ28-FJ29.FJ26-FJ27::chrX:103482701-103483891",717,719,0.982,329,323,"B","G","+",208,202,"-",121,121,"CGCGA","XO_TS54","-dTAG","RepR3","S15","RE58","RE58_CGI_1"
"1591","FJ28-FJ29.FJ26-FJ27::chrX:103482701-103483891",753,755,0.803,173,139,"B","G","+",78,44,"-",95,95,"AACGT","XO_TS54","-dTAG","RepR3","S15","RE58","RE58_CGI_1"
"1592","FJ14-FJ15.FJ10-FJ11::chrX:103481327-103482781",433,435,0.963,81,78,"+","G","+",81,78,"-",0,0,"TCCGC","XO_TS54","+dTAG","RepR1","S10","RE57","RE57_YY1"
"1593","FJ14-FJ15.FJ10-FJ11::chrX:103481327-103482781",520,522,0.985,68,67,"+","G","+",68,67,"-",0,0,"TGCGT","XO_TS54","+dTAG","RepR1","S10","RE57","RE57_YY1"
"1594","FJ14-FJ15.FJ10-FJ11::chrX:103481327-103482781",528,530,0.956,68,65,"+","G","+",68,65,"-",0,0,"ACCGC","XO_TS54","+dTAG","RepR1","S10","RE57","RE57_YY1"
"1595","FJ14-FJ15.FJ10-FJ11::chrX:103481327-103482781",546,548,1,71,71,"+","G","+",71,71,"-",0,0,"GCCGC","XO_TS54","+dTAG","RepR1","S10","RE57","RE57_YY1"
"1596","FJ14-FJ15.FJ10-FJ11::chrX:103481327-103482781",563,565,1,72,72,"+","G","+",72,72,"-",0,0,"TACGA","XO_TS54","+dTAG","RepR1","S10","RE57","RE57_YY1"
"1597","FJ14-FJ15.FJ10-FJ11::chrX:103481327-103482781",617,619,0.986,70,69,"+","G","+",70,69,"-",0,0,"GTCGA","XO_TS54","+dTAG","RepR1","S10","RE57","RE57_YY1"
"1598","FJ14-FJ15.FJ10-FJ11::chrX:103481327-103482781",624,626,1,73,73,"+","G","+",73,73,"-",0,0,"CTCGG","XO_TS54","+dTAG","RepR1","S10","RE57","RE57_YY1"
"1599","FJ14-FJ15.FJ10-FJ11::chrX:103481327-103482781",637,639,0.973,73,71,"+","G","+",73,71,"-",0,0,"CCCGA","XO_TS54","+dTAG","RepR1","S10","RE57","RE57_YY1"
"1600","FJ14-FJ15.FJ10-FJ11::chrX:103481327-103482781",642,644,0.973,73,71,"+","G","+",73,71,"-",0,0,"GCCGC","XO_TS54","+dTAG","RepR1","S10","RE57","RE57_YY1"
"1601","FJ14-FJ15.FJ10-FJ11::chrX:103481327-103482781",736,738,1,9,9,"+","G","+",9,9,"-",0,0,"CACGC","XO_TS54","+dTAG","RepR1","S10","RE57","RE57_CGI"
"1602","FJ14-FJ15.FJ10-FJ11::chrX:103481327-103482781",763,765,1,9,9,"+","G","+",9,9,"-",0,0,"TGCGG","XO_TS54","+dTAG","RepR1","S10","RE57","RE57_CGI"
"1603","FJ14-FJ15.FJ10-FJ11::chrX:103481327-103482781",770,772,1,9,9,"+","G","+",9,9,"-",0,0,"TCCGC","XO_TS54","+dTAG","RepR1","S10","RE57","RE57_CGI"
"1604","FJ14-FJ15.FJ10-FJ11::chrX:103481327-103482781",772,774,1,9,9,"+","G","+",9,9,"-",0,0,"CGCGC","XO_TS54","+dTAG","RepR1","S10","RE57","RE57_CGI"
"1605","FJ14-FJ15.FJ10-FJ11::chrX:103481327-103482781",780,782,0.889,9,8,"+","G","+",9,8,"-",0,0,"ACCGC","XO_TS54","+dTAG","RepR1","S10","RE57","RE57_CGI"
"1606","FJ14-FJ15.FJ10-FJ11::chrX:103481327-103482781",792,794,1,9,9,"+","G","+",9,9,"-",0,0,"TACGA","XO_TS54","+dTAG","RepR1","S10","RE57","RE57_CGI"
"1607","FJ14-FJ15.FJ10-FJ11::chrX:103481327-103482781",817,819,1,9,9,"+","G","+",9,9,"-",0,0,"TCCGG","XO_TS54","+dTAG","RepR1","S10","RE57","RE57_CGI"
"1608","FJ14-FJ15.FJ10-FJ11::chrX:103481327-103482781",832,834,0.889,9,8,"+","G","+",9,8,"-",0,0,"CCCGC","XO_TS54","+dTAG","RepR1","S10","RE57","RE57_CGI"
"1609","FJ14-FJ15.FJ10-FJ11::chrX:103481327-103482781",856,858,1,1,1,"+","G","+",1,1,"-",0,0,"GGCGA","XO_TS54","+dTAG","RepR1","S10","RE57","intermediate_RE57"
"1610","FJ14-FJ15.FJ10-FJ11::chrX:103481327-103482781",863,865,1,1,1,"+","G","+",1,1,"-",0,0,"CCCGC","XO_TS54","+dTAG","RepR1","S10","RE57","intermediate_RE57"
"1611","FJ14-FJ15.FJ10-FJ11::chrX:103481327-103482781",871,873,1,1,1,"+","G","+",1,1,"-",0,0,"CCCGC","XO_TS54","+dTAG","RepR1","S10","RE57","intermediate_RE57"
"1612","FJ14-FJ15.FJ10-FJ11::chrX:103481327-103482781",904,906,1,1,1,"+","G","+",1,1,"-",0,0,"AGCGC","XO_TS54","+dTAG","RepR1","S10","RE57","intermediate_RE57"
"1613","FJ14-FJ15.FJ10-FJ11::chrX:103481327-103482781",929,931,1,9,9,"+","G","+",9,9,"-",0,0,"TCCGC","XO_TS54","+dTAG","RepR1","S10","RE57","RE57_CGI"
"1614","FJ14-FJ15.FJ10-FJ11::chrX:103481327-103482781",941,943,1,9,9,"+","G","+",9,9,"-",0,0,"CTCGG","XO_TS54","+dTAG","RepR1","S10","RE57","RE57_CGI"
"1615","FJ14-FJ15.FJ10-FJ11::chrX:103481327-103482781",959,961,1,9,9,"+","G","+",9,9,"-",0,0,"GGCGT","XO_TS54","+dTAG","RepR1","S10","RE57","RE57_CGI"
"1616","FJ14-FJ15.FJ10-FJ11::chrX:103481327-103482781",970,972,1,9,9,"+","G","+",9,9,"-",0,0,"CTCGA","XO_TS54","+dTAG","RepR1","S10","RE57","RE57_CGI"
"1617","FJ14-FJ15.FJ10-FJ11::chrX:103481327-103482781",980,982,1,9,9,"+","G","+",9,9,"-",0,0,"GCCGT","XO_TS54","+dTAG","RepR1","S10","RE57","RE57_CGI"
"1618","FJ14-FJ15.FJ10-FJ11::chrX:103481327-103482781",987,989,1,8,8,"+","G","+",8,8,"-",0,0,"CACGC","XO_TS54","+dTAG","RepR1","S10","RE57","RE57_CGI"
"1619","FJ14-FJ15.FJ10-FJ11::chrX:103481327-103482781",1004,1006,0.909,11,10,"+","G","+",11,10,"-",0,0,"GGCGG","XO_TS54","+dTAG","RepR1","S10","RE57","RE57_CGI"
"1620","FJ14-FJ15.FJ10-FJ11::chrX:103481327-103482781",1008,1010,1,11,11,"+","G","+",11,11,"-",0,0,"GACGC","XO_TS54","+dTAG","RepR1","S10","RE57","RE57_CGI"
"1621","FJ14-FJ15.FJ10-FJ11::chrX:103481327-103482781",1010,1012,1,11,11,"+","G","+",11,11,"-",0,0,"CGCGG","XO_TS54","+dTAG","RepR1","S10","RE57","RE57_CGI"
"1622","FJ14-FJ15.FJ10-FJ11::chrX:103481327-103482781",1021,1023,1,11,11,"+","G","+",11,11,"-",0,0,"CACGC","XO_TS54","+dTAG","RepR1","S10","RE57","RE57_CGI"
"1623","FJ24-FJ25.FJ24-FJ25.FJ24-FJ25::chrX:75646518-75653780",131,133,1,1,1,"-","G","+",0,0,"-",1,1,"CCGGA","XO_TS54","+dTAG","RepR1","S10","MSR","other"
"1624","FJ24-FJ25.FJ24-FJ25.FJ24-FJ25::chrX:75646518-75653780",177,179,1,1,1,"-","G","+",0,0,"-",1,1,"GCGGC","XO_TS54","+dTAG","RepR1","S10","MSR","other"
"1625","FJ24-FJ25.FJ24-FJ25.FJ24-FJ25::chrX:75646518-75653780",210,212,0,1,0,"-","G","+",0,0,"-",1,0,"ACGCA","XO_TS54","+dTAG","RepR1","S10","MSR","other"
"1626","FJ24-FJ25.FJ24-FJ25.FJ24-FJ25::chrX:75653690-75658384",131,133,0.5,4,2,"-","G","+",0,0,"-",4,2,"CCGGA","XO_TS54","+dTAG","RepR1","S10","MSR","other"
"1627","FJ24-FJ25.FJ24-FJ25.FJ24-FJ25::chrX:75653690-75658384",177,179,0.5,4,2,"-","G","+",0,0,"-",4,2,"GCGGC","XO_TS54","+dTAG","RepR1","S10","MSR","other"
"1628","FJ24-FJ25.FJ24-FJ25.FJ24-FJ25::chrX:75653690-75658384",4515,4517,0,2,0,"+","G","+",2,0,"-",0,0,"GCCGC","XO_TS54","+dTAG","RepR1","S10","MSR","other"
"1629","FJ24-FJ25.FJ24-FJ25.FJ24-FJ25::chrX:75653690-75658384",4561,4563,1,2,2,"+","G","+",2,2,"-",0,0,"TCCGG","XO_TS54","+dTAG","RepR1","S10","MSR","other"
"1630","FJ24-FJ25.FJ24-FJ25::chr2:98661834-98663393",429,431,1,1,1,"-","G","+",0,0,"-",1,1,"ACGTT","XO_TS54","+dTAG","RepR1","S10","MSR","other"
"1631","FJ24-FJ25.FJ24-FJ25::chr2:98661834-98663393",445,447,1,1,1,"-","G","+",0,0,"-",1,1,"TCGTC","XO_TS54","+dTAG","RepR1","S10","MSR","other"
"1632","FJ24-FJ25.FJ24-FJ25::chr2:98661834-98663393",515,517,1,1,1,"-","G","+",0,0,"-",1,1,"ACGTC","XO_TS54","+dTAG","RepR1","S10","MSR","other"
"1633","FJ24-FJ25.FJ24-FJ25::chr2:98661834-98663393",603,605,1,2,2,"-","G","+",0,0,"-",2,2,"CCGTG","XO_TS54","+dTAG","RepR1","S10","MSR","other"
"1634","FJ24-FJ25.FJ24-FJ25::chr2:98661834-98663393",721,723,1,1,1,"+","G","+",1,1,"-",0,0,"CCCGT","XO_TS54","+dTAG","RepR1","S10","MSR","other"
"1635","FJ24-FJ25.FJ24-FJ25::chr2:98661834-98663393",730,732,1,2,2,"+","G","+",2,2,"-",0,0,"AACGA","XO_TS54","+dTAG","RepR1","S10","MSR","other"
"1636","FJ24-FJ25.FJ24-FJ25::chr2:98661834-98663393",766,768,0,2,0,"+","G","+",2,0,"-",0,0,"TACGT","XO_TS54","+dTAG","RepR1","S10","MSR","other"
"1637","FJ24-FJ25.FJ24-FJ25::chr2:98661834-98663393",1021,1023,0.944,54,51,"+","G","+",54,51,"-",0,0,"GACGT","XO_TS54","+dTAG","RepR1","S10","MSR","other"
"1638","FJ24-FJ25::chr14:19415282-19420102",457,459,1,1,1,"+","G","+",1,1,"-",0,0,"GGCGA","XO_TS54","+dTAG","RepR1","S10","MSR","other"
"1639","FJ24-FJ25::chr14:19415282-19420102",475,477,1,2,2,"+","G","+",2,2,"-",0,0,"CACGG","XO_TS54","+dTAG","RepR1","S10","MSR","other"
"1640","FJ24-FJ25::chr14:19415282-19420102",1527,1529,1,2,2,"+","G","+",2,2,"-",0,0,"CTCGG","XO_TS54","+dTAG","RepR1","S10","MSR","other"
"1641","FJ24-FJ25::chr14:19415282-19420102",1744,1746,1,1,1,"+","G","+",1,1,"-",0,0,"GGCGA","XO_TS54","+dTAG","RepR1","S10","MSR","other"
"1642","FJ24-FJ25::chr14:19415282-19420102",1762,1764,1,1,1,"+","G","+",1,1,"-",0,0,"CACGG","XO_TS54","+dTAG","RepR1","S10","MSR","other"
"1643","FJ24-FJ25::chr14:19415282-19420102",2022,2024,1,2,2,"-","G","+",0,0,"-",2,2,"ACGAC","XO_TS54","+dTAG","RepR1","S10","MSR","other"
"1644","FJ24-FJ25::chr14:19415282-19420102",2037,2039,1,2,2,"-","G","+",0,0,"-",2,2,"ACGAA","XO_TS54","+dTAG","RepR1","S10","MSR","other"
"1645","FJ24-FJ25::chr14:19415282-19420102",2053,2055,1,2,2,"-","G","+",0,0,"-",2,2,"ACGTG","XO_TS54","+dTAG","RepR1","S10","MSR","other"
"1646","FJ24-FJ25::chr14:19415282-19420102",2230,2232,1,2,2,"+","G","+",2,2,"-",0,0,"CACGG","XO_TS54","+dTAG","RepR1","S10","MSR","other"
"1647","FJ24-FJ25::chr14:19415282-19420102",2929,2931,1,8,8,"+","G","+",8,8,"-",0,0,"CACGG","XO_TS54","+dTAG","RepR1","S10","MSR","other"
"1648","FJ24-FJ25::chr14:19415282-19420102",3495,3497,1,2,2,"-","G","+",0,0,"-",2,2,"GCGAG","XO_TS54","+dTAG","RepR1","S10","MSR","other"
"1649","FJ24-FJ25::chr14:19415282-19420102",3513,3515,0,2,0,"-","G","+",0,0,"-",2,0,"ACGGA","XO_TS54","+dTAG","RepR1","S10","MSR","other"
"1650","FJ24-FJ25::chr14:19415282-19420102",3541,3543,1,2,2,"-","G","+",0,0,"-",2,2,"ACGTG","XO_TS54","+dTAG","RepR1","S10","MSR","other"
"1651","FJ24-FJ25::chr14:19415282-19420102",3553,3555,1,2,2,"-","G","+",0,0,"-",2,2,"GCGAG","XO_TS54","+dTAG","RepR1","S10","MSR","other"
"1652","FJ24-FJ25::chr14:19415282-19420102",4332,4334,1,4,4,"+","G","+",4,4,"-",0,0,"CACGA","XO_TS54","+dTAG","RepR1","S10","MSR","other"
"1653","FJ24-FJ25::chr2:98666144-98667732",117,119,1,2,2,"+","G","+",2,2,"-",0,0,"GCCGG","XO_TS54","+dTAG","RepR1","S10","MSR","other"
"1654","FJ24-FJ25::chr2:98666144-98667732",127,129,1,1,1,"+","G","+",1,1,"-",0,0,"AACGA","XO_TS54","+dTAG","RepR1","S10","MSR","other"
"1655","FJ24-FJ25::chr2:98666144-98667732",239,241,1,2,2,"+","G","+",2,2,"-",0,0,"CCCGT","XO_TS54","+dTAG","RepR1","S10","MSR","other"
"1656","FJ24-FJ25::chr2:98666144-98667732",248,250,0.5,2,1,"+","G","+",2,1,"-",0,0,"AACGA","XO_TS54","+dTAG","RepR1","S10","MSR","other"
"1657","FJ24-FJ25::chr2:98666144-98667732",446,448,1,1,1,"-","G","+",0,0,"-",1,1,"ACGAC","XO_TS54","+dTAG","RepR1","S10","MSR","other"
"1658","FJ24-FJ25::chr2:98666144-98667732",461,463,1,1,1,"-","G","+",0,0,"-",1,1,"ACGAA","XO_TS54","+dTAG","RepR1","S10","MSR","other"
"1659","FJ24-FJ25::chr2:98666144-98667732",477,479,1,1,1,"-","G","+",0,0,"-",1,1,"ACGTG","XO_TS54","+dTAG","RepR1","S10","MSR","other"
"1660","FJ24-FJ25::chr2:98666144-98667732",537,539,1,2,2,"B","G","+",1,1,"-",1,1,"CACGG","XO_TS54","+dTAG","RepR1","S10","MSR","other"
"1661","FJ24-FJ25::chr2:98666144-98667732",565,567,1,1,1,"-","G","+",0,0,"-",1,1,"ACGTG","XO_TS54","+dTAG","RepR1","S10","MSR","other"
"1662","FJ24-FJ25::chr2:98666144-98667732",577,579,1,1,1,"-","G","+",0,0,"-",1,1,"GCGAG","XO_TS54","+dTAG","RepR1","S10","MSR","other"
"1663","FJ24-FJ25::chr2:98666144-98667732",625,627,0.938,16,15,"+","G","+",16,15,"-",0,0,"GACGT","XO_TS54","+dTAG","RepR1","S10","MSR","other"
"1664","FJ24-FJ25::chr2:98666144-98667732",680,682,0.917,12,11,"+","G","+",12,11,"-",0,0,"GACGA","XO_TS54","+dTAG","RepR1","S10","MSR","other"
"1665","FJ24-FJ25::chr2:98666144-98667732",695,697,0.778,9,7,"+","G","+",9,7,"-",0,0,"GACGA","XO_TS54","+dTAG","RepR1","S10","MSR","other"
"1666","FJ24-FJ25::chr2:98666144-98667732",711,713,1,11,11,"+","G","+",11,11,"-",0,0,"AACGT","XO_TS54","+dTAG","RepR1","S10","MSR","other"
"1667","FJ24-FJ25::chr2:98666144-98667732",753,755,1,3,3,"B","G","+",2,2,"-",1,1,"GGCGA","XO_TS54","+dTAG","RepR1","S10","MSR","other"
"1668","FJ24-FJ25::chr2:98666144-98667732",771,773,1,5,5,"B","G","+",2,2,"-",3,3,"CACGG","XO_TS54","+dTAG","RepR1","S10","MSR","other"
"1669","FJ24-FJ25::chr2:98666144-98667732",799,801,1,3,3,"-","G","+",0,0,"-",3,3,"ACGTG","XO_TS54","+dTAG","RepR1","S10","MSR","other"
"1670","FJ24-FJ25::chr2:98666144-98667732",811,813,1,3,3,"-","G","+",0,0,"-",3,3,"GCGAG","XO_TS54","+dTAG","RepR1","S10","MSR","other"
"1671","FJ24-FJ25::chr2:98666144-98667732",859,861,0.333,3,1,"B","G","+",1,1,"-",2,0,"GACGT","XO_TS54","+dTAG","RepR1","S10","MSR","other"
"1672","FJ24-FJ25::chr2:98666144-98667732",946,948,0.9,10,9,"B","G","+",8,7,"-",2,2,"GACGA","XO_TS54","+dTAG","RepR1","S10","MSR","other"
"1673","FJ24-FJ25::chr2:98666144-98667732",962,964,1,13,13,"B","G","+",10,10,"-",3,3,"AACGT","XO_TS54","+dTAG","RepR1","S10","MSR","other"
"1674","FJ24-FJ25::chr2:98666144-98667732",1004,1006,0.944,18,17,"B","G","+",15,14,"-",3,3,"GGCGA","XO_TS54","+dTAG","RepR1","S10","MSR","other"
"1675","FJ24-FJ25::chr2:98666144-98667732",1022,1024,1,15,15,"B","G","+",13,13,"-",2,2,"CACGG","XO_TS54","+dTAG","RepR1","S10","MSR","other"
"1676","FJ24-FJ25::chr2:98666144-98667732",1050,1052,0.667,3,2,"-","G","+",0,0,"-",3,2,"ACGTG","XO_TS54","+dTAG","RepR1","S10","MSR","other"
"1677","FJ24-FJ25::chr2:98666144-98667732",1062,1064,1,2,2,"-","G","+",0,0,"-",2,2,"GCGAG","XO_TS54","+dTAG","RepR1","S10","MSR","other"
"1678","FJ24-FJ25::chr2:98666144-98667732",1110,1112,1,18,18,"B","G","+",15,15,"-",3,3,"GACGT","XO_TS54","+dTAG","RepR1","S10","MSR","other"
"1679","FJ24-FJ25::chr2:98666144-98667732",1165,1167,1,2,2,"-","G","+",0,0,"-",2,2,"ACGAC","XO_TS54","+dTAG","RepR1","S10","MSR","other"
"1680","FJ24-FJ25::chr2:98666144-98667732",1180,1182,1,1,1,"-","G","+",0,0,"-",1,1,"ACGAA","XO_TS54","+dTAG","RepR1","S10","MSR","other"
"1681","FJ24-FJ25::chr4:70377716-70378654",405,407,1,1,1,"+","G","+",1,1,"-",0,0,"GTCGA","XO_TS54","+dTAG","RepR1","S10","MSR","other"
"1682","FJ24-FJ25::chr4:70377716-70378654",463,465,1,1,1,"+","G","+",1,1,"-",0,0,"GGCGA","XO_TS54","+dTAG","RepR1","S10","MSR","other"
"1683","FJ24-FJ25::chr4:70377716-70378654",481,483,1,1,1,"+","G","+",1,1,"-",0,0,"CACGG","XO_TS54","+dTAG","RepR1","S10","MSR","other"
"1684","FJ24-FJ25::chr4:70377716-70378654",521,523,1,1,1,"+","G","+",1,1,"-",0,0,"GACGA","XO_TS54","+dTAG","RepR1","S10","MSR","other"
"1685","FJ24-FJ25::chr9:2999602-3038819",778,780,1,1,1,"-","G","+",0,0,"-",1,1,"CCGTG","XO_TS54","+dTAG","RepR1","S10","MSR","other"
"1686","FJ24-FJ25::chr9:2999602-3038819",796,798,1,1,1,"-","G","+",0,0,"-",1,1,"TCGAC","XO_TS54","+dTAG","RepR1","S10","MSR","other"
"1687","FJ24-FJ25::chr9:2999602-3038819",838,840,1,1,1,"+","G","+",1,1,"-",0,0,"CACGT","XO_TS54","+dTAG","RepR1","S10","MSR","other"
"1688","FJ24-FJ25::chr9:2999602-3038819",854,856,1,2,2,"+","G","+",2,2,"-",0,0,"TTCGT","XO_TS54","+dTAG","RepR1","S10","MSR","other"
"1689","FJ24-FJ25::chr9:2999602-3038819",869,871,0.5,2,1,"+","G","+",2,1,"-",0,0,"GTCGT","XO_TS54","+dTAG","RepR1","S10","MSR","other"
"1690","FJ24-FJ25::chr9:2999602-3038819",972,974,1,1,1,"+","G","+",1,1,"-",0,0,"CTCGC","XO_TS54","+dTAG","RepR1","S10","MSR","other"
"1691","FJ24-FJ25::chr9:2999602-3038819",984,986,1,2,2,"+","G","+",2,2,"-",0,0,"CACGT","XO_TS54","+dTAG","RepR1","S10","MSR","other"
"1692","FJ24-FJ25::chr9:2999602-3038819",1012,1014,1,4,4,"B","G","+",3,3,"-",1,1,"TCCGT","XO_TS54","+dTAG","RepR1","S10","MSR","other"
"1693","FJ24-FJ25::chr9:2999602-3038819",1382,1384,1,1,1,"+","G","+",1,1,"-",0,0,"CTCGC","XO_TS54","+dTAG","RepR1","S10","MSR","other"
"1694","FJ24-FJ25::chr9:2999602-3038819",1394,1396,1,1,1,"+","G","+",1,1,"-",0,0,"CACGT","XO_TS54","+dTAG","RepR1","S10","MSR","other"
"1695","FJ24-FJ25::chr9:2999602-3038819",1422,1424,1,1,1,"+","G","+",1,1,"-",0,0,"TCCGT","XO_TS54","+dTAG","RepR1","S10","MSR","other"
"1696","FJ24-FJ25::chr9:2999602-3038819",1890,1892,1,1,1,"-","G","+",0,0,"-",1,1,"CCGTG","XO_TS54","+dTAG","RepR1","S10","MSR","other"
"1697","FJ24-FJ25::chr9:2999602-3038819",1908,1910,0,1,0,"-","G","+",0,0,"-",1,0,"TCGCC","XO_TS54","+dTAG","RepR1","S10","MSR","other"
"1698","FJ24-FJ25::chr9:2999602-3038819",2123,2125,1,1,1,"-","G","+",0,0,"-",1,1,"CCGTG","XO_TS54","+dTAG","RepR1","S10","MSR","other"
"1699","FJ24-FJ25::chr9:2999602-3038819",2141,2143,0,1,0,"-","G","+",0,0,"-",1,0,"TCGCC","XO_TS54","+dTAG","RepR1","S10","MSR","other"
"1700","FJ24-FJ25::chr9:2999602-3038819",3836,3838,1,1,1,"-","G","+",0,0,"-",1,1,"TCGCC","XO_TS54","+dTAG","RepR1","S10","MSR","other"
"1701","FJ24-FJ25::chr9:2999602-3038819",3894,3896,1,1,1,"-","G","+",0,0,"-",1,1,"TCGCC","XO_TS54","+dTAG","RepR1","S10","MSR","other"
"1702","FJ24-FJ25::chr9:2999602-3038819",3936,3938,1,1,1,"-","G","+",0,0,"-",1,1,"ACGTT","XO_TS54","+dTAG","RepR1","S10","MSR","other"
"1703","FJ24-FJ25::chr9:2999602-3038819",4520,4522,1,3,3,"B","G","+",1,1,"-",2,2,"TCCGT","XO_TS54","+dTAG","RepR1","S10","MSR","other"
"1704","FJ24-FJ25::chr9:2999602-3038819",4580,4582,0.667,3,2,"B","G","+",2,2,"-",1,0,"CACGT","XO_TS54","+dTAG","RepR1","S10","MSR","other"
"1705","FJ24-FJ25::chr9:2999602-3038819",4596,4598,1,3,3,"B","G","+",2,2,"-",1,1,"TTCGT","XO_TS54","+dTAG","RepR1","S10","MSR","other"
"1706","FJ24-FJ25::chr9:2999602-3038819",4611,4613,1,3,3,"B","G","+",2,2,"-",1,1,"GTCGT","XO_TS54","+dTAG","RepR1","S10","MSR","other"
"1707","FJ24-FJ25::chr9:2999602-3038819",4987,4989,1,3,3,"-","G","+",0,0,"-",3,3,"CCGTG","XO_TS54","+dTAG","RepR1","S10","MSR","other"
"1708","FJ24-FJ25::chr9:2999602-3038819",5005,5007,1,3,3,"-","G","+",0,0,"-",3,3,"TCGCC","XO_TS54","+dTAG","RepR1","S10","MSR","other"
"1709","FJ24-FJ25::chr9:2999602-3038819",5047,5049,0.5,2,1,"-","G","+",0,0,"-",2,1,"ACGTT","XO_TS54","+dTAG","RepR1","S10","MSR","other"
"1710","FJ24-FJ25::chr9:2999602-3038819",5063,5065,1,2,2,"-","G","+",0,0,"-",2,2,"TCGTC","XO_TS54","+dTAG","RepR1","S10","MSR","other"
"1711","FJ24-FJ25::chr9:2999602-3038819",5078,5080,1,2,2,"-","G","+",0,0,"-",2,2,"TCGTC","XO_TS54","+dTAG","RepR1","S10","MSR","other"
"1712","FJ24-FJ25::chr9:2999602-3038819",7169,7171,1,1,1,"+","G","+",1,1,"-",0,0,"CTCGC","XO_TS54","+dTAG","RepR1","S10","MSR","other"
"1713","FJ24-FJ25::chr9:2999602-3038819",7181,7183,1,1,1,"+","G","+",1,1,"-",0,0,"CACGT","XO_TS54","+dTAG","RepR1","S10","MSR","other"
"1714","FJ24-FJ25::chr9:2999602-3038819",7209,7211,1,12,12,"B","G","+",2,2,"-",10,10,"TCCGT","XO_TS54","+dTAG","RepR1","S10","MSR","other"
"1715","FJ24-FJ25::chr9:2999602-3038819",7227,7229,0.667,12,8,"B","G","+",2,2,"-",10,6,"CTCGC","XO_TS54","+dTAG","RepR1","S10","MSR","other"
"1716","FJ24-FJ25::chr9:2999602-3038819",7269,7271,1,1,1,"+","G","+",1,1,"-",0,0,"CACGT","XO_TS54","+dTAG","RepR1","S10","MSR","other"
"1717","FJ24-FJ25::chr9:2999602-3038819",7285,7287,1,1,1,"+","G","+",1,1,"-",0,0,"TTCGT","XO_TS54","+dTAG","RepR1","S10","MSR","other"
"1718","FJ24-FJ25::chr9:2999602-3038819",7698,7700,0,1,0,"-","G","+",0,0,"-",1,0,"TCGCC","XO_TS54","+dTAG","RepR1","S10","MSR","other"
"1719","FJ24-FJ25::chr9:2999602-3038819",7799,7801,1,1,1,"-","G","+",0,0,"-",1,1,"CCGTG","XO_TS54","+dTAG","RepR1","S10","MSR","other"
"1720","FJ24-FJ25::chr9:2999602-3038819",7817,7819,0,1,0,"-","G","+",0,0,"-",1,0,"TCGCC","XO_TS54","+dTAG","RepR1","S10","MSR","other"
"1721","FJ24-FJ25::chr9:2999602-3038819",8909,8911,0.333,3,1,"-","G","+",0,0,"-",3,1,"CCGTG","XO_TS54","+dTAG","RepR1","S10","MSR","other"
"1722","FJ24-FJ25::chr9:2999602-3038819",10217,10219,1,6,6,"-","G","+",0,0,"-",6,6,"CCGTG","XO_TS54","+dTAG","RepR1","S10","MSR","other"
"1723","FJ24-FJ25::chr9:2999602-3038819",10411,10413,1,1,1,"-","G","+",0,0,"-",1,1,"TCGCC","XO_TS54","+dTAG","RepR1","S10","MSR","other"
"1724","FJ24-FJ25::chr9:2999602-3038819",10423,10425,1,2,2,"-","G","+",0,0,"-",2,2,"ACGTC","XO_TS54","+dTAG","RepR1","S10","MSR","other"
"1725","FJ24-FJ25::chr9:2999602-3038819",10451,10453,1,2,2,"-","G","+",0,0,"-",2,2,"CCGTG","XO_TS54","+dTAG","RepR1","S10","MSR","other"
"1726","FJ24-FJ25::chr9:2999602-3038819",11327,11329,1,4,4,"-","G","+",0,0,"-",4,4,"CCGTG","XO_TS54","+dTAG","RepR1","S10","MSR","other"
"1727","FJ24-FJ25::chr9:2999602-3038819",13144,13146,1,1,1,"+","G","+",1,1,"-",0,0,"CACGT","XO_TS54","+dTAG","RepR1","S10","MSR","other"
"1728","FJ24-FJ25::chr9:2999602-3038819",13160,13162,1,1,1,"+","G","+",1,1,"-",0,0,"TTCGT","XO_TS54","+dTAG","RepR1","S10","MSR","other"
"1729","FJ24-FJ25::chr9:2999602-3038819",13175,13177,1,1,1,"+","G","+",1,1,"-",0,0,"GTCGT","XO_TS54","+dTAG","RepR1","S10","MSR","other"
"1730","FJ24-FJ25::chr9:2999602-3038819",13437,13439,1,2,2,"-","G","+",0,0,"-",2,2,"CCGTG","XO_TS54","+dTAG","RepR1","S10","MSR","other"
"1731","FJ24-FJ25::chr9:2999602-3038819",13455,13457,1,2,2,"-","G","+",0,0,"-",2,2,"TCGCC","XO_TS54","+dTAG","RepR1","S10","MSR","other"
"1732","FJ24-FJ25::chr9:2999602-3038819",13670,13672,1,6,6,"-","G","+",0,0,"-",6,6,"CCGTG","XO_TS54","+dTAG","RepR1","S10","MSR","other"
"1733","FJ24-FJ25::chr9:2999602-3038819",13904,13906,1,2,2,"-","G","+",0,0,"-",2,2,"CCGTG","XO_TS54","+dTAG","RepR1","S10","MSR","other"
"1734","FJ24-FJ25::chr9:2999602-3038819",15777,15779,1,2,2,"+","G","+",2,2,"-",0,0,"CACGT","XO_TS54","+dTAG","RepR1","S10","MSR","other"
"1735","FJ24-FJ25::chr9:2999602-3038819",15793,15795,1,3,3,"B","G","+",2,2,"-",1,1,"TTCGT","XO_TS54","+dTAG","RepR1","S10","MSR","other"
"1736","FJ24-FJ25::chr9:2999602-3038819",15808,15810,1,3,3,"B","G","+",2,2,"-",1,1,"GTCGT","XO_TS54","+dTAG","RepR1","S10","MSR","other"
"1737","FJ24-FJ25::chr9:2999602-3038819",15951,15953,0,1,0,"-","G","+",0,0,"-",1,0,"CCGTG","XO_TS54","+dTAG","RepR1","S10","MSR","other"
"1738","FJ24-FJ25::chr9:2999602-3038819",16041,16043,1,1,1,"-","G","+",0,0,"-",1,1,"TCGTC","XO_TS54","+dTAG","RepR1","S10","MSR","other"
"1739","FJ24-FJ25::chr9:2999602-3038819",17471,17473,1,12,12,"-","G","+",0,0,"-",12,12,"CCGTG","XO_TS54","+dTAG","RepR1","S10","MSR","other"
"1740","FJ24-FJ25::chr9:2999602-3038819",17531,17533,0.667,3,2,"B","G","+",2,2,"-",1,0,"CACGT","XO_TS54","+dTAG","RepR1","S10","MSR","other"
"1741","FJ24-FJ25::chr9:2999602-3038819",17547,17549,1,3,3,"B","G","+",2,2,"-",1,1,"TTCGT","XO_TS54","+dTAG","RepR1","S10","MSR","other"
"1742","FJ24-FJ25::chr9:2999602-3038819",17562,17564,1,3,3,"B","G","+",2,2,"-",1,1,"GTCGT","XO_TS54","+dTAG","RepR1","S10","MSR","other"
"1743","FJ24-FJ25::chr9:2999602-3038819",17956,17958,1,2,2,"-","G","+",0,0,"-",2,2,"TCGCC","XO_TS54","+dTAG","RepR1","S10","MSR","other"
"1744","FJ24-FJ25::chr9:2999602-3038819",18348,18350,1,5,5,"-","G","+",0,0,"-",5,5,"CCGTG","XO_TS54","+dTAG","RepR1","S10","MSR","other"
"1745","FJ24-FJ25::chr9:2999602-3038819",18408,18410,1,1,1,"-","G","+",0,0,"-",1,1,"ACGTT","XO_TS54","+dTAG","RepR1","S10","MSR","other"
"1746","FJ24-FJ25::chr9:2999602-3038819",18424,18426,1,1,1,"-","G","+",0,0,"-",1,1,"TCGTC","XO_TS54","+dTAG","RepR1","S10","MSR","other"
"1747","FJ24-FJ25::chr9:2999602-3038819",18875,18877,1,1,1,"-","G","+",0,0,"-",1,1,"ACGTT","XO_TS54","+dTAG","RepR1","S10","MSR","other"
"1748","FJ24-FJ25::chr9:2999602-3038819",18891,18893,1,1,1,"-","G","+",0,0,"-",1,1,"TCGTC","XO_TS54","+dTAG","RepR1","S10","MSR","other"
"1749","FJ24-FJ25::chr9:2999602-3038819",19049,19051,1,5,5,"-","G","+",0,0,"-",5,5,"CCGTG","XO_TS54","+dTAG","RepR1","S10","MSR","other"
"1750","FJ24-FJ25::chr9:2999602-3038819",19984,19986,1,1,1,"-","G","+",0,0,"-",1,1,"CCGTG","XO_TS54","+dTAG","RepR1","S10","MSR","other"
"1751","FJ24-FJ25::chr9:2999602-3038819",20278,20280,1,1,1,"+","G","+",1,1,"-",0,0,"CACGT","XO_TS54","+dTAG","RepR1","S10","MSR","other"
"1752","FJ24-FJ25::chr9:2999602-3038819",20294,20296,1,1,1,"+","G","+",1,1,"-",0,0,"TTCGT","XO_TS54","+dTAG","RepR1","S10","MSR","other"
"1753","FJ24-FJ25::chr9:2999602-3038819",20527,20529,1,1,1,"+","G","+",1,1,"-",0,0,"TTCGT","XO_TS54","+dTAG","RepR1","S10","MSR","other"
"1754","FJ24-FJ25::chr9:2999602-3038819",20645,20647,1,1,1,"+","G","+",1,1,"-",0,0,"CTCGC","XO_TS54","+dTAG","RepR1","S10","MSR","other"
"1755","FJ24-FJ25::chr9:2999602-3038819",20685,20687,1,1,1,"-","G","+",0,0,"-",1,1,"CCGTG","XO_TS54","+dTAG","RepR1","S10","MSR","other"
"1756","FJ24-FJ25::chr9:2999602-3038819",20918,20920,1,5,5,"-","G","+",0,0,"-",5,5,"CCGTG","XO_TS54","+dTAG","RepR1","S10","MSR","other"
"1757","FJ24-FJ25::chr9:2999602-3038819",20936,20938,0.8,5,4,"-","G","+",0,0,"-",5,4,"TCGCC","XO_TS54","+dTAG","RepR1","S10","MSR","other"
"1758","FJ24-FJ25::chr9:2999602-3038819",21346,21348,1,1,1,"-","G","+",0,0,"-",1,1,"TCGCC","XO_TS54","+dTAG","RepR1","S10","MSR","other"
"1759","FJ24-FJ25::chr9:2999602-3038819",21620,21622,1,3,3,"-","G","+",0,0,"-",3,3,"CCGTG","XO_TS54","+dTAG","RepR1","S10","MSR","other"
"1760","FJ24-FJ25::chr9:2999602-3038819",22498,22500,0.8,10,8,"-","G","+",0,0,"-",10,8,"CCGTG","XO_TS54","+dTAG","RepR1","S10","MSR","other"
"1761","FJ24-FJ25::chr9:2999602-3038819",22877,22879,1,1,1,"-","G","+",0,0,"-",1,1,"ACGTC","XO_TS54","+dTAG","RepR1","S10","MSR","other"
"1762","FJ24-FJ25::chr9:2999602-3038819",22965,22967,1,4,4,"-","G","+",0,0,"-",4,4,"CCGTG","XO_TS54","+dTAG","RepR1","S10","MSR","other"
"1763","FJ24-FJ25::chr9:2999602-3038819",23843,23845,1,1,1,"-","G","+",0,0,"-",1,1,"CCGTG","XO_TS54","+dTAG","RepR1","S10","MSR","other"
"1764","FJ24-FJ25::chr9:2999602-3038819",23934,23936,1,2,2,"+","G","+",2,2,"-",0,0,"GTCGT","XO_TS54","+dTAG","RepR1","S10","MSR","other"
"1765","FJ24-FJ25::chr9:2999602-3038819",24037,24039,1,1,1,"+","G","+",1,1,"-",0,0,"CTCGC","XO_TS54","+dTAG","RepR1","S10","MSR","other"
"1766","FJ24-FJ25::chr9:2999602-3038819",24049,24051,1,3,3,"B","G","+",2,2,"-",1,1,"CACGT","XO_TS54","+dTAG","RepR1","S10","MSR","other"
"1767","FJ24-FJ25::chr9:2999602-3038819",24077,24079,0.833,12,10,"B","G","+",3,1,"-",9,9,"TCCGT","XO_TS54","+dTAG","RepR1","S10","MSR","other"
"1768","FJ24-FJ25::chr9:2999602-3038819",24137,24139,0,2,0,"+","G","+",2,0,"-",0,0,"CACGT","XO_TS54","+dTAG","RepR1","S10","MSR","other"
"1769","FJ24-FJ25::chr9:2999602-3038819",24311,24313,1,1,1,"-","G","+",0,0,"-",1,1,"CCGTG","XO_TS54","+dTAG","RepR1","S10","MSR","other"
"1770","FJ24-FJ25::chr9:2999602-3038819",24329,24331,1,1,1,"-","G","+",0,0,"-",1,1,"TCGCC","XO_TS54","+dTAG","RepR1","S10","MSR","other"
"1771","FJ24-FJ25::chr9:2999602-3038819",24516,24518,1,1,1,"-","G","+",0,0,"-",1,1,"ACGTC","XO_TS54","+dTAG","RepR1","S10","MSR","other"
"1772","FJ24-FJ25::chr9:2999602-3038819",24544,24546,1,9,9,"-","G","+",0,0,"-",9,9,"CCGTG","XO_TS54","+dTAG","RepR1","S10","MSR","other"
"1773","FJ24-FJ25::chr9:2999602-3038819",24562,24564,0.714,7,5,"-","G","+",0,0,"-",7,5,"TCGCC","XO_TS54","+dTAG","RepR1","S10","MSR","other"
"1774","FJ24-FJ25::chr9:2999602-3038819",24778,24780,1,2,2,"+","G","+",2,2,"-",0,0,"TCCGT","XO_TS54","+dTAG","RepR1","S10","MSR","other"
"1775","FJ24-FJ25::chr9:2999602-3038819",24796,24798,1,3,3,"+","G","+",3,3,"-",0,0,"CTCGC","XO_TS54","+dTAG","RepR1","S10","MSR","other"
"1776","FJ24-FJ25::chr9:2999602-3038819",24838,24840,1,5,5,"+","G","+",5,5,"-",0,0,"CACGT","XO_TS54","+dTAG","RepR1","S10","MSR","other"
"1777","FJ24-FJ25::chr9:2999602-3038819",24854,24856,1,5,5,"+","G","+",5,5,"-",0,0,"TTCGT","XO_TS54","+dTAG","RepR1","S10","MSR","other"
"1778","FJ24-FJ25::chr9:2999602-3038819",24869,24871,1,5,5,"+","G","+",5,5,"-",0,0,"GTCGT","XO_TS54","+dTAG","RepR1","S10","MSR","other"
"1779","FJ24-FJ25::chr9:2999602-3038819",25012,25014,0.8,10,8,"-","G","+",0,0,"-",10,8,"CCGTG","XO_TS54","+dTAG","RepR1","S10","MSR","other"
"1780","FJ24-FJ25::chr9:2999602-3038819",25218,25220,1,1,1,"-","G","+",0,0,"-",1,1,"ACGTC","XO_TS54","+dTAG","RepR1","S10","MSR","other"
"1781","FJ24-FJ25::chr9:2999602-3038819",25246,25248,1,2,2,"-","G","+",0,0,"-",2,2,"CCGTG","XO_TS54","+dTAG","RepR1","S10","MSR","other"
"1782","FJ24-FJ25::chr9:2999602-3038819",25906,25908,1,1,1,"-","G","+",0,0,"-",1,1,"TCGCC","XO_TS54","+dTAG","RepR1","S10","MSR","other"
"1783","FJ24-FJ25::chr9:2999602-3038819",25918,25920,1,1,1,"-","G","+",0,0,"-",1,1,"ACGTC","XO_TS54","+dTAG","RepR1","S10","MSR","other"
"1784","FJ24-FJ25::chr9:2999602-3038819",25946,25948,1,9,9,"-","G","+",0,0,"-",9,9,"CCGTG","XO_TS54","+dTAG","RepR1","S10","MSR","other"
"1785","FJ24-FJ25::chr9:2999602-3038819",25964,25966,1,7,7,"-","G","+",0,0,"-",7,7,"TCGCC","XO_TS54","+dTAG","RepR1","S10","MSR","other"
"1786","FJ24-FJ25::chr9:2999602-3038819",27545,27547,1,1,1,"+","G","+",1,1,"-",0,0,"TTCGC","XO_TS54","+dTAG","RepR1","S10","MSR","other"
"1787","FJ24-FJ25::chr9:2999602-3038819",27557,27559,1,1,1,"+","G","+",1,1,"-",0,0,"CACGT","XO_TS54","+dTAG","RepR1","S10","MSR","other"
"1788","FJ24-FJ25::chr9:2999602-3038819",27645,27647,1,1,1,"+","G","+",1,1,"-",0,0,"CACGT","XO_TS54","+dTAG","RepR1","S10","MSR","other"
"1789","FJ24-FJ25::chr9:2999602-3038819",27661,27663,1,1,1,"+","G","+",1,1,"-",0,0,"TTCGT","XO_TS54","+dTAG","RepR1","S10","MSR","other"
"1790","FJ24-FJ25::chr9:2999602-3038819",28521,28523,1,6,6,"-","G","+",0,0,"-",6,6,"CCGTG","XO_TS54","+dTAG","RepR1","S10","MSR","other"
"1791","FJ24-FJ25::chr9:2999602-3038819",29223,29225,1,7,7,"-","G","+",0,0,"-",7,7,"CCGTG","XO_TS54","+dTAG","RepR1","S10","MSR","other"
"1792","FJ24-FJ25::chr9:2999602-3038819",31679,31681,0.875,8,7,"-","G","+",0,0,"-",8,7,"CCGTG","XO_TS54","+dTAG","RepR1","S10","MSR","other"
"1793","FJ24-FJ25::chr9:2999602-3038819",31813,31815,1,1,1,"-","G","+",0,0,"-",1,1,"TCGCC","XO_TS54","+dTAG","RepR1","S10","MSR","other"
"1794","FJ24-FJ25::chr9:2999602-3038819",32849,32851,1,3,3,"-","G","+",0,0,"-",3,3,"CCGTG","XO_TS54","+dTAG","RepR1","S10","MSR","other"
"1795","FJ24-FJ25::chr9:2999602-3038819",33317,33319,1,2,2,"-","G","+",0,0,"-",2,2,"CCGTG","XO_TS54","+dTAG","RepR1","S10","MSR","other"
"1796","FJ24-FJ25::chr9:2999602-3038819",33335,33337,0,2,0,"-","G","+",0,0,"-",2,0,"TCGCC","XO_TS54","+dTAG","RepR1","S10","MSR","other"
"1797","FJ24-FJ25::chr9:2999602-3038819",35423,35425,1,1,1,"-","G","+",0,0,"-",1,1,"ACGTT","XO_TS54","+dTAG","RepR1","S10","MSR","other"
"1798","FJ24-FJ25::chr9:2999602-3038819",35439,35441,1,1,1,"-","G","+",0,0,"-",1,1,"TCGTC","XO_TS54","+dTAG","RepR1","S10","MSR","other"
"1799","FJ24-FJ25::chr9:2999602-3038819",35454,35456,1,1,1,"-","G","+",0,0,"-",1,1,"ACGTC","XO_TS54","+dTAG","RepR1","S10","MSR","other"
"1800","FJ24-FJ25::chr9:2999602-3038819",35597,35599,0.571,7,4,"-","G","+",0,0,"-",7,4,"CCGTG","XO_TS54","+dTAG","RepR1","S10","MSR","other"
"1801","FJ24-FJ25::chr9:2999602-3038819",36668,36670,1,1,1,"+","G","+",1,1,"-",0,0,"CTCGC","XO_TS54","+dTAG","RepR1","S10","MSR","other"
"1802","FJ24-FJ25::chr9:2999602-3038819",36680,36682,1,1,1,"+","G","+",1,1,"-",0,0,"CACGT","XO_TS54","+dTAG","RepR1","S10","MSR","other"
"1803","FJ24-FJ25::chr9:2999602-3038819",37641,37643,0.5,2,1,"-","G","+",0,0,"-",2,1,"CCGTG","XO_TS54","+dTAG","RepR1","S10","MSR","other"
"1804","FJ24-FJ25::chr9:2999602-3038819",37659,37661,1,1,1,"-","G","+",0,0,"-",1,1,"TCGCC","XO_TS54","+dTAG","RepR1","S10","MSR","other"
"1805","FJ24-FJ25::chr9:2999602-3038819",38343,38345,1,1,1,"-","G","+",0,0,"-",1,1,"CCGTG","XO_TS54","+dTAG","RepR1","S10","MSR","other"
"1806","FJ24-FJ25::chr9:2999602-3038819",38361,38363,1,1,1,"-","G","+",0,0,"-",1,1,"TCGCC","XO_TS54","+dTAG","RepR1","S10","MSR","other"
"1807","FJ24-FJ25::chr9:35304805-35306009",612,614,1,2,2,"+","G","+",2,2,"-",0,0,"GACGA","XO_TS54","+dTAG","RepR1","S10","MSR","other"
"1808","FJ24-FJ25::chr9:35304805-35306009",628,630,1,3,3,"+","G","+",3,3,"-",0,0,"AACGT","XO_TS54","+dTAG","RepR1","S10","MSR","other"
"1809","FJ24-FJ25::chr9:35304805-35306009",688,690,1,7,7,"B","G","+",6,6,"-",1,1,"CACGG","XO_TS54","+dTAG","RepR1","S10","MSR","other"
"1810","FJ24-FJ25::chr9:35304805-35306009",716,718,1,1,1,"-","G","+",0,0,"-",1,1,"ACGTG","XO_TS54","+dTAG","RepR1","S10","MSR","other"
"1811","FJ24-FJ25::chr9:35304805-35306009",728,730,1,1,1,"-","G","+",0,0,"-",1,1,"GCGAG","XO_TS54","+dTAG","RepR1","S10","MSR","other"
"1812","FJ24-FJ25::chr9:35304805-35306009",776,778,1,9,9,"+","G","+",9,9,"-",0,0,"GACGT","XO_TS54","+dTAG","RepR1","S10","MSR","other"
"1813","FJ28-FJ29.FJ26-FJ27::chrX:103482701-103483891",480,482,0.667,6,4,"+","G","+",6,4,"-",0,0,"CACGG","XO_TS54","+dTAG","RepR1","S10","RE58","RE58_CGI_2"
"1814","FJ28-FJ29.FJ26-FJ27::chrX:103482701-103483891",489,491,0.833,6,5,"+","G","+",6,5,"-",0,0,"ACCGC","XO_TS54","+dTAG","RepR1","S10","RE58","RE58_CGI_2"
"1815","FJ28-FJ29.FJ26-FJ27::chrX:103482701-103483891",499,501,0.667,6,4,"+","G","+",6,4,"-",0,0,"CACGG","XO_TS54","+dTAG","RepR1","S10","RE58","RE58_CGI_2"
"1816","FJ28-FJ29.FJ26-FJ27::chrX:103482701-103483891",506,508,0.667,6,4,"+","G","+",6,4,"-",0,0,"AACGA","XO_TS54","+dTAG","RepR1","S10","RE58","RE58_CGI_2"
"1817","FJ28-FJ29.FJ26-FJ27::chrX:103482701-103483891",530,532,0.667,6,4,"+","G","+",6,4,"-",0,0,"GCCGT","XO_TS54","+dTAG","RepR1","S10","RE58","RE58_CGI_2"
"1818","FJ28-FJ29.FJ26-FJ27::chrX:103482701-103483891",537,539,0.714,7,5,"+","G","+",7,5,"-",0,0,"CACGC","XO_TS54","+dTAG","RepR1","S10","RE58","RE58_CGI_2"
"1819","FJ28-FJ29.FJ26-FJ27::chrX:103482701-103483891",552,554,0.667,6,4,"+","G","+",6,4,"-",0,0,"TCCGC","XO_TS54","+dTAG","RepR1","S10","RE58","RE58_CGI_2"
"1820","FJ28-FJ29.FJ26-FJ27::chrX:103482701-103483891",554,556,0.714,7,5,"+","G","+",7,5,"-",0,0,"CGCGG","XO_TS54","+dTAG","RepR1","S10","RE58","RE58_CGI_2"
"1821","FJ28-FJ29.FJ26-FJ27::chrX:103482701-103483891",557,559,0.833,6,5,"+","G","+",6,5,"-",0,0,"GGCGC","XO_TS54","+dTAG","RepR1","S10","RE58","RE58_CGI_2"
"1822","FJ28-FJ29.FJ26-FJ27::chrX:103482701-103483891",566,568,0.667,6,4,"+","G","+",6,4,"-",0,0,"GGCGG","XO_TS54","+dTAG","RepR1","S10","RE58","RE58_CGI_2"
"1823","FJ28-FJ29.FJ26-FJ27::chrX:103482701-103483891",675,677,1,31,31,"B","G","+",18,18,"-",13,13,"TACGT","XO_TS54","+dTAG","RepR1","S10","RE58","RE58_CGI_1"
"1824","FJ28-FJ29.FJ26-FJ27::chrX:103482701-103483891",694,696,0.969,32,31,"B","G","+",19,18,"-",13,13,"GACGC","XO_TS54","+dTAG","RepR1","S10","RE58","RE58_CGI_1"
"1825","FJ28-FJ29.FJ26-FJ27::chrX:103482701-103483891",696,698,0.967,30,29,"B","G","+",17,16,"-",13,13,"CGCGT","XO_TS54","+dTAG","RepR1","S10","RE58","RE58_CGI_1"
"1826","FJ28-FJ29.FJ26-FJ27::chrX:103482701-103483891",715,717,0.969,32,31,"B","G","+",19,18,"-",13,13,"TGCGC","XO_TS54","+dTAG","RepR1","S10","RE58","RE58_CGI_1"
"1827","FJ28-FJ29.FJ26-FJ27::chrX:103482701-103483891",717,719,0.938,32,30,"B","G","+",19,17,"-",13,13,"CGCGA","XO_TS54","+dTAG","RepR1","S10","RE58","RE58_CGI_1"
"1828","FJ28-FJ29.FJ26-FJ27::chrX:103482701-103483891",753,755,0.765,17,13,"B","G","+",6,2,"-",11,11,"AACGT","XO_TS54","+dTAG","RepR1","S10","RE58","RE58_CGI_1"
"1829","FJ14-FJ15.FJ10-FJ11::chrX:103481327-103482781",433,435,0.923,493,455,"+","G","+",493,455,"-",0,0,"TCCGC","XO_TS54","+dTAG","RepR2","S12","RE57","RE57_YY1"
"1830","FJ14-FJ15.FJ10-FJ11::chrX:103481327-103482781",520,522,0.901,131,118,"+","G","+",131,118,"-",0,0,"TGCGT","XO_TS54","+dTAG","RepR2","S12","RE57","RE57_YY1"
"1831","FJ14-FJ15.FJ10-FJ11::chrX:103481327-103482781",528,530,0.888,125,111,"+","G","+",125,111,"-",0,0,"ACCGC","XO_TS54","+dTAG","RepR2","S12","RE57","RE57_YY1"
"1832","FJ14-FJ15.FJ10-FJ11::chrX:103481327-103482781",546,548,0.903,124,112,"+","G","+",124,112,"-",0,0,"GCCGC","XO_TS54","+dTAG","RepR2","S12","RE57","RE57_YY1"
"1833","FJ14-FJ15.FJ10-FJ11::chrX:103481327-103482781",563,565,0.916,119,109,"+","G","+",119,109,"-",0,0,"TACGA","XO_TS54","+dTAG","RepR2","S12","RE57","RE57_YY1"
"1834","FJ14-FJ15.FJ10-FJ11::chrX:103481327-103482781",617,619,0.969,326,316,"+","G","+",326,316,"-",0,0,"GTCGA","XO_TS54","+dTAG","RepR2","S12","RE57","RE57_YY1"
"1835","FJ14-FJ15.FJ10-FJ11::chrX:103481327-103482781",624,626,0.956,406,388,"+","G","+",406,388,"-",0,0,"CTCGG","XO_TS54","+dTAG","RepR2","S12","RE57","RE57_YY1"
"1836","FJ14-FJ15.FJ10-FJ11::chrX:103481327-103482781",637,639,0.972,432,420,"+","G","+",432,420,"-",0,0,"CCCGA","XO_TS54","+dTAG","RepR2","S12","RE57","RE57_YY1"
"1837","FJ14-FJ15.FJ10-FJ11::chrX:103481327-103482781",642,644,0.934,442,413,"+","G","+",442,413,"-",0,0,"GCCGC","XO_TS54","+dTAG","RepR2","S12","RE57","RE57_YY1"
"1838","FJ14-FJ15.FJ10-FJ11::chrX:103481327-103482781",736,738,0.833,12,10,"+","G","+",12,10,"-",0,0,"CACGC","XO_TS54","+dTAG","RepR2","S12","RE57","RE57_CGI"
"1839","FJ14-FJ15.FJ10-FJ11::chrX:103481327-103482781",763,765,0.909,11,10,"+","G","+",11,10,"-",0,0,"TGCGG","XO_TS54","+dTAG","RepR2","S12","RE57","RE57_CGI"
"1840","FJ14-FJ15.FJ10-FJ11::chrX:103481327-103482781",770,772,1,11,11,"+","G","+",11,11,"-",0,0,"TCCGC","XO_TS54","+dTAG","RepR2","S12","RE57","RE57_CGI"
"1841","FJ14-FJ15.FJ10-FJ11::chrX:103481327-103482781",772,774,1,11,11,"+","G","+",11,11,"-",0,0,"CGCGC","XO_TS54","+dTAG","RepR2","S12","RE57","RE57_CGI"
"1842","FJ14-FJ15.FJ10-FJ11::chrX:103481327-103482781",780,782,0.9,10,9,"+","G","+",10,9,"-",0,0,"ACCGC","XO_TS54","+dTAG","RepR2","S12","RE57","RE57_CGI"
"1843","FJ14-FJ15.FJ10-FJ11::chrX:103481327-103482781",792,794,1,9,9,"+","G","+",9,9,"-",0,0,"TACGA","XO_TS54","+dTAG","RepR2","S12","RE57","RE57_CGI"
"1844","FJ14-FJ15.FJ10-FJ11::chrX:103481327-103482781",817,819,0.889,9,8,"+","G","+",9,8,"-",0,0,"TCCGG","XO_TS54","+dTAG","RepR2","S12","RE57","RE57_CGI"
"1845","FJ14-FJ15.FJ10-FJ11::chrX:103481327-103482781",832,834,1,9,9,"+","G","+",9,9,"-",0,0,"CCCGC","XO_TS54","+dTAG","RepR2","S12","RE57","RE57_CGI"
"1846","FJ14-FJ15.FJ10-FJ11::chrX:103481327-103482781",863,865,1,4,4,"+","G","+",4,4,"-",0,0,"CCCGC","XO_TS54","+dTAG","RepR2","S12","RE57","intermediate_RE57"
"1847","FJ14-FJ15.FJ10-FJ11::chrX:103481327-103482781",871,873,1,6,6,"+","G","+",6,6,"-",0,0,"CCCGC","XO_TS54","+dTAG","RepR2","S12","RE57","intermediate_RE57"
"1848","FJ14-FJ15.FJ10-FJ11::chrX:103481327-103482781",899,901,1,7,7,"+","G","+",7,7,"-",0,0,"AGCGC","XO_TS54","+dTAG","RepR2","S12","RE57","intermediate_RE57"
"1849","FJ14-FJ15.FJ10-FJ11::chrX:103481327-103482781",904,906,1,8,8,"+","G","+",8,8,"-",0,0,"AGCGC","XO_TS54","+dTAG","RepR2","S12","RE57","intermediate_RE57"
"1850","FJ14-FJ15.FJ10-FJ11::chrX:103481327-103482781",929,931,1,16,16,"+","G","+",16,16,"-",0,0,"TCCGC","XO_TS54","+dTAG","RepR2","S12","RE57","RE57_CGI"
"1851","FJ14-FJ15.FJ10-FJ11::chrX:103481327-103482781",941,943,1,20,20,"+","G","+",20,20,"-",0,0,"CTCGG","XO_TS54","+dTAG","RepR2","S12","RE57","RE57_CGI"
"1852","FJ14-FJ15.FJ10-FJ11::chrX:103481327-103482781",959,961,1,24,24,"+","G","+",24,24,"-",0,0,"GGCGT","XO_TS54","+dTAG","RepR2","S12","RE57","RE57_CGI"
"1853","FJ14-FJ15.FJ10-FJ11::chrX:103481327-103482781",970,972,1,37,37,"+","G","+",37,37,"-",0,0,"CTCGA","XO_TS54","+dTAG","RepR2","S12","RE57","RE57_CGI"
"1854","FJ14-FJ15.FJ10-FJ11::chrX:103481327-103482781",980,982,1,42,42,"+","G","+",42,42,"-",0,0,"GCCGT","XO_TS54","+dTAG","RepR2","S12","RE57","RE57_CGI"
"1855","FJ14-FJ15.FJ10-FJ11::chrX:103481327-103482781",987,989,1,48,48,"+","G","+",48,48,"-",0,0,"CACGC","XO_TS54","+dTAG","RepR2","S12","RE57","RE57_CGI"
"1856","FJ14-FJ15.FJ10-FJ11::chrX:103481327-103482781",1004,1006,0.934,61,57,"+","G","+",61,57,"-",0,0,"GGCGG","XO_TS54","+dTAG","RepR2","S12","RE57","RE57_CGI"
"1857","FJ14-FJ15.FJ10-FJ11::chrX:103481327-103482781",1008,1010,0.984,63,62,"+","G","+",63,62,"-",0,0,"GACGC","XO_TS54","+dTAG","RepR2","S12","RE57","RE57_CGI"
"1858","FJ14-FJ15.FJ10-FJ11::chrX:103481327-103482781",1010,1012,0.984,63,62,"+","G","+",63,62,"-",0,0,"CGCGG","XO_TS54","+dTAG","RepR2","S12","RE57","RE57_CGI"
"1859","FJ14-FJ15.FJ10-FJ11::chrX:103481327-103482781",1021,1023,0.941,68,64,"+","G","+",68,64,"-",0,0,"CACGC","XO_TS54","+dTAG","RepR2","S12","RE57","RE57_CGI"
"1860","FJ24-FJ25.FJ24-FJ25.FJ24-FJ25.FJ24-FJ25.FJ24-FJ25.FJ24-FJ25.FJ24-FJ25.FJ24-FJ25::chrX:75658294-75672942",212,214,0.143,7,1,"+","G","+",7,1,"-",0,0,"CCCGG","XO_TS54","+dTAG","RepR2","S12","MSR","other"
"1861","FJ24-FJ25.FJ24-FJ25.FJ24-FJ25.FJ24-FJ25.FJ24-FJ25.FJ24-FJ25.FJ24-FJ25.FJ24-FJ25::chrX:75658294-75672942",6296,6298,0,1,0,"+","G","+",1,0,"-",0,0,"AACGC","XO_TS54","+dTAG","RepR2","S12","MSR","other"
"1862","FJ24-FJ25.FJ24-FJ25.FJ24-FJ25.FJ24-FJ25.FJ24-FJ25.FJ24-FJ25.FJ24-FJ25.FJ24-FJ25::chrX:75658294-75672942",9821,9823,1,2,2,"+","G","+",2,2,"-",0,0,"GGCGG","XO_TS54","+dTAG","RepR2","S12","MSR","other"
"1863","FJ24-FJ25.FJ24-FJ25.FJ24-FJ25::chrX:75646518-75653780",131,133,0,1,0,"-","G","+",0,0,"-",1,0,"CCGGA","XO_TS54","+dTAG","RepR2","S12","MSR","other"
"1864","FJ24-FJ25.FJ24-FJ25.FJ24-FJ25::chrX:75646518-75653780",177,179,0.75,4,3,"B","G","+",3,2,"-",1,1,"GGCGG","XO_TS54","+dTAG","RepR2","S12","MSR","other"
"1865","FJ24-FJ25.FJ24-FJ25.FJ24-FJ25::chrX:75646518-75653780",7048,7050,0,1,0,"-","G","+",0,0,"-",1,0,"CCGGG","XO_TS54","+dTAG","RepR2","S12","MSR","other"
"1866","FJ24-FJ25.FJ24-FJ25.FJ24-FJ25::chrX:75653690-75658384",131,133,1,5,5,"B","G","+",1,1,"-",4,4,"CCCGG","XO_TS54","+dTAG","RepR2","S12","MSR","other"
"1867","FJ24-FJ25.FJ24-FJ25.FJ24-FJ25::chrX:75653690-75658384",177,179,1,2,2,"+","G","+",2,2,"-",0,0,"GGCGG","XO_TS54","+dTAG","RepR2","S12","MSR","other"
"1868","FJ24-FJ25.FJ24-FJ25.FJ24-FJ25::chrX:75653690-75658384",4515,4517,0.8,5,4,"-","G","+",0,0,"-",5,4,"CCGCC","XO_TS54","+dTAG","RepR2","S12","MSR","other"
"1869","FJ24-FJ25.FJ24-FJ25.FJ24-FJ25::chrX:75653690-75658384",4561,4563,0.429,7,3,"B","G","+",4,0,"-",3,3,"TCCGG","XO_TS54","+dTAG","RepR2","S12","MSR","other"
"1870","FJ24-FJ25.FJ24-FJ25::chr11:3099610-3105149",5187,5189,1,1,1,"+","G","+",1,1,"-",0,0,"GGCGC","XO_TS54","+dTAG","RepR2","S12","MSR","other"
"1871","FJ24-FJ25.FJ24-FJ25::chr2:98661834-98663393",429,431,0.912,34,31,"-","G","+",0,0,"-",34,31,"ACGTT","XO_TS54","+dTAG","RepR2","S12","MSR","other"
"1872","FJ24-FJ25.FJ24-FJ25::chr2:98661834-98663393",445,447,0.95,40,38,"-","G","+",0,0,"-",40,38,"TCGTC","XO_TS54","+dTAG","RepR2","S12","MSR","other"
"1873","FJ24-FJ25.FJ24-FJ25::chr2:98661834-98663393",460,462,0.949,39,37,"-","G","+",0,0,"-",39,37,"TCGTC","XO_TS54","+dTAG","RepR2","S12","MSR","other"
"1874","FJ24-FJ25.FJ24-FJ25::chr2:98661834-98663393",515,517,0.933,60,56,"-","G","+",0,0,"-",60,56,"ACGTC","XO_TS54","+dTAG","RepR2","S12","MSR","other"
"1875","FJ24-FJ25.FJ24-FJ25::chr2:98661834-98663393",575,577,1,1,1,"-","G","+",0,0,"-",1,1,"ACGTC","XO_TS54","+dTAG","RepR2","S12","MSR","other"
"1876","FJ24-FJ25.FJ24-FJ25::chr2:98661834-98663393",603,605,1,15,15,"-","G","+",0,0,"-",15,15,"CCGTG","XO_TS54","+dTAG","RepR2","S12","MSR","other"
"1877","FJ24-FJ25.FJ24-FJ25::chr2:98661834-98663393",621,623,0.882,17,15,"-","G","+",0,0,"-",17,15,"TCGCC","XO_TS54","+dTAG","RepR2","S12","MSR","other"
"1878","FJ24-FJ25.FJ24-FJ25::chr2:98661834-98663393",721,723,1,5,5,"B","G","+",4,4,"-",1,1,"CCCGT","XO_TS54","+dTAG","RepR2","S12","MSR","other"
"1879","FJ24-FJ25.FJ24-FJ25::chr2:98661834-98663393",730,732,1,7,7,"B","G","+",6,6,"-",1,1,"AACGA","XO_TS54","+dTAG","RepR2","S12","MSR","other"
"1880","FJ24-FJ25.FJ24-FJ25::chr2:98661834-98663393",766,768,0,7,0,"+","G","+",7,0,"-",0,0,"TACGT","XO_TS54","+dTAG","RepR2","S12","MSR","other"
"1881","FJ24-FJ25.FJ24-FJ25::chr2:98661834-98663393",841,843,1,1,1,"+","G","+",1,1,"-",0,0,"CCCGT","XO_TS54","+dTAG","RepR2","S12","MSR","other"
"1882","FJ24-FJ25.FJ24-FJ25::chr2:98661834-98663393",1021,1023,0.956,1175,1123,"+","G","+",1175,1123,"-",0,0,"GACGT","XO_TS54","+dTAG","RepR2","S12","MSR","other"
"1883","FJ24-FJ25.FJ24-FJ25::chr2:98661834-98663393",1076,1078,0.875,16,14,"+","G","+",16,14,"-",0,0,"GACGA","XO_TS54","+dTAG","RepR2","S12","MSR","other"
"1884","FJ24-FJ25.FJ24-FJ25::chr2:98661834-98663393",1091,1093,1,11,11,"+","G","+",11,11,"-",0,0,"GACGA","XO_TS54","+dTAG","RepR2","S12","MSR","other"
"1885","FJ24-FJ25.FJ24-FJ25::chr2:98661834-98663393",1107,1109,0.889,9,8,"+","G","+",9,8,"-",0,0,"TACGT","XO_TS54","+dTAG","RepR2","S12","MSR","other"
"1886","FJ24-FJ25.FJ24-FJ25::chr2:98661834-98663393",1195,1197,1,1,1,"-","G","+",0,0,"-",1,1,"TCGTA","XO_TS54","+dTAG","RepR2","S12","MSR","other"
"1887","FJ24-FJ25::chr12:3109471-3110521",439,441,1,1,1,"+","G","+",1,1,"-",0,0,"GACGT","XO_TS54","+dTAG","RepR2","S12","MSR","other"
"1888","FJ24-FJ25::chr12:3109471-3110521",451,453,1,3,3,"+","G","+",3,3,"-",0,0,"GGCGA","XO_TS54","+dTAG","RepR2","S12","MSR","other"
"1889","FJ24-FJ25::chr12:3109471-3110521",554,556,1,7,7,"+","G","+",7,7,"-",0,0,"GACGA","XO_TS54","+dTAG","RepR2","S12","MSR","other"
"1890","FJ24-FJ25::chr12:47833534-47834522",534,536,1,1,1,"+","G","+",1,1,"-",0,0,"GACGT","XO_TS54","+dTAG","RepR2","S12","MSR","other"
"1891","FJ24-FJ25::chr12:67058771-67060356",648,650,1,2,2,"+","G","+",2,2,"-",0,0,"GGCGA","XO_TS54","+dTAG","RepR2","S12","MSR","other"
"1892","FJ24-FJ25::chr12:74803437-74804905",825,827,0,1,0,"-","G","+",0,0,"-",1,0,"ACGTT","XO_TS54","+dTAG","RepR2","S12","MSR","other"
"1893","FJ24-FJ25::chr14:19415282-19420102",457,459,1,17,17,"+","G","+",17,17,"-",0,0,"GGCGA","XO_TS54","+dTAG","RepR2","S12","MSR","other"
"1894","FJ24-FJ25::chr14:19415282-19420102",475,477,0.972,36,35,"+","G","+",36,35,"-",0,0,"CACGG","XO_TS54","+dTAG","RepR2","S12","MSR","other"
"1895","FJ24-FJ25::chr14:19415282-19420102",618,620,1,6,6,"B","G","+",5,5,"-",1,1,"GACGA","XO_TS54","+dTAG","RepR2","S12","MSR","other"
"1896","FJ24-FJ25::chr14:19415282-19420102",633,635,1,1,1,"-","G","+",0,0,"-",1,1,"ACGAA","XO_TS54","+dTAG","RepR2","S12","MSR","other"
"1897","FJ24-FJ25::chr14:19415282-19420102",691,693,1,24,24,"+","G","+",24,24,"-",0,0,"GGCGA","XO_TS54","+dTAG","RepR2","S12","MSR","other"
"1898","FJ24-FJ25::chr14:19415282-19420102",709,711,0.972,36,35,"+","G","+",36,35,"-",0,0,"CACGG","XO_TS54","+dTAG","RepR2","S12","MSR","other"
"1899","FJ24-FJ25::chr14:19415282-19420102",809,811,1,2,2,"+","G","+",2,2,"-",0,0,"GTCGA","XO_TS54","+dTAG","RepR2","S12","MSR","other"
"1900","FJ24-FJ25::chr14:19415282-19420102",963,965,1,2,2,"+","G","+",2,2,"-",0,0,"CTCGT","XO_TS54","+dTAG","RepR2","S12","MSR","other"
"1901","FJ24-FJ25::chr14:19415282-19420102",1276,1278,0.913,23,21,"+","G","+",23,21,"-",0,0,"GGCGA","XO_TS54","+dTAG","RepR2","S12","MSR","other"
"1902","FJ24-FJ25::chr14:19415282-19420102",1294,1296,0.951,41,39,"B","G","+",40,38,"-",1,1,"CACGG","XO_TS54","+dTAG","RepR2","S12","MSR","other"
"1903","FJ24-FJ25::chr14:19415282-19420102",1322,1324,0,1,0,"-","G","+",0,0,"-",1,0,"ACGTG","XO_TS54","+dTAG","RepR2","S12","MSR","other"
"1904","FJ24-FJ25::chr14:19415282-19420102",1436,1438,1,1,1,"-","G","+",0,0,"-",1,1,"ACGAC","XO_TS54","+dTAG","RepR2","S12","MSR","other"
"1905","FJ24-FJ25::chr14:19415282-19420102",1451,1453,1,1,1,"-","G","+",0,0,"-",1,1,"ACGAA","XO_TS54","+dTAG","RepR2","S12","MSR","other"
"1906","FJ24-FJ25::chr14:19415282-19420102",1527,1529,0.8,5,4,"+","G","+",5,4,"-",0,0,"CTCGG","XO_TS54","+dTAG","RepR2","S12","MSR","other"
"1907","FJ24-FJ25::chr14:19415282-19420102",1671,1673,0.75,4,3,"+","G","+",4,3,"-",0,0,"GACGA","XO_TS54","+dTAG","RepR2","S12","MSR","other"
"1908","FJ24-FJ25::chr14:19415282-19420102",1686,1688,1,5,5,"+","G","+",5,5,"-",0,0,"GACGA","XO_TS54","+dTAG","RepR2","S12","MSR","other"
"1909","FJ24-FJ25::chr14:19415282-19420102",1702,1704,0.6,5,3,"+","G","+",5,3,"-",0,0,"AACGT","XO_TS54","+dTAG","RepR2","S12","MSR","other"
"1910","FJ24-FJ25::chr14:19415282-19420102",1744,1746,1,2,2,"+","G","+",2,2,"-",0,0,"GGCGA","XO_TS54","+dTAG","RepR2","S12","MSR","other"
"1911","FJ24-FJ25::chr14:19415282-19420102",1762,1764,0.75,4,3,"+","G","+",4,3,"-",0,0,"CACGG","XO_TS54","+dTAG","RepR2","S12","MSR","other"
"1912","FJ24-FJ25::chr14:19415282-19420102",1861,1863,0.5,4,2,"+","G","+",4,2,"-",0,0,"GGCGA","XO_TS54","+dTAG","RepR2","S12","MSR","other"
"1913","FJ24-FJ25::chr14:19415282-19420102",1879,1881,1,5,5,"+","G","+",5,5,"-",0,0,"CACGG","XO_TS54","+dTAG","RepR2","S12","MSR","other"
"1914","FJ24-FJ25::chr14:19415282-19420102",2022,2024,1,19,19,"B","G","+",15,15,"-",4,4,"GACGA","XO_TS54","+dTAG","RepR2","S12","MSR","other"
"1915","FJ24-FJ25::chr14:19415282-19420102",2037,2039,1,19,19,"B","G","+",15,15,"-",4,4,"GACGA","XO_TS54","+dTAG","RepR2","S12","MSR","other"
"1916","FJ24-FJ25::chr14:19415282-19420102",2053,2055,0.733,15,11,"B","G","+",11,8,"-",4,3,"AACGT","XO_TS54","+dTAG","RepR2","S12","MSR","other"
"1917","FJ24-FJ25::chr14:19415282-19420102",2095,2097,1,3,3,"B","G","+",2,2,"-",1,1,"GGCGA","XO_TS54","+dTAG","RepR2","S12","MSR","other"
"1918","FJ24-FJ25::chr14:19415282-19420102",2230,2232,1,19,19,"B","G","+",18,18,"-",1,1,"CACGG","XO_TS54","+dTAG","RepR2","S12","MSR","other"
"1919","FJ24-FJ25::chr14:19415282-19420102",2370,2372,0,5,0,"+","G","+",5,0,"-",0,0,"CTCGA","XO_TS54","+dTAG","RepR2","S12","MSR","other"
"1920","FJ24-FJ25::chr14:19415282-19420102",2437,2439,0,1,0,"+","G","+",1,0,"-",0,0,"CTCGA","XO_TS54","+dTAG","RepR2","S12","MSR","other"
"1921","FJ24-FJ25::chr14:19415282-19420102",2446,2448,0,1,0,"+","G","+",1,0,"-",0,0,"GGCGA","XO_TS54","+dTAG","RepR2","S12","MSR","other"
"1922","FJ24-FJ25::chr14:19415282-19420102",2464,2466,1,1,1,"+","G","+",1,1,"-",0,0,"CACGG","XO_TS54","+dTAG","RepR2","S12","MSR","other"
"1923","FJ24-FJ25::chr14:19415282-19420102",2606,2608,1,10,10,"B","G","+",9,9,"-",1,1,"GACGA","XO_TS54","+dTAG","RepR2","S12","MSR","other"
"1924","FJ24-FJ25::chr14:19415282-19420102",2621,2623,1,3,3,"B","G","+",2,2,"-",1,1,"GACGA","XO_TS54","+dTAG","RepR2","S12","MSR","other"
"1925","FJ24-FJ25::chr14:19415282-19420102",2637,2639,0.5,2,1,"+","G","+",2,1,"-",0,0,"AACGT","XO_TS54","+dTAG","RepR2","S12","MSR","other"
"1926","FJ24-FJ25::chr14:19415282-19420102",2853,2855,1,2,2,"-","G","+",0,0,"-",2,2,"ACGAA","XO_TS54","+dTAG","RepR2","S12","MSR","other"
"1927","FJ24-FJ25::chr14:19415282-19420102",2929,2931,0.629,178,112,"+","G","+",178,112,"-",0,0,"CACGG","XO_TS54","+dTAG","RepR2","S12","MSR","other"
"1928","FJ24-FJ25::chr14:19415282-19420102",3163,3165,1,2,2,"B","G","+",1,1,"-",1,1,"CACGA","XO_TS54","+dTAG","RepR2","S12","MSR","other"
"1929","FJ24-FJ25::chr14:19415282-19420102",3190,3192,1,1,1,"-","G","+",0,0,"-",1,1,"ACGTG","XO_TS54","+dTAG","RepR2","S12","MSR","other"
"1930","FJ24-FJ25::chr14:19415282-19420102",3305,3307,1,3,3,"+","G","+",3,3,"-",0,0,"GACGA","XO_TS54","+dTAG","RepR2","S12","MSR","other"
"1931","FJ24-FJ25::chr14:19415282-19420102",3320,3322,1,4,4,"+","G","+",4,4,"-",0,0,"GACGA","XO_TS54","+dTAG","RepR2","S12","MSR","other"
"1932","FJ24-FJ25::chr14:19415282-19420102",3336,3338,1,4,4,"+","G","+",4,4,"-",0,0,"AACGT","XO_TS54","+dTAG","RepR2","S12","MSR","other"
"1933","FJ24-FJ25::chr14:19415282-19420102",3495,3497,1,2,2,"B","G","+",1,1,"-",1,1,"GGCGA","XO_TS54","+dTAG","RepR2","S12","MSR","other"
"1934","FJ24-FJ25::chr14:19415282-19420102",3513,3515,1,2,2,"B","G","+",1,1,"-",1,1,"CACGG","XO_TS54","+dTAG","RepR2","S12","MSR","other"
"1935","FJ24-FJ25::chr14:19415282-19420102",3905,3907,1,1,1,"-","G","+",0,0,"-",1,1,"ACGAA","XO_TS54","+dTAG","RepR2","S12","MSR","other"
"1936","FJ24-FJ25::chr14:19415282-19420102",3921,3923,0,1,0,"-","G","+",0,0,"-",1,0,"ACGTG","XO_TS54","+dTAG","RepR2","S12","MSR","other"
"1937","FJ24-FJ25::chr14:19415282-19420102",3963,3965,1,3,3,"+","G","+",3,3,"-",0,0,"GGCGA","XO_TS54","+dTAG","RepR2","S12","MSR","other"
"1938","FJ24-FJ25::chr14:19415282-19420102",3981,3983,1,3,3,"+","G","+",3,3,"-",0,0,"CACGG","XO_TS54","+dTAG","RepR2","S12","MSR","other"
"1939","FJ24-FJ25::chr14:19415282-19420102",4332,4334,1,6,6,"+","G","+",6,6,"-",0,0,"CACGA","XO_TS54","+dTAG","RepR2","S12","MSR","other"
"1940","FJ24-FJ25::chr2:98663241-98664491",474,476,0.5,4,2,"-","G","+",0,0,"-",4,2,"CCGTG","XO_TS54","+dTAG","RepR2","S12","MSR","other"
"1941","FJ24-FJ25::chr2:98663241-98664491",533,535,1,1,1,"-","G","+",0,0,"-",1,1,"ACGTT","XO_TS54","+dTAG","RepR2","S12","MSR","other"
"1942","FJ24-FJ25::chr2:98663241-98664491",705,707,1,1,1,"-","G","+",0,0,"-",1,1,"CCGTG","XO_TS54","+dTAG","RepR2","S12","MSR","other"
"1943","FJ24-FJ25::chr2:98663241-98664491",723,725,1,2,2,"-","G","+",0,0,"-",2,2,"TCGCC","XO_TS54","+dTAG","RepR2","S12","MSR","other"
"1944","FJ24-FJ25::chr2:98666144-98667732",117,119,1,1,1,"-","G","+",0,0,"-",1,1,"CCGGT","XO_TS54","+dTAG","RepR2","S12","MSR","other"
"1945","FJ24-FJ25::chr2:98666144-98667732",127,129,1,1,1,"-","G","+",0,0,"-",1,1,"ACGAA","XO_TS54","+dTAG","RepR2","S12","MSR","other"
"1946","FJ24-FJ25::chr2:98666144-98667732",248,250,1,1,1,"+","G","+",1,1,"-",0,0,"AACGA","XO_TS54","+dTAG","RepR2","S12","MSR","other"
"1947","FJ24-FJ25::chr2:98666144-98667732",358,360,1,3,3,"+","G","+",3,3,"-",0,0,"GCCGG","XO_TS54","+dTAG","RepR2","S12","MSR","other"
"1948","FJ24-FJ25::chr2:98666144-98667732",368,370,1,2,2,"+","G","+",2,2,"-",0,0,"AACGT","XO_TS54","+dTAG","RepR2","S12","MSR","other"
"1949","FJ24-FJ25::chr2:98666144-98667732",446,448,1,29,29,"B","G","+",14,14,"-",15,15,"GACGA","XO_TS54","+dTAG","RepR2","S12","MSR","other"
"1950","FJ24-FJ25::chr2:98666144-98667732",461,463,0.967,30,29,"B","G","+",19,18,"-",11,11,"GACGA","XO_TS54","+dTAG","RepR2","S12","MSR","other"
"1951","FJ24-FJ25::chr2:98666144-98667732",477,479,0.964,28,27,"B","G","+",19,19,"-",9,8,"TACGT","XO_TS54","+dTAG","RepR2","S12","MSR","other"
"1952","FJ24-FJ25::chr2:98666144-98667732",537,539,0.962,53,51,"B","G","+",52,50,"-",1,1,"CACGG","XO_TS54","+dTAG","RepR2","S12","MSR","other"
"1953","FJ24-FJ25::chr2:98666144-98667732",565,567,0.8,5,4,"B","G","+",3,2,"-",2,2,"GACGT","XO_TS54","+dTAG","RepR2","S12","MSR","other"
"1954","FJ24-FJ25::chr2:98666144-98667732",577,579,1,3,3,"+","G","+",3,3,"-",0,0,"GGCGA","XO_TS54","+dTAG","RepR2","S12","MSR","other"
"1955","FJ24-FJ25::chr2:98666144-98667732",625,627,0.967,397,384,"+","G","+",397,384,"-",0,0,"GACGT","XO_TS54","+dTAG","RepR2","S12","MSR","other"
"1956","FJ24-FJ25::chr2:98666144-98667732",680,682,0.935,294,275,"B","G","+",292,274,"-",2,1,"GACGA","XO_TS54","+dTAG","RepR2","S12","MSR","other"
"1957","FJ24-FJ25::chr2:98666144-98667732",695,697,0.926,282,261,"B","G","+",281,260,"-",1,1,"GACGA","XO_TS54","+dTAG","RepR2","S12","MSR","other"
"1958","FJ24-FJ25::chr2:98666144-98667732",711,713,0.93,273,254,"B","G","+",272,253,"-",1,1,"AACGT","XO_TS54","+dTAG","RepR2","S12","MSR","other"
"1959","FJ24-FJ25::chr2:98666144-98667732",753,755,0.989,87,86,"B","G","+",83,82,"-",4,4,"GGCGA","XO_TS54","+dTAG","RepR2","S12","MSR","other"
"1960","FJ24-FJ25::chr2:98666144-98667732",771,773,0.914,105,96,"B","G","+",86,79,"-",19,17,"CACGG","XO_TS54","+dTAG","RepR2","S12","MSR","other"
"1961","FJ24-FJ25::chr2:98666144-98667732",799,801,1,18,18,"-","G","+",0,0,"-",18,18,"ACGTG","XO_TS54","+dTAG","RepR2","S12","MSR","other"
"1962","FJ24-FJ25::chr2:98666144-98667732",811,813,1,16,16,"-","G","+",0,0,"-",16,16,"GCGAG","XO_TS54","+dTAG","RepR2","S12","MSR","other"
"1963","FJ24-FJ25::chr2:98666144-98667732",859,861,0.923,13,12,"B","G","+",12,12,"-",1,0,"GACGT","XO_TS54","+dTAG","RepR2","S12","MSR","other"
"1964","FJ24-FJ25::chr2:98666144-98667732",946,948,0.939,310,291,"B","G","+",296,277,"-",14,14,"GACGA","XO_TS54","+dTAG","RepR2","S12","MSR","other"
"1965","FJ24-FJ25::chr2:98666144-98667732",962,964,0.917,362,332,"B","G","+",347,318,"-",15,14,"AACGT","XO_TS54","+dTAG","RepR2","S12","MSR","other"
"1966","FJ24-FJ25::chr2:98666144-98667732",1004,1006,0.924,895,827,"B","G","+",886,818,"-",9,9,"GGCGA","XO_TS54","+dTAG","RepR2","S12","MSR","other"
"1967","FJ24-FJ25::chr2:98666144-98667732",1022,1024,0.956,866,828,"B","G","+",860,822,"-",6,6,"CACGG","XO_TS54","+dTAG","RepR2","S12","MSR","other"
"1968","FJ24-FJ25::chr2:98666144-98667732",1050,1052,1,7,7,"B","G","+",4,4,"-",3,3,"GACGT","XO_TS54","+dTAG","RepR2","S12","MSR","other"
"1969","FJ24-FJ25::chr2:98666144-98667732",1062,1064,1,7,7,"B","G","+",5,5,"-",2,2,"GGCGA","XO_TS54","+dTAG","RepR2","S12","MSR","other"
"1970","FJ24-FJ25::chr2:98666144-98667732",1110,1112,0.993,420,417,"B","G","+",419,416,"-",1,1,"GACGT","XO_TS54","+dTAG","RepR2","S12","MSR","other"
"1971","FJ24-FJ25::chr2:98666144-98667732",1165,1167,1,15,15,"+","G","+",15,15,"-",0,0,"GACGA","XO_TS54","+dTAG","RepR2","S12","MSR","other"
"1972","FJ24-FJ25::chr2:98666144-98667732",1180,1182,0.833,6,5,"+","G","+",6,5,"-",0,0,"GACGA","XO_TS54","+dTAG","RepR2","S12","MSR","other"
"1973","FJ24-FJ25::chr4:3089104-3091584",1104,1106,1,3,3,"+","G","+",3,3,"-",0,0,"GACGT","XO_TS54","+dTAG","RepR2","S12","MSR","other"
"1974","FJ24-FJ25::chr4:3089104-3091584",1116,1118,1,2,2,"+","G","+",2,2,"-",0,0,"GGCGA","XO_TS54","+dTAG","RepR2","S12","MSR","other"
"1975","FJ24-FJ25::chr4:3089104-3091584",2375,2377,0,1,0,"-","G","+",0,0,"-",1,0,"TCGAG","XO_TS54","+dTAG","RepR2","S12","MSR","other"
"1976","FJ24-FJ25::chr4:3089104-3091584",2440,2442,1,1,1,"+","G","+",1,1,"-",0,0,"CTCGA","XO_TS54","+dTAG","RepR2","S12","MSR","other"
"1977","FJ24-FJ25::chr4:70377716-70378654",481,483,1,1,1,"+","G","+",1,1,"-",0,0,"CACGG","XO_TS54","+dTAG","RepR2","S12","MSR","other"
"1978","FJ24-FJ25::chr5:104156087-104156938",131,133,1,1,1,"+","G","+",1,1,"-",0,0,"TCCGC","XO_TS54","+dTAG","RepR2","S12","MSR","other"
"1979","FJ24-FJ25::chr5:114922054-114923002",434,436,1,2,2,"-","G","+",0,0,"-",2,2,"ACGTT","XO_TS54","+dTAG","RepR2","S12","MSR","other"
"1980","FJ24-FJ25::chr8:23095075-23096205",417,419,1,2,2,"+","G","+",2,2,"-",0,0,"GGCGA","XO_TS54","+dTAG","RepR2","S12","MSR","other"
"1981","FJ24-FJ25::chr8:23095075-23096205",425,427,1,1,1,"+","G","+",1,1,"-",0,0,"AACGG","XO_TS54","+dTAG","RepR2","S12","MSR","other"
"1982","FJ24-FJ25::chr9:21878296-21879293",900,902,1,1,1,"-","G","+",0,0,"-",1,1,"CCGCG","XO_TS54","+dTAG","RepR2","S12","MSR","other"
"1983","FJ24-FJ25::chr9:21878296-21879293",912,914,1,2,2,"-","G","+",0,0,"-",2,2,"TCGCC","XO_TS54","+dTAG","RepR2","S12","MSR","other"
"1984","FJ24-FJ25::chr9:21878296-21879293",915,917,1,2,2,"-","G","+",0,0,"-",2,2,"CCGTT","XO_TS54","+dTAG","RepR2","S12","MSR","other"
"1985","FJ24-FJ25::chr9:21878296-21879293",928,930,1,1,1,"-","G","+",0,0,"-",1,1,"GCGCT","XO_TS54","+dTAG","RepR2","S12","MSR","other"
"1986","FJ24-FJ25::chr9:2999602-3038819",604,606,1,1,1,"-","G","+",0,0,"-",1,1,"ACGTT","XO_TS54","+dTAG","RepR2","S12","MSR","other"
"1987","FJ24-FJ25::chr9:2999602-3038819",778,780,0.949,98,93,"B","G","+",1,0,"-",97,93,"TCCGT","XO_TS54","+dTAG","RepR2","S12","MSR","other"
"1988","FJ24-FJ25::chr9:2999602-3038819",796,798,0.87,92,80,"B","G","+",1,1,"-",91,79,"CTCGA","XO_TS54","+dTAG","RepR2","S12","MSR","other"
"1989","FJ24-FJ25::chr9:2999602-3038819",838,840,1,5,5,"B","G","+",2,2,"-",3,3,"CACGT","XO_TS54","+dTAG","RepR2","S12","MSR","other"
"1990","FJ24-FJ25::chr9:2999602-3038819",854,856,1,6,6,"B","G","+",3,3,"-",3,3,"TTCGT","XO_TS54","+dTAG","RepR2","S12","MSR","other"
"1991","FJ24-FJ25::chr9:2999602-3038819",866,868,0.667,3,2,"B","G","+",2,1,"-",1,1,"CACGT","XO_TS54","+dTAG","RepR2","S12","MSR","other"
"1992","FJ24-FJ25::chr9:2999602-3038819",869,871,1,5,5,"B","G","+",3,3,"-",2,2,"GTCGT","XO_TS54","+dTAG","RepR2","S12","MSR","other"
"1993","FJ24-FJ25::chr9:2999602-3038819",972,974,1,9,9,"B","G","+",3,3,"-",6,6,"CTCGC","XO_TS54","+dTAG","RepR2","S12","MSR","other"
"1994","FJ24-FJ25::chr9:2999602-3038819",984,986,1,6,6,"B","G","+",2,2,"-",4,4,"CACGT","XO_TS54","+dTAG","RepR2","S12","MSR","other"
"1995","FJ24-FJ25::chr9:2999602-3038819",1012,1014,1,16,16,"B","G","+",2,2,"-",14,14,"TCCGT","XO_TS54","+dTAG","RepR2","S12","MSR","other"
"1996","FJ24-FJ25::chr9:2999602-3038819",1030,1032,1,5,5,"-","G","+",0,0,"-",5,5,"TCGAC","XO_TS54","+dTAG","RepR2","S12","MSR","other"
"1997","FJ24-FJ25::chr9:2999602-3038819",1382,1384,0.714,7,5,"B","G","+",5,3,"-",2,2,"CTCGC","XO_TS54","+dTAG","RepR2","S12","MSR","other"
"1998","FJ24-FJ25::chr9:2999602-3038819",1394,1396,0.75,4,3,"B","G","+",3,2,"-",1,1,"CACGT","XO_TS54","+dTAG","RepR2","S12","MSR","other"
"1999","FJ24-FJ25::chr9:2999602-3038819",1422,1424,0.714,21,15,"B","G","+",4,2,"-",17,13,"TCCGT","XO_TS54","+dTAG","RepR2","S12","MSR","other"
"2000","FJ24-FJ25::chr9:2999602-3038819",1440,1442,0.8,5,4,"-","G","+",0,0,"-",5,4,"TCGCC","XO_TS54","+dTAG","RepR2","S12","MSR","other"
"2001","FJ24-FJ25::chr9:2999602-3038819",1459,1461,0,2,0,"-","G","+",0,0,"-",2,0,"ACGGT","XO_TS54","+dTAG","RepR2","S12","MSR","other"
"2002","FJ24-FJ25::chr9:2999602-3038819",1674,1676,0.75,8,6,"-","G","+",0,0,"-",8,6,"TCGCC","XO_TS54","+dTAG","RepR2","S12","MSR","other"
"2003","FJ24-FJ25::chr9:2999602-3038819",1716,1718,1,1,1,"-","G","+",0,0,"-",1,1,"ACGTT","XO_TS54","+dTAG","RepR2","S12","MSR","other"
"2004","FJ24-FJ25::chr9:2999602-3038819",1732,1734,1,2,2,"-","G","+",0,0,"-",2,2,"TCGTC","XO_TS54","+dTAG","RepR2","S12","MSR","other"
"2005","FJ24-FJ25::chr9:2999602-3038819",1850,1852,1,5,5,"-","G","+",0,0,"-",5,5,"TCGCC","XO_TS54","+dTAG","RepR2","S12","MSR","other"
"2006","FJ24-FJ25::chr9:2999602-3038819",1862,1864,1,3,3,"-","G","+",0,0,"-",3,3,"ACGTC","XO_TS54","+dTAG","RepR2","S12","MSR","other"
"2007","FJ24-FJ25::chr9:2999602-3038819",1890,1892,0.892,37,33,"-","G","+",0,0,"-",37,33,"CCGTG","XO_TS54","+dTAG","RepR2","S12","MSR","other"
"2008","FJ24-FJ25::chr9:2999602-3038819",1908,1910,0.893,28,25,"-","G","+",0,0,"-",28,25,"TCGCC","XO_TS54","+dTAG","RepR2","S12","MSR","other"
"2009","FJ24-FJ25::chr9:2999602-3038819",1949,1951,1,2,2,"-","G","+",0,0,"-",2,2,"ACGTT","XO_TS54","+dTAG","RepR2","S12","MSR","other"
"2010","FJ24-FJ25::chr9:2999602-3038819",2083,2085,1,1,1,"-","G","+",0,0,"-",1,1,"TCGCC","XO_TS54","+dTAG","RepR2","S12","MSR","other"
"2011","FJ24-FJ25::chr9:2999602-3038819",2095,2097,1,1,1,"-","G","+",0,0,"-",1,1,"ACGTC","XO_TS54","+dTAG","RepR2","S12","MSR","other"
"2012","FJ24-FJ25::chr9:2999602-3038819",2123,2125,0.8,5,4,"-","G","+",0,0,"-",5,4,"CCGTG","XO_TS54","+dTAG","RepR2","S12","MSR","other"
"2013","FJ24-FJ25::chr9:2999602-3038819",2141,2143,0.8,5,4,"-","G","+",0,0,"-",5,4,"TCGCC","XO_TS54","+dTAG","RepR2","S12","MSR","other"
"2014","FJ24-FJ25::chr9:2999602-3038819",2183,2185,1,1,1,"-","G","+",0,0,"-",1,1,"ACGTT","XO_TS54","+dTAG","RepR2","S12","MSR","other"
"2015","FJ24-FJ25::chr9:2999602-3038819",2199,2201,1,1,1,"-","G","+",0,0,"-",1,1,"TCGTC","XO_TS54","+dTAG","RepR2","S12","MSR","other"
"2016","FJ24-FJ25::chr9:2999602-3038819",2433,2435,1,1,1,"+","G","+",1,1,"-",0,0,"TTCGT","XO_TS54","+dTAG","RepR2","S12","MSR","other"
"2017","FJ24-FJ25::chr9:2999602-3038819",2448,2450,1,3,3,"B","G","+",1,1,"-",2,2,"GTCGT","XO_TS54","+dTAG","RepR2","S12","MSR","other"
"2018","FJ24-FJ25::chr9:2999602-3038819",2551,2553,1,1,1,"-","G","+",0,0,"-",1,1,"TCGCC","XO_TS54","+dTAG","RepR2","S12","MSR","other"
"2019","FJ24-FJ25::chr9:2999602-3038819",2609,2611,1,2,2,"-","G","+",0,0,"-",2,2,"TCGCC","XO_TS54","+dTAG","RepR2","S12","MSR","other"
"2020","FJ24-FJ25::chr9:2999602-3038819",2651,2653,1,1,1,"-","G","+",0,0,"-",1,1,"ACGTT","XO_TS54","+dTAG","RepR2","S12","MSR","other"
"2021","FJ24-FJ25::chr9:2999602-3038819",2667,2669,1,1,1,"-","G","+",0,0,"-",1,1,"TCGTC","XO_TS54","+dTAG","RepR2","S12","MSR","other"
"2022","FJ24-FJ25::chr9:2999602-3038819",2825,2827,1,9,9,"-","G","+",0,0,"-",9,9,"CCGTG","XO_TS54","+dTAG","RepR2","S12","MSR","other"
"2023","FJ24-FJ25::chr9:2999602-3038819",3135,3137,1,2,2,"+","G","+",2,2,"-",0,0,"CTCGC","XO_TS54","+dTAG","RepR2","S12","MSR","other"
"2024","FJ24-FJ25::chr9:2999602-3038819",3147,3149,1,3,3,"+","G","+",3,3,"-",0,0,"CACGT","XO_TS54","+dTAG","RepR2","S12","MSR","other"
"2025","FJ24-FJ25::chr9:2999602-3038819",3175,3177,0.941,34,32,"B","G","+",4,4,"-",30,28,"TCCGT","XO_TS54","+dTAG","RepR2","S12","MSR","other"
"2026","FJ24-FJ25::chr9:2999602-3038819",3193,3195,0.739,23,17,"B","G","+",4,4,"-",19,13,"CTCGC","XO_TS54","+dTAG","RepR2","S12","MSR","other"
"2027","FJ24-FJ25::chr9:2999602-3038819",3468,3470,1,1,1,"-","G","+",0,0,"-",1,1,"ACGTT","XO_TS54","+dTAG","RepR2","S12","MSR","other"
"2028","FJ24-FJ25::chr9:2999602-3038819",3484,3486,1,1,1,"-","G","+",0,0,"-",1,1,"TCGTC","XO_TS54","+dTAG","RepR2","S12","MSR","other"
"2029","FJ24-FJ25::chr9:2999602-3038819",3733,3735,1,4,4,"-","G","+",0,0,"-",4,4,"TCGTC","XO_TS54","+dTAG","RepR2","S12","MSR","other"
"2030","FJ24-FJ25::chr9:2999602-3038819",3894,3896,0.5,2,1,"-","G","+",0,0,"-",2,1,"TCGCC","XO_TS54","+dTAG","RepR2","S12","MSR","other"
"2031","FJ24-FJ25::chr9:2999602-3038819",4128,4130,0.667,3,2,"-","G","+",0,0,"-",3,2,"TCGCC","XO_TS54","+dTAG","RepR2","S12","MSR","other"
"2032","FJ24-FJ25::chr9:2999602-3038819",4303,4305,1,7,7,"-","G","+",0,0,"-",7,7,"TCGCC","XO_TS54","+dTAG","RepR2","S12","MSR","other"
"2033","FJ24-FJ25::chr9:2999602-3038819",4520,4522,0.751,798,599,"-","G","+",0,0,"-",798,599,"CCGTG","XO_TS54","+dTAG","RepR2","S12","MSR","other"
"2034","FJ24-FJ25::chr9:2999602-3038819",4580,4582,1,12,12,"B","G","+",2,2,"-",10,10,"CACGT","XO_TS54","+dTAG","RepR2","S12","MSR","other"
"2035","FJ24-FJ25::chr9:2999602-3038819",4596,4598,0.857,14,12,"B","G","+",2,2,"-",12,10,"TTCGT","XO_TS54","+dTAG","RepR2","S12","MSR","other"
"2036","FJ24-FJ25::chr9:2999602-3038819",4611,4613,1,12,12,"B","G","+",2,2,"-",10,10,"GTCGT","XO_TS54","+dTAG","RepR2","S12","MSR","other"
"2037","FJ24-FJ25::chr9:2999602-3038819",4754,4756,0.625,16,10,"-","G","+",0,0,"-",16,10,"CCGTG","XO_TS54","+dTAG","RepR2","S12","MSR","other"
"2038","FJ24-FJ25::chr9:2999602-3038819",4959,4961,1,1,1,"+","G","+",1,1,"-",0,0,"CACGT","XO_TS54","+dTAG","RepR2","S12","MSR","other"
"2039","FJ24-FJ25::chr9:2999602-3038819",4987,4989,1,39,39,"B","G","+",1,1,"-",38,38,"TCCGT","XO_TS54","+dTAG","RepR2","S12","MSR","other"
"2040","FJ24-FJ25::chr9:2999602-3038819",5005,5007,0.875,40,35,"B","G","+",1,1,"-",39,34,"CTCGC","XO_TS54","+dTAG","RepR2","S12","MSR","other"
"2041","FJ24-FJ25::chr9:2999602-3038819",5047,5049,1,7,7,"-","G","+",0,0,"-",7,7,"ACGTT","XO_TS54","+dTAG","RepR2","S12","MSR","other"
"2042","FJ24-FJ25::chr9:2999602-3038819",5063,5065,0.857,7,6,"-","G","+",0,0,"-",7,6,"TCGTC","XO_TS54","+dTAG","RepR2","S12","MSR","other"
"2043","FJ24-FJ25::chr9:2999602-3038819",5078,5080,1,8,8,"-","G","+",0,0,"-",8,8,"TCGTC","XO_TS54","+dTAG","RepR2","S12","MSR","other"
"2044","FJ24-FJ25::chr9:2999602-3038819",5221,5223,0.727,11,8,"-","G","+",0,0,"-",11,8,"CCGTG","XO_TS54","+dTAG","RepR2","S12","MSR","other"
"2045","FJ24-FJ25::chr9:2999602-3038819",5707,5709,1,4,4,"-","G","+",0,0,"-",4,4,"TCGCA","XO_TS54","+dTAG","RepR2","S12","MSR","other"
"2046","FJ24-FJ25::chr9:2999602-3038819",6098,6100,1,16,16,"-","G","+",0,0,"-",16,16,"CCGTG","XO_TS54","+dTAG","RepR2","S12","MSR","other"
"2047","FJ24-FJ25::chr9:2999602-3038819",6116,6118,1,8,8,"-","G","+",0,0,"-",8,8,"TCGCC","XO_TS54","+dTAG","RepR2","S12","MSR","other"
"2048","FJ24-FJ25::chr9:2999602-3038819",6334,6336,1,2,2,"-","G","+",0,0,"-",2,2,"ACGTT","XO_TS54","+dTAG","RepR2","S12","MSR","other"
"2049","FJ24-FJ25::chr9:2999602-3038819",6350,6352,1,2,2,"-","G","+",0,0,"-",2,2,"TCGTC","XO_TS54","+dTAG","RepR2","S12","MSR","other"
"2050","FJ24-FJ25::chr9:2999602-3038819",6390,6392,1,7,7,"-","G","+",0,0,"-",7,7,"CCGTG","XO_TS54","+dTAG","RepR2","S12","MSR","other"
"2051","FJ24-FJ25::chr9:2999602-3038819",6434,6436,0,7,0,"-","G","+",0,0,"-",7,0,"ACGTT","XO_TS54","+dTAG","RepR2","S12","MSR","other"
"2052","FJ24-FJ25::chr9:2999602-3038819",6760,6762,0.684,19,13,"-","G","+",0,0,"-",19,13,"TCGCC","XO_TS54","+dTAG","RepR2","S12","MSR","other"
"2053","FJ24-FJ25::chr9:2999602-3038819",6802,6804,1,1,1,"-","G","+",0,0,"-",1,1,"ACGTT","XO_TS54","+dTAG","RepR2","S12","MSR","other"
"2054","FJ24-FJ25::chr9:2999602-3038819",6818,6820,1,3,3,"-","G","+",0,0,"-",3,3,"TCGTC","XO_TS54","+dTAG","RepR2","S12","MSR","other"
"2055","FJ24-FJ25::chr9:2999602-3038819",7209,7211,0.958,933,894,"-","G","+",0,0,"-",933,894,"CCGTG","XO_TS54","+dTAG","RepR2","S12","MSR","other"
"2056","FJ24-FJ25::chr9:2999602-3038819",7227,7229,0.877,919,806,"-","G","+",0,0,"-",919,806,"TCGCC","XO_TS54","+dTAG","RepR2","S12","MSR","other"
"2057","FJ24-FJ25::chr9:2999602-3038819",7269,7271,1,5,5,"-","G","+",0,0,"-",5,5,"ACGTT","XO_TS54","+dTAG","RepR2","S12","MSR","other"
"2058","FJ24-FJ25::chr9:2999602-3038819",7285,7287,1,3,3,"-","G","+",0,0,"-",3,3,"TCGTC","XO_TS54","+dTAG","RepR2","S12","MSR","other"
"2059","FJ24-FJ25::chr9:2999602-3038819",7537,7539,1,1,1,"+","G","+",1,1,"-",0,0,"GTCGT","XO_TS54","+dTAG","RepR2","S12","MSR","other"
"2060","FJ24-FJ25::chr9:2999602-3038819",7698,7700,1,66,66,"-","G","+",0,0,"-",66,66,"TCGCC","XO_TS54","+dTAG","RepR2","S12","MSR","other"
"2061","FJ24-FJ25::chr9:2999602-3038819",7799,7801,0.968,31,30,"-","G","+",0,0,"-",31,30,"CCGTG","XO_TS54","+dTAG","RepR2","S12","MSR","other"
"2062","FJ24-FJ25::chr9:2999602-3038819",7817,7819,0.906,32,29,"-","G","+",0,0,"-",32,29,"TCGCC","XO_TS54","+dTAG","RepR2","S12","MSR","other"
"2063","FJ24-FJ25::chr9:2999602-3038819",7992,7994,1,2,2,"-","G","+",0,0,"-",2,2,"TCGCC","XO_TS54","+dTAG","RepR2","S12","MSR","other"
"2064","FJ24-FJ25::chr9:2999602-3038819",8004,8006,1,2,2,"-","G","+",0,0,"-",2,2,"ACGTC","XO_TS54","+dTAG","RepR2","S12","MSR","other"
"2065","FJ24-FJ25::chr9:2999602-3038819",8032,8034,0.967,60,58,"-","G","+",0,0,"-",60,58,"CCGTG","XO_TS54","+dTAG","RepR2","S12","MSR","other"
"2066","FJ24-FJ25::chr9:2999602-3038819",8050,8052,0.905,42,38,"-","G","+",0,0,"-",42,38,"TCGCC","XO_TS54","+dTAG","RepR2","S12","MSR","other"
"2067","FJ24-FJ25::chr9:2999602-3038819",8091,8093,1,1,1,"-","G","+",0,0,"-",1,1,"ACGTT","XO_TS54","+dTAG","RepR2","S12","MSR","other"
"2068","FJ24-FJ25::chr9:2999602-3038819",8517,8519,1,22,22,"-","G","+",0,0,"-",22,22,"TCGCC","XO_TS54","+dTAG","RepR2","S12","MSR","other"
"2069","FJ24-FJ25::chr9:2999602-3038819",8692,8694,1,4,4,"-","G","+",0,0,"-",4,4,"TCGCT","XO_TS54","+dTAG","RepR2","S12","MSR","other"
"2070","FJ24-FJ25::chr9:2999602-3038819",8909,8911,0.931,478,445,"B","G","+",1,1,"-",477,444,"TCCGT","XO_TS54","+dTAG","RepR2","S12","MSR","other"
"2071","FJ24-FJ25::chr9:2999602-3038819",9161,9163,1,5,5,"-","G","+",0,0,"-",5,5,"TCGCA","XO_TS54","+dTAG","RepR2","S12","MSR","other"
"2072","FJ24-FJ25::chr9:2999602-3038819",9629,9631,1,1,1,"-","G","+",0,0,"-",1,1,"TCGGT","XO_TS54","+dTAG","RepR2","S12","MSR","other"
"2073","FJ24-FJ25::chr9:2999602-3038819",9648,9650,1,1,1,"-","G","+",0,0,"-",1,1,"TCGCC","XO_TS54","+dTAG","RepR2","S12","MSR","other"
"2074","FJ24-FJ25::chr9:2999602-3038819",9707,9709,1,1,1,"+","G","+",1,1,"-",0,0,"TTCGT","XO_TS54","+dTAG","RepR2","S12","MSR","other"
"2075","FJ24-FJ25::chr9:2999602-3038819",9722,9724,1,1,1,"+","G","+",1,1,"-",0,0,"GTCGT","XO_TS54","+dTAG","RepR2","S12","MSR","other"
"2076","FJ24-FJ25::chr9:2999602-3038819",9883,9885,0.894,66,59,"-","G","+",0,0,"-",66,59,"TCGCC","XO_TS54","+dTAG","RepR2","S12","MSR","other"
"2077","FJ24-FJ25::chr9:2999602-3038819",9984,9986,0.939,33,31,"-","G","+",0,0,"-",33,31,"CCGTG","XO_TS54","+dTAG","RepR2","S12","MSR","other"
"2078","FJ24-FJ25::chr9:2999602-3038819",10002,10004,0.871,31,27,"-","G","+",0,0,"-",31,27,"TCGCC","XO_TS54","+dTAG","RepR2","S12","MSR","other"
"2079","FJ24-FJ25::chr9:2999602-3038819",10217,10219,0.952,456,434,"-","G","+",0,0,"-",456,434,"CCGTG","XO_TS54","+dTAG","RepR2","S12","MSR","other"
"2080","FJ24-FJ25::chr9:2999602-3038819",10451,10453,0.949,39,37,"-","G","+",0,0,"-",39,37,"CCGTG","XO_TS54","+dTAG","RepR2","S12","MSR","other"
"2081","FJ24-FJ25::chr9:2999602-3038819",10469,10471,0.96,25,24,"-","G","+",0,0,"-",25,24,"TCGCC","XO_TS54","+dTAG","RepR2","S12","MSR","other"
"2082","FJ24-FJ25::chr9:2999602-3038819",10684,10686,1,1,1,"-","G","+",0,0,"-",1,1,"CCGTG","XO_TS54","+dTAG","RepR2","S12","MSR","other"
"2083","FJ24-FJ25::chr9:2999602-3038819",10702,10704,1,1,1,"-","G","+",0,0,"-",1,1,"TCGCC","XO_TS54","+dTAG","RepR2","S12","MSR","other"
"2084","FJ24-FJ25::chr9:2999602-3038819",10918,10920,1,1,1,"-","G","+",0,0,"-",1,1,"CCGTG","XO_TS54","+dTAG","RepR2","S12","MSR","other"
"2085","FJ24-FJ25::chr9:2999602-3038819",11110,11112,1,2,2,"-","G","+",0,0,"-",2,2,"TCGCT","XO_TS54","+dTAG","RepR2","S12","MSR","other"
"2086","FJ24-FJ25::chr9:2999602-3038819",11327,11329,0.94,418,393,"-","G","+",0,0,"-",418,393,"CCGTG","XO_TS54","+dTAG","RepR2","S12","MSR","other"
"2087","FJ24-FJ25::chr9:2999602-3038819",11387,11389,1,1,1,"+","G","+",1,1,"-",0,0,"CACGT","XO_TS54","+dTAG","RepR2","S12","MSR","other"
"2088","FJ24-FJ25::chr9:2999602-3038819",11403,11405,1,1,1,"+","G","+",1,1,"-",0,0,"TTCGT","XO_TS54","+dTAG","RepR2","S12","MSR","other"
"2089","FJ24-FJ25::chr9:2999602-3038819",11579,11581,1,6,6,"-","G","+",0,0,"-",6,6,"TCGCA","XO_TS54","+dTAG","RepR2","S12","MSR","other"
"2090","FJ24-FJ25::chr9:2999602-3038819",11970,11972,1,10,10,"-","G","+",0,0,"-",10,10,"CCGTG","XO_TS54","+dTAG","RepR2","S12","MSR","other"
"2091","FJ24-FJ25::chr9:2999602-3038819",11988,11990,1,5,5,"-","G","+",0,0,"-",5,5,"TCGCC","XO_TS54","+dTAG","RepR2","S12","MSR","other"
"2092","FJ24-FJ25::chr9:2999602-3038819",12380,12382,1,1,1,"-","G","+",0,0,"-",1,1,"CCGTG","XO_TS54","+dTAG","RepR2","S12","MSR","other"
"2093","FJ24-FJ25::chr9:2999602-3038819",12632,12634,1,16,16,"-","G","+",0,0,"-",16,16,"TCGCC","XO_TS54","+dTAG","RepR2","S12","MSR","other"
"2094","FJ24-FJ25::chr9:2999602-3038819",12866,12868,1,4,4,"-","G","+",0,0,"-",4,4,"TCGAC","XO_TS54","+dTAG","RepR2","S12","MSR","other"
"2095","FJ24-FJ25::chr9:2999602-3038819",13144,13146,1,1,1,"+","G","+",1,1,"-",0,0,"CACGT","XO_TS54","+dTAG","RepR2","S12","MSR","other"
"2096","FJ24-FJ25::chr9:2999602-3038819",13160,13162,1,2,2,"+","G","+",2,2,"-",0,0,"TTCGT","XO_TS54","+dTAG","RepR2","S12","MSR","other"
"2097","FJ24-FJ25::chr9:2999602-3038819",13175,13177,1,2,2,"+","G","+",2,2,"-",0,0,"GTCGT","XO_TS54","+dTAG","RepR2","S12","MSR","other"
"2098","FJ24-FJ25::chr9:2999602-3038819",13336,13338,0.98,49,48,"-","G","+",0,0,"-",49,48,"TCGCC","XO_TS54","+dTAG","RepR2","S12","MSR","other"
"2099","FJ24-FJ25::chr9:2999602-3038819",13437,13439,0.917,36,33,"-","G","+",0,0,"-",36,33,"CCGTG","XO_TS54","+dTAG","RepR2","S12","MSR","other"
"2100","FJ24-FJ25::chr9:2999602-3038819",13455,13457,0.848,33,28,"-","G","+",0,0,"-",33,28,"TCGCC","XO_TS54","+dTAG","RepR2","S12","MSR","other"
"2101","FJ24-FJ25::chr9:2999602-3038819",13497,13499,1,2,2,"-","G","+",0,0,"-",2,2,"ACGTT","XO_TS54","+dTAG","RepR2","S12","MSR","other"
"2102","FJ24-FJ25::chr9:2999602-3038819",13670,13672,0.906,449,407,"-","G","+",0,0,"-",449,407,"CCGTG","XO_TS54","+dTAG","RepR2","S12","MSR","other"
"2103","FJ24-FJ25::chr9:2999602-3038819",13904,13906,0.932,44,41,"-","G","+",0,0,"-",44,41,"CCGTG","XO_TS54","+dTAG","RepR2","S12","MSR","other"
"2104","FJ24-FJ25::chr9:2999602-3038819",13922,13924,0.964,28,27,"-","G","+",0,0,"-",28,27,"TCGCC","XO_TS54","+dTAG","RepR2","S12","MSR","other"
"2105","FJ24-FJ25::chr9:2999602-3038819",14137,14139,1,1,1,"-","G","+",0,0,"-",1,1,"CCGTG","XO_TS54","+dTAG","RepR2","S12","MSR","other"
"2106","FJ24-FJ25::chr9:2999602-3038819",14155,14157,1,1,1,"-","G","+",0,0,"-",1,1,"TCGCC","XO_TS54","+dTAG","RepR2","S12","MSR","other"
"2107","FJ24-FJ25::chr9:2999602-3038819",14462,14464,1,5,5,"-","G","+",0,0,"-",5,5,"TCGTC","XO_TS54","+dTAG","RepR2","S12","MSR","other"
"2108","FJ24-FJ25::chr9:2999602-3038819",14565,14567,1,1,1,"-","G","+",0,0,"-",1,1,"TCGCC","XO_TS54","+dTAG","RepR2","S12","MSR","other"
"2109","FJ24-FJ25::chr9:2999602-3038819",14623,14625,0.889,9,8,"-","G","+",0,0,"-",9,8,"TCGCC","XO_TS54","+dTAG","RepR2","S12","MSR","other"
"2110","FJ24-FJ25::chr9:2999602-3038819",14839,14841,0.579,19,11,"-","G","+",0,0,"-",19,11,"CCGTG","XO_TS54","+dTAG","RepR2","S12","MSR","other"
"2111","FJ24-FJ25::chr9:2999602-3038819",15325,15327,0.667,3,2,"-","G","+",0,0,"-",3,2,"TCGCC","XO_TS54","+dTAG","RepR2","S12","MSR","other"
"2112","FJ24-FJ25::chr9:2999602-3038819",15500,15502,0.833,6,5,"-","G","+",0,0,"-",6,5,"TCGCT","XO_TS54","+dTAG","RepR2","S12","MSR","other"
"2113","FJ24-FJ25::chr9:2999602-3038819",15851,15853,1,2,2,"-","G","+",0,0,"-",2,2,"TCGCC","XO_TS54","+dTAG","RepR2","S12","MSR","other"
"2114","FJ24-FJ25::chr9:2999602-3038819",15951,15953,0.786,14,11,"-","G","+",0,0,"-",14,11,"CCGTG","XO_TS54","+dTAG","RepR2","S12","MSR","other"
"2115","FJ24-FJ25::chr9:2999602-3038819",16202,16204,1,12,12,"-","G","+",0,0,"-",12,12,"TCGCC","XO_TS54","+dTAG","RepR2","S12","MSR","other"
"2116","FJ24-FJ25::chr9:2999602-3038819",16377,16379,1,8,8,"-","G","+",0,0,"-",8,8,"TCGCC","XO_TS54","+dTAG","RepR2","S12","MSR","other"
"2117","FJ24-FJ25::chr9:2999602-3038819",16419,16421,1,1,1,"-","G","+",0,0,"-",1,1,"ACGTT","XO_TS54","+dTAG","RepR2","S12","MSR","other"
"2118","FJ24-FJ25::chr9:2999602-3038819",16593,16595,1,10,10,"-","G","+",0,0,"-",10,10,"CCGTG","XO_TS54","+dTAG","RepR2","S12","MSR","other"
"2119","FJ24-FJ25::chr9:2999602-3038819",17079,17081,0.8,10,8,"B","G","+",1,1,"-",9,7,"CTCGC","XO_TS54","+dTAG","RepR2","S12","MSR","other"
"2120","FJ24-FJ25::chr9:2999602-3038819",17254,17256,1,1,1,"-","G","+",0,0,"-",1,1,"TCGCT","XO_TS54","+dTAG","RepR2","S12","MSR","other"
"2121","FJ24-FJ25::chr9:2999602-3038819",17471,17473,0.924,727,672,"B","G","+",1,1,"-",726,671,"TCCGT","XO_TS54","+dTAG","RepR2","S12","MSR","other"
"2122","FJ24-FJ25::chr9:2999602-3038819",17531,17533,0.889,9,8,"B","G","+",4,4,"-",5,4,"CACGT","XO_TS54","+dTAG","RepR2","S12","MSR","other"
"2123","FJ24-FJ25::chr9:2999602-3038819",17547,17549,1,7,7,"B","G","+",4,4,"-",3,3,"TTCGT","XO_TS54","+dTAG","RepR2","S12","MSR","other"
"2124","FJ24-FJ25::chr9:2999602-3038819",17562,17564,1,8,8,"B","G","+",4,4,"-",4,4,"GTCGT","XO_TS54","+dTAG","RepR2","S12","MSR","other"
"2125","FJ24-FJ25::chr9:2999602-3038819",17605,17607,1,6,6,"-","G","+",0,0,"-",6,6,"TCGCC","XO_TS54","+dTAG","RepR2","S12","MSR","other"
"2126","FJ24-FJ25::chr9:2999602-3038819",17705,17707,0.786,28,22,"-","G","+",0,0,"-",28,22,"CCGTG","XO_TS54","+dTAG","RepR2","S12","MSR","other"
"2127","FJ24-FJ25::chr9:2999602-3038819",17765,17767,1,1,1,"-","G","+",0,0,"-",1,1,"ACGTT","XO_TS54","+dTAG","RepR2","S12","MSR","other"
"2128","FJ24-FJ25::chr9:2999602-3038819",17956,17958,0.818,11,9,"-","G","+",0,0,"-",11,9,"TCGCC","XO_TS54","+dTAG","RepR2","S12","MSR","other"
"2129","FJ24-FJ25::chr9:2999602-3038819",18131,18133,1,3,3,"-","G","+",0,0,"-",3,3,"TCGCC","XO_TS54","+dTAG","RepR2","S12","MSR","other"
"2130","FJ24-FJ25::chr9:2999602-3038819",18348,18350,0.884,813,719,"-","G","+",0,0,"-",813,719,"CCGTG","XO_TS54","+dTAG","RepR2","S12","MSR","other"
"2131","FJ24-FJ25::chr9:2999602-3038819",18408,18410,1,18,18,"-","G","+",0,0,"-",18,18,"ACGTT","XO_TS54","+dTAG","RepR2","S12","MSR","other"
"2132","FJ24-FJ25::chr9:2999602-3038819",18424,18426,1,12,12,"-","G","+",0,0,"-",12,12,"TCGTC","XO_TS54","+dTAG","RepR2","S12","MSR","other"
"2133","FJ24-FJ25::chr9:2999602-3038819",18439,18441,1,16,16,"-","G","+",0,0,"-",16,16,"TCGTC","XO_TS54","+dTAG","RepR2","S12","MSR","other"
"2134","FJ24-FJ25::chr9:2999602-3038819",18582,18584,0.667,30,20,"-","G","+",0,0,"-",30,20,"CCGTG","XO_TS54","+dTAG","RepR2","S12","MSR","other"
"2135","FJ24-FJ25::chr9:2999602-3038819",18727,18729,1,12,12,"-","G","+",0,0,"-",12,12,"ACGTC","XO_TS54","+dTAG","RepR2","S12","MSR","other"
"2136","FJ24-FJ25::chr9:2999602-3038819",18815,18817,0.6,5,3,"-","G","+",0,0,"-",5,3,"CCGTG","XO_TS54","+dTAG","RepR2","S12","MSR","other"
"2137","FJ24-FJ25::chr9:2999602-3038819",18833,18835,1,5,5,"-","G","+",0,0,"-",5,5,"TCGCA","XO_TS54","+dTAG","RepR2","S12","MSR","other"
"2138","FJ24-FJ25::chr9:2999602-3038819",18875,18877,1,8,8,"-","G","+",0,0,"-",8,8,"ACGTT","XO_TS54","+dTAG","RepR2","S12","MSR","other"
"2139","FJ24-FJ25::chr9:2999602-3038819",18891,18893,0.875,8,7,"-","G","+",0,0,"-",8,7,"TCGTC","XO_TS54","+dTAG","RepR2","S12","MSR","other"
"2140","FJ24-FJ25::chr9:2999602-3038819",18906,18908,1,8,8,"-","G","+",0,0,"-",8,8,"TCGTC","XO_TS54","+dTAG","RepR2","S12","MSR","other"
"2141","FJ24-FJ25::chr9:2999602-3038819",19021,19023,1,1,1,"-","G","+",0,0,"-",1,1,"ACGTC","XO_TS54","+dTAG","RepR2","S12","MSR","other"
"2142","FJ24-FJ25::chr9:2999602-3038819",19049,19051,0.731,810,592,"-","G","+",0,0,"-",810,592,"CCGTG","XO_TS54","+dTAG","RepR2","S12","MSR","other"
"2143","FJ24-FJ25::chr9:2999602-3038819",19910,19912,0,1,0,"-","G","+",0,0,"-",1,0,"ACGTT","XO_TS54","+dTAG","RepR2","S12","MSR","other"
"2144","FJ24-FJ25::chr9:2999602-3038819",19984,19986,1,6,6,"-","G","+",0,0,"-",6,6,"CCGTG","XO_TS54","+dTAG","RepR2","S12","MSR","other"
"2145","FJ24-FJ25::chr9:2999602-3038819",20002,20004,0.667,3,2,"-","G","+",0,0,"-",3,2,"TCGCC","XO_TS54","+dTAG","RepR2","S12","MSR","other"
"2146","FJ24-FJ25::chr9:2999602-3038819",20236,20238,1,2,2,"-","G","+",0,0,"-",2,2,"TCGCC","XO_TS54","+dTAG","RepR2","S12","MSR","other"
"2147","FJ24-FJ25::chr9:2999602-3038819",20470,20472,1,1,1,"+","G","+",1,1,"-",0,0,"CTCGA","XO_TS54","+dTAG","RepR2","S12","MSR","other"
"2148","FJ24-FJ25::chr9:2999602-3038819",20527,20529,1,1,1,"+","G","+",1,1,"-",0,0,"TTCGT","XO_TS54","+dTAG","RepR2","S12","MSR","other"
"2149","FJ24-FJ25::chr9:2999602-3038819",20645,20647,1,1,1,"-","G","+",0,0,"-",1,1,"TCGCC","XO_TS54","+dTAG","RepR2","S12","MSR","other"
"2150","FJ24-FJ25::chr9:2999602-3038819",20657,20659,1,2,2,"-","G","+",0,0,"-",2,2,"ACGTC","XO_TS54","+dTAG","RepR2","S12","MSR","other"
"2151","FJ24-FJ25::chr9:2999602-3038819",20685,20687,0.952,42,40,"-","G","+",0,0,"-",42,40,"CCGTG","XO_TS54","+dTAG","RepR2","S12","MSR","other"
"2152","FJ24-FJ25::chr9:2999602-3038819",20703,20705,0.875,32,28,"-","G","+",0,0,"-",32,28,"TCGCC","XO_TS54","+dTAG","RepR2","S12","MSR","other"
"2153","FJ24-FJ25::chr9:2999602-3038819",20878,20880,1,2,2,"-","G","+",0,0,"-",2,2,"TCGCC","XO_TS54","+dTAG","RepR2","S12","MSR","other"
"2154","FJ24-FJ25::chr9:2999602-3038819",20890,20892,1,2,2,"-","G","+",0,0,"-",2,2,"ACGTC","XO_TS54","+dTAG","RepR2","S12","MSR","other"
"2155","FJ24-FJ25::chr9:2999602-3038819",20918,20920,0.942,815,768,"-","G","+",0,0,"-",815,768,"CCGTG","XO_TS54","+dTAG","RepR2","S12","MSR","other"
"2156","FJ24-FJ25::chr9:2999602-3038819",20936,20938,0.893,825,737,"-","G","+",0,0,"-",825,737,"TCGCC","XO_TS54","+dTAG","RepR2","S12","MSR","other"
"2157","FJ24-FJ25::chr9:2999602-3038819",20978,20980,0.889,9,8,"-","G","+",0,0,"-",9,8,"ACGTT","XO_TS54","+dTAG","RepR2","S12","MSR","other"
"2158","FJ24-FJ25::chr9:2999602-3038819",20994,20996,0.875,8,7,"-","G","+",0,0,"-",8,7,"TCGTC","XO_TS54","+dTAG","RepR2","S12","MSR","other"
"2159","FJ24-FJ25::chr9:2999602-3038819",21228,21230,0.667,3,2,"-","G","+",0,0,"-",3,2,"TCGTC","XO_TS54","+dTAG","RepR2","S12","MSR","other"
"2160","FJ24-FJ25::chr9:2999602-3038819",21243,21245,0.875,8,7,"-","G","+",0,0,"-",8,7,"TCGTC","XO_TS54","+dTAG","RepR2","S12","MSR","other"
"2161","FJ24-FJ25::chr9:2999602-3038819",21346,21348,1,2,2,"-","G","+",0,0,"-",2,2,"TCGCC","XO_TS54","+dTAG","RepR2","S12","MSR","other"
"2162","FJ24-FJ25::chr9:2999602-3038819",21404,21406,1,2,2,"-","G","+",0,0,"-",2,2,"TCGCC","XO_TS54","+dTAG","RepR2","S12","MSR","other"
"2163","FJ24-FJ25::chr9:2999602-3038819",21446,21448,1,3,3,"-","G","+",0,0,"-",3,3,"ACGTT","XO_TS54","+dTAG","RepR2","S12","MSR","other"
"2164","FJ24-FJ25::chr9:2999602-3038819",21462,21464,1,3,3,"-","G","+",0,0,"-",3,3,"TCGTC","XO_TS54","+dTAG","RepR2","S12","MSR","other"
"2165","FJ24-FJ25::chr9:2999602-3038819",21620,21622,0.8,20,16,"-","G","+",0,0,"-",20,16,"CCGTG","XO_TS54","+dTAG","RepR2","S12","MSR","other"
"2166","FJ24-FJ25::chr9:2999602-3038819",21854,21856,1,1,1,"-","G","+",0,0,"-",1,1,"TCGTG","XO_TS54","+dTAG","RepR2","S12","MSR","other"
"2167","FJ24-FJ25::chr9:2999602-3038819",21872,21874,1,1,1,"-","G","+",0,0,"-",1,1,"TCGCC","XO_TS54","+dTAG","RepR2","S12","MSR","other"
"2168","FJ24-FJ25::chr9:2999602-3038819",22106,22108,1,4,4,"-","G","+",0,0,"-",4,4,"TCGCC","XO_TS54","+dTAG","RepR2","S12","MSR","other"
"2169","FJ24-FJ25::chr9:2999602-3038819",22165,22167,1,1,1,"-","G","+",0,0,"-",1,1,"TCGTC","XO_TS54","+dTAG","RepR2","S12","MSR","other"
"2170","FJ24-FJ25::chr9:2999602-3038819",22281,22283,1,7,7,"-","G","+",0,0,"-",7,7,"TCGCC","XO_TS54","+dTAG","RepR2","S12","MSR","other"
"2171","FJ24-FJ25::chr9:2999602-3038819",22340,22342,1,1,1,"-","G","+",0,0,"-",1,1,"TCGTC","XO_TS54","+dTAG","RepR2","S12","MSR","other"
"2172","FJ24-FJ25::chr9:2999602-3038819",22498,22500,0.935,956,894,"B","G","+",1,1,"-",955,893,"TCCGT","XO_TS54","+dTAG","RepR2","S12","MSR","other"
"2173","FJ24-FJ25::chr9:2999602-3038819",22558,22560,1,7,7,"B","G","+",1,1,"-",6,6,"CACGT","XO_TS54","+dTAG","RepR2","S12","MSR","other"
"2174","FJ24-FJ25::chr9:2999602-3038819",22574,22576,0.286,7,2,"-","G","+",0,0,"-",7,2,"TCGTC","XO_TS54","+dTAG","RepR2","S12","MSR","other"
"2175","FJ24-FJ25::chr9:2999602-3038819",22589,22591,1,5,5,"B","G","+",1,1,"-",4,4,"GTCGT","XO_TS54","+dTAG","RepR2","S12","MSR","other"
"2176","FJ24-FJ25::chr9:2999602-3038819",22632,22634,1,1,1,"-","G","+",0,0,"-",1,1,"TCGCC","XO_TS54","+dTAG","RepR2","S12","MSR","other"
"2177","FJ24-FJ25::chr9:2999602-3038819",22732,22734,0.905,21,19,"-","G","+",0,0,"-",21,19,"CCGTG","XO_TS54","+dTAG","RepR2","S12","MSR","other"
"2178","FJ24-FJ25::chr9:2999602-3038819",22877,22879,1,11,11,"-","G","+",0,0,"-",11,11,"ACGTC","XO_TS54","+dTAG","RepR2","S12","MSR","other"
"2179","FJ24-FJ25::chr9:2999602-3038819",22965,22967,0.919,395,363,"-","G","+",0,0,"-",395,363,"CCGTG","XO_TS54","+dTAG","RepR2","S12","MSR","other"
"2180","FJ24-FJ25::chr9:2999602-3038819",23259,23261,1,2,2,"-","G","+",0,0,"-",2,2,"ACGTT","XO_TS54","+dTAG","RepR2","S12","MSR","other"
"2181","FJ24-FJ25::chr9:2999602-3038819",23451,23453,1,2,2,"-","G","+",0,0,"-",2,2,"TCGCA","XO_TS54","+dTAG","RepR2","S12","MSR","other"
"2182","FJ24-FJ25::chr9:2999602-3038819",23626,23628,1,1,1,"-","G","+",0,0,"-",1,1,"TCGCC","XO_TS54","+dTAG","RepR2","S12","MSR","other"
"2183","FJ24-FJ25::chr9:2999602-3038819",23843,23845,0.857,21,18,"-","G","+",0,0,"-",21,18,"CCGTG","XO_TS54","+dTAG","RepR2","S12","MSR","other"
"2184","FJ24-FJ25::chr9:2999602-3038819",23903,23905,1,9,9,"B","G","+",2,2,"-",7,7,"CACGT","XO_TS54","+dTAG","RepR2","S12","MSR","other"
"2185","FJ24-FJ25::chr9:2999602-3038819",23934,23936,0.864,22,19,"B","G","+",3,3,"-",19,16,"GTCGT","XO_TS54","+dTAG","RepR2","S12","MSR","other"
"2186","FJ24-FJ25::chr9:2999602-3038819",24077,24079,0.759,871,661,"-","G","+",0,0,"-",871,661,"CCGTG","XO_TS54","+dTAG","RepR2","S12","MSR","other"
"2187","FJ24-FJ25::chr9:2999602-3038819",24137,24139,1,1,1,"-","G","+",0,0,"-",1,1,"ACGTT","XO_TS54","+dTAG","RepR2","S12","MSR","other"
"2188","FJ24-FJ25::chr9:2999602-3038819",24271,24273,1,1,1,"+","G","+",1,1,"-",0,0,"CTCGC","XO_TS54","+dTAG","RepR2","S12","MSR","other"
"2189","FJ24-FJ25::chr9:2999602-3038819",24283,24285,1,1,1,"+","G","+",1,1,"-",0,0,"CACGT","XO_TS54","+dTAG","RepR2","S12","MSR","other"
"2190","FJ24-FJ25::chr9:2999602-3038819",24311,24313,0.966,58,56,"B","G","+",1,1,"-",57,55,"TCCGT","XO_TS54","+dTAG","RepR2","S12","MSR","other"
"2191","FJ24-FJ25::chr9:2999602-3038819",24329,24331,0.906,53,48,"B","G","+",1,1,"-",52,47,"CTCGC","XO_TS54","+dTAG","RepR2","S12","MSR","other"
"2192","FJ24-FJ25::chr9:2999602-3038819",24370,24372,1,1,1,"-","G","+",0,0,"-",1,1,"ACGTT","XO_TS54","+dTAG","RepR2","S12","MSR","other"
"2193","FJ24-FJ25::chr9:2999602-3038819",24504,24506,0.5,2,1,"+","G","+",2,1,"-",0,0,"CTCGC","XO_TS54","+dTAG","RepR2","S12","MSR","other"
"2194","FJ24-FJ25::chr9:2999602-3038819",24516,24518,0.667,3,2,"+","G","+",3,2,"-",0,0,"CACGT","XO_TS54","+dTAG","RepR2","S12","MSR","other"
"2195","FJ24-FJ25::chr9:2999602-3038819",24544,24546,0.952,972,925,"B","G","+",3,3,"-",969,922,"TCCGT","XO_TS54","+dTAG","RepR2","S12","MSR","other"
"2196","FJ24-FJ25::chr9:2999602-3038819",24562,24564,0.889,946,841,"B","G","+",4,4,"-",942,837,"CTCGC","XO_TS54","+dTAG","RepR2","S12","MSR","other"
"2197","FJ24-FJ25::chr9:2999602-3038819",24604,24606,0.75,12,9,"B","G","+",2,2,"-",10,7,"CACGT","XO_TS54","+dTAG","RepR2","S12","MSR","other"
"2198","FJ24-FJ25::chr9:2999602-3038819",24620,24622,0.875,8,7,"B","G","+",1,0,"-",7,7,"TTCGA","XO_TS54","+dTAG","RepR2","S12","MSR","other"
"2199","FJ24-FJ25::chr9:2999602-3038819",24778,24780,1,11,11,"B","G","+",2,2,"-",9,9,"TCCGT","XO_TS54","+dTAG","RepR2","S12","MSR","other"
"2200","FJ24-FJ25::chr9:2999602-3038819",24796,24798,0.923,13,12,"B","G","+",4,4,"-",9,8,"CTCGC","XO_TS54","+dTAG","RepR2","S12","MSR","other"
"2201","FJ24-FJ25::chr9:2999602-3038819",24838,24840,0.885,26,23,"B","G","+",4,2,"-",22,21,"CACGT","XO_TS54","+dTAG","RepR2","S12","MSR","other"
"2202","FJ24-FJ25::chr9:2999602-3038819",24854,24856,0.933,30,28,"B","G","+",4,3,"-",26,25,"TTCGT","XO_TS54","+dTAG","RepR2","S12","MSR","other"
"2203","FJ24-FJ25::chr9:2999602-3038819",24869,24871,0.944,36,34,"B","G","+",5,5,"-",31,29,"GTCGT","XO_TS54","+dTAG","RepR2","S12","MSR","other"
"2204","FJ24-FJ25::chr9:2999602-3038819",24984,24986,1,2,2,"-","G","+",0,0,"-",2,2,"ACGTC","XO_TS54","+dTAG","RepR2","S12","MSR","other"
"2205","FJ24-FJ25::chr9:2999602-3038819",25012,25014,0.739,872,644,"-","G","+",0,0,"-",872,644,"CCGTG","XO_TS54","+dTAG","RepR2","S12","MSR","other"
"2206","FJ24-FJ25::chr9:2999602-3038819",25246,25248,0.987,78,77,"-","G","+",0,0,"-",78,77,"CCGTG","XO_TS54","+dTAG","RepR2","S12","MSR","other"
"2207","FJ24-FJ25::chr9:2999602-3038819",25264,25266,0.911,56,51,"-","G","+",0,0,"-",56,51,"TCGCC","XO_TS54","+dTAG","RepR2","S12","MSR","other"
"2208","FJ24-FJ25::chr9:2999602-3038819",25479,25481,0.909,11,10,"-","G","+",0,0,"-",11,10,"CCGTG","XO_TS54","+dTAG","RepR2","S12","MSR","other"
"2209","FJ24-FJ25::chr9:2999602-3038819",25497,25499,0.909,11,10,"-","G","+",0,0,"-",11,10,"TCGCC","XO_TS54","+dTAG","RepR2","S12","MSR","other"
"2210","FJ24-FJ25::chr9:2999602-3038819",25539,25541,1,1,1,"-","G","+",0,0,"-",1,1,"ACGTT","XO_TS54","+dTAG","RepR2","S12","MSR","other"
"2211","FJ24-FJ25::chr9:2999602-3038819",25906,25908,1,6,6,"B","G","+",4,4,"-",2,2,"CTCGC","XO_TS54","+dTAG","RepR2","S12","MSR","other"
"2212","FJ24-FJ25::chr9:2999602-3038819",25918,25920,1,6,6,"B","G","+",4,4,"-",2,2,"CACGT","XO_TS54","+dTAG","RepR2","S12","MSR","other"
"2213","FJ24-FJ25::chr9:2999602-3038819",25946,25948,0.962,824,793,"B","G","+",4,4,"-",820,789,"TCCGT","XO_TS54","+dTAG","RepR2","S12","MSR","other"
"2214","FJ24-FJ25::chr9:2999602-3038819",25964,25966,0.918,815,748,"-","G","+",0,0,"-",815,748,"TCGCC","XO_TS54","+dTAG","RepR2","S12","MSR","other"
"2215","FJ24-FJ25::chr9:2999602-3038819",26006,26008,1,5,5,"-","G","+",0,0,"-",5,5,"ACGTT","XO_TS54","+dTAG","RepR2","S12","MSR","other"
"2216","FJ24-FJ25::chr9:2999602-3038819",26198,26200,0.8,5,4,"-","G","+",0,0,"-",5,4,"TCGCC","XO_TS54","+dTAG","RepR2","S12","MSR","other"
"2217","FJ24-FJ25::chr9:2999602-3038819",26240,26242,1,4,4,"-","G","+",0,0,"-",4,4,"ACGTT","XO_TS54","+dTAG","RepR2","S12","MSR","other"
"2218","FJ24-FJ25::chr9:2999602-3038819",26256,26258,1,4,4,"-","G","+",0,0,"-",4,4,"TCGTC","XO_TS54","+dTAG","RepR2","S12","MSR","other"
"2219","FJ24-FJ25::chr9:2999602-3038819",26414,26416,0.722,18,13,"-","G","+",0,0,"-",18,13,"CCGTG","XO_TS54","+dTAG","RepR2","S12","MSR","other"
"2220","FJ24-FJ25::chr9:2999602-3038819",27117,27119,1,10,10,"-","G","+",0,0,"-",10,10,"TCGTT","XO_TS54","+dTAG","RepR2","S12","MSR","other"
"2221","FJ24-FJ25::chr9:2999602-3038819",28053,28055,0.647,34,22,"-","G","+",0,0,"-",34,22,"CCGTG","XO_TS54","+dTAG","RepR2","S12","MSR","other"
"2222","FJ24-FJ25::chr9:2999602-3038819",28287,28289,0.647,17,11,"-","G","+",0,0,"-",17,11,"CCGTG","XO_TS54","+dTAG","RepR2","S12","MSR","other"
"2223","FJ24-FJ25::chr9:2999602-3038819",28521,28523,0.895,693,620,"-","G","+",0,0,"-",693,620,"CCGTG","XO_TS54","+dTAG","RepR2","S12","MSR","other"
"2224","FJ24-FJ25::chr9:2999602-3038819",28755,28757,1,3,3,"-","G","+",0,0,"-",3,3,"TCGTT","XO_TS54","+dTAG","RepR2","S12","MSR","other"
"2225","FJ24-FJ25::chr9:2999602-3038819",28815,28817,1,2,2,"-","G","+",0,0,"-",2,2,"ACGTT","XO_TS54","+dTAG","RepR2","S12","MSR","other"
"2226","FJ24-FJ25::chr9:2999602-3038819",28901,28903,1,1,1,"-","G","+",0,0,"-",1,1,"ACGTC","XO_TS54","+dTAG","RepR2","S12","MSR","other"
"2227","FJ24-FJ25::chr9:2999602-3038819",29049,29051,0,2,0,"-","G","+",0,0,"-",2,0,"ACGTT","XO_TS54","+dTAG","RepR2","S12","MSR","other"
"2228","FJ24-FJ25::chr9:2999602-3038819",29183,29185,1,2,2,"-","G","+",0,0,"-",2,2,"TCGCC","XO_TS54","+dTAG","RepR2","S12","MSR","other"
"2229","FJ24-FJ25::chr9:2999602-3038819",29195,29197,1,2,2,"-","G","+",0,0,"-",2,2,"ACGTC","XO_TS54","+dTAG","RepR2","S12","MSR","other"
"2230","FJ24-FJ25::chr9:2999602-3038819",29223,29225,0.911,561,511,"-","G","+",0,0,"-",561,511,"CCGTG","XO_TS54","+dTAG","RepR2","S12","MSR","other"
"2231","FJ24-FJ25::chr9:2999602-3038819",29283,29285,1,2,2,"-","G","+",0,0,"-",2,2,"ACGTT","XO_TS54","+dTAG","RepR2","S12","MSR","other"
"2232","FJ24-FJ25::chr9:2999602-3038819",29417,29419,1,2,2,"+","G","+",2,2,"-",0,0,"CTCGC","XO_TS54","+dTAG","RepR2","S12","MSR","other"
"2233","FJ24-FJ25::chr9:2999602-3038819",29429,29431,1,2,2,"+","G","+",2,2,"-",0,0,"CACGT","XO_TS54","+dTAG","RepR2","S12","MSR","other"
"2234","FJ24-FJ25::chr9:2999602-3038819",29457,29459,1,4,4,"-","G","+",0,0,"-",4,4,"CCGTG","XO_TS54","+dTAG","RepR2","S12","MSR","other"
"2235","FJ24-FJ25::chr9:2999602-3038819",29652,29654,1,1,1,"-","G","+",0,0,"-",1,1,"TCGCC","XO_TS54","+dTAG","RepR2","S12","MSR","other"
"2236","FJ24-FJ25::chr9:2999602-3038819",30221,30223,1,5,5,"-","G","+",0,0,"-",5,5,"ACGTT","XO_TS54","+dTAG","RepR2","S12","MSR","other"
"2237","FJ24-FJ25::chr9:2999602-3038819",30237,30239,1,5,5,"-","G","+",0,0,"-",5,5,"TCGTC","XO_TS54","+dTAG","RepR2","S12","MSR","other"
"2238","FJ24-FJ25::chr9:2999602-3038819",30252,30254,1,2,2,"-","G","+",0,0,"-",2,2,"TCGTC","XO_TS54","+dTAG","RepR2","S12","MSR","other"
"2239","FJ24-FJ25::chr9:2999602-3038819",30295,30297,1,1,1,"-","G","+",0,0,"-",1,1,"TCGCC","XO_TS54","+dTAG","RepR2","S12","MSR","other"
"2240","FJ24-FJ25::chr9:2999602-3038819",30395,30397,1,3,3,"-","G","+",0,0,"-",3,3,"TCGTT","XO_TS54","+dTAG","RepR2","S12","MSR","other"
"2241","FJ24-FJ25::chr9:2999602-3038819",30690,30692,1,1,1,"-","G","+",0,0,"-",1,1,"ACGTT","XO_TS54","+dTAG","RepR2","S12","MSR","other"
"2242","FJ24-FJ25::chr9:2999602-3038819",30706,30708,1,1,1,"-","G","+",0,0,"-",1,1,"TCGTC","XO_TS54","+dTAG","RepR2","S12","MSR","other"
"2243","FJ24-FJ25::chr9:2999602-3038819",31058,31060,1,1,1,"-","G","+",0,0,"-",1,1,"TCGCC","XO_TS54","+dTAG","RepR2","S12","MSR","other"
"2244","FJ24-FJ25::chr9:2999602-3038819",31070,31072,1,1,1,"-","G","+",0,0,"-",1,1,"ACGTC","XO_TS54","+dTAG","RepR2","S12","MSR","other"
"2245","FJ24-FJ25::chr9:2999602-3038819",31098,31100,0.902,61,55,"-","G","+",0,0,"-",61,55,"CCGTG","XO_TS54","+dTAG","RepR2","S12","MSR","other"
"2246","FJ24-FJ25::chr9:2999602-3038819",31332,31334,1,1,1,"-","G","+",0,0,"-",1,1,"TCGTG","XO_TS54","+dTAG","RepR2","S12","MSR","other"
"2247","FJ24-FJ25::chr9:2999602-3038819",31350,31352,1,1,1,"-","G","+",0,0,"-",1,1,"TCGCC","XO_TS54","+dTAG","RepR2","S12","MSR","other"
"2248","FJ24-FJ25::chr9:2999602-3038819",31679,31681,0.72,700,504,"-","G","+",0,0,"-",700,504,"CCGTG","XO_TS54","+dTAG","RepR2","S12","MSR","other"
"2249","FJ24-FJ25::chr9:2999602-3038819",31813,31815,0,1,0,"-","G","+",0,0,"-",1,0,"TCGCC","XO_TS54","+dTAG","RepR2","S12","MSR","other"
"2250","FJ24-FJ25::chr9:2999602-3038819",31913,31915,1,4,4,"-","G","+",0,0,"-",4,4,"TCGTT","XO_TS54","+dTAG","RepR2","S12","MSR","other"
"2251","FJ24-FJ25::chr9:2999602-3038819",32207,32209,1,4,4,"-","G","+",0,0,"-",4,4,"ACGTT","XO_TS54","+dTAG","RepR2","S12","MSR","other"
"2252","FJ24-FJ25::chr9:2999602-3038819",32223,32225,1,4,4,"-","G","+",0,0,"-",4,4,"TCGTC","XO_TS54","+dTAG","RepR2","S12","MSR","other"
"2253","FJ24-FJ25::chr9:2999602-3038819",32615,32617,0.746,63,47,"-","G","+",0,0,"-",63,47,"CCGTG","XO_TS54","+dTAG","RepR2","S12","MSR","other"
"2254","FJ24-FJ25::chr9:2999602-3038819",32821,32823,1,2,2,"+","G","+",2,2,"-",0,0,"CACGT","XO_TS54","+dTAG","RepR2","S12","MSR","other"
"2255","FJ24-FJ25::chr9:2999602-3038819",32849,32851,0.929,155,144,"B","G","+",4,4,"-",151,140,"TCCGT","XO_TS54","+dTAG","RepR2","S12","MSR","other"
"2256","FJ24-FJ25::chr9:2999602-3038819",32867,32869,0.955,133,127,"-","G","+",0,0,"-",133,127,"TCGCC","XO_TS54","+dTAG","RepR2","S12","MSR","other"
"2257","FJ24-FJ25::chr9:2999602-3038819",33317,33319,1,25,25,"-","G","+",0,0,"-",25,25,"CCGTG","XO_TS54","+dTAG","RepR2","S12","MSR","other"
"2258","FJ24-FJ25::chr9:2999602-3038819",33335,33337,0.9,20,18,"-","G","+",0,0,"-",20,18,"TCGCC","XO_TS54","+dTAG","RepR2","S12","MSR","other"
"2259","FJ24-FJ25::chr9:2999602-3038819",33550,33552,0.5,2,1,"-","G","+",0,0,"-",2,1,"CCGTG","XO_TS54","+dTAG","RepR2","S12","MSR","other"
"2260","FJ24-FJ25::chr9:2999602-3038819",33568,33570,1,1,1,"-","G","+",0,0,"-",1,1,"TCGCC","XO_TS54","+dTAG","RepR2","S12","MSR","other"
"2261","FJ24-FJ25::chr9:2999602-3038819",33976,33978,1,3,3,"-","G","+",0,0,"-",3,3,"TCGCT","XO_TS54","+dTAG","RepR2","S12","MSR","other"
"2262","FJ24-FJ25::chr9:2999602-3038819",34193,34195,0.926,417,386,"-","G","+",0,0,"-",417,386,"CCGTG","XO_TS54","+dTAG","RepR2","S12","MSR","other"
"2263","FJ24-FJ25::chr9:2999602-3038819",34445,34447,1,5,5,"-","G","+",0,0,"-",5,5,"TCGCA","XO_TS54","+dTAG","RepR2","S12","MSR","other"
"2264","FJ24-FJ25::chr9:2999602-3038819",34621,34623,0.8,5,4,"-","G","+",0,0,"-",5,4,"TCGCC","XO_TS54","+dTAG","RepR2","S12","MSR","other"
"2265","FJ24-FJ25::chr9:2999602-3038819",34633,34635,0.8,5,4,"-","G","+",0,0,"-",5,4,"ACGTC","XO_TS54","+dTAG","RepR2","S12","MSR","other"
"2266","FJ24-FJ25::chr9:2999602-3038819",34895,34897,0.78,50,39,"-","G","+",0,0,"-",50,39,"CCGTG","XO_TS54","+dTAG","RepR2","S12","MSR","other"
"2267","FJ24-FJ25::chr9:2999602-3038819",35381,35383,0,2,0,"-","G","+",0,0,"-",2,0,"TCGCC","XO_TS54","+dTAG","RepR2","S12","MSR","other"
"2268","FJ24-FJ25::chr9:2999602-3038819",35569,35571,1,1,1,"-","G","+",0,0,"-",1,1,"ACGTC","XO_TS54","+dTAG","RepR2","S12","MSR","other"
"2269","FJ24-FJ25::chr9:2999602-3038819",35597,35599,0.609,934,569,"-","G","+",0,0,"-",934,569,"CCGTG","XO_TS54","+dTAG","RepR2","S12","MSR","other"
"2270","FJ24-FJ25::chr9:2999602-3038819",35791,35793,1,2,2,"+","G","+",2,2,"-",0,0,"CTCGC","XO_TS54","+dTAG","RepR2","S12","MSR","other"
"2271","FJ24-FJ25::chr9:2999602-3038819",35803,35805,1,2,2,"+","G","+",2,2,"-",0,0,"CACGT","XO_TS54","+dTAG","RepR2","S12","MSR","other"
"2272","FJ24-FJ25::chr9:2999602-3038819",35831,35833,1,5,5,"B","G","+",2,2,"-",3,3,"TCCGT","XO_TS54","+dTAG","RepR2","S12","MSR","other"
"2273","FJ24-FJ25::chr9:2999602-3038819",36259,36261,0,2,0,"-","G","+",0,0,"-",2,0,"TCGCC","XO_TS54","+dTAG","RepR2","S12","MSR","other"
"2274","FJ24-FJ25::chr9:2999602-3038819",36299,36301,0.923,13,12,"-","G","+",0,0,"-",13,12,"CCGTG","XO_TS54","+dTAG","RepR2","S12","MSR","other"
"2275","FJ24-FJ25::chr9:2999602-3038819",36435,36437,1,1,1,"-","G","+",0,0,"-",1,1,"TCGCC","XO_TS54","+dTAG","RepR2","S12","MSR","other"
"2276","FJ24-FJ25::chr9:2999602-3038819",36447,36449,1,1,1,"-","G","+",0,0,"-",1,1,"ACGTC","XO_TS54","+dTAG","RepR2","S12","MSR","other"
"2277","FJ24-FJ25::chr9:2999602-3038819",36475,36477,0.944,18,17,"-","G","+",0,0,"-",18,17,"CCGTG","XO_TS54","+dTAG","RepR2","S12","MSR","other"
"2278","FJ24-FJ25::chr9:2999602-3038819",36493,36495,0.857,7,6,"-","G","+",0,0,"-",7,6,"TCGCC","XO_TS54","+dTAG","RepR2","S12","MSR","other"
"2279","FJ24-FJ25::chr9:2999602-3038819",36708,36710,1,7,7,"-","G","+",0,0,"-",7,7,"CCGTG","XO_TS54","+dTAG","RepR2","S12","MSR","other"
"2280","FJ24-FJ25::chr9:2999602-3038819",36726,36728,1,6,6,"-","G","+",0,0,"-",6,6,"TCGCC","XO_TS54","+dTAG","RepR2","S12","MSR","other"
"2281","FJ24-FJ25::chr9:2999602-3038819",36767,36769,1,1,1,"-","G","+",0,0,"-",1,1,"ACGTT","XO_TS54","+dTAG","RepR2","S12","MSR","other"
"2282","FJ24-FJ25::chr9:2999602-3038819",36939,36941,0.667,6,4,"-","G","+",0,0,"-",6,4,"CCGTG","XO_TS54","+dTAG","RepR2","S12","MSR","other"
"2283","FJ24-FJ25::chr9:2999602-3038819",37601,37603,1,1,1,"+","G","+",1,1,"-",0,0,"CTCGC","XO_TS54","+dTAG","RepR2","S12","MSR","other"
"2284","FJ24-FJ25::chr9:2999602-3038819",37613,37615,1,1,1,"+","G","+",1,1,"-",0,0,"CACGT","XO_TS54","+dTAG","RepR2","S12","MSR","other"
"2285","FJ24-FJ25::chr9:2999602-3038819",37641,37643,0.839,31,26,"-","G","+",0,0,"-",31,26,"CCGTG","XO_TS54","+dTAG","RepR2","S12","MSR","other"
"2286","FJ24-FJ25::chr9:2999602-3038819",37659,37661,0.92,25,23,"-","G","+",0,0,"-",25,23,"TCGCC","XO_TS54","+dTAG","RepR2","S12","MSR","other"
"2287","FJ24-FJ25::chr9:2999602-3038819",37835,37837,1,2,2,"B","G","+",1,1,"-",1,1,"CTCGC","XO_TS54","+dTAG","RepR2","S12","MSR","other"
"2288","FJ24-FJ25::chr9:2999602-3038819",38303,38305,1,3,3,"B","G","+",1,1,"-",2,2,"CTCGC","XO_TS54","+dTAG","RepR2","S12","MSR","other"
"2289","FJ24-FJ25::chr9:2999602-3038819",38315,38317,1,3,3,"B","G","+",1,1,"-",2,2,"CACGT","XO_TS54","+dTAG","RepR2","S12","MSR","other"
"2290","FJ24-FJ25::chr9:2999602-3038819",38343,38345,0.929,28,26,"B","G","+",1,1,"-",27,25,"TCCGT","XO_TS54","+dTAG","RepR2","S12","MSR","other"
"2291","FJ24-FJ25::chr9:2999602-3038819",38361,38363,1,18,18,"-","G","+",0,0,"-",18,18,"TCGCC","XO_TS54","+dTAG","RepR2","S12","MSR","other"
"2292","FJ24-FJ25::chr9:2999602-3038819",38489,38491,1,2,2,"-","G","+",0,0,"-",2,2,"ACGTC","XO_TS54","+dTAG","RepR2","S12","MSR","other"
"2293","FJ24-FJ25::chr9:2999602-3038819",38537,38539,1,1,1,"+","G","+",1,1,"-",0,0,"CTCGC","XO_TS54","+dTAG","RepR2","S12","MSR","other"
"2294","FJ24-FJ25::chr9:2999602-3038819",38549,38551,1,1,1,"+","G","+",1,1,"-",0,0,"CACGT","XO_TS54","+dTAG","RepR2","S12","MSR","other"
"2295","FJ24-FJ25::chr9:35304805-35306009",436,438,1,5,5,"+","G","+",5,5,"-",0,0,"TGCGA","XO_TS54","+dTAG","RepR2","S12","MSR","other"
"2296","FJ24-FJ25::chr9:35304805-35306009",454,456,1,8,8,"+","G","+",8,8,"-",0,0,"CACGG","XO_TS54","+dTAG","RepR2","S12","MSR","other"
"2297","FJ24-FJ25::chr9:35304805-35306009",612,614,0.918,49,45,"+","G","+",49,45,"-",0,0,"GACGA","XO_TS54","+dTAG","RepR2","S12","MSR","other"
"2298","FJ24-FJ25::chr9:35304805-35306009",628,630,0.925,53,49,"+","G","+",53,49,"-",0,0,"AACGT","XO_TS54","+dTAG","RepR2","S12","MSR","other"
"2299","FJ24-FJ25::chr9:35304805-35306009",688,690,0.963,161,155,"+","G","+",161,155,"-",0,0,"CACGG","XO_TS54","+dTAG","RepR2","S12","MSR","other"
"2300","FJ24-FJ25::chr9:35304805-35306009",776,778,1,38,38,"+","G","+",38,38,"-",0,0,"GACGT","XO_TS54","+dTAG","RepR2","S12","MSR","other"
"2301","FJ24-FJ25::chr9:35304805-35306009",1063,1065,0,3,0,"+","G","+",3,0,"-",0,0,"CCCGG","XO_TS54","+dTAG","RepR2","S12","MSR","other"
"2302","FJ24-FJ25::chrX:75643946-75646608",2448,2450,0,1,0,"-","G","+",0,0,"-",1,0,"CCGGG","XO_TS54","+dTAG","RepR2","S12","MSR","other"
"2303","FJ24-FJ25::chrX:75643946-75646608",2589,2591,1,2,2,"+","G","+",2,2,"-",0,0,"GTCGG","XO_TS54","+dTAG","RepR2","S12","MSR","other"
"2304","FJ28-FJ29.FJ26-FJ27::chrX:103482701-103483891",480,482,0.824,17,14,"+","G","+",17,14,"-",0,0,"CACGG","XO_TS54","+dTAG","RepR2","S12","RE58","RE58_CGI_2"
"2305","FJ28-FJ29.FJ26-FJ27::chrX:103482701-103483891",489,491,0.737,19,14,"+","G","+",19,14,"-",0,0,"ACCGC","XO_TS54","+dTAG","RepR2","S12","RE58","RE58_CGI_2"
"2306","FJ28-FJ29.FJ26-FJ27::chrX:103482701-103483891",499,501,0.81,21,17,"B","G","+",20,16,"-",1,1,"CACGG","XO_TS54","+dTAG","RepR2","S12","RE58","RE58_CGI_2"
"2307","FJ28-FJ29.FJ26-FJ27::chrX:103482701-103483891",506,508,0.818,22,18,"B","G","+",21,18,"-",1,0,"AACGA","XO_TS54","+dTAG","RepR2","S12","RE58","RE58_CGI_2"
"2308","FJ28-FJ29.FJ26-FJ27::chrX:103482701-103483891",530,532,0.8,20,16,"+","G","+",20,16,"-",0,0,"GCCGT","XO_TS54","+dTAG","RepR2","S12","RE58","RE58_CGI_2"
"2309","FJ28-FJ29.FJ26-FJ27::chrX:103482701-103483891",537,539,0.85,20,17,"+","G","+",20,17,"-",0,0,"CACGC","XO_TS54","+dTAG","RepR2","S12","RE58","RE58_CGI_2"
"2310","FJ28-FJ29.FJ26-FJ27::chrX:103482701-103483891",552,554,0.647,17,11,"+","G","+",17,11,"-",0,0,"TCCGC","XO_TS54","+dTAG","RepR2","S12","RE58","RE58_CGI_2"
"2311","FJ28-FJ29.FJ26-FJ27::chrX:103482701-103483891",554,556,0.812,16,13,"+","G","+",16,13,"-",0,0,"CGCGG","XO_TS54","+dTAG","RepR2","S12","RE58","RE58_CGI_2"
"2312","FJ28-FJ29.FJ26-FJ27::chrX:103482701-103483891",557,559,0.833,18,15,"+","G","+",18,15,"-",0,0,"GGCGC","XO_TS54","+dTAG","RepR2","S12","RE58","RE58_CGI_2"
"2313","FJ28-FJ29.FJ26-FJ27::chrX:103482701-103483891",566,568,0.875,16,14,"+","G","+",16,14,"-",0,0,"GGCGG","XO_TS54","+dTAG","RepR2","S12","RE58","RE58_CGI_2"
"2314","FJ28-FJ29.FJ26-FJ27::chrX:103482701-103483891",675,677,0.994,154,153,"B","G","+",92,91,"-",62,62,"TACGT","XO_TS54","+dTAG","RepR2","S12","RE58","RE58_CGI_1"
"2315","FJ28-FJ29.FJ26-FJ27::chrX:103482701-103483891",694,696,0.981,160,157,"B","G","+",96,93,"-",64,64,"GACGC","XO_TS54","+dTAG","RepR2","S12","RE58","RE58_CGI_1"
"2316","FJ28-FJ29.FJ26-FJ27::chrX:103482701-103483891",696,698,0.974,154,150,"B","G","+",92,88,"-",62,62,"CGCGT","XO_TS54","+dTAG","RepR2","S12","RE58","RE58_CGI_1"
"2317","FJ28-FJ29.FJ26-FJ27::chrX:103482701-103483891",715,717,0.958,165,158,"B","G","+",101,94,"-",64,64,"TGCGC","XO_TS54","+dTAG","RepR2","S12","RE58","RE58_CGI_1"
"2318","FJ28-FJ29.FJ26-FJ27::chrX:103482701-103483891",717,719,0.975,161,157,"B","G","+",100,96,"-",61,61,"CGCGA","XO_TS54","+dTAG","RepR2","S12","RE58","RE58_CGI_1"
"2319","FJ28-FJ29.FJ26-FJ27::chrX:103482701-103483891",753,755,0.891,101,90,"B","G","+",46,35,"-",55,55,"AACGT","XO_TS54","+dTAG","RepR2","S12","RE58","RE58_CGI_1"
"2320","FJ14-FJ15.FJ10-FJ11::chrX:103481327-103482781",433,435,0.933,149,139,"+","G","+",149,139,"-",0,0,"TCCGC","XO_TS54","+dTAG","RepR3","S14","RE57","RE57_YY1"
"2321","FJ14-FJ15.FJ10-FJ11::chrX:103481327-103482781",520,522,0.957,92,88,"+","G","+",92,88,"-",0,0,"TGCGT","XO_TS54","+dTAG","RepR3","S14","RE57","RE57_YY1"
"2322","FJ14-FJ15.FJ10-FJ11::chrX:103481327-103482781",528,530,0.946,93,88,"+","G","+",93,88,"-",0,0,"ACCGC","XO_TS54","+dTAG","RepR3","S14","RE57","RE57_YY1"
"2323","FJ14-FJ15.FJ10-FJ11::chrX:103481327-103482781",546,548,0.946,93,88,"+","G","+",93,88,"-",0,0,"GCCGC","XO_TS54","+dTAG","RepR3","S14","RE57","RE57_YY1"
"2324","FJ14-FJ15.FJ10-FJ11::chrX:103481327-103482781",563,565,0.946,92,87,"+","G","+",92,87,"-",0,0,"TACGA","XO_TS54","+dTAG","RepR3","S14","RE57","RE57_YY1"
"2325","FJ14-FJ15.FJ10-FJ11::chrX:103481327-103482781",617,619,0.983,119,117,"+","G","+",119,117,"-",0,0,"GTCGA","XO_TS54","+dTAG","RepR3","S14","RE57","RE57_YY1"
"2326","FJ14-FJ15.FJ10-FJ11::chrX:103481327-103482781",624,626,0.969,129,125,"+","G","+",129,125,"-",0,0,"CTCGG","XO_TS54","+dTAG","RepR3","S14","RE57","RE57_YY1"
"2327","FJ14-FJ15.FJ10-FJ11::chrX:103481327-103482781",637,639,0.954,131,125,"+","G","+",131,125,"-",0,0,"CCCGA","XO_TS54","+dTAG","RepR3","S14","RE57","RE57_YY1"
"2328","FJ14-FJ15.FJ10-FJ11::chrX:103481327-103482781",642,644,0.933,134,125,"+","G","+",134,125,"-",0,0,"GCCGC","XO_TS54","+dTAG","RepR3","S14","RE57","RE57_YY1"
"2329","FJ14-FJ15.FJ10-FJ11::chrX:103481327-103482781",736,738,1,4,4,"+","G","+",4,4,"-",0,0,"CACGC","XO_TS54","+dTAG","RepR3","S14","RE57","RE57_CGI"
"2330","FJ14-FJ15.FJ10-FJ11::chrX:103481327-103482781",763,765,0.75,4,3,"+","G","+",4,3,"-",0,0,"TGCGG","XO_TS54","+dTAG","RepR3","S14","RE57","RE57_CGI"
"2331","FJ14-FJ15.FJ10-FJ11::chrX:103481327-103482781",770,772,1,4,4,"+","G","+",4,4,"-",0,0,"TCCGC","XO_TS54","+dTAG","RepR3","S14","RE57","RE57_CGI"
"2332","FJ14-FJ15.FJ10-FJ11::chrX:103481327-103482781",772,774,1,4,4,"+","G","+",4,4,"-",0,0,"CGCGC","XO_TS54","+dTAG","RepR3","S14","RE57","RE57_CGI"
"2333","FJ14-FJ15.FJ10-FJ11::chrX:103481327-103482781",780,782,1,4,4,"+","G","+",4,4,"-",0,0,"ACCGC","XO_TS54","+dTAG","RepR3","S14","RE57","RE57_CGI"
"2334","FJ14-FJ15.FJ10-FJ11::chrX:103481327-103482781",792,794,1,4,4,"+","G","+",4,4,"-",0,0,"TACGA","XO_TS54","+dTAG","RepR3","S14","RE57","RE57_CGI"
"2335","FJ14-FJ15.FJ10-FJ11::chrX:103481327-103482781",817,819,1,4,4,"+","G","+",4,4,"-",0,0,"TCCGG","XO_TS54","+dTAG","RepR3","S14","RE57","RE57_CGI"
"2336","FJ14-FJ15.FJ10-FJ11::chrX:103481327-103482781",832,834,1,4,4,"+","G","+",4,4,"-",0,0,"CCCGC","XO_TS54","+dTAG","RepR3","S14","RE57","RE57_CGI"
"2337","FJ14-FJ15.FJ10-FJ11::chrX:103481327-103482781",929,931,1,5,5,"+","G","+",5,5,"-",0,0,"TCCGC","XO_TS54","+dTAG","RepR3","S14","RE57","RE57_CGI"
"2338","FJ14-FJ15.FJ10-FJ11::chrX:103481327-103482781",941,943,1,6,6,"+","G","+",6,6,"-",0,0,"CTCGG","XO_TS54","+dTAG","RepR3","S14","RE57","RE57_CGI"
"2339","FJ14-FJ15.FJ10-FJ11::chrX:103481327-103482781",959,961,1,8,8,"+","G","+",8,8,"-",0,0,"GGCGT","XO_TS54","+dTAG","RepR3","S14","RE57","RE57_CGI"
"2340","FJ14-FJ15.FJ10-FJ11::chrX:103481327-103482781",970,972,1,13,13,"+","G","+",13,13,"-",0,0,"CTCGA","XO_TS54","+dTAG","RepR3","S14","RE57","RE57_CGI"
"2341","FJ14-FJ15.FJ10-FJ11::chrX:103481327-103482781",980,982,1,19,19,"+","G","+",19,19,"-",0,0,"GCCGT","XO_TS54","+dTAG","RepR3","S14","RE57","RE57_CGI"
"2342","FJ14-FJ15.FJ10-FJ11::chrX:103481327-103482781",987,989,0.95,20,19,"+","G","+",20,19,"-",0,0,"CACGC","XO_TS54","+dTAG","RepR3","S14","RE57","RE57_CGI"
"2343","FJ14-FJ15.FJ10-FJ11::chrX:103481327-103482781",1004,1006,1,20,20,"+","G","+",20,20,"-",0,0,"GGCGG","XO_TS54","+dTAG","RepR3","S14","RE57","RE57_CGI"
"2344","FJ14-FJ15.FJ10-FJ11::chrX:103481327-103482781",1008,1010,0.952,21,20,"+","G","+",21,20,"-",0,0,"GACGC","XO_TS54","+dTAG","RepR3","S14","RE57","RE57_CGI"
"2345","FJ14-FJ15.FJ10-FJ11::chrX:103481327-103482781",1010,1012,1,20,20,"+","G","+",20,20,"-",0,0,"CGCGG","XO_TS54","+dTAG","RepR3","S14","RE57","RE57_CGI"
"2346","FJ14-FJ15.FJ10-FJ11::chrX:103481327-103482781",1021,1023,1,21,21,"+","G","+",21,21,"-",0,0,"CACGC","XO_TS54","+dTAG","RepR3","S14","RE57","RE57_CGI"
"2347","FJ24-FJ25.FJ24-FJ25.FJ24-FJ25.FJ24-FJ25.FJ24-FJ25.FJ24-FJ25.FJ24-FJ25.FJ24-FJ25::chrX:75658294-75672942",212,214,0,2,0,"+","G","+",2,0,"-",0,0,"CCCGG","XO_TS54","+dTAG","RepR3","S14","MSR","other"
"2348","FJ24-FJ25.FJ24-FJ25.FJ24-FJ25::chrX:75646518-75653780",177,179,1,1,1,"+","G","+",1,1,"-",0,0,"GGCGG","XO_TS54","+dTAG","RepR3","S14","MSR","other"
"2349","FJ24-FJ25.FJ24-FJ25.FJ24-FJ25::chrX:75646518-75653780",210,212,0,1,0,"+","G","+",1,0,"-",0,0,"CACGC","XO_TS54","+dTAG","RepR3","S14","MSR","other"
"2350","FJ24-FJ25.FJ24-FJ25.FJ24-FJ25::chrX:75653690-75658384",4515,4517,0,1,0,"-","G","+",0,0,"-",1,0,"CCGCC","XO_TS54","+dTAG","RepR3","S14","MSR","other"
"2351","FJ24-FJ25.FJ24-FJ25.FJ24-FJ25::chrX:75653690-75658384",4561,4563,1,1,1,"+","G","+",1,1,"-",0,0,"TCCGG","XO_TS54","+dTAG","RepR3","S14","MSR","other"
"2352","FJ24-FJ25.FJ24-FJ25::chr2:98661834-98663393",429,431,1,3,3,"-","G","+",0,0,"-",3,3,"ACGTT","XO_TS54","+dTAG","RepR3","S14","MSR","other"
"2353","FJ24-FJ25.FJ24-FJ25::chr2:98661834-98663393",445,447,1,3,3,"-","G","+",0,0,"-",3,3,"TCGTC","XO_TS54","+dTAG","RepR3","S14","MSR","other"
"2354","FJ24-FJ25.FJ24-FJ25::chr2:98661834-98663393",460,462,1,3,3,"-","G","+",0,0,"-",3,3,"TCGTC","XO_TS54","+dTAG","RepR3","S14","MSR","other"
"2355","FJ24-FJ25.FJ24-FJ25::chr2:98661834-98663393",515,517,1,5,5,"-","G","+",0,0,"-",5,5,"ACGTC","XO_TS54","+dTAG","RepR3","S14","MSR","other"
"2356","FJ24-FJ25.FJ24-FJ25::chr2:98661834-98663393",603,605,1,4,4,"-","G","+",0,0,"-",4,4,"CCGTG","XO_TS54","+dTAG","RepR3","S14","MSR","other"
"2357","FJ24-FJ25.FJ24-FJ25::chr2:98661834-98663393",841,843,1,1,1,"-","G","+",0,0,"-",1,1,"CCGTT","XO_TS54","+dTAG","RepR3","S14","MSR","other"
"2358","FJ24-FJ25.FJ24-FJ25::chr2:98661834-98663393",850,852,1,1,1,"-","G","+",0,0,"-",1,1,"ACGAA","XO_TS54","+dTAG","RepR3","S14","MSR","other"
"2359","FJ24-FJ25.FJ24-FJ25::chr2:98661834-98663393",1021,1023,0.977,171,167,"+","G","+",171,167,"-",0,0,"GACGT","XO_TS54","+dTAG","RepR3","S14","MSR","other"
"2360","FJ24-FJ25.FJ24-FJ25::chr2:98661834-98663393",1068,1070,1,2,2,"+","G","+",2,2,"-",0,0,"ATCGA","XO_TS54","+dTAG","RepR3","S14","MSR","other"
"2361","FJ24-FJ25.FJ24-FJ25::chr2:98661834-98663393",1076,1078,0.667,3,2,"+","G","+",3,2,"-",0,0,"GACGA","XO_TS54","+dTAG","RepR3","S14","MSR","other"
"2362","FJ24-FJ25.FJ24-FJ25::chr2:98661834-98663393",1091,1093,1,2,2,"+","G","+",2,2,"-",0,0,"GACGA","XO_TS54","+dTAG","RepR3","S14","MSR","other"
"2363","FJ24-FJ25.FJ24-FJ25::chr2:98661834-98663393",1107,1109,1,1,1,"+","G","+",1,1,"-",0,0,"TACGT","XO_TS54","+dTAG","RepR3","S14","MSR","other"
"2364","FJ24-FJ25::chr12:74803437-74804905",825,827,0,1,0,"-","G","+",0,0,"-",1,0,"ACGTT","XO_TS54","+dTAG","RepR3","S14","MSR","other"
"2365","FJ24-FJ25::chr14:19415282-19420102",457,459,1,13,13,"+","G","+",13,13,"-",0,0,"GGCGA","XO_TS54","+dTAG","RepR3","S14","MSR","other"
"2366","FJ24-FJ25::chr14:19415282-19420102",475,477,1,16,16,"+","G","+",16,16,"-",0,0,"CACGG","XO_TS54","+dTAG","RepR3","S14","MSR","other"
"2367","FJ24-FJ25::chr14:19415282-19420102",691,693,1,7,7,"+","G","+",7,7,"-",0,0,"GGCGA","XO_TS54","+dTAG","RepR3","S14","MSR","other"
"2368","FJ24-FJ25::chr14:19415282-19420102",709,711,1,10,10,"+","G","+",10,10,"-",0,0,"CACGG","XO_TS54","+dTAG","RepR3","S14","MSR","other"
"2369","FJ24-FJ25::chr14:19415282-19420102",1276,1278,1,5,5,"+","G","+",5,5,"-",0,0,"GGCGA","XO_TS54","+dTAG","RepR3","S14","MSR","other"
"2370","FJ24-FJ25::chr14:19415282-19420102",1294,1296,1,5,5,"+","G","+",5,5,"-",0,0,"CACGG","XO_TS54","+dTAG","RepR3","S14","MSR","other"
"2371","FJ24-FJ25::chr14:19415282-19420102",1509,1511,1,2,2,"+","G","+",2,2,"-",0,0,"GGCGA","XO_TS54","+dTAG","RepR3","S14","MSR","other"
"2372","FJ24-FJ25::chr14:19415282-19420102",1527,1529,1,2,2,"+","G","+",2,2,"-",0,0,"CTCGG","XO_TS54","+dTAG","RepR3","S14","MSR","other"
"2373","FJ24-FJ25::chr14:19415282-19420102",1671,1673,1,1,1,"+","G","+",1,1,"-",0,0,"GACGA","XO_TS54","+dTAG","RepR3","S14","MSR","other"
"2374","FJ24-FJ25::chr14:19415282-19420102",1686,1688,1,1,1,"+","G","+",1,1,"-",0,0,"GACGA","XO_TS54","+dTAG","RepR3","S14","MSR","other"
"2375","FJ24-FJ25::chr14:19415282-19420102",1861,1863,1,1,1,"+","G","+",1,1,"-",0,0,"GGCGA","XO_TS54","+dTAG","RepR3","S14","MSR","other"
"2376","FJ24-FJ25::chr14:19415282-19420102",2230,2232,1,3,3,"+","G","+",3,3,"-",0,0,"CACGG","XO_TS54","+dTAG","RepR3","S14","MSR","other"
"2377","FJ24-FJ25::chr14:19415282-19420102",2929,2931,0.682,22,15,"+","G","+",22,15,"-",0,0,"CACGG","XO_TS54","+dTAG","RepR3","S14","MSR","other"
"2378","FJ24-FJ25::chr14:19415282-19420102",3963,3965,1,1,1,"+","G","+",1,1,"-",0,0,"GGCGA","XO_TS54","+dTAG","RepR3","S14","MSR","other"
"2379","FJ24-FJ25::chr14:19415282-19420102",3981,3983,1,1,1,"+","G","+",1,1,"-",0,0,"CACGG","XO_TS54","+dTAG","RepR3","S14","MSR","other"
"2380","FJ24-FJ25::chr14:19415282-19420102",4332,4334,1,1,1,"+","G","+",1,1,"-",0,0,"CACGA","XO_TS54","+dTAG","RepR3","S14","MSR","other"
"2381","FJ24-FJ25::chr2:98666144-98667732",446,448,1,6,6,"-","G","+",0,0,"-",6,6,"ACGAC","XO_TS54","+dTAG","RepR3","S14","MSR","other"
"2382","FJ24-FJ25::chr2:98666144-98667732",461,463,0.857,7,6,"B","G","+",1,1,"-",6,5,"GACGA","XO_TS54","+dTAG","RepR3","S14","MSR","other"
"2383","FJ24-FJ25::chr2:98666144-98667732",477,479,1,7,7,"B","G","+",3,3,"-",4,4,"TACGT","XO_TS54","+dTAG","RepR3","S14","MSR","other"
"2384","FJ24-FJ25::chr2:98666144-98667732",537,539,0.909,11,10,"B","G","+",8,8,"-",3,2,"CACGG","XO_TS54","+dTAG","RepR3","S14","MSR","other"
"2385","FJ24-FJ25::chr2:98666144-98667732",625,627,0.979,47,46,"+","G","+",47,46,"-",0,0,"GACGT","XO_TS54","+dTAG","RepR3","S14","MSR","other"
"2386","FJ24-FJ25::chr2:98666144-98667732",680,682,0.914,35,32,"B","G","+",33,30,"-",2,2,"GACGA","XO_TS54","+dTAG","RepR3","S14","MSR","other"
"2387","FJ24-FJ25::chr2:98666144-98667732",695,697,0.906,32,29,"B","G","+",30,27,"-",2,2,"GACGA","XO_TS54","+dTAG","RepR3","S14","MSR","other"
"2388","FJ24-FJ25::chr2:98666144-98667732",711,713,0.767,30,23,"B","G","+",29,22,"-",1,1,"AACGT","XO_TS54","+dTAG","RepR3","S14","MSR","other"
"2389","FJ24-FJ25::chr2:98666144-98667732",753,755,1,7,7,"B","G","+",5,5,"-",2,2,"GGCGA","XO_TS54","+dTAG","RepR3","S14","MSR","other"
"2390","FJ24-FJ25::chr2:98666144-98667732",771,773,0.833,12,10,"B","G","+",10,8,"-",2,2,"CACGG","XO_TS54","+dTAG","RepR3","S14","MSR","other"
"2391","FJ24-FJ25::chr2:98666144-98667732",946,948,0.912,34,31,"B","G","+",29,27,"-",5,4,"GACGA","XO_TS54","+dTAG","RepR3","S14","MSR","other"
"2392","FJ24-FJ25::chr2:98666144-98667732",962,964,0.87,46,40,"B","G","+",42,36,"-",4,4,"AACGT","XO_TS54","+dTAG","RepR3","S14","MSR","other"
"2393","FJ24-FJ25::chr2:98666144-98667732",1004,1006,0.942,103,97,"B","G","+",98,92,"-",5,5,"GGCGA","XO_TS54","+dTAG","RepR3","S14","MSR","other"
"2394","FJ24-FJ25::chr2:98666144-98667732",1022,1024,0.933,104,97,"B","G","+",99,94,"-",5,3,"CACGG","XO_TS54","+dTAG","RepR3","S14","MSR","other"
"2395","FJ24-FJ25::chr2:98666144-98667732",1050,1052,1,2,2,"B","G","+",1,1,"-",1,1,"GACGT","XO_TS54","+dTAG","RepR3","S14","MSR","other"
"2396","FJ24-FJ25::chr2:98666144-98667732",1062,1064,0.75,4,3,"B","G","+",1,1,"-",3,2,"GGCGA","XO_TS54","+dTAG","RepR3","S14","MSR","other"
"2397","FJ24-FJ25::chr2:98666144-98667732",1110,1112,0.966,59,57,"+","G","+",59,57,"-",0,0,"GACGT","XO_TS54","+dTAG","RepR3","S14","MSR","other"
"2398","FJ24-FJ25::chr2:98666144-98667732",1165,1167,1,2,2,"+","G","+",2,2,"-",0,0,"GACGA","XO_TS54","+dTAG","RepR3","S14","MSR","other"
"2399","FJ24-FJ25::chr2:98666144-98667732",1180,1182,1,1,1,"+","G","+",1,1,"-",0,0,"GACGA","XO_TS54","+dTAG","RepR3","S14","MSR","other"
"2400","FJ24-FJ25::chr4:70377716-70378654",481,483,1,1,1,"+","G","+",1,1,"-",0,0,"CACGG","XO_TS54","+dTAG","RepR3","S14","MSR","other"
"2401","FJ24-FJ25::chr9:2999602-3038819",778,780,0.917,12,11,"-","G","+",0,0,"-",12,11,"CCGTG","XO_TS54","+dTAG","RepR3","S14","MSR","other"
"2402","FJ24-FJ25::chr9:2999602-3038819",796,798,1,8,8,"-","G","+",0,0,"-",8,8,"TCGAC","XO_TS54","+dTAG","RepR3","S14","MSR","other"
"2403","FJ24-FJ25::chr9:2999602-3038819",838,840,1,2,2,"+","G","+",2,2,"-",0,0,"CACGT","XO_TS54","+dTAG","RepR3","S14","MSR","other"
"2404","FJ24-FJ25::chr9:2999602-3038819",854,856,0.5,2,1,"+","G","+",2,1,"-",0,0,"TTCGT","XO_TS54","+dTAG","RepR3","S14","MSR","other"
"2405","FJ24-FJ25::chr9:2999602-3038819",866,868,0,1,0,"+","G","+",1,0,"-",0,0,"CACGT","XO_TS54","+dTAG","RepR3","S14","MSR","other"
"2406","FJ24-FJ25::chr9:2999602-3038819",869,871,1,2,2,"+","G","+",2,2,"-",0,0,"GTCGT","XO_TS54","+dTAG","RepR3","S14","MSR","other"
"2407","FJ24-FJ25::chr9:2999602-3038819",972,974,1,2,2,"-","G","+",0,0,"-",2,2,"TCGCC","XO_TS54","+dTAG","RepR3","S14","MSR","other"
"2408","FJ24-FJ25::chr9:2999602-3038819",984,986,1,1,1,"-","G","+",0,0,"-",1,1,"ACGTC","XO_TS54","+dTAG","RepR3","S14","MSR","other"
"2409","FJ24-FJ25::chr9:2999602-3038819",1012,1014,1,1,1,"-","G","+",0,0,"-",1,1,"CCGTG","XO_TS54","+dTAG","RepR3","S14","MSR","other"
"2410","FJ24-FJ25::chr9:2999602-3038819",1422,1424,1,2,2,"-","G","+",0,0,"-",2,2,"CCGTG","XO_TS54","+dTAG","RepR3","S14","MSR","other"
"2411","FJ24-FJ25::chr9:2999602-3038819",1440,1442,1,1,1,"-","G","+",0,0,"-",1,1,"TCGCC","XO_TS54","+dTAG","RepR3","S14","MSR","other"
"2412","FJ24-FJ25::chr9:2999602-3038819",1616,1618,1,1,1,"+","G","+",1,1,"-",0,0,"CTCGC","XO_TS54","+dTAG","RepR3","S14","MSR","other"
"2413","FJ24-FJ25::chr9:2999602-3038819",1674,1676,1,2,2,"-","G","+",0,0,"-",2,2,"TCGCC","XO_TS54","+dTAG","RepR3","S14","MSR","other"
"2414","FJ24-FJ25::chr9:2999602-3038819",1890,1892,0.333,3,1,"-","G","+",0,0,"-",3,1,"CCGTG","XO_TS54","+dTAG","RepR3","S14","MSR","other"
"2415","FJ24-FJ25::chr9:2999602-3038819",1908,1910,1,3,3,"-","G","+",0,0,"-",3,3,"TCGCC","XO_TS54","+dTAG","RepR3","S14","MSR","other"
"2416","FJ24-FJ25::chr9:2999602-3038819",2123,2125,0.5,2,1,"-","G","+",0,0,"-",2,1,"CCGTG","XO_TS54","+dTAG","RepR3","S14","MSR","other"
"2417","FJ24-FJ25::chr9:2999602-3038819",2141,2143,1,1,1,"-","G","+",0,0,"-",1,1,"TCGCC","XO_TS54","+dTAG","RepR3","S14","MSR","other"
"2418","FJ24-FJ25::chr9:2999602-3038819",2609,2611,1,1,1,"-","G","+",0,0,"-",1,1,"TCGCC","XO_TS54","+dTAG","RepR3","S14","MSR","other"
"2419","FJ24-FJ25::chr9:2999602-3038819",3175,3177,1,2,2,"-","G","+",0,0,"-",2,2,"CCGTG","XO_TS54","+dTAG","RepR3","S14","MSR","other"
"2420","FJ24-FJ25::chr9:2999602-3038819",3408,3410,1,1,1,"-","G","+",0,0,"-",1,1,"CCGTG","XO_TS54","+dTAG","RepR3","S14","MSR","other"
"2421","FJ24-FJ25::chr9:2999602-3038819",3426,3428,1,1,1,"-","G","+",0,0,"-",1,1,"TCGCC","XO_TS54","+dTAG","RepR3","S14","MSR","other"
"2422","FJ24-FJ25::chr9:2999602-3038819",3836,3838,1,2,2,"-","G","+",0,0,"-",2,2,"TCGCC","XO_TS54","+dTAG","RepR3","S14","MSR","other"
"2423","FJ24-FJ25::chr9:2999602-3038819",4520,4522,0.845,103,87,"-","G","+",0,0,"-",103,87,"CCGTG","XO_TS54","+dTAG","RepR3","S14","MSR","other"
"2424","FJ24-FJ25::chr9:2999602-3038819",4580,4582,1,4,4,"B","G","+",3,3,"-",1,1,"CACGT","XO_TS54","+dTAG","RepR3","S14","MSR","other"
"2425","FJ24-FJ25::chr9:2999602-3038819",4596,4598,1,4,4,"B","G","+",3,3,"-",1,1,"TTCGT","XO_TS54","+dTAG","RepR3","S14","MSR","other"
"2426","FJ24-FJ25::chr9:2999602-3038819",4611,4613,1,4,4,"B","G","+",3,3,"-",1,1,"GTCGT","XO_TS54","+dTAG","RepR3","S14","MSR","other"
"2427","FJ24-FJ25::chr9:2999602-3038819",4654,4656,0,1,0,"+","G","+",1,0,"-",0,0,"CTCGC","XO_TS54","+dTAG","RepR3","S14","MSR","other"
"2428","FJ24-FJ25::chr9:2999602-3038819",4754,4756,1,1,1,"-","G","+",0,0,"-",1,1,"CCGTG","XO_TS54","+dTAG","RepR3","S14","MSR","other"
"2429","FJ24-FJ25::chr9:2999602-3038819",4814,4816,1,1,1,"-","G","+",0,0,"-",1,1,"ACGTT","XO_TS54","+dTAG","RepR3","S14","MSR","other"
"2430","FJ24-FJ25::chr9:2999602-3038819",4844,4846,1,1,1,"-","G","+",0,0,"-",1,1,"TCGTC","XO_TS54","+dTAG","RepR3","S14","MSR","other"
"2431","FJ24-FJ25::chr9:2999602-3038819",4987,4989,1,4,4,"-","G","+",0,0,"-",4,4,"CCGTG","XO_TS54","+dTAG","RepR3","S14","MSR","other"
"2432","FJ24-FJ25::chr9:2999602-3038819",5005,5007,0.5,4,2,"-","G","+",0,0,"-",4,2,"TCGCC","XO_TS54","+dTAG","RepR3","S14","MSR","other"
"2433","FJ24-FJ25::chr9:2999602-3038819",5047,5049,1,2,2,"-","G","+",0,0,"-",2,2,"ACGTT","XO_TS54","+dTAG","RepR3","S14","MSR","other"
"2434","FJ24-FJ25::chr9:2999602-3038819",5063,5065,1,2,2,"-","G","+",0,0,"-",2,2,"TCGTC","XO_TS54","+dTAG","RepR3","S14","MSR","other"
"2435","FJ24-FJ25::chr9:2999602-3038819",5078,5080,1,2,2,"-","G","+",0,0,"-",2,2,"TCGTC","XO_TS54","+dTAG","RepR3","S14","MSR","other"
"2436","FJ24-FJ25::chr9:2999602-3038819",5707,5709,1,2,2,"-","G","+",0,0,"-",2,2,"TCGCA","XO_TS54","+dTAG","RepR3","S14","MSR","other"
"2437","FJ24-FJ25::chr9:2999602-3038819",6098,6100,1,1,1,"-","G","+",0,0,"-",1,1,"CCGTG","XO_TS54","+dTAG","RepR3","S14","MSR","other"
"2438","FJ24-FJ25::chr9:2999602-3038819",6116,6118,1,1,1,"-","G","+",0,0,"-",1,1,"TCGCC","XO_TS54","+dTAG","RepR3","S14","MSR","other"
"2439","FJ24-FJ25::chr9:2999602-3038819",6508,6510,1,2,2,"-","G","+",0,0,"-",2,2,"CCGTG","XO_TS54","+dTAG","RepR3","S14","MSR","other"
"2440","FJ24-FJ25::chr9:2999602-3038819",6526,6528,1,2,2,"-","G","+",0,0,"-",2,2,"TCGCC","XO_TS54","+dTAG","RepR3","S14","MSR","other"
"2441","FJ24-FJ25::chr9:2999602-3038819",6760,6762,1,4,4,"-","G","+",0,0,"-",4,4,"TCGCC","XO_TS54","+dTAG","RepR3","S14","MSR","other"
"2442","FJ24-FJ25::chr9:2999602-3038819",7209,7211,0.926,94,87,"-","G","+",0,0,"-",94,87,"CCGTG","XO_TS54","+dTAG","RepR3","S14","MSR","other"
"2443","FJ24-FJ25::chr9:2999602-3038819",7227,7229,0.926,95,88,"-","G","+",0,0,"-",95,88,"TCGCC","XO_TS54","+dTAG","RepR3","S14","MSR","other"
"2444","FJ24-FJ25::chr9:2999602-3038819",7269,7271,1,1,1,"-","G","+",0,0,"-",1,1,"ACGTT","XO_TS54","+dTAG","RepR3","S14","MSR","other"
"2445","FJ24-FJ25::chr9:2999602-3038819",7698,7700,0.818,11,9,"-","G","+",0,0,"-",11,9,"TCGCC","XO_TS54","+dTAG","RepR3","S14","MSR","other"
"2446","FJ24-FJ25::chr9:2999602-3038819",7799,7801,1,5,5,"-","G","+",0,0,"-",5,5,"CCGTG","XO_TS54","+dTAG","RepR3","S14","MSR","other"
"2447","FJ24-FJ25::chr9:2999602-3038819",7817,7819,1,5,5,"-","G","+",0,0,"-",5,5,"TCGCC","XO_TS54","+dTAG","RepR3","S14","MSR","other"
"2448","FJ24-FJ25::chr9:2999602-3038819",8032,8034,1,9,9,"-","G","+",0,0,"-",9,9,"CCGTG","XO_TS54","+dTAG","RepR3","S14","MSR","other"
"2449","FJ24-FJ25::chr9:2999602-3038819",8050,8052,0.6,5,3,"-","G","+",0,0,"-",5,3,"TCGCC","XO_TS54","+dTAG","RepR3","S14","MSR","other"
"2450","FJ24-FJ25::chr9:2999602-3038819",8517,8519,1,2,2,"-","G","+",0,0,"-",2,2,"TCGCC","XO_TS54","+dTAG","RepR3","S14","MSR","other"
"2451","FJ24-FJ25::chr9:2999602-3038819",8909,8911,0.81,63,51,"-","G","+",0,0,"-",63,51,"CCGTG","XO_TS54","+dTAG","RepR3","S14","MSR","other"
"2452","FJ24-FJ25::chr9:2999602-3038819",8985,8987,0,1,0,"-","G","+",0,0,"-",1,0,"TCGTC","XO_TS54","+dTAG","RepR3","S14","MSR","other"
"2453","FJ24-FJ25::chr9:2999602-3038819",9629,9631,1,1,1,"-","G","+",0,0,"-",1,1,"TCGGT","XO_TS54","+dTAG","RepR3","S14","MSR","other"
"2454","FJ24-FJ25::chr9:2999602-3038819",9883,9885,0.875,8,7,"-","G","+",0,0,"-",8,7,"TCGCC","XO_TS54","+dTAG","RepR3","S14","MSR","other"
"2455","FJ24-FJ25::chr9:2999602-3038819",9984,9986,1,5,5,"-","G","+",0,0,"-",5,5,"CCGTG","XO_TS54","+dTAG","RepR3","S14","MSR","other"
"2456","FJ24-FJ25::chr9:2999602-3038819",10002,10004,0.8,5,4,"-","G","+",0,0,"-",5,4,"TCGCC","XO_TS54","+dTAG","RepR3","S14","MSR","other"
"2457","FJ24-FJ25::chr9:2999602-3038819",10217,10219,0.952,42,40,"-","G","+",0,0,"-",42,40,"CCGTG","XO_TS54","+dTAG","RepR3","S14","MSR","other"
"2458","FJ24-FJ25::chr9:2999602-3038819",10451,10453,1,6,6,"-","G","+",0,0,"-",6,6,"CCGTG","XO_TS54","+dTAG","RepR3","S14","MSR","other"
"2459","FJ24-FJ25::chr9:2999602-3038819",10469,10471,1,6,6,"-","G","+",0,0,"-",6,6,"TCGCC","XO_TS54","+dTAG","RepR3","S14","MSR","other"
"2460","FJ24-FJ25::chr9:2999602-3038819",11327,11329,1,58,58,"-","G","+",0,0,"-",58,58,"CCGTG","XO_TS54","+dTAG","RepR3","S14","MSR","other"
"2461","FJ24-FJ25::chr9:2999602-3038819",11970,11972,1,6,6,"-","G","+",0,0,"-",6,6,"CCGTG","XO_TS54","+dTAG","RepR3","S14","MSR","other"
"2462","FJ24-FJ25::chr9:2999602-3038819",11988,11990,1,5,5,"-","G","+",0,0,"-",5,5,"TCGCC","XO_TS54","+dTAG","RepR3","S14","MSR","other"
"2463","FJ24-FJ25::chr9:2999602-3038819",13175,13177,1,1,1,"-","G","+",0,0,"-",1,1,"TCGTC","XO_TS54","+dTAG","RepR3","S14","MSR","other"
"2464","FJ24-FJ25::chr9:2999602-3038819",13336,13338,1,10,10,"-","G","+",0,0,"-",10,10,"TCGCC","XO_TS54","+dTAG","RepR3","S14","MSR","other"
"2465","FJ24-FJ25::chr9:2999602-3038819",13437,13439,1,4,4,"-","G","+",0,0,"-",4,4,"CCGTG","XO_TS54","+dTAG","RepR3","S14","MSR","other"
"2466","FJ24-FJ25::chr9:2999602-3038819",13455,13457,1,3,3,"-","G","+",0,0,"-",3,3,"TCGCC","XO_TS54","+dTAG","RepR3","S14","MSR","other"
"2467","FJ24-FJ25::chr9:2999602-3038819",13670,13672,0.814,43,35,"-","G","+",0,0,"-",43,35,"CCGTG","XO_TS54","+dTAG","RepR3","S14","MSR","other"
"2468","FJ24-FJ25::chr9:2999602-3038819",13904,13906,1,8,8,"-","G","+",0,0,"-",8,8,"CCGTG","XO_TS54","+dTAG","RepR3","S14","MSR","other"
"2469","FJ24-FJ25::chr9:2999602-3038819",13922,13924,1,5,5,"-","G","+",0,0,"-",5,5,"TCGCC","XO_TS54","+dTAG","RepR3","S14","MSR","other"
"2470","FJ24-FJ25::chr9:2999602-3038819",14623,14625,1,1,1,"-","G","+",0,0,"-",1,1,"TCGCC","XO_TS54","+dTAG","RepR3","S14","MSR","other"
"2471","FJ24-FJ25::chr9:2999602-3038819",16593,16595,1,4,4,"-","G","+",0,0,"-",4,4,"CCGTG","XO_TS54","+dTAG","RepR3","S14","MSR","other"
"2472","FJ24-FJ25::chr9:2999602-3038819",17471,17473,0.883,94,83,"-","G","+",0,0,"-",94,83,"CCGTG","XO_TS54","+dTAG","RepR3","S14","MSR","other"
"2473","FJ24-FJ25::chr9:2999602-3038819",17531,17533,1,6,6,"B","G","+",2,2,"-",4,4,"CACGT","XO_TS54","+dTAG","RepR3","S14","MSR","other"
"2474","FJ24-FJ25::chr9:2999602-3038819",17547,17549,1,6,6,"B","G","+",2,2,"-",4,4,"TTCGT","XO_TS54","+dTAG","RepR3","S14","MSR","other"
"2475","FJ24-FJ25::chr9:2999602-3038819",17562,17564,1,4,4,"B","G","+",2,2,"-",2,2,"GTCGT","XO_TS54","+dTAG","RepR3","S14","MSR","other"
"2476","FJ24-FJ25::chr9:2999602-3038819",17705,17707,1,3,3,"-","G","+",0,0,"-",3,3,"CCGTG","XO_TS54","+dTAG","RepR3","S14","MSR","other"
"2477","FJ24-FJ25::chr9:2999602-3038819",17956,17958,1,4,4,"-","G","+",0,0,"-",4,4,"TCGCC","XO_TS54","+dTAG","RepR3","S14","MSR","other"
"2478","FJ24-FJ25::chr9:2999602-3038819",18348,18350,0.902,102,92,"-","G","+",0,0,"-",102,92,"CCGTG","XO_TS54","+dTAG","RepR3","S14","MSR","other"
"2479","FJ24-FJ25::chr9:2999602-3038819",18408,18410,1,4,4,"B","G","+",1,1,"-",3,3,"CACGT","XO_TS54","+dTAG","RepR3","S14","MSR","other"
"2480","FJ24-FJ25::chr9:2999602-3038819",18424,18426,1,4,4,"B","G","+",1,1,"-",3,3,"TTCGT","XO_TS54","+dTAG","RepR3","S14","MSR","other"
"2481","FJ24-FJ25::chr9:2999602-3038819",18439,18441,1,4,4,"B","G","+",1,1,"-",3,3,"GTCGT","XO_TS54","+dTAG","RepR3","S14","MSR","other"
"2482","FJ24-FJ25::chr9:2999602-3038819",18582,18584,0.6,5,3,"-","G","+",0,0,"-",5,3,"CCGTG","XO_TS54","+dTAG","RepR3","S14","MSR","other"
"2483","FJ24-FJ25::chr9:2999602-3038819",18727,18729,1,1,1,"-","G","+",0,0,"-",1,1,"ACGTC","XO_TS54","+dTAG","RepR3","S14","MSR","other"
"2484","FJ24-FJ25::chr9:2999602-3038819",18815,18817,1,2,2,"-","G","+",0,0,"-",2,2,"CCGTG","XO_TS54","+dTAG","RepR3","S14","MSR","other"
"2485","FJ24-FJ25::chr9:2999602-3038819",18833,18835,1,1,1,"-","G","+",0,0,"-",1,1,"TCGCA","XO_TS54","+dTAG","RepR3","S14","MSR","other"
"2486","FJ24-FJ25::chr9:2999602-3038819",19009,19011,1,2,2,"B","G","+",1,1,"-",1,1,"CTCGC","XO_TS54","+dTAG","RepR3","S14","MSR","other"
"2487","FJ24-FJ25::chr9:2999602-3038819",19021,19023,1,2,2,"B","G","+",1,1,"-",1,1,"CACGT","XO_TS54","+dTAG","RepR3","S14","MSR","other"
"2488","FJ24-FJ25::chr9:2999602-3038819",19049,19051,0.817,104,85,"B","G","+",1,1,"-",103,84,"TCCGT","XO_TS54","+dTAG","RepR3","S14","MSR","other"
"2489","FJ24-FJ25::chr9:2999602-3038819",19109,19111,1,1,1,"+","G","+",1,1,"-",0,0,"CACGT","XO_TS54","+dTAG","RepR3","S14","MSR","other"
"2490","FJ24-FJ25::chr9:2999602-3038819",20685,20687,1,7,7,"-","G","+",0,0,"-",7,7,"CCGTG","XO_TS54","+dTAG","RepR3","S14","MSR","other"
"2491","FJ24-FJ25::chr9:2999602-3038819",20703,20705,1,3,3,"-","G","+",0,0,"-",3,3,"TCGCC","XO_TS54","+dTAG","RepR3","S14","MSR","other"
"2492","FJ24-FJ25::chr9:2999602-3038819",20918,20920,0.883,77,68,"-","G","+",0,0,"-",77,68,"CCGTG","XO_TS54","+dTAG","RepR3","S14","MSR","other"
"2493","FJ24-FJ25::chr9:2999602-3038819",20936,20938,0.95,80,76,"-","G","+",0,0,"-",80,76,"TCGCC","XO_TS54","+dTAG","RepR3","S14","MSR","other"
"2494","FJ24-FJ25::chr9:2999602-3038819",20978,20980,1,1,1,"-","G","+",0,0,"-",1,1,"ACGTT","XO_TS54","+dTAG","RepR3","S14","MSR","other"
"2495","FJ24-FJ25::chr9:2999602-3038819",20994,20996,1,2,2,"-","G","+",0,0,"-",2,2,"TCGTC","XO_TS54","+dTAG","RepR3","S14","MSR","other"
"2496","FJ24-FJ25::chr9:2999602-3038819",21228,21230,1,1,1,"-","G","+",0,0,"-",1,1,"TCGTC","XO_TS54","+dTAG","RepR3","S14","MSR","other"
"2497","FJ24-FJ25::chr9:2999602-3038819",21243,21245,1,5,5,"-","G","+",0,0,"-",5,5,"TCGTC","XO_TS54","+dTAG","RepR3","S14","MSR","other"
"2498","FJ24-FJ25::chr9:2999602-3038819",21404,21406,1,4,4,"-","G","+",0,0,"-",4,4,"TCGCC","XO_TS54","+dTAG","RepR3","S14","MSR","other"
"2499","FJ24-FJ25::chr9:2999602-3038819",21446,21448,1,1,1,"-","G","+",0,0,"-",1,1,"ACGTT","XO_TS54","+dTAG","RepR3","S14","MSR","other"
"2500","FJ24-FJ25::chr9:2999602-3038819",21462,21464,1,1,1,"-","G","+",0,0,"-",1,1,"TCGTC","XO_TS54","+dTAG","RepR3","S14","MSR","other"
"2501","FJ24-FJ25::chr9:2999602-3038819",21620,21622,1,7,7,"-","G","+",0,0,"-",7,7,"CCGTG","XO_TS54","+dTAG","RepR3","S14","MSR","other"
"2502","FJ24-FJ25::chr9:2999602-3038819",22106,22108,1,2,2,"-","G","+",0,0,"-",2,2,"TCGCC","XO_TS54","+dTAG","RepR3","S14","MSR","other"
"2503","FJ24-FJ25::chr9:2999602-3038819",22281,22283,1,1,1,"-","G","+",0,0,"-",1,1,"TCGCC","XO_TS54","+dTAG","RepR3","S14","MSR","other"
"2504","FJ24-FJ25::chr9:2999602-3038819",22498,22500,0.967,120,116,"-","G","+",0,0,"-",120,116,"CCGTG","XO_TS54","+dTAG","RepR3","S14","MSR","other"
"2505","FJ24-FJ25::chr9:2999602-3038819",22558,22560,1,2,2,"-","G","+",0,0,"-",2,2,"ACGTT","XO_TS54","+dTAG","RepR3","S14","MSR","other"
"2506","FJ24-FJ25::chr9:2999602-3038819",22574,22576,1,2,2,"-","G","+",0,0,"-",2,2,"TCGTC","XO_TS54","+dTAG","RepR3","S14","MSR","other"
"2507","FJ24-FJ25::chr9:2999602-3038819",22589,22591,0.333,3,1,"-","G","+",0,0,"-",3,1,"TCGTC","XO_TS54","+dTAG","RepR3","S14","MSR","other"
"2508","FJ24-FJ25::chr9:2999602-3038819",22732,22734,1,1,1,"-","G","+",0,0,"-",1,1,"CCGTG","XO_TS54","+dTAG","RepR3","S14","MSR","other"
"2509","FJ24-FJ25::chr9:2999602-3038819",22877,22879,1,4,4,"-","G","+",0,0,"-",4,4,"ACGTC","XO_TS54","+dTAG","RepR3","S14","MSR","other"
"2510","FJ24-FJ25::chr9:2999602-3038819",22965,22967,0.883,60,53,"-","G","+",0,0,"-",60,53,"CCGTG","XO_TS54","+dTAG","RepR3","S14","MSR","other"
"2511","FJ24-FJ25::chr9:2999602-3038819",23843,23845,0.6,5,3,"-","G","+",0,0,"-",5,3,"CCGTG","XO_TS54","+dTAG","RepR3","S14","MSR","other"
"2512","FJ24-FJ25::chr9:2999602-3038819",23934,23936,1,1,1,"-","G","+",0,0,"-",1,1,"TCGTC","XO_TS54","+dTAG","RepR3","S14","MSR","other"
"2513","FJ24-FJ25::chr9:2999602-3038819",24077,24079,0.733,101,74,"-","G","+",0,0,"-",101,74,"CCGTG","XO_TS54","+dTAG","RepR3","S14","MSR","other"
"2514","FJ24-FJ25::chr9:2999602-3038819",24311,24313,1,16,16,"-","G","+",0,0,"-",16,16,"CCGTG","XO_TS54","+dTAG","RepR3","S14","MSR","other"
"2515","FJ24-FJ25::chr9:2999602-3038819",24329,24331,1,12,12,"-","G","+",0,0,"-",12,12,"TCGCC","XO_TS54","+dTAG","RepR3","S14","MSR","other"
"2516","FJ24-FJ25::chr9:2999602-3038819",24544,24546,0.972,107,104,"-","G","+",0,0,"-",107,104,"CCGTG","XO_TS54","+dTAG","RepR3","S14","MSR","other"
"2517","FJ24-FJ25::chr9:2999602-3038819",24562,24564,0.936,109,102,"-","G","+",0,0,"-",109,102,"TCGCC","XO_TS54","+dTAG","RepR3","S14","MSR","other"
"2518","FJ24-FJ25::chr9:2999602-3038819",24778,24780,1,1,1,"+","G","+",1,1,"-",0,0,"TCCGT","XO_TS54","+dTAG","RepR3","S14","MSR","other"
"2519","FJ24-FJ25::chr9:2999602-3038819",24796,24798,1,2,2,"+","G","+",2,2,"-",0,0,"CTCGC","XO_TS54","+dTAG","RepR3","S14","MSR","other"
"2520","FJ24-FJ25::chr9:2999602-3038819",24838,24840,1,7,7,"B","G","+",4,4,"-",3,3,"CACGT","XO_TS54","+dTAG","RepR3","S14","MSR","other"
"2521","FJ24-FJ25::chr9:2999602-3038819",24854,24856,1,6,6,"B","G","+",3,3,"-",3,3,"TTCGT","XO_TS54","+dTAG","RepR3","S14","MSR","other"
"2522","FJ24-FJ25::chr9:2999602-3038819",24869,24871,1,7,7,"B","G","+",4,4,"-",3,3,"GTCGT","XO_TS54","+dTAG","RepR3","S14","MSR","other"
"2523","FJ24-FJ25::chr9:2999602-3038819",24972,24974,1,1,1,"+","G","+",1,1,"-",0,0,"CTCGC","XO_TS54","+dTAG","RepR3","S14","MSR","other"
"2524","FJ24-FJ25::chr9:2999602-3038819",24984,24986,1,1,1,"+","G","+",1,1,"-",0,0,"CACGT","XO_TS54","+dTAG","RepR3","S14","MSR","other"
"2525","FJ24-FJ25::chr9:2999602-3038819",25012,25014,0.712,104,74,"B","G","+",1,0,"-",103,74,"TCCGT","XO_TS54","+dTAG","RepR3","S14","MSR","other"
"2526","FJ24-FJ25::chr9:2999602-3038819",25246,25248,0.8,10,8,"-","G","+",0,0,"-",10,8,"CCGTG","XO_TS54","+dTAG","RepR3","S14","MSR","other"
"2527","FJ24-FJ25::chr9:2999602-3038819",25264,25266,1,7,7,"-","G","+",0,0,"-",7,7,"TCGCC","XO_TS54","+dTAG","RepR3","S14","MSR","other"
"2528","FJ24-FJ25::chr9:2999602-3038819",25479,25481,1,2,2,"-","G","+",0,0,"-",2,2,"CCGTG","XO_TS54","+dTAG","RepR3","S14","MSR","other"
"2529","FJ24-FJ25::chr9:2999602-3038819",25497,25499,1,2,2,"-","G","+",0,0,"-",2,2,"TCGCC","XO_TS54","+dTAG","RepR3","S14","MSR","other"
"2530","FJ24-FJ25::chr9:2999602-3038819",25946,25948,0.946,112,106,"-","G","+",0,0,"-",112,106,"CCGTG","XO_TS54","+dTAG","RepR3","S14","MSR","other"
"2531","FJ24-FJ25::chr9:2999602-3038819",25964,25966,0.858,113,97,"-","G","+",0,0,"-",113,97,"TCGCC","XO_TS54","+dTAG","RepR3","S14","MSR","other"
"2532","FJ24-FJ25::chr9:2999602-3038819",26414,26416,1,2,2,"-","G","+",0,0,"-",2,2,"CCGTG","XO_TS54","+dTAG","RepR3","S14","MSR","other"
"2533","FJ24-FJ25::chr9:2999602-3038819",27117,27119,1,3,3,"-","G","+",0,0,"-",3,3,"TCGTT","XO_TS54","+dTAG","RepR3","S14","MSR","other"
"2534","FJ24-FJ25::chr9:2999602-3038819",28053,28055,0.667,6,4,"-","G","+",0,0,"-",6,4,"CCGTG","XO_TS54","+dTAG","RepR3","S14","MSR","other"
"2535","FJ24-FJ25::chr9:2999602-3038819",28287,28289,1,2,2,"-","G","+",0,0,"-",2,2,"CCGTG","XO_TS54","+dTAG","RepR3","S14","MSR","other"
"2536","FJ24-FJ25::chr9:2999602-3038819",28521,28523,0.917,84,77,"-","G","+",0,0,"-",84,77,"CCGTG","XO_TS54","+dTAG","RepR3","S14","MSR","other"
"2537","FJ24-FJ25::chr9:2999602-3038819",28755,28757,1,2,2,"-","G","+",0,0,"-",2,2,"TCGTT","XO_TS54","+dTAG","RepR3","S14","MSR","other"
"2538","FJ24-FJ25::chr9:2999602-3038819",28949,28951,1,1,1,"+","G","+",1,1,"-",0,0,"CTCGC","XO_TS54","+dTAG","RepR3","S14","MSR","other"
"2539","FJ24-FJ25::chr9:2999602-3038819",28961,28963,1,1,1,"+","G","+",1,1,"-",0,0,"CACGT","XO_TS54","+dTAG","RepR3","S14","MSR","other"
"2540","FJ24-FJ25::chr9:2999602-3038819",29223,29225,0.96,101,97,"-","G","+",0,0,"-",101,97,"CCGTG","XO_TS54","+dTAG","RepR3","S14","MSR","other"
"2541","FJ24-FJ25::chr9:2999602-3038819",29429,29431,1,1,1,"-","G","+",0,0,"-",1,1,"ACGTC","XO_TS54","+dTAG","RepR3","S14","MSR","other"
"2542","FJ24-FJ25::chr9:2999602-3038819",30395,30397,1,2,2,"-","G","+",0,0,"-",2,2,"TCGTT","XO_TS54","+dTAG","RepR3","S14","MSR","other"
"2543","FJ24-FJ25::chr9:2999602-3038819",31058,31060,1,1,1,"+","G","+",1,1,"-",0,0,"CTCGC","XO_TS54","+dTAG","RepR3","S14","MSR","other"
"2544","FJ24-FJ25::chr9:2999602-3038819",31070,31072,1,1,1,"+","G","+",1,1,"-",0,0,"CACGT","XO_TS54","+dTAG","RepR3","S14","MSR","other"
"2545","FJ24-FJ25::chr9:2999602-3038819",31098,31100,0.778,9,7,"B","G","+",1,1,"-",8,6,"TCCGT","XO_TS54","+dTAG","RepR3","S14","MSR","other"
"2546","FJ24-FJ25::chr9:2999602-3038819",31292,31294,1,1,1,"+","G","+",1,1,"-",0,0,"CTCGC","XO_TS54","+dTAG","RepR3","S14","MSR","other"
"2547","FJ24-FJ25::chr9:2999602-3038819",31304,31306,1,1,1,"+","G","+",1,1,"-",0,0,"CACGT","XO_TS54","+dTAG","RepR3","S14","MSR","other"
"2548","FJ24-FJ25::chr9:2999602-3038819",31679,31681,0.753,93,70,"-","G","+",0,0,"-",93,70,"CCGTG","XO_TS54","+dTAG","RepR3","S14","MSR","other"
"2549","FJ24-FJ25::chr9:2999602-3038819",32615,32617,1,2,2,"-","G","+",0,0,"-",2,2,"CCGTG","XO_TS54","+dTAG","RepR3","S14","MSR","other"
"2550","FJ24-FJ25::chr9:2999602-3038819",32821,32823,0,1,0,"+","G","+",1,0,"-",0,0,"CACGT","XO_TS54","+dTAG","RepR3","S14","MSR","other"
"2551","FJ24-FJ25::chr9:2999602-3038819",32849,32851,0.867,15,13,"B","G","+",1,1,"-",14,12,"TCCGT","XO_TS54","+dTAG","RepR3","S14","MSR","other"
"2552","FJ24-FJ25::chr9:2999602-3038819",32867,32869,1,13,13,"-","G","+",0,0,"-",13,13,"TCGCC","XO_TS54","+dTAG","RepR3","S14","MSR","other"
"2553","FJ24-FJ25::chr9:2999602-3038819",33317,33319,1,4,4,"-","G","+",0,0,"-",4,4,"CCGTG","XO_TS54","+dTAG","RepR3","S14","MSR","other"
"2554","FJ24-FJ25::chr9:2999602-3038819",33335,33337,1,1,1,"-","G","+",0,0,"-",1,1,"TCGCC","XO_TS54","+dTAG","RepR3","S14","MSR","other"
"2555","FJ24-FJ25::chr9:2999602-3038819",33976,33978,1,2,2,"-","G","+",0,0,"-",2,2,"TCGCT","XO_TS54","+dTAG","RepR3","S14","MSR","other"
"2556","FJ24-FJ25::chr9:2999602-3038819",34193,34195,0.949,39,37,"-","G","+",0,0,"-",39,37,"CCGTG","XO_TS54","+dTAG","RepR3","S14","MSR","other"
"2557","FJ24-FJ25::chr9:2999602-3038819",34895,34897,0.667,6,4,"-","G","+",0,0,"-",6,4,"CCGTG","XO_TS54","+dTAG","RepR3","S14","MSR","other"
"2558","FJ24-FJ25::chr9:2999602-3038819",35381,35383,1,2,2,"-","G","+",0,0,"-",2,2,"TCGCC","XO_TS54","+dTAG","RepR3","S14","MSR","other"
"2559","FJ24-FJ25::chr9:2999602-3038819",35597,35599,0.592,103,61,"-","G","+",0,0,"-",103,61,"CCGTG","XO_TS54","+dTAG","RepR3","S14","MSR","other"
"2560","FJ24-FJ25::chr9:2999602-3038819",36299,36301,1,3,3,"-","G","+",0,0,"-",3,3,"CCGTG","XO_TS54","+dTAG","RepR3","S14","MSR","other"
"2561","FJ24-FJ25::chr9:2999602-3038819",36475,36477,1,7,7,"-","G","+",0,0,"-",7,7,"CCGTG","XO_TS54","+dTAG","RepR3","S14","MSR","other"
"2562","FJ24-FJ25::chr9:2999602-3038819",36493,36495,1,2,2,"-","G","+",0,0,"-",2,2,"TCGCC","XO_TS54","+dTAG","RepR3","S14","MSR","other"
"2563","FJ24-FJ25::chr9:2999602-3038819",37641,37643,0.714,7,5,"-","G","+",0,0,"-",7,5,"CCGTG","XO_TS54","+dTAG","RepR3","S14","MSR","other"
"2564","FJ24-FJ25::chr9:2999602-3038819",37659,37661,1,6,6,"-","G","+",0,0,"-",6,6,"TCGCC","XO_TS54","+dTAG","RepR3","S14","MSR","other"
"2565","FJ24-FJ25::chr9:2999602-3038819",38343,38345,1,9,9,"-","G","+",0,0,"-",9,9,"CCGTG","XO_TS54","+dTAG","RepR3","S14","MSR","other"
"2566","FJ24-FJ25::chr9:2999602-3038819",38361,38363,0.778,9,7,"-","G","+",0,0,"-",9,7,"TCGCC","XO_TS54","+dTAG","RepR3","S14","MSR","other"
"2567","FJ24-FJ25::chr9:35304805-35306009",436,438,1,1,1,"+","G","+",1,1,"-",0,0,"TGCGA","XO_TS54","+dTAG","RepR3","S14","MSR","other"
"2568","FJ24-FJ25::chr9:35304805-35306009",454,456,1,2,2,"+","G","+",2,2,"-",0,0,"CACGG","XO_TS54","+dTAG","RepR3","S14","MSR","other"
"2569","FJ24-FJ25::chr9:35304805-35306009",612,614,1,4,4,"+","G","+",4,4,"-",0,0,"GACGA","XO_TS54","+dTAG","RepR3","S14","MSR","other"
"2570","FJ24-FJ25::chr9:35304805-35306009",628,630,0.8,5,4,"+","G","+",5,4,"-",0,0,"AACGT","XO_TS54","+dTAG","RepR3","S14","MSR","other"
"2571","FJ24-FJ25::chr9:35304805-35306009",688,690,0.92,25,23,"+","G","+",25,23,"-",0,0,"CACGG","XO_TS54","+dTAG","RepR3","S14","MSR","other"
"2572","FJ24-FJ25::chr9:35304805-35306009",776,778,1,2,2,"+","G","+",2,2,"-",0,0,"GACGT","XO_TS54","+dTAG","RepR3","S14","MSR","other"
"2573","FJ24-FJ25::chrX:75643946-75646608",2448,2450,1,2,2,"-","G","+",0,0,"-",2,2,"CCGGG","XO_TS54","+dTAG","RepR3","S14","MSR","other"
"2574","FJ24-FJ25::chrX:75643946-75646608",2589,2591,0,1,0,"-","G","+",0,0,"-",1,0,"TCGGT","XO_TS54","+dTAG","RepR3","S14","MSR","other"
"2575","FJ28-FJ29.FJ26-FJ27::chrX:103482701-103483891",480,482,1,5,5,"+","G","+",5,5,"-",0,0,"CACGG","XO_TS54","+dTAG","RepR3","S14","RE58","RE58_CGI_2"
"2576","FJ28-FJ29.FJ26-FJ27::chrX:103482701-103483891",489,491,1,6,6,"+","G","+",6,6,"-",0,0,"ACCGC","XO_TS54","+dTAG","RepR3","S14","RE58","RE58_CGI_2"
"2577","FJ28-FJ29.FJ26-FJ27::chrX:103482701-103483891",499,501,0.889,9,8,"+","G","+",9,8,"-",0,0,"CACGG","XO_TS54","+dTAG","RepR3","S14","RE58","RE58_CGI_2"
"2578","FJ28-FJ29.FJ26-FJ27::chrX:103482701-103483891",506,508,1,9,9,"+","G","+",9,9,"-",0,0,"AACGA","XO_TS54","+dTAG","RepR3","S14","RE58","RE58_CGI_2"
"2579","FJ28-FJ29.FJ26-FJ27::chrX:103482701-103483891",530,532,1,10,10,"+","G","+",10,10,"-",0,0,"GCCGT","XO_TS54","+dTAG","RepR3","S14","RE58","RE58_CGI_2"
"2580","FJ28-FJ29.FJ26-FJ27::chrX:103482701-103483891",537,539,0.9,10,9,"+","G","+",10,9,"-",0,0,"CACGC","XO_TS54","+dTAG","RepR3","S14","RE58","RE58_CGI_2"
"2581","FJ28-FJ29.FJ26-FJ27::chrX:103482701-103483891",552,554,0.833,6,5,"+","G","+",6,5,"-",0,0,"TCCGC","XO_TS54","+dTAG","RepR3","S14","RE58","RE58_CGI_2"
"2582","FJ28-FJ29.FJ26-FJ27::chrX:103482701-103483891",554,556,1,4,4,"+","G","+",4,4,"-",0,0,"CGCGG","XO_TS54","+dTAG","RepR3","S14","RE58","RE58_CGI_2"
"2583","FJ28-FJ29.FJ26-FJ27::chrX:103482701-103483891",557,559,0.875,8,7,"+","G","+",8,7,"-",0,0,"GGCGC","XO_TS54","+dTAG","RepR3","S14","RE58","RE58_CGI_2"
"2584","FJ28-FJ29.FJ26-FJ27::chrX:103482701-103483891",566,568,0.857,7,6,"+","G","+",7,6,"-",0,0,"GGCGG","XO_TS54","+dTAG","RepR3","S14","RE58","RE58_CGI_2"
"2585","FJ28-FJ29.FJ26-FJ27::chrX:103482701-103483891",675,677,0.991,106,105,"B","G","+",63,62,"-",43,43,"TACGT","XO_TS54","+dTAG","RepR3","S14","RE58","RE58_CGI_1"
"2586","FJ28-FJ29.FJ26-FJ27::chrX:103482701-103483891",694,696,0.972,106,103,"B","G","+",64,61,"-",42,42,"GACGC","XO_TS54","+dTAG","RepR3","S14","RE58","RE58_CGI_1"
"2587","FJ28-FJ29.FJ26-FJ27::chrX:103482701-103483891",696,698,0.972,108,105,"B","G","+",65,62,"-",43,43,"CGCGT","XO_TS54","+dTAG","RepR3","S14","RE58","RE58_CGI_1"
"2588","FJ28-FJ29.FJ26-FJ27::chrX:103482701-103483891",715,717,0.991,108,107,"B","G","+",65,64,"-",43,43,"TGCGC","XO_TS54","+dTAG","RepR3","S14","RE58","RE58_CGI_1"
"2589","FJ28-FJ29.FJ26-FJ27::chrX:103482701-103483891",717,719,0.954,108,103,"B","G","+",65,60,"-",43,43,"CGCGA","XO_TS54","+dTAG","RepR3","S14","RE58","RE58_CGI_1"
"2590","FJ28-FJ29.FJ26-FJ27::chrX:103482701-103483891",753,755,0.812,64,52,"B","G","+",27,15,"-",37,37,"AACGT","XO_TS54","+dTAG","RepR3","S14","RE58","RE58_CGI_1"
